mention_key,person_mention,org_mention,org_mf,resolved_person_id,resolved_person_label,resolved_org_id,resolved_org_label,score,link_status,s_name,s_org,s_mf,s_cooccur,s_role,n_candidates,margin_to_runner_up,runner_up_person_id,n_events,first_event_date,last_event_date,seed_degree,name_ambiguity,mention_cluster_id,evidence_quote
Mohamed Imed Trabelsi||Société Général Allu,Mohamed Imed Trabelsi,Société Général Allu,719115B,PERSON_TRABELSI_MOHAMED,MOHAMED TRABELSI,CO_GENERAL_ALU,SOCIETE GENERAL ALU,0.5,ambiguous,1.0,0.0,1.0,0.0,1.0,9,0.105,PERSON_TRABELSI_MOHAMED_ALI,2,2007-12-06,2007-12-06,230,1,PERSON_TRABELSI_MOHAMED_IMED,"Suivant acte de cession en date du 6 décembre 2007, enregistré à la recette d'enregistrement des actes de sociétés 1er bureau Tunis le 11 décembre 2007, sous le n° 7111938 quittance 14204 dont deux ex"
Mohamed Imed Trabelsi||SOTUDEF,Mohamed Imed Trabelsi,SOTUDEF,3084K,PERSON_TRABELSI_MOHAMED,MOHAMED TRABELSI,CO_SOTUDEF,SOTUDEF,0.5,ambiguous,1.0,0.0,1.0,0.0,1.0,9,0.105,PERSON_TRABELSI_MOHAMED_ALI,1,2010-06-11,2010-06-11,230,1,PERSON_TRABELSI_MOHAMED_IMED,2/ La nomination de Monsieur Mohamed Imed Trabelsi en tant que directeur général pour la durée de son mandat d'administrateur avec les pouvoirs les plus étendus.
Trabelsi Mohamed||Société LA TUNISIENNE D'ALUMINIUM,Trabelsi Mohamed,Société LA TUNISIENNE D'ALUMINIUM,830828H,PERSON_TRABELSI_MOHAMED,MOHAMED TRABELSI,CO_TUNISIENNE_DALUMINIUM,LA TUNISIENNE DALUMINIUM,0.6833,ambiguous,1.0,0.952,0.0,0.0,0.0,2,0.6083,PERSON_ELOUMI_MAHMOUD,1,2009-02-11,2009-02-11,230,1,PERSON_MOHAMED_TRABELSI,Monsieur Trabelsi Mohamed a cédé les 50 parts sociales lui appartenant à Mr Elloumi Mahmoud et la modification de l'article 6 des statuts en conséquence.
Fayçal DERBEL||TUNISIE LEASING,Fayçal DERBEL,TUNISIE LEASING,31440S,PERSON_DERBEL_FAYCEL,FAYCEL DERBEL,CO_TUNISIE_LEASING,TUNISIE LEASING,0.5,ambiguous,1.0,0.0,1.0,0.0,1.0,13,0.05,PERSON_DERBEL_FAYCAL,9,2009-06-04,2011-05-24,127,2,PERSON_DERBEL_FAYCAL,Société inscrite au tableau de l'Ordre des Experts Comptables de Tunisie représentée par M. Fayçal DERBEL
Mohamed Khalil Ben Ammar||Société Gambero Rosso,Mohamed Khalil Ben Ammar,Société Gambero Rosso,,PERSON_KHALIL_MOHAMED,MOHAMED KHALIL,CO_GAMBERO_ROSSO,SOCIETE GAMBERO ROSSO,0.6975,ambiguous,0.85,1.0,0.0,0.0,1.0,8,0.3475,PERSON_BENAMAR_MOHAMED_KHALIL,1,2011-02-28,2011-02-28,165,1,PERSON_BENAMAR_MOHAMED_KHALIL,Gérant : Monsieur Mohamed Khalil Ben Ammar.
Mohamed Khalil Ben Hamouda||Société PROTOTYPES WORKS,Mohamed Khalil Ben Hamouda,Société PROTOTYPES WORKS,,PERSON_KHALIL_MOHAMED,MOHAMED KHALIL,CO_PROTOTYPES_WORKS,SOCIETE PROTOTYPES WORKS,0.6975,ambiguous,0.85,1.0,0.0,0.0,1.0,1,0.6975,,1,2009-11-26,2009-11-26,165,1,PERSON_BENHAMOUDA_MOHAMED_KHALIL,Gérance : Monsieur Mohamed Khalil Ben Hamouda est nommé gérant de la société pour une durée illimitée avec les pouvoirs les plus étendus.
Mohamed Khalil Ben Sliman||SOCIETE INVENT SERVICE SARL,Mohamed Khalil Ben Sliman,SOCIETE INVENT SERVICE SARL,1203719T,PERSON_KHALIL_MOHAMED,MOHAMED KHALIL,CO_INVENT_SERVICES,INVENT SERVICES,0.6354,ambiguous,0.85,0.966,0.0,0.0,0.0,1,0.6354,,1,2011-08-15,2011-08-15,165,1,PERSON_BENSLIMAN_MOHAMED_KHALIL,La cession des parts sociales appartenant à Mr Mohamed Khalil Ben Sliman à Mr Mohamed Ben Alaya.
Mohamed Khalil Boujmil||STE PRESTON,Mohamed Khalil Boujmil,STE PRESTON,,PERSON_KHALIL_MOHAMED,MOHAMED KHALIL,CO_PRESTON,SOCIETE PRESTON,0.6975,ambiguous,0.85,1.0,0.0,0.0,1.0,1,0.6975,,1,2009-08-07,2009-08-07,165,1,PERSON_BOUJMIL_MOHAMED_KHALIL,"Gérance : Mr Mohamed Khalil Boujmil, gérant de la société, avec les pouvoirs les plus étendus."
Mohamed Khalil Chouikha||ELZAHRA TRADE,Mohamed Khalil Chouikha,ELZAHRA TRADE,,PERSON_KHALIL_MOHAMED,MOHAMED KHALIL,CO_ELZAHRA_TRADE,SOCIETE ELZAHRA TRADE,0.6975,ambiguous,0.85,1.0,0.0,0.0,1.0,3,0.3475,PERSON_CHOUIKHA_MOHAMED,1,2011-11-28,2011-11-28,165,1,PERSON_CHOUIKHA_MOHAMED_KHALIL,Gérance : Monsieur Mohamed Khalil Chouikha est nommé gérant de la société avec les pouvoirs les plus étendus.
Mohamed Khalil Hmida||KAST,Mohamed Khalil Hmida,KAST,,PERSON_KHALIL_MOHAMED,MOHAMED KHALIL,CO_KAST,KAST,0.6975,ambiguous,0.85,1.0,0.0,0.0,1.0,2,0.4525,PERSON_HMIDA_MOHAMED_AMIN,1,2010-04-12,2010-04-12,165,1,PERSON_HMIDA_MOHAMED_KHALIL,Gérance : Mr Mohamed Khalil Hmida est nommé gérant de la société avec tous les pouvoirs énoncés aux statuts.
Mohamed Khelil||Sté BAHA CONSULTING,Mohamed Khelil,Sté BAHA CONSULTING,,PERSON_KHALIL_MOHAMED,MOHAMED KHALIL,CO_BAHA_CONSULTING,BAHA CONSULTING,0.6917,ambiguous,0.833,1.0,0.0,0.0,1.0,2,0.2917,PERSON_KHELIL_MOHAMED_ALI,1,2009-02-17,2009-02-17,165,1,PERSON_KHELIL_MOHAMED,Gérance : Mr Mohamed Khelil est nommé gérant de la société pour toute sa durée avec les pouvoirs les plus étendus.
Mohamed Neji Khalil||Clinique de Dialyse de Siliana,Mohamed Neji Khalil,Clinique de Dialyse de Siliana,,PERSON_KHALIL_MOHAMED,MOHAMED KHALIL,CO_CLINIQUE_DHEMODIALYSE_SILIANA,SOCIETE CLINIQUE DHEMODIALYSE DE SILIANA,0.667,ambiguous,1.0,0.906,0.0,0.0,0.0,5,0.422,PERSON_KHALIL_MOHAMED_FADHEL,1,2009-06-22,2009-06-22,165,1,PERSON_KHALIL_MOHAMED_NEJI,- Le renouvellement du mandat de Monsieur Mohamed Neji Khalil commissaire aux comptes pour une période de trois ans 2010 à 2012.
Faical Derbal||Société l'Immobilière du Palmarium Center,Faical Derbal,Société l'Immobilière du Palmarium Center,,PERSON_DERBEL_FAYCEL,FAYCEL DERBEL,CO_IMMOBILIER_PALMARIUM_CENTER,IMMOBILIER PALMARIUM CENTER,0.6167,ambiguous,0.833,0.929,0.0,0.0,0.0,1,0.6167,,1,2007-03-07,2007-03-07,127,2,PERSON_DERBAL_FAICAL,- Les actionnaires ont nommé Monsieur Faical Derbal en qualité de commissaire aux comptes pour une durée de trois (3) années expirant à l'occasion de l'assemblée générale ordinaire de la société appel
Fayçal Derbal||Mea Internet Group,Fayçal Derbal,Mea Internet Group,,PERSON_DERBEL_FAYCEL,FAYCEL DERBEL,CO_MEA_INTERNET_GROUP,SOCIETE MEA INTERNET GROUP,0.6917,ambiguous,0.833,1.0,0.0,0.0,1.0,1,0.6917,,1,2008-04-04,2008-04-04,127,2,PERSON_DERBAL_FAYCAL,"- Le renouvellement du mandat de Monsieur Fayçal Derbal, représentant légal de FINOR, pour une période de trois ans (2007-2008-2009), qui prendra fin à l'issue de l'assemblée générale ordinaire appelé"
Fayçal Derbel||SELECT FR UITS S,Fayçal Derbel,SELECT FR UITS S,,PERSON_DERBEL_FAYCEL,FAYCEL DERBEL,,,0.5,ambiguous,1.0,0.0,0.0,1.0,0.0,2,0.15,PERSON_DERBEL_FAYCAL,1,2009-01-22,2009-01-22,127,2,PERSON_DERBEL_FAYCAL,- De désigner Monsieur Fayçal Derbel en qualité de commissaire aux comptes pour une durée de 3 ans.
Mohamed Ammar||Assemblée générale extraordinaire,Mohamed Ammar,Assemblée générale extraordinaire,986703E,PERSON_AMAR_MOHAMED,MOHAMED AMMAR,CO_GENERALE,SOCIETE GENERALE,0.5,ambiguous,1.0,0.0,1.0,0.0,1.0,7,0.05,PERSON_AMAR_MOHAMED_NACEUR,1,2012-04-19,2012-04-19,122,1,PERSON_AMAR_MOHAMED,- Nomination de Mr Mohamed Ammar comme gérant de la société avec les pouvoirs les plus étendus.
Mohamed Ammar Hamdi||société AZIZA,Mohamed Ammar Hamdi,société AZIZA,,PERSON_AMAR_MOHAMED,MOHAMED AMMAR,CO_AZIZA,AZIZA,0.6975,ambiguous,0.85,1.0,0.0,0.0,1.0,8,0.2975,PERSON_HAMDI_MOHAMED,1,2011-05-03,2011-05-03,122,1,PERSON_HAMDI_MOHAMED_AMAR,Gérance : Monsieur Mohamed Ammar Hamdi est nommé gérant de la société pour une durée indéterminée avec tous les pouvoirs énoncés aux statuts.
Khaled Bouricha||Poulina Partners S.A,Khaled Bouricha,Poulina Partners S.A,,PERSON_BOURICHA_KHALED,KHALED BOURICHA,CO_POULINA,POULINA,0.55,ambiguous,1.0,0.0,0.0,1.0,1.0,7,0.35,PERSON_BENAYED_SLIM,1,2008-07-23,2008-07-23,88,1,PERSON_BOURICHA_KHALED,La Société Financière de Développement représentée par Monsieur Khaled Bouricha.
Khaled Bouricha||Réalisation de l'augmentation de capital,Khaled Bouricha,Réalisation de l'augmentation de capital,35929G,PERSON_BOURICHA_KHALED,KHALED BOURICHA,,,0.475,ambiguous,1.0,0.0,0.0,0.5,1.0,5,0.285,PERSON_BOURICHA_KHEDIJA,1,2009-02-20,2009-02-20,88,1,PERSON_BOURICHA_KHALED,la société Medinvest représentée par Mr Khaled Bouricha
Moncef Sellami||Société FUBA Printed Circuits Tunisie,Moncef Sellami,Société FUBA Printed Circuits Tunisie,345551R,PERSON_SELAMI_MONCEF,MONCEF SELLAMI,CO_FUBA,FUBA,0.5,ambiguous,1.0,0.0,1.0,0.0,1.0,27,0.31,PERSON_SELAMI_MHAMED_RIDHA,1,2010-03-29,2010-03-29,88,1,PERSON_SELAMI_MONCEF,"1. le renouvellement du mandat des administrateurs suivants pour une période de trois ans soit : Messieurs Moncef Sellami, Slim Sellami, Hédi Karim Sellami, Riadh Cherif, Ahmed Cherif, Abdessalem Ben "
Tahar Bayahi||Approbation des états financiers,Tahar Bayahi,Approbation des états financiers,784797G,PERSON_BAYAHI_TAHER,TAHER BAYAHI,,,0.55,ambiguous,1.0,0.0,0.0,1.0,1.0,2,0.285,PERSON_BAYAHI_TAIEB,3,2008-06-27,2008-07-02,74,1,PERSON_BAYAHI_TAHAR,"- Renouvellement du mandat des membres du conseil d'administration Messieurs : Yahia Bayahi, Tahar Bayahi et Taieb Bayahi pour les exercices 2008, 2009 &amp; 2010."
Yahia Bayahi||Approbation des états financiers,Yahia Bayahi,Approbation des états financiers,784797G,PERSON_BAYAHI_YAHIA,YAHIA BAYAHI,,,0.55,ambiguous,1.0,0.0,0.0,1.0,1.0,2,0.36,PERSON_BAYAHI_YOUSEF,3,2008-06-27,2008-07-02,71,1,PERSON_BAYAHI_YAHIA,"- La nomination de Monsieur Yahia Bayahi en qualité de président directeur général de la société CFI pour la durée de son mandat d'administrateur, et lui confère les pouvoirs les plus étendus pour dir"
Tahar Bayahi||Renouvellement de la nomination du Président Directeur Général,Tahar Bayahi,Renouvellement de la nomination du Président Directeur Général,719175P,PERSON_BAYAHI_TAHER,TAHER BAYAHI,CO_SANOFI_AVENTIS_PHARMA_TUNISIE,SANOFI AVENTIS PHARMA TUNISIE,0.5,ambiguous,1.0,0.0,1.0,0.0,1.0,8,0.31,PERSON_BAYAHI_TAIEB,2,2007-10-19,2007-11-16,74,1,PERSON_BAYAHI_TAHAR,"* Suivant procès-verbal de la réunion tenue le 13 mai 2010, enregistré à la recette de l'enregistrement des actes de sociétés 1er bureau Tunis le 14 juillet 2010, enregistrement n° 10808724, quittance"
Mohamed Amine Saidane||M,Mohamed Amine Saidane,M,1055309B,PERSON_SAIDANE_MOHAMED,MOHAMED SAIDANE,CO_M,SOCIETE M,0.5,ambiguous,1.0,0.0,1.0,0.0,1.0,2,0.45,PERSON_CHAABANE_KAMEL,2,2008-05-27,2010-06-10,71,1,PERSON_SAIDANE_MOHAMED_AMINE,Gérance : Monsieur Mohamed Amine Saidane a été nommé gérant de la société pour une période illimitée avec les pouvoirs les plus étendus.
Tahar Bayahi||RC : B 140461996,Tahar Bayahi,RC : B 140461996,19777Q,PERSON_BAYAHI_TAHER,TAHER BAYAHI,,,0.475,ambiguous,1.0,0.0,0.0,0.5,1.0,2,0.21,PERSON_BAYAHI_TAIEB,1,2010-06-17,2010-06-17,74,1,PERSON_BAYAHI_TAHAR,2- Renouvellement du mandat du directeur général Monsieur Tahar Bayahi pour une période de trois ans qui prendra fin à la tenue de l'assemblée générale ordinaire statuant sur l'exercice clos au 31/12/
Tahar Bayahi||RC : B 143391996,Tahar Bayahi,RC : B 143391996,462927J,PERSON_BAYAHI_TAHER,TAHER BAYAHI,,,0.475,ambiguous,1.0,0.0,0.0,0.5,1.0,2,0.21,PERSON_BAYAHI_TAIEB,1,2010-06-17,2010-06-17,74,1,PERSON_BAYAHI_TAHAR,2 - Renouvellement du mandat du directeur général Monsieur Tahar Bayahi pour une période de trois ans qui prendra fin à la tenue de l'assemblée générale ordinaire statuant sur l'exercice clos au 31/12
Tahar Bayahi||Réalisation de l'augmentation de capital,Tahar Bayahi,Réalisation de l'augmentation de capital,35929G,PERSON_BAYAHI_TAHER,TAHER BAYAHI,,,0.475,ambiguous,1.0,0.0,0.0,0.5,1.0,2,0.21,PERSON_BAYAHI_TAIEB,1,2009-02-20,2009-02-20,74,1,PERSON_BAYAHI_TAHAR,la société Magasin Général représentée par Mr Tahar Bayahi.
Tahar Bayahi||Société AGRONORD,Tahar Bayahi,Société AGRONORD,757931Q,PERSON_BAYAHI_TAHER,TAHER BAYAHI,CO_AGRONORD,AGRONORD,0.6,ambiguous,1.0,0.0,1.0,1.0,0.0,3,0.385,PERSON_BAYAHI_YAHIA,1,2010-09-16,2010-09-16,74,1,PERSON_BAYAHI_TAHAR,- Monsieur Tahar Bayahi cède les 100 parts sociales dans le capital de la société AGRONORD soit 50 parts à la société CFI et 50 parts sociales à la société GIAN.
Mohamed Amine SAIDANE||M,Mohamed Amine SAIDANE,M,1109540D,PERSON_SAIDANE_MOHAMED,MOHAMED SAIDANE,CO_M,SOCIETE M,0.5,ambiguous,1.0,0.0,1.0,0.0,1.0,2,0.45,PERSON_CHAABANE_KAMEL,1,2009-07-13,2009-07-13,71,1,PERSON_SAIDANE_MOHAMED_AMINE,Gérance : Monsieur Mohamed Amine SAIDANE a été nommé gérant de la société pour une période de 3 ans indéfiniment renouvelable avec les pouvoirs les plus étendus.
Yahia BAYAHI||Approbation des Etats Financiers de l'exercice 2009,Yahia BAYAHI,Approbation des Etats Financiers de l'exercice 2009,995698C,PERSON_BAYAHI_YAHIA,YAHIA BAYAHI,,,0.475,ambiguous,1.0,0.0,0.0,0.5,1.0,2,0.285,PERSON_BAYAHI_YOUSEF,1,2009-03-16,2009-03-16,71,1,PERSON_BAYAHI_YAHIA,"- La nomination de Monsieur Yahia BAYAHI en qualité de Président Directeur Général de la société pour la durée de son mandat d'administrateur, et lui confère les pouvoirs les plus étendus pour diriger"
Yahia BAYAHI||Approbation des états financiers,Yahia BAYAHI,Approbation des états financiers,397906K,PERSON_BAYAHI_YAHIA,YAHIA BAYAHI,,,0.475,ambiguous,1.0,0.0,0.0,0.5,1.0,2,0.285,PERSON_BAYAHI_YOUSEF,1,2008-07-04,2008-07-04,71,1,PERSON_BAYAHI_YAHIA,"- La nomination de Monsieur Yahia BAYAHI en qualité de Président Directeur Général de la société INDINVEST pour la durée de son mandat d'administrateur, et lui conféré les pouvoirs les plus étendus po"
Yahia BAYAHI||Approbation des états financiers des exercices 2009 &amp; 2010,Yahia BAYAHI,Approbation des états financiers des exercices 2009 &amp; 2010,15063T,PERSON_BAYAHI_YAHIA,YAHIA BAYAHI,,,0.475,ambiguous,1.0,0.0,0.0,0.5,1.0,2,0.285,PERSON_BAYAHI_YOUSEF,1,2011-11-15,2011-11-15,71,1,PERSON_BAYAHI_YAHIA,"La nomination de Monsieur Yahia BAYAHI en qualité de Président Directeur Général de la société pour la durée de son mandat d'administrateur, et lui confère les pouvoirs les plus étendus pour diriger l"
Yahia Bayahi||Dépôt des États Financiers &amp; des Rapports du Commissaire aux Comptes,Yahia Bayahi,Dépôt des États Financiers &amp; des Rapports du Commissaire aux Comptes,820759G,PERSON_BAYAHI_YAHIA,YAHIA BAYAHI,,,0.5,ambiguous,1.0,0.0,0.0,1.0,0.0,2,0.36,PERSON_BAYAHI_YOUSEF,1,2012-05-11,2012-05-11,71,1,PERSON_BAYAHI_YAHIA,"Renouvellement du mandat des membres du Conseil d'Administration Messieurs : Taieb Bayahi, Yahia Bayahi et Brahim Anane et les sociétés SOTUNOL, GTI et INDINVEST SICAF pour les exercices 2012, 2013 et"
Yahia Bayahi||Nomination du Président Directeur Général,Yahia Bayahi,Nomination du Président Directeur Général,,PERSON_BAYAHI_YAHIA,YAHIA BAYAHI,,,0.55,ambiguous,1.0,0.0,0.0,1.0,1.0,2,0.36,PERSON_BAYAHI_YOUSEF,1,2011-05-25,2011-05-25,71,1,PERSON_BAYAHI_YAHIA,- La nomination de Monsieur Yahia Bayahi en qualité du Président Directeur Général de la société TPR pour la durée de son mandat d'administrateur et lui confère les pouvoirs les plus étendus conformém
Yahia Bayahi||RC : B 140461996,Yahia Bayahi,RC : B 140461996,19777Q,PERSON_BAYAHI_YAHIA,YAHIA BAYAHI,,,0.475,ambiguous,1.0,0.0,0.0,0.5,1.0,2,0.285,PERSON_BAYAHI_YOUSEF,1,2010-06-17,2010-06-17,71,1,PERSON_BAYAHI_YAHIA,1- Renouvellement du mandat du président du conseil d'administration Monsieur Yahia Bayahi pour une période de trois ans qui prendra fin à la tenue de l'assemblée générale ordinaire statuant sur l'exe
Yahia Bayahi||RC : B 143391996,Yahia Bayahi,RC : B 143391996,462927J,PERSON_BAYAHI_YAHIA,YAHIA BAYAHI,,,0.475,ambiguous,1.0,0.0,0.0,0.5,1.0,2,0.285,PERSON_BAYAHI_YOUSEF,1,2010-06-17,2010-06-17,71,1,PERSON_BAYAHI_YAHIA,1 - Renouvellement du mandat du président du conseil d'administration Monsieur Yahia Bayahi pour une période de trois ans qui prendra fin à la tenue de l'assemblée générale ordinaire statuant sur l'ex
Yahia Bayahi Président Directeur Général||ALUFOND,Yahia Bayahi Président Directeur Général,ALUFOND,,PERSON_BAYAHI_YAHIA,YAHIA BAYAHI,CO_ALUFOND,ALUFOND,0.6975,ambiguous,0.85,1.0,0.0,0.0,1.0,3,0.6475,PERSON_BAYAHI_TAHER,1,2010-02-01,2010-02-01,71,1,PERSON_GENERAL_YAHIA_BAYAHI_PRESIDENT_DIRECTEUR,"Selon procès verbal en date du 5 Mars 2010, enregistré à la recette de l'enregistrement des actes de sociétés de 1er bureau - Tunis le 9 Mars 2010, enregistrement 10802603, quittance n° 3403, le conse"
Sleheddine Ezzahaf||Société Tunisienne de Fabrication de la Peinture SOTUFAP,Sleheddine Ezzahaf,Société Tunisienne de Fabrication de la Peinture SOTUFAP,,PERSON_ZAHAF_SLAHEDINE,SLAHEDDINE ZAHAF,CO_TUNISIENNE_FABRICATION_PEINTURE_SOTUFAP,SOCIETE TUNISIENNE DE FABRICATION DE PEINTURE SOTUFAP,0.6682,ambiguous,0.909,1.0,0.0,0.0,0.0,2,0.6682,PERSON_GARGOURI_MOHAMED,1,2007-12-10,2007-12-10,64,1,PERSON_EZAHAF_SLEHEDINE,"Il appert du P.V de l'assemblée générale ordinaire daté du 10 décembre 2007, enregistré à la recette des finances Chihia le 25 décembre 2007 sous le n° 07700650, quittance n° M021730, dont deux exempl"
Mohamed Marwan Mabrouk||Maghreb Participation Holding,Mohamed Marwan Mabrouk,Maghreb Participation Holding,,PERSON_MABROUK_MOHAMED_MARWEN,MOHAMED MARWEN MABROUK,CO_MAGHREB_PARTICIPATION_HOLDING,MAGHREB PARTICIPATION HOLDING,0.645,ambiguous,0.7,1.0,0.0,0.0,1.0,40,0.295,PERSON_MABROUK_MOHAMED,1,2007-12-10,2007-12-10,63,1,PERSON_MABROUK_MOHAMED_MARWAN,"Selon procès-verbal en date du 10 décembre 2007, enregistré à Tunis recette de l'enregistrement des actes de sociétés premier bureau le 13 décembre 2007 sous le n° 7812126, quittance n° 14407, le cons"
Riadh Jaidane Mlle Yosr Messadi||Société Jbel OUEST BETON SA,Riadh Jaidane Mlle Yosr Messadi,Société Jbel OUEST BETON SA,,PERSON_JAIDANE_RIADH,RIADH JAIDANE,CO_JBEL_OUEST_BETON,JBEL OUEST BETON,0.6975,ambiguous,0.85,1.0,0.0,0.0,1.0,1,0.6975,,1,2010-08-24,2010-08-24,55,1,PERSON_MESADI_RIADH_JAIDANE_YOSR,"Madame Salima Atallah née Cherif; Monsieur Ghazi Atallah ,Madame Faiza Ben Dhiaf épouse Hechmi; La société ATD SICAR représentée par son DG Seif Eddine Bijaoui; Monsieur Riadh Jaidane Mlle Yosr Messad"
Mohamed Frikha Directeur Général Adjoint||Société Maxula Distribution SA,Mohamed Frikha Directeur Général Adjoint,Société Maxula Distribution SA,,PERSON_FRIKHA_MOHAMED,MOHAMED FRIKHA,CO_MAXULA_DISTRIBUTION,MAXULA DISTRIBUTION,0.6975,ambiguous,0.85,1.0,0.0,0.0,1.0,1,0.6975,,1,2012-08-31,2012-08-31,51,1,PERSON_ADJOINT_MOHAMED_FRIKHA_DIRECTEUR_GENERAL,Suivant PV du conseil d'administration tenu le 21 août 2012 et enregistré à la REAS le 31 août 2012 Enregistrement n° 12807869 Quittance n° 9536 dont deux copies ont été déposées auprès du tribunal de
Mzoughi Mzabi||Nomination d'un président directeur général,Mzoughi Mzabi,Nomination d'un président directeur général,341485G,PERSON_MZABI_MZOUGHI,MZOUGHI MZABI,CO_GENERALE,SOCIETE GENERALE,0.5,ambiguous,1.0,0.0,1.0,0.0,1.0,13,0.31,PERSON_MZABI_MONCEF,1,2006-05-30,2006-05-30,51,1,PERSON_MZABI_MZOUGHI,"Suivant le procès-verbal du conseil d'administration de la Société Gibraltar - SA, réuni en date du 30 mai 2006, enregistré à la recette des actes de sociétés, 1er bureau, le 18 janvier 2008, sous la "
Ghassen SLAMA||Agrément d'un acte de cession des parts sociales et acceptation des nouveaux associés,Ghassen SLAMA,Agrément d'un acte de cession des parts sociales et acceptation des nouveaux associés,1011480Y,PERSON_SLAMA_GHASEN,GHASSEN SLAMA,,,0.5,ambiguous,1.0,0.0,0.0,1.0,0.0,2,0.36,PERSON_SLAMA_GHAZI,2,2009-05-02,2009-05-02,45,1,PERSON_SLAMA_GHASEN,"1- Par procès-verbal de l'Assemblée Générale Extraordinaire en date du 2 mai 2009, enregistré à la Recette de l'Enregistrement des Actes de Sociétés 1er Bureau en date du 10 juin 2009 quittance n° 753"
Ghassen Slama||Générale Industrielle Alimentaire SLAMA,Ghassen Slama,Générale Industrielle Alimentaire SLAMA,31448B,PERSON_SLAMA_GHASEN,GHASSEN SLAMA,CO_GENERALE_INDUSTRIELLE_ALIMENTAIRE_SLAMA,GENERALE INDUSTRIELLE ALIMENTAIRE SLAMA GIAS,0.6,ambiguous,1.0,0.0,1.0,1.0,0.0,5,0.31,PERSON_SLAMA_FAOUZIA_KHALFALAH,2,2007-12-17,2007-12-17,45,1,PERSON_SLAMA_GHASEN,"- La nomination de Monsieur Ali Slama, Madame Faouzia Slama, Monsieur Ghassen Slama, Mr Chihebeddine Slama et la société A.T.D SICAR en qualité d'administrateurs pour les exercices 2007, 2008 et 2009."
Hichem Driss||Délibérations de l'assemblée générale ordinaire et extraordinaire,Hichem Driss,Délibérations de l'assemblée générale ordinaire et extraordinaire,,PERSON_DRIS_HICHEM,HICHEM DRISS,CO_GENERALE,SOCIETE GENERALE,0.475,ambiguous,1.0,0.0,0.0,0.5,1.0,14,0.125,PERSON_DRIS_HICHEM_BENMHAMED,1,2011-06-17,2011-06-17,50,1,PERSON_DRIS_HICHEM,5) Nomination de Monsieur Hichem Driss en qualité d'Administrateur pour la période restante du mandat du feu Abdelhamid Douik soit jusqu'à l'issu de l'Assemblée Générale Ordinaire qui statuera sur l'e
Hichem Driss||Société de Stockage des Produits Pétroliers,Hichem Driss,Société de Stockage des Produits Pétroliers,,PERSON_DRIS_HICHEM,HICHEM DRISS,,,0.475,ambiguous,1.0,0.0,0.0,0.5,1.0,13,0.075,PERSON_DRIS_HICHEM_BENMHAMED,1,2007-08-21,2007-08-21,50,1,PERSON_DRIS_HICHEM,- Monsieur Hichem Driss en tant que président du conseil et président directeur général de la société «Tunisie Petrolium».
Chihebeddine SLAMA||Agrément d'un acte de cession des parts sociales et acceptation des nouveaux associés,Chihebeddine SLAMA,Agrément d'un acte de cession des parts sociales et acceptation des nouveaux associés,1011480Y,PERSON_SLAMA_CHIHEBEDINE,CHIHEBEDDINE SLAMA,,,0.5,ambiguous,1.0,0.0,0.0,1.0,0.0,5,0.285,PERSON_SLAMA_CHIHEB,1,2009-05-02,2009-05-02,49,1,PERSON_SLAMA_CHIHEBEDINE,"2- Par acte sous seing privé en date du 2 mai 2009, enregistré à la Recette de l'Enregistrement des Actes de Sociétés 1er Bureau en date du 10 juin 2009 quittance n° 7529 sous le n° 9105923, Mr Ali SL"
Chihebeddine Slama||Autorisation de la Création d'une filiale au Maroc,Chihebeddine Slama,Autorisation de la Création d'une filiale au Maroc,,PERSON_SLAMA_CHIHEBEDINE,CHIHEBEDDINE SLAMA,,,0.5,ambiguous,1.0,0.0,0.0,1.0,0.0,5,0.36,PERSON_SLAMA_CHAKIB,1,2011-01-18,2011-01-18,49,1,PERSON_SLAMA_CHIHEBEDINE,"4) Par acte sous seing privé en date du 7 Avril 2011 enregistré à la Recette des finances Bouargoub en date du 26 Avril 2011 sous le n°11100207, quittance n°M004033, Monsieur Chihebeddine Slama, Mr Gh"
Chihebeddine Slama||Renouvellement du mandat des administrateurs,Chihebeddine Slama,Renouvellement du mandat des administrateurs,,PERSON_SLAMA_CHIHEBEDINE,CHIHEBEDDINE SLAMA,,,0.55,ambiguous,1.0,0.0,0.0,1.0,1.0,5,0.36,PERSON_SLAMA_CHIHEB,1,2011-07-22,2011-07-22,49,1,PERSON_SLAMA_CHIHEBEDINE,"- Le renouvellement du mandat de Mr Ridha Slama, Mr Abelhakim Slama, Mr Chihebeddine Slama, et la société Zita des Huiles Alimentaires en qualité d'Administrateurs pour les exercices 2011, 2012 et 201"
M Mohamed Riahi||Automobile Reseau Tunisien et Services,M Mohamed Riahi,Automobile Reseau Tunisien et Services,1214S,PERSON_RIAHI_MOHAMED,MOHAMED RIAHI,CO_RESEAU,LE RESEAU,0.5,ambiguous,1.0,0.0,1.0,0.0,1.0,8,0.05,PERSON_RIAHI_MOHAMED_AYMEN,1,2008-06-02,2008-06-02,49,1,PERSON_RIAHI_MOHAMED,"- Nomination de trois nouveaux administrateurs Société Gulf Capital International Holding, Société GAPCORP FNI FZLLC et M Mohamed Riahi, pour trois exercices 2008, 2009 et 2010."
Mohamed Riahi||1er conseil d'administration,Mohamed Riahi,1er conseil d'administration,,PERSON_RIAHI_MOHAMED,MOHAMED RIAHI,CO_CONSEIL,SOCIETE LE CONSEIL,0.475,ambiguous,1.0,0.0,0.0,0.5,1.0,8,0.075,PERSON_RIAHI_MOHAMED_TAOUFIK,1,2008-01-24,2008-01-24,49,1,PERSON_RIAHI_MOHAMED,Société d'Investissement Moderne (SICAR) représentée par Mr Mohamed Riahi
Mohamed Riahi||Société Saveurs Mediterranennes,Mohamed Riahi,Société Saveurs Mediterranennes,,PERSON_RIAHI_MOHAMED,MOHAMED RIAHI,CO_SAVEURS_MEDITERRANENNES,SAVEURS MEDITERRANENNES,0.475,ambiguous,1.0,0.0,0.0,0.5,1.0,7,0.075,PERSON_RIAHI_MOHAMED_TAOUFIK,1,2008-01-24,2008-01-24,49,1,PERSON_RIAHI_MOHAMED,Société d'investissement Moderne (SICAR) représentée par Mohamed Riahi.
Moncef Mzabi||Automobile Réseau Tunisien et Services » ARTES,Moncef Mzabi,Automobile Réseau Tunisien et Services » ARTES,,PERSON_MZABI_MONCEF,MONCEF MZABI,CO_AUTOMOBILES_RESEAU_TUNISIEN_SERVICES_ARTES,AUTOMOBILES RESEAU TUNISIEN ET SERVICES ARTES,0.6958,ambiguous,1.0,0.988,0.0,0.0,0.0,12,0.3458,PERSON_MZABI_MOHAMED_MONCEF,1,2008-02-06,2008-02-06,48,1,PERSON_MZABI_MONCEF,"Messieurs Moncef Mzabi, Mzoughi Mzabi et Sadok Mzabi, initiateurs de l'Offre, s'engagent à ne pas céder plus de 5% de leurs participations au capital de la société au public en sus de ce qui est susce"
Abdelkader Hamrouni||Comptoir d'Investissement et de Financement SICAF,Abdelkader Hamrouni,Comptoir d'Investissement et de Financement SICAF,433734P,PERSON_HAMROUNI_ABDELKADER,ABDELKADER HAMROUNI,CO_SICAF,SICAF +,0.65,ambiguous,1.0,0.0,1.0,1.0,1.0,34,0.435,PERSON_HAMROUNI_ABDELATIF,2,2010-06-19,2010-06-19,41,1,PERSON_HAMROUNI_ABDELKADER,"enregistre le 16/6/2010 recette de l'enregistrement des actes de sociétés 1er Bureau à Tunis, sous le n°10809828 Quittance n°12087, la dite assemblée a renouvelé le mandat de tous les actuels membres "
Mohamed Meimoun Zine El Abidine||Sté Best Pub,Mohamed Meimoun Zine El Abidine,Sté Best Pub,1062296G,PERSON_ELABIDINE_MOHAMED_ZINE,MOHAMED ZINE EL-ABIDINE,CO_BEST,BEST,0.5,ambiguous,1.0,0.0,1.0,0.0,1.0,2,0.5,PERSON_SELAMI_FAYCEL,1,2008-07-23,2008-07-23,46,1,PERSON_ELABIDINE_MOHAMED_MEIMOUN_ZINE,Gérant : Mr Mohamed Meimoun Zine El Abidine avec les pouvoirs les plus étendus.
Mohamed Zine Elabidine Azek||Société Afriquiya pour l'Agriculture et l'Industrie SAFAGRIN» SARL,Mohamed Zine Elabidine Azek,Société Afriquiya pour l'Agriculture et l'Industrie SAFAGRIN» SARL,,PERSON_ELABIDINE_MOHAMED_ZINE,MOHAMED ZINE EL-ABIDINE,CO_SAFAGRIN,SAFAGRIN,0.6975,ambiguous,0.85,1.0,0.0,0.0,1.0,1,0.6975,,1,2009-10-08,2009-10-08,46,1,PERSON_AZEK_MOHAMED_ZINE_ELABIDINE,"Gérance : Monsieur Mohamed Zine Elabidine Azek, est nommé gérant de la société pour une durée de trois années renouvelables, avec trois les pouvoirs les plus étendus."
Taieb Bayahi||Approbation des états financiers,Taieb Bayahi,Approbation des états financiers,15063T,PERSON_BAYAHI_TAIEB,TAIEB BAYAHI,,,0.55,ambiguous,1.0,0.0,0.0,1.0,1.0,2,0.285,PERSON_BAYAHI_TAHER,1,2008-06-27,2008-06-27,46,1,PERSON_BAYAHI_TAIEB,"- Renouvellement du mandat des administrateurs Messieurs : Yahia Bayahi, Tahar Bayahi, Taieb Bayahi et Mahmoud Arouay pour une période de 3 ans pour les exercices 2008, 2009 et 2010."
Taieb Bayahi||Dépôt des États Financiers &amp; des Rapports du Commissaire aux Comptes,Taieb Bayahi,Dépôt des États Financiers &amp; des Rapports du Commissaire aux Comptes,820759G,PERSON_BAYAHI_TAIEB,TAIEB BAYAHI,,,0.55,ambiguous,1.0,0.0,0.0,1.0,1.0,2,0.21,PERSON_BAYAHI_TAHER,1,2012-05-11,2012-05-11,46,1,PERSON_BAYAHI_TAIEB,"La nomination de Monsieur Taieb Bayahi en qualité de Président Directeur Général de la société TPS pour la durée de son mandat d'administrateur, et lui confère les pouvoirs les plus étendus pour dirig"
Taieb Bayahi||Dépôt des états financiers &amp; des rapports du commissaire aux comptes,Taieb Bayahi,Dépôt des états financiers &amp; des rapports du commissaire aux comptes,820759G,PERSON_BAYAHI_TAIEB,TAIEB BAYAHI,,,0.475,ambiguous,1.0,0.0,0.0,0.5,1.0,2,0.21,PERSON_BAYAHI_TAHER,1,2010-11-23,2010-11-23,46,1,PERSON_BAYAHI_TAIEB,"- La nomination de Monsieur Taieb Bayahi en qualité de président directeur général de la société TPS pour la durée de son mandat d'administrateur, et lui confère les pouvoirs les plus étendus pour dir"
Taieb Bayahi||Société AGRONORD,Taieb Bayahi,Société AGRONORD,757931Q,PERSON_BAYAHI_TAIEB,TAIEB BAYAHI,CO_AGRONORD,AGRONORD,0.6,ambiguous,1.0,0.0,1.0,1.0,0.0,3,0.385,PERSON_BAYAHI_TAHER,1,2010-09-16,2010-09-16,46,1,PERSON_BAYAHI_TAIEB,- Monsieur Taieb Bayahi cède 100 parts sociales dans le capital de la société AGRONORD à la société SICAM.
Ghassen SLAMA||Société Al Naseem Tunisie,Ghassen SLAMA,Société Al Naseem Tunisie,1131931X,PERSON_SLAMA_GHASEN,GHASSEN SLAMA,,,0.475,ambiguous,1.0,0.0,0.0,0.5,1.0,2,0.285,PERSON_SLAMA_GHAZI,1,2010-01-20,2010-01-20,45,1,PERSON_SLAMA_GHASEN,"- La nomination de Mr Ghassen SLAMA en qualité de Directeur Général et ce, pour la durée de deux ans qui expirent après l'approbation des comptes de l'exercice 2011."
Ghassen Slama||Autorisation de la Création d'une filiale au Maroc,Ghassen Slama,Autorisation de la Création d'une filiale au Maroc,,PERSON_SLAMA_GHASEN,GHASSEN SLAMA,,,0.5,ambiguous,1.0,0.0,0.0,1.0,0.0,2,0.36,PERSON_SLAMA_GHAZI,1,2011-01-18,2011-01-18,45,1,PERSON_SLAMA_GHASEN,"4) Par acte sous seing privé en date du 7 Avril 2011 enregistré à la Recette des finances Bouargoub en date du 26 Avril 2011 sous le n°11100207, quittance n°M004033, Monsieur Chihebeddine Slama, Mr Gh"
Hedi Djilani||4. Avenue de Monastir El Menzah VII - Ariana,Hedi Djilani,4. Avenue de Monastir El Menzah VII - Ariana,847298P,PERSON_DJILANI_HEDI,HEDI DJILANI,CO_TRANSFORMATION_METAUX_SOMTRAMET,SOCIETE DE TRANSFORMATION DES METAUX SOMTRAMET,0.575,ambiguous,1.0,0.0,1.0,0.5,1.0,9,0.125,PERSON_DJILANI_HEDIA_DADOU,1,2010-03-30,2010-03-30,43,1,PERSON_DJILANI_HEDI,Renouvellement du mandat de Monsieur Hedi Djilani en sa qualité de Président Directeur Général de la société et ce pour toute la durée de son mandat d'administrateur avec les pouvoirs les plus étendus
Hédi Djilani||Renouvellement du mandat des administrateurs,Hédi Djilani,Renouvellement du mandat des administrateurs,,PERSON_DJILANI_HEDI,HEDI DJILANI,,,0.475,ambiguous,1.0,0.0,0.0,0.5,1.0,6,0.125,PERSON_DJILANI_HEDIA_DADOU,1,2012-07-18,2012-07-18,43,1,PERSON_DJILANI_HEDI,- Renouvellement du mandat de Monsieur Hédi Djilani en sa qualité de Président Directeur Général de la société et ce pour toute la durée de son mandat d'administrateur avec les pouvoirs les plus étend
Hédi Djilani||Renouvellement du mandat des membres du conseil d'administration,Hédi Djilani,Renouvellement du mandat des membres du conseil d'administration,,PERSON_DJILANI_HEDI,HEDI DJILANI,CO_CONSEIL,SOCIETE LE CONSEIL,0.5,ambiguous,1.0,0.0,0.0,1.0,0.0,7,0.15,PERSON_DJILANI_HEDIA_DADOU,1,2010-04-06,2010-04-06,43,1,PERSON_DJILANI_HEDI,"Renouvellement du mandat des membres du conseil d'administration suivants : Monsieur Hédi Djilani, Monsieur Mohamed-Hechmi Djilani, Monsieur Tarek Hamila, Monsieur Abdelkader Hamrouni, Monsieur Abderr"
Ridha Charfeddine||Société Moderne de Bâtiment » en abrégé S,Ridha Charfeddine,Société Moderne de Bâtiment » en abrégé S,1084168T,PERSON_CHARFEDINE_RIDHA,RIDHA CHARFEDDINE,CO_BATIMENT,BATIMENT +,0.5,ambiguous,1.0,0.0,1.0,0.0,1.0,3,0.31,PERSON_CHARFEDINE_RAOUDHA_SLAMA,1,2009-01-26,2009-01-26,43,1,PERSON_CHARFEDINE_RIDHA,Gérant : Mr Ridha Charfeddine avec les pouvoirs les plus étendus.
Abdelkader Hamrouni||Renouvellement du mandat des membres du conseil d'administration,Abdelkader Hamrouni,Renouvellement du mandat des membres du conseil d'administration,,PERSON_HAMROUNI_ABDELKADER,ABDELKADER HAMROUNI,CO_CONSEIL,SOCIETE LE CONSEIL,0.5,ambiguous,1.0,0.0,0.0,1.0,0.0,33,0.36,PERSON_HAMROUNI_ABDERAHIM,1,2010-04-06,2010-04-06,41,1,PERSON_HAMROUNI_ABDELKADER,"Renouvellement du mandat des membres du conseil d'administration suivants : Monsieur Hédi Djilani, Monsieur Mohamed-Hechmi Djilani, Monsieur Tarek Hamila, Monsieur Abdelkader Hamrouni, Monsieur Abderr"
Abdelkader Hamrouni||TRANSFORMATION DE SARL EN STE ANONYME,Abdelkader Hamrouni,TRANSFORMATION DE SARL EN STE ANONYME,,PERSON_HAMROUNI_ABDELKADER,ABDELKADER HAMROUNI,,,0.55,ambiguous,1.0,0.0,0.0,1.0,1.0,32,0.285,PERSON_HAMROUNI_ABDELATIF,1,2010-04-26,2010-04-26,41,1,PERSON_HAMROUNI_ABDELKADER,"- Audit acte ont été désignées: Administrateurs Mr Abdelkader Hamrouni, Mr Mohamed Fourati, Mr. Abdellatif Hamrouni et Mr. Kheireddine Hamrouni."
Habib El Hammami||Sté HF PLASTIC,Habib El Hammami,Sté HF PLASTIC,,PERSON_HAMAMI_HABIB,HABIB HAMMAMI,CO_HF_PLASTIC,HF PLASTIC,0.68,ambiguous,0.8,1.0,0.0,0.0,1.0,1,0.68,,1,2009-10-30,2009-10-30,41,1,PERSON_ELHAMAMI_HABIB,Gérance : Mr Habib El Hammami est nommé Gérant de la société avec les pouvoirs les plus étendus.
"Mohamed Kammoun||Actes, parts sociales et changement de gérant",Mohamed Kammoun,"Actes, parts sociales et changement de gérant",620509B,PERSON_KAMOUN_MOHAMED,MOHAMED KAMMOUN,,,0.475,ambiguous,1.0,0.0,0.0,0.5,1.0,28,0.075,PERSON_KAMOUN_MOHAMED_BENABDERAHRNEN,1,2012-03-12,2012-03-12,41,1,PERSON_KAMOUN_MOHAMED,- Acceptation de la démission du gérant Monsieur Mohamed Kammoun titulaire de la C.I.N n°01308251 de ses fonctions de gérant.
Mohamed Tayeb Driss||Profil Métal Des Noyers Société Anonyme,Mohamed Tayeb Driss,Profil Métal Des Noyers Société Anonyme,496339C,PERSON_DRIS_MHAMED,MHAMMED DRISS,CO_METAL,SOCIETE LE METAL,0.5,ambiguous,1.0,0.0,1.0,0.0,1.0,25,0.05,PERSON_DRIS_MOHAMED,2,2010-05-19,2010-05-19,36,1,PERSON_DRIS_MOHAMED_TAYEB,"I/ Selon procès-verbal de l'assemblée générale ordinaire du 19 mai 2010, enregistré à la recette des finances avenue de la gare Tunis le 17 septembre 2010 sous le numéro 10804963, il a été décidé de d"
Abdelwahab Ben Ayed||FORMAPRO,Abdelwahab Ben Ayed,FORMAPRO,1116832F,PERSON_BENAYED_ABDELWAHEB,ABDELWAHEB BEN-AYED,,,0.475,ambiguous,1.0,0.0,0.0,0.5,1.0,10,0.26,PERSON_BENAYED_ABDELAZIZ,1,2009-07-13,2009-07-13,40,1,PERSON_BENAYED_ABDELWAHAB,(i) Monsieur Abdelwahab Ben Ayed comme Président du Conseil d'Administration de la société pour toute la durée de son mandat d'administrateur ;
Abdelwaheb Ben Ayed||LARIA INT SA,Abdelwaheb Ben Ayed,LARIA INT SA,1102202G,PERSON_BENAYED_ABDELWAHEB,ABDELWAHEB BEN-AYED,CO_LARIA_INT,LARIA INT SA,0.5,ambiguous,1.0,0.0,1.0,0.0,1.0,14,0.3,PERSON_MOSO_DARIO,1,2009-04-20,2009-04-20,40,1,PERSON_BENAYED_ABDELWAHEB,La Société Ezzahia représentée par Mr Abdelwaheb Ben Ayed.
Abdelwaheb Ben Ayed||Poulina Partners S.A,Abdelwaheb Ben Ayed,Poulina Partners S.A,,PERSON_BENAYED_ABDELWAHEB,ABDELWAHEB BEN-AYED,CO_POULINA,POULINA,0.55,ambiguous,1.0,0.0,0.0,1.0,1.0,12,0.21,PERSON_BENAYED_SLIM,1,2008-07-23,2008-07-23,40,1,PERSON_BENAYED_ABDELWAHEB,"Et suivant procès-verbal du 1er conseil d'administration en date du 30/07/2008 enregistré à la recette des finances d'Ezzahra le 30/07/2008 sous le n° 08801975, il a été décidé de nommer Monsieur Abde"
Yadh Elloumi||Compagnie Hôtelière des Centres Villes C.H.C.V,Yadh Elloumi,Compagnie Hôtelière des Centres Villes C.H.C.V,,PERSON_ELOUMI_YADH,YADH ELLOUMI,CO_COMPAGNIE_HOTELIERE_CENTRES_VILLES,COMPAGNIE HOTELIERE DES CENTRES VILLES,0.6664,ambiguous,1.0,0.904,0.0,0.0,0.0,3,0.5264,PERSON_ELOUMI_YOUNES,1,2006-02-01,2006-02-01,38,1,PERSON_ELOUMI_YADH,"- le renouvellement du mandat de Mr Yadh Elloumi en tant que commissaire aux comptes de la C.H.C.V pour les exercices 2006, 2007 et 2008."
Mohamed Seifeddine Chabane||Société Industrielle Moderne de Carrelages,Mohamed Seifeddine Chabane,Société Industrielle Moderne de Carrelages,34012N,PERSON_CHAABANE_MOHAMED,MOHAMED CHAABANE,,,0.475,ambiguous,1.0,0.0,0.0,0.5,1.0,39,0.105,PERSON_CHAABANE_MOHAMED_BENMUSTAPHA,1,2009-03-13,2009-03-13,37,1,PERSON_CHABANE_MOHAMED_SEIFEDINE,- La nomination de Monsieur Mohamed Seifeddine Chabane nouveau gérant pour la société avec tous les pouvoirs en remplacement de Mr. Lassaad Chabane.
M'hamed Driss||Délibérations de l'assemblée générale ordinaire et extraordinaire,M'hamed Driss,Délibérations de l'assemblée générale ordinaire et extraordinaire,,PERSON_DRIS_MHAMED,MHAMMED DRISS,CO_GENERALE,SOCIETE GENERALE,0.55,ambiguous,1.0,0.0,0.0,1.0,1.0,25,0.075,PERSON_DRIS_MHAMED_BENHICHEM,1,2011-06-17,2011-06-17,36,1,PERSON_DRIS_M_HAMED,"4) Renouvellement du mandat d'administrateur de Messieurs M'hamed Driss, Béchir Gueddes et Madame Faiza Driss et ceci pour une durée de trois années jusqu'à l'issue de l'Assemblée Générale Ordinaire q"
Ridha Slama||Renouvellement du mandat des administrateurs,Ridha Slama,Renouvellement du mandat des administrateurs,,PERSON_SLAMA_RIDHA,RIDHA SLAMA,,,0.55,ambiguous,1.0,0.0,0.0,1.0,1.0,9,0.26,PERSON_SLAMA_RAMLA,3,2011-07-22,2011-10-14,26,1,PERSON_SLAMA_RIDHA,"Renouvellement du mandat des administrateurs Mr Ali Slama, Mr Ridha Slama. et Mme Najoua Limam épouse Slama pour une durée de trois ans qui expire lors de la tenue de l'assemblée générale qui statuera"
Ali SLAMA||Agrément d'un acte de cession des parts sociales et acceptation des nouveaux associés,Ali SLAMA,Agrément d'un acte de cession des parts sociales et acceptation des nouveaux associés,1011480Y,PERSON_SLAMA_ALI,ALI SLAMA,,,0.5,ambiguous,1.0,0.0,0.0,1.0,0.0,27,0.075,PERSON_SLAMA_ALIA_MEDEB,1,2009-05-02,2009-05-02,35,1,PERSON_SLAMA_ALI,"2- Par acte sous seing privé en date du 2 mai 2009, enregistré à la Recette de l'Enregistrement des Actes de Sociétés 1er Bureau en date du 10 juin 2009 quittance n° 7529 sous le n° 9105923, Mr Ali SL"
Ali SLAMA||Société Al Naseem Tunisie,Ali SLAMA,Société Al Naseem Tunisie,1131931X,PERSON_SLAMA_ALI,ALI SLAMA,,,0.475,ambiguous,1.0,0.0,0.0,0.5,1.0,27,0.05,PERSON_SLAMA_ALIA_MEDEB,1,2010-01-20,2010-01-20,35,1,PERSON_SLAMA_ALI,"- Nomination en qualité de premiers Administrateurs pour une durée de trois ans de Mr Ibrahim ELRAIED, Mr Ali SLAMA, Mr Mohamed Abdelkarim ELRAIED, la Société GIAS et la Société Al Nasseem."
Ali SLAMA||Société Civile Agricole ZITA,Ali SLAMA,Société Civile Agricole ZITA,1011480R,PERSON_SLAMA_ALI,ALI SLAMA,CO_CIVILE_AGRICOLE_ZITA,LA SOCIETE CIVILE AGRICOLE ZITA,0.525,ambiguous,1.0,0.0,1.0,0.5,0.0,28,0.075,PERSON_SLAMA_ALIA_MEDEB,1,2009-05-04,2009-05-04,35,1,PERSON_SLAMA_ALI,- La nomination de Monsieur Ali SLAMA en qualité de Président du Conseil d'Administration de la Société SLAMA FRUITS ET LEGUMES S.A et ce pour la durée de son mandat d'administrateur.
Ali Slama||Assemblée Générale Ordinaire,Ali Slama,Assemblée Générale Ordinaire,,PERSON_SLAMA_ALI,ALI SLAMA,CO_GENERALE,SOCIETE GENERALE,0.55,ambiguous,1.0,0.0,0.0,1.0,1.0,28,0.2,PERSON_SLAMA_ALIA_MEDEB,1,2009-11-07,2009-11-07,35,1,PERSON_SLAMA_ALI,"- Le renouvellement du mandat des Administrateurs : Monsieur Kamel Neji, l'Union Internationale de Banque, Monsieur Atef Ben Slimane, l'Arab International Lease, Monsieur Ali Slama, Monsieur Bassam Lo"
Ali Slama||Renouvellement du mandat des administrateurs,Ali Slama,Renouvellement du mandat des administrateurs,,PERSON_SLAMA_ALI,ALI SLAMA,,,0.475,ambiguous,1.0,0.0,0.0,0.5,1.0,27,0.125,PERSON_SLAMA_ALIA_MEDEB,1,2011-10-14,2011-10-14,35,1,PERSON_SLAMA_ALI,"Renouvellement du mandat des administrateurs Mr Ali Slama, Mr Ridha Slama. et Mme Najoua Limam épouse Slama pour une durée de trois ans qui expire lors de la tenue de l'assemblée générale qui statuera"
Hassine Doghri||Société Tunisie Gaz Industries S.A,Hassine Doghri,Société Tunisie Gaz Industries S.A,,PERSON_DOGHRI_HASINE,HASSINE DOGHRI,CO_TUNISIE_GAZ_INDUSTRIES,TUNISIE GAZ INDUSTRIES TGI,0.475,ambiguous,1.0,0.0,0.0,0.5,1.0,4,0.285,PERSON_DOGHRI_HABIB,1,2008-04-10,2008-04-10,35,1,PERSON_DOGHRI_HASINE,"- Reconduction de Monsieur Hassine Doghri, de Monsieur Mohamed Sahraoui et de la société Cotif Sicar dans leurs fonctions d'administrateurs de la société et nomination de Messieurs Peter Stocks, Fabri"
Hassine Doghri||Société d'Assurances et de Réassurances Tuniso-Européenne Vie - Carte Vie,Hassine Doghri,Société d'Assurances et de Réassurances Tuniso-Européenne Vie - Carte Vie,,PERSON_DOGHRI_HASINE,HASSINE DOGHRI,CO_CARTE_VIE,CARTE VIE,0.475,ambiguous,1.0,0.0,0.0,0.5,1.0,4,0.21,PERSON_DOGHRI_HOUSINE,1,2010-10-20,2010-10-20,35,1,PERSON_DOGHRI_HASINE,b) De la première réunion du conseil d'administration du 16 décembre 2010 dont le procès verbal est enregistré le 20 décembre 2010 à la recette de l'enregistrement des actes de sociétés premier bureau
Kais Mokhtar||Renouvellement du mandat des administrateurs,Kais Mokhtar,Renouvellement du mandat des administrateurs,774253X,PERSON_MOKHTAR_KAIS,KAIS MOKHTAR,,,0.5,ambiguous,1.0,0.0,0.0,1.0,0.0,1,0.5,,1,2008-01-03,2008-01-03,34,1,PERSON_MOKHTAR_KAIS,"a décidé de désigner comme membres du conseil d'administration, pour la durée prévue par l'article 16 des statuts, c'est-à-dire pour une durée de trois ans : Monsieur Fethi Mokhtar, Madame Insaf Mokht"
Mohamed Hedi Ben Ayed||Société ALMA,Mohamed Hedi Ben Ayed,Société ALMA,,PERSON_BENAYED_MOHAMED_HEDI,MOHAMED HEDI BEN-AYED,CO_ALMA,SOCIETE ALMA,0.5,ambiguous,1.0,0.0,0.0,1.0,0.0,21,0.105,PERSON_BENAYED_MOHAMED_LASAAD,1,2010-12-03,2010-12-03,34,2,PERSON_BENAYED_MOHAMED_HEDI,"- Mr Mohamed Saidane et Mr Mohamed Hedi Ben Ayed ont cédé les parts qu'ils détiennent dans la Société ALMA à Mr Noureddine Zouiten, Mr Mohamed Moez Zouiten et Mme Hager Zouaoui Zouiten."
Mohamed Hedi Ben Ayed||Société ALULUX,Mohamed Hedi Ben Ayed,Société ALULUX,,PERSON_BENAYED_MOHAMED_HEDI,MOHAMED HEDI BEN-AYED,CO_ALULUX,ALULUX,0.5,ambiguous,1.0,0.0,0.0,1.0,0.0,21,0.105,PERSON_BENAYED_MOHAMED_LASAAD,1,2010-12-10,2010-12-10,34,2,PERSON_BENAYED_MOHAMED_HEDI,"Mr Mohamed Saidane, Mr Mohamed Hedi Ben Ayed, Mme Salwa Elhif et Mme Salma Charfi ont cédé les parts qu'ils détiennent dans la Société ALULUX à Mr Noureddine Zouiten, Mr Mohamed Moez Zouiten et Mme Ha"
Ahmed Triki||Société AL DIWEN,Ahmed Triki,Société AL DIWEN,,PERSON_TRIKI_AHMED,AHMED TRIKI,CO_AL_DIWEN,SOCIETE AL-DIWEN,0.475,ambiguous,1.0,0.0,0.0,0.5,1.0,41,0.075,PERSON_TRIKI_AHMED_BENMOHSEN,1,2008-09-11,2008-09-11,33,1,PERSON_TRIKI_AHMED,"Aux termes du procès-verbal de l'AGE tenue 19 mai 2008, enregistré à la recette de l'enregistrement des actes de sociétés à Sfax le 16 juin 2008, sous le n° 08802735, quittance M002782, dont deux exem"
Mohamed Abd Karim Mefteh Mahjoub||Société Royal,Mohamed Abd Karim Mefteh Mahjoub,Société Royal,1238154Q,PERSON_MAHJOUB_MOHAMED,MOHAMED MAHJOUB,CO_ROYAL_TUNISIAN_MARBLE,ROYAL TUNISIAN MARBLE,0.5,ambiguous,1.0,0.0,1.0,0.0,1.0,5,0.105,PERSON_MAHJOUB_MOHAMED_NIZAR,1,2012-02-21,2012-02-21,32,1,PERSON_MAHJOUB_MOHAMED_ABDKARIM_MEFTEH,Gérance : Mr Mohamed Abd Karim Mefteh Mahjoub est nommé gérant de la société.
Mohamed Malek Mahjoub||Société Mahjoub,Mohamed Malek Mahjoub,Société Mahjoub,1171792B,PERSON_MAHJOUB_MOHAMED,MOHAMED MAHJOUB,CO_MAHJOUB_REFREGERATION_CONGELATION_PRODUITS_MER,SOCIETE MAHJOUB DE REFREGERATION ET DE CONGELATION DES PRODUITS DE LA MER,0.5,ambiguous,1.0,0.0,1.0,0.0,1.0,5,0.105,PERSON_MAHJOUB_MOHAMED_NIZAR,1,2010-10-13,2010-10-13,32,1,PERSON_MAHJOUB_MOHAMED_MALEK,Gérance : M. Mohamed Malek Mahjoub est nommé gérant de la société avec les pouvoirs les plus étendus.
Mohamed Sahbi Mahjoub||Approbation des états financiers de l'exercice 2007,Mohamed Sahbi Mahjoub,Approbation des états financiers de l'exercice 2007,,PERSON_MAHJOUB_MOHAMED,MOHAMED MAHJOUB,,,0.475,ambiguous,1.0,0.0,0.0,0.5,1.0,4,0.0,PERSON_MAHJOUB_MOHAMED_SAHBI,1,2008-11-24,2008-11-24,32,1,PERSON_MAHJOUB_MOHAMED_SAHBI,- Le renouvellement du mandat de Monsieur Mohamed Sahbi Mahjoub aux fonctions de directeur général pour la durée de son mandat d'administrateur.
Abdellatif Hamrouni||Comptoir d'Investissement et de Financement SICAF,Abdellatif Hamrouni,Comptoir d'Investissement et de Financement SICAF,433734P,PERSON_HAMROUNI_ABDELATIF,ABDELLATIF HAMROUNI,CO_SICAF,SICAF +,0.6,ambiguous,1.0,0.0,1.0,1.0,0.0,34,0.385,PERSON_HAMROUNI_ABDELKADER,1,2010-06-19,2010-06-19,30,1,PERSON_HAMROUNI_ABDELATIF,"enregistre le 16/6/2010 recette de l'enregistrement des actes de sociétés 1er Bureau à Tunis, sous le n°10809828 Quittance n°12087, la dite assemblée a renouvelé le mandat de tous les actuels membres "
Abdellatif Hamrouni||TRANSFORMATION DE SARL EN STE ANONYME,Abdellatif Hamrouni,TRANSFORMATION DE SARL EN STE ANONYME,,PERSON_HAMROUNI_ABDELATIF,ABDELLATIF HAMROUNI,,,0.55,ambiguous,1.0,0.0,0.0,1.0,1.0,32,0.21,PERSON_HAMROUNI_ABDELKADER,1,2010-04-26,2010-04-26,30,1,PERSON_HAMROUNI_ABDELATIF,"- Audit acte ont été désignées: Administrateurs Mr Abdelkader Hamrouni, Mr Mohamed Fourati, Mr. Abdellatif Hamrouni et Mr. Kheireddine Hamrouni."
Horchani Rached||Société Blue Fin Tunisie,Horchani Rached,Société Blue Fin Tunisie,,PERSON_HORCHANI_RACHED,RACHED HORCHANI,CO_BLUEFIN_TUNISIE,BLUEFIN TUNISIE,0.6887,ambiguous,1.0,0.968,0.0,0.0,0.0,4,0.5487,PERSON_HORCHANI_NAILA_BSIRI,1,2008-04-14,2008-04-14,30,1,PERSON_RACHED_HORCHANI,"Suivant acte de cession de parts sociales en date du 16 avril 2008, enregistré à la R.E.A.S le 25 avril 2008 sous le n° 8103662 Quit n° 4800, dont deux exemplaires ont été déposés au greffe du tribuna"
Rached HORCHANI||HORCHANI BUSINESS TOWERS,Rached HORCHANI,HORCHANI BUSINESS TOWERS,833998P,PERSON_HORCHANI_RACHED,RACHED HORCHANI,CO_HORCHANI_BUSINESS_TOWERS,HORCHANI BUSINESS TOWERS,0.6,ambiguous,1.0,0.0,1.0,1.0,0.0,3,0.46,PERSON_HORCHANI_RAMZI,1,2009-10-17,2009-10-17,30,1,PERSON_HORCHANI_RACHED,"1- Approbation de la cession de parts objet du Contrat de cession de parts en date du 17 et 19 octobre 2009, enregistré à la REAS le 20 octobre 2009 sous le numéro 9110250 quittance 12487, en vertu du"
Zohra Driss||Délégération de l'assemblée générale ordinaire,Zohra Driss,Délégération de l'assemblée générale ordinaire,,PERSON_DRIS_ZOHRA,ZOHRA DRISS,CO_GENERALE,SOCIETE GENERALE,0.55,ambiguous,1.0,0.0,0.0,1.0,1.0,5,0.2,PERSON_DRIS_ZOHRA_BECHEUR,1,2009-06-21,2009-06-21,30,1,PERSON_DRIS_ZOHRA,"3) Renouvellement de mandat d'administrateur de Monsieur Hamed Karoui, Madame Zohra Driss et la nomination de Mesdames Badra Driss et Aïcha Jenayah en tant que nouveaux Administrateurs et ceci, pour u"
Hafedh Zouari||Société Les Laboratoires Pharmaceutiques DORCAS SA,Hafedh Zouari,Société Les Laboratoires Pharmaceutiques DORCAS SA,938755Z,PERSON_ZOUARI_HAFEDH,HAFEDH ZOUARI,CO_LABORATOIRES_PHARMACEUTIQUES_DORCAS,LES LABORATOIRES PHARMACEUTIQUES DORCAS,0.525,ambiguous,1.0,0.0,1.0,0.5,0.0,28,0.385,PERSON_ZOUARI_HABIB_BENSASI,1,2008-05-05,2008-05-05,28,1,PERSON_ZOUARI_HAFEDH,- Le renouvellement du mandat de Mr Hafedh Zouari en tant d'administrateur délégué et ce pour la durée de trois ans.
Jamel Arem||SOCIETE ALDIANA DJERBA,Jamel Arem,SOCIETE ALDIANA DJERBA,,PERSON_AREM_JAMEL,JAMEL AREM,CO_ALDIANA_DJERBA,ALDIANA DJERBA,0.475,ambiguous,1.0,0.0,0.0,0.5,1.0,4,0.21,PERSON_AREM_MOHAMED_ANIS,1,2006-12-29,2006-12-29,28,1,PERSON_AREM_JAMEL,"- La nomination de Monsieur Moncef Arem en qualité de directeur général, avec les pouvoirs les plus étendus, pour toute la durée de son mandat d'administrateur, en remplacement de Monsieur Jamel Arem,"
Jamel Arem||Société de Promotion Immobilière,Jamel Arem,Société de Promotion Immobilière,947329K,PERSON_AREM_JAMEL,JAMEL AREM,CO_PROMOTION_IMMOBILIERE,SOCIETE DE PROMOTION IMMOBILIERE,0.5,ambiguous,1.0,0.0,1.0,0.0,1.0,3,0.31,PERSON_AREM_JALEL,1,2008-03-25,2008-03-25,28,1,PERSON_AREM_JAMEL,- La nomination de Monsieur Jamel Arem nouveau gérant pour une période indéterminée.
Sami Mhiri||SOCIETE DE SECURITE,Sami Mhiri,SOCIETE DE SECURITE,411617Q,PERSON_MHIRI_SAMI,SAMI MHIRI,ORG_CENTRE_RECHERCHES_D_ETUDES_SECURITE_SOCIALE_CRESS,CENTRE DE RECHERCHES ET D'ETUDES DE SECURITE SOCIALE CRESS,0.5,ambiguous,1.0,0.0,1.0,0.0,1.0,3,0.31,PERSON_MHIRI_SABER,1,2010-12-09,2010-12-09,28,1,PERSON_MHIRI_SAMI,"5- Renouvellement du mandat du Gérant, Monsieur Sami Mhiri, pour 3 ans."
Sami Mhiri||Société Carrières et Bâtiment SARL,Sami Mhiri,Société Carrières et Bâtiment SARL,28380Y,PERSON_MHIRI_SAMI,SAMI MHIRI,CO_CARRIERES_BATIMENT,SOCIETE CARRIERES ET BATIMENT,0.525,ambiguous,1.0,0.0,1.0,0.5,0.0,3,0.385,PERSON_MHIRI_SABER,1,2007-04-01,2007-04-01,28,1,PERSON_MHIRI_SAMI,"- Nomination de Mr Sami Mhiri, Gérant de la société et Mr Chokri Sassi, Cogérant de la société avec les pouvoirs les plus étendus pour une durée de trois ans à effet rétroactif à compter du 01 avril 2"
Sami Mhiri||Société Clinique de Sousse,Sami Mhiri,Société Clinique de Sousse,1055036V,PERSON_MHIRI_SAMI,SAMI MHIRI,,,0.55,ambiguous,1.0,0.0,0.0,1.0,1.0,2,0.41,PERSON_MHIRI_SABER,1,2010-06-18,2010-06-18,28,1,PERSON_MHIRI_SAMI,- Nomination de Monsieur Sami Mhiri en tant que 2ème directeur général adjoint.
Sami Mhiri||Société El Kantaoui,Sami Mhiri,Société El Kantaoui,381514Q,PERSON_MHIRI_SAMI,SAMI MHIRI,CO_DEXPANSION_TOURISTIQUE_EL_KANTAOUI_HOTEL_KANTAOUI_BAY,SOCIETE DEXPANSION TOURISTIQUE EL-KANTAOUI HOTEL KANTAOUI BAY,0.575,ambiguous,1.0,0.0,1.0,0.5,1.0,3,0.435,PERSON_MHIRI_SABER,1,2008-06-18,2008-06-18,28,1,PERSON_MHIRI_SAMI,"1 - Renouvellement du mandat de Monsieur Sami Mhiri, Président Directeur Général pour trois ans."
Sami Mhiri||Société d'Investissement,Sami Mhiri,Société d'Investissement,341715B,PERSON_MHIRI_SAMI,SAMI MHIRI,CO_TOURISTIQUE,SOCIETE TOURISTIQUE,0.575,ambiguous,1.0,0.0,1.0,0.5,1.0,3,0.435,PERSON_MHIRI_SABER,1,2010-06-19,2010-06-19,28,1,PERSON_MHIRI_SAMI,"- Nomination d'un nouveau directeur général adjoint, Mr Sami Mhiri."
Sami Mhiri||Société d'exploitation et de Promotion Touristique,Sami Mhiri,Société d'exploitation et de Promotion Touristique,,PERSON_MHIRI_SAMI,SAMI MHIRI,CO_TOURISTIQUE,SOCIETE TOURISTIQUE,0.55,ambiguous,1.0,0.0,0.0,1.0,1.0,3,0.41,PERSON_MHIRI_SABER,1,2010-06-28,2010-06-28,28,1,PERSON_MHIRI_SAMI,1. Nomination de Monsieur Sami Mhiri président directeur général pour une durée de trois (03) ans.
Sami Mhiri||Société de Promotion Touristique de Mahdia,Sami Mhiri,Société de Promotion Touristique de Mahdia,10973D,PERSON_MHIRI_SAMI,SAMI MHIRI,CO_TOURISTIQUE,SOCIETE TOURISTIQUE,0.65,ambiguous,1.0,0.0,1.0,1.0,1.0,3,0.51,PERSON_MHIRI_SABER,1,2010-06-26,2010-06-26,28,1,PERSON_MHIRI_SAMI,1. Nomination de Monsieur Sami Mhiri président directeur général pour une durée de trois (03) ans.
Kamoun Hédi||Société El Houda CLINIQUE AVICENNE,Kamoun Hédi,Société El Houda CLINIQUE AVICENNE,341510P,PERSON_KAMOUN_HEDI,HEDI KAMMOUN,CO_EL_HOUDA_CLINIQUE_AVICENNE,SOCIETE EL-HOUDA CLINIQUE AVICENNE,0.5,ambiguous,1.0,0.0,1.0,0.0,1.0,3,0.31,PERSON_KAMOUN_SAMI,1,2011-04-01,2011-04-01,27,1,PERSON_HEDI_KAMOUN,- La démission du gérant Monsieur Kamoun Hédi et la nomination de Monsieur Kamoun Sami titulaire de la CIN n°04760497 délivrée le 24 mars 2011 en qualité de nouveau gérant à compter du 1er avril 2011 
"Mohamed Hechmi Djilani||2, Rue Hédi Chaker - Ariana",Mohamed Hechmi Djilani,"2, Rue Hédi Chaker - Ariana",,PERSON_DJILANI_MOHAMED_HECHMI,MOHAMED HECHMI DJILANI,,,0.475,ambiguous,1.0,0.0,0.0,0.5,1.0,1,0.475,,1,2008-12-05,2008-12-05,27,1,PERSON_DJILANI_MOHAMED_HECHMI,- Nomination de Monsieur Mohamed Hechmi Djilani en qualité de Directeur Général Adjoint de la société et ce pour le reste de son mandat d'administrateur.
Mohamed Hechmi Djilani||4. Avenue de Monastir El Menzah VII - Ariana,Mohamed Hechmi Djilani,4. Avenue de Monastir El Menzah VII - Ariana,847298P,PERSON_DJILANI_MOHAMED_HECHMI,MOHAMED HECHMI DJILANI,CO_TRANSFORMATION_METAUX_SOMTRAMET,SOCIETE DE TRANSFORMATION DES METAUX SOMTRAMET,0.575,ambiguous,1.0,0.0,1.0,0.5,1.0,4,0.575,PERSON_AYADI_EMNA,1,2010-03-30,2010-03-30,27,1,PERSON_DJILANI_MOHAMED_HECHMI,Renouvellement du mandat de Monsieur Mohamed Hechmi Djilani en sa qualité de Directeur Général Adjoint de la société et ce pour toute la durée de son mandat d'administrateur avec les pouvoirs les plus
Mohamed Hechmi Djilani||Renouvellement du mandat des administrateurs,Mohamed Hechmi Djilani,Renouvellement du mandat des administrateurs,,PERSON_DJILANI_MOHAMED_HECHMI,MOHAMED HECHMI DJILANI,,,0.475,ambiguous,1.0,0.0,0.0,0.5,1.0,1,0.475,,1,2012-07-18,2012-07-18,27,1,PERSON_DJILANI_MOHAMED_HECHMI,Renouvellement du mandat de Monsieur Mohamed Hechmi Djilani en sa qualité de Directeur Général Adjoint de la société et ce pour toute la durée de son mandat d'administrateur avec les pouvoirs les plus
Mohamed Sellami||4. Avenue de Monastir El Menzah VII - Ariana,Mohamed Sellami,4. Avenue de Monastir El Menzah VII - Ariana,847298P,PERSON_SELAMI_MOHAMED,MOHAMED SELLAMI,CO_TRANSFORMATION_METAUX_SOMTRAMET,SOCIETE DE TRANSFORMATION DES METAUX SOMTRAMET,0.6,ambiguous,1.0,0.0,1.0,1.0,0.0,30,0.15,PERSON_SELAMI_MOHAMED_AMIN,2,2010-03-30,2010-03-30,22,1,PERSON_SELAMI_MOHAMED,"Le renouvellement du mandat de M. Mohamed Sellami, M. Mustapha Sellami, La société ""COGEHI"", et Mr. Hichem Sellami et ce en qualité d'administrateurs pour les exercices 2010, 2011 et 2012"
Mohamed-Hechmi Djilani||Renouvellement du mandat des membres du conseil d'administration,Mohamed-Hechmi Djilani,Renouvellement du mandat des membres du conseil d'administration,,PERSON_DJILANI_MOHAMED_HECHMI,MOHAMED HECHMI DJILANI,CO_CONSEIL,SOCIETE LE CONSEIL,0.5,ambiguous,1.0,0.0,0.0,1.0,0.0,2,0.5,PERSON_SAIDI_MOHAMED,1,2010-04-06,2010-04-06,27,1,PERSON_DJILANI_MOHAMED_HECHMI,"Renouvellement du mandat des membres du conseil d'administration suivants : Monsieur Hédi Djilani, Monsieur Mohamed-Hechmi Djilani, Monsieur Tarek Hamila, Monsieur Abdelkader Hamrouni, Monsieur Abderr"
Mourad Alamdouni Almoussi||Technology Associates,Mourad Alamdouni Almoussi,Technology Associates,,PERSON_AMDOUNI_MOURAD,MOURAD AMDOUNI,CO_TECHNOLOGY_ASSOCIATES,SOCIETE TECHNOLOGY ASSOCIATES,0.6975,ambiguous,0.85,1.0,0.0,0.0,1.0,1,0.6975,,1,2007-12-03,2007-12-03,27,1,PERSON_ALMOUSI_MOURAD_ALAMDOUNI,Gérace : Monsieur Mourad Alamdouni Almoussi est nommé gérant de la société pour toute sa durée avec tous les pouvoirs les plus étendus.
Abdelkader Esseghaier||Financière Tunisienne,Abdelkader Esseghaier,Financière Tunisienne,,PERSON_ESEGHAIER_ABDELKADER,ABDELKADER ESSEGHAIER,CO_FINANCIERE_TUNISIENNE,FINANCIERE TUNISIENNE,0.5,ambiguous,1.0,0.0,0.0,1.0,0.0,5,0.285,PERSON_ESEGHAIER_ALI_SABRI,2,2011-04-18,2011-04-18,20,1,PERSON_ESEGHAIER_ABDELKADER,"- Renouvellement du mandat des administrateurs suivants, pour une période de trois ans: Monsieur Hédi Djilani, Monsieur Abdelkader Esseghaier et Madame Radhia Djilani."
Férid ABBAS||Oil Field Services (OFIS),Férid ABBAS,Oil Field Services (OFIS),430013Y,PERSON_ABAS_FERID,FERID ABBAS,CO_OIL_SERVICES,OIL SERVICES,0.5,ambiguous,1.0,0.0,1.0,0.0,1.0,2,0.45,PERSON_MABROUK_FARES,2,2006-05-12,2008-05-31,20,1,PERSON_ABAS_FERID,3) Le renouvellement du mandat de Mr. Férid ABBAS en sa qualité de gérant pour une durée de 2 ans venant à expiration le 31/5/2008.
Férid ABBAS||STAROIL,Férid ABBAS,STAROIL,,PERSON_ABAS_FERID,FERID ABBAS,CO_STAROIL,STAROIL,0.475,ambiguous,1.0,0.0,0.0,0.5,1.0,2,0.35,PERSON_NEFZI_BECHIR,2,2009-10-20,2010-06-18,20,1,PERSON_ABAS_FERID,- La nomination de M. Férid ABBAS en tant que Président du Conseil pour une période de trois ans qui expirera à l'issue de l'AGO qui statuera sur les comptes de l'exercice 2011.
Férid Abbas||Amwell Capital Ventures,Férid Abbas,Amwell Capital Ventures,1044608A,PERSON_ABAS_FERID,FERID ABBAS,,,0.55,ambiguous,1.0,0.0,0.0,1.0,1.0,1,0.55,,2,2008-02-15,2011-06-24,20,1,PERSON_ABAS_FERID,Président directeur général : Monsieur Férid Abbas.
Hédi Karim Sellami||Renouvellement du mandat des d'administrateurs,Hédi Karim Sellami,Renouvellement du mandat des d'administrateurs,775059B,PERSON_SELAMI_HEDI_KARIM,HEDI KARIM SELLAMI,,,0.475,ambiguous,1.0,0.0,0.0,0.5,1.0,17,0.285,PERSON_SELAMI_HICHEM,1,2008-05-29,2008-05-29,24,1,PERSON_SELAMI_HEDI_KARIM,"- Le renouvellement du mandat des sociétés Tunisie Cables, Prysmian Energie Gables &amp; Systemes France, Messieurs Hédi Karim Sellami, Laurent Tardif et la nomination de Monsieur Patrick Augais, comm"
Hédi Karim Sellami||Renouvellement du mandat du,Hédi Karim Sellami,Renouvellement du mandat du,,PERSON_SELAMI_HEDI_KARIM,HEDI KARIM SELLAMI,,,0.475,ambiguous,1.0,0.0,0.0,0.5,1.0,17,0.285,PERSON_SELAMI_HAMZA,1,2007-11-27,2007-11-27,24,1,PERSON_SELAMI_HEDI_KARIM,"- le renouvellement du mandat de Mr Hédi Karim Sellami en sa qualité de directeur général,"
Jalel Bouricha||Nomination des administrateurs,Jalel Bouricha,Nomination des administrateurs,40782P,PERSON_BOURICHA_JALEL,JALEL BOURICHA,CO_TOURISTIQUE,SOCIETE TOURISTIQUE,0.5,ambiguous,1.0,0.0,1.0,0.0,1.0,4,0.36,PERSON_BOURICHA_JALILA,1,2011-06-16,2011-06-16,23,1,PERSON_BOURICHA_JALEL,"- Renouveler la nomination de M. Jalel Bouricha en qualité de Président Directeur Général pour la durée de son mandat d'administrateur avec délégation des pouvoirs nécessaires,"
Jalel Bouricha||Société Touristique de l'IL e de Djerba,Jalel Bouricha,Société Touristique de l'IL e de Djerba,40782P,PERSON_BOURICHA_JALEL,JALEL BOURICHA,CO_TOURISTIQUE,SOCIETE TOURISTIQUE,0.5,ambiguous,1.0,0.0,1.0,0.0,1.0,4,0.31,PERSON_BOURICHA_JALILA,1,2008-07-29,2008-07-29,23,1,PERSON_BOURICHA_JALEL,"- la nomination de Messieurs Jalel Bouricha, Abdelhamid Bouricha, Ali Guidara et la Société Hôtelière et Touristique Hôtel Ibn Khaldoun en qualité d'Administrateurs pour une durée de trois années."
Mohsen Hassen||Société Med FOOD,Mohsen Hassen,Société Med FOOD,,PERSON_HASAN_MOHSEN,MOHSEN HASSAN,CO_MED_FOOD,SOCIETE MED FOOD,0.63,ambiguous,0.8,1.0,0.0,0.0,0.0,8,0.49,PERSON_HASEN_MOURAD,1,2008-02-01,2008-02-01,23,1,PERSON_HASEN_MOHSEN,2 - D'accepter la démission de Mr Mohsen Hassen de ses fonctions de gérance
Moncef Doghri||Renouvellement des Mandats des Administrateurs &amp; du Président Directeur Général,Moncef Doghri,Renouvellement des Mandats des Administrateurs &amp; du Président Directeur Général,,PERSON_DOGHRI_MONCEF,MONCEF DOGHRI,,,0.475,ambiguous,1.0,0.0,0.0,0.5,1.0,3,0.26,PERSON_DOGHRI_MOURAD,1,2011-06-27,2011-06-27,23,1,PERSON_DOGHRI_MONCEF,Et suivant Procès Verbal de la réunion du Conseil d'Administration de la même journée enregistré à la Recette des Finances de Mégrine le 7 septembre 2011 - Quittance n° M049972 - Enregistrement n° 117
Moncef Doghri||Renouvellement des mandats des administrateurs &amp; du président directeur général,Moncef Doghri,Renouvellement des mandats des administrateurs &amp; du président directeur général,,PERSON_DOGHRI_MONCEF,MONCEF DOGHRI,,,0.475,ambiguous,1.0,0.0,0.0,0.5,1.0,3,0.26,PERSON_DOGHRI_MOURAD,1,2008-06-27,2008-06-27,23,1,PERSON_DOGHRI_MONCEF,"Et suivant procès verbal de la réunion du conseil d'administration de la même journée enregistré à la recette des finances de Mégrine le 3 juillet 2008, quittance n° M034358, enregistrement n° 0870204"
Moncef Doghri||Société Tunisienne D'engrais Chimiques (STEC),Moncef Doghri,Société Tunisienne D'engrais Chimiques (STEC),,PERSON_DOGHRI_MONCEF,MONCEF DOGHRI,CO_TUNISIENNE_D_ENGRAIS_CHIMIQUES_STEC,SOCIETE TUNISIENNE D’ENGRAIS CHIMIQUES STEC,0.475,ambiguous,1.0,0.0,0.0,0.5,1.0,5,0.26,PERSON_DOGHRI_MOURAD,1,2009-06-29,2009-06-29,23,1,PERSON_DOGHRI_MONCEF,"Suivant procès-verbal du conseil d'administration du 29 juin 2009, enregistré à la recette des finances de Mégrine le 6/7/2009 sous le numéro 09702381, quittance n° M035811, dont deux copies ont été d"
Fares HORCHANI||HORCHANI BUSINESS TOWERS,Fares HORCHANI,HORCHANI BUSINESS TOWERS,833998P,PERSON_HORCHANI_FARES,FARES HORCHANI,CO_HORCHANI_BUSINESS_TOWERS,HORCHANI BUSINESS TOWERS,0.6,ambiguous,1.0,0.0,1.0,1.0,0.0,4,0.46,PERSON_HORCHANI_FARHAT,1,2009-10-17,2009-10-17,22,1,PERSON_HORCHANI_FARES,"1- Approbation de la cession de parts objet du Contrat de cession de parts en date du 17 et 19 octobre 2009, enregistré à la REAS le 20 octobre 2009 sous le numéro 9110250 quittance 12487, en vertu du"
Ahmed Bouzguenda||Poulina Partners S.A,Ahmed Bouzguenda,Poulina Partners S.A,,PERSON_BOUZGUENDA_AHMED,AHMED BOUZGUENDA,CO_POULINA,POULINA,0.55,ambiguous,1.0,0.0,0.0,1.0,1.0,7,0.285,PERSON_BOUZGUENDA_ABDELAZIZ,1,2008-07-23,2008-07-23,21,1,PERSON_BOUZGUENDA_AHMED,La Société de Participation et Développement du Sud Tunisien représentée par Monsieur Ahmed Bouzguenda.
Féthi Hachicha||Reconduction nomination du commissaire aux comptes et des administrateurs de la société,Féthi Hachicha,Reconduction nomination du commissaire aux comptes et des administrateurs de la société,2540J,PERSON_HACHICHA_FETHI,FETHI HACHICHA,,,0.5,ambiguous,1.0,0.0,0.0,1.0,0.0,3,0.21,PERSON_HACHICHA_FATHI,1,2007-07-24,2007-07-24,21,1,PERSON_HACHICHA_FETHI,"2- la reconduction de la nomination des membres du conseil d'administration de la société pour une nouvelle période de trois ans : 2007, 2008 et 2009 à savoir :- Monsieur Mohsen Hachicha,- Monsieur Ti"
Karim Milad||Société Marbrerie Les Berges du Lac,Karim Milad,Société Marbrerie Les Berges du Lac,,PERSON_MILED_KARIM,KARIM MILED,CO_MARBRERIE_BERGES_LAC,MARBRERIE LES BERGES DU LAC,0.68,ambiguous,0.8,1.0,0.0,0.0,1.0,6,0.49,PERSON_MILAD_MOHAMED_ELAZIZ,1,2012-01-23,2012-01-23,21,1,PERSON_MILAD_KARIM,- d'accepter la démission de M. Karim Milad et de la société TTS Financière de leurs fonctions d'administrateurs.
Karim Miled||Nomination de nouveaux membres du conseil d'administration,Karim Miled,Nomination de nouveaux membres du conseil d'administration,804984W,PERSON_MILED_KARIM,KARIM MILED,CO_CONSEIL,SOCIETE LE CONSEIL,0.5,ambiguous,1.0,0.0,1.0,0.0,1.0,2,0.45,PERSON_SAIDI_MOHAMED,1,2009-09-30,2009-09-30,21,1,PERSON_MILED_KARIM,"En vertu du procès-verbal de l'assemblée générale ordinaire du 30 septembre 2009, enregistré à la recette de l'enregistrement des actes de sociétés 1er bureau - Tunis le 12 octobre 2009 sous le numéro"
Nase Ali Chakroun||NETWORK EXPERTISE TECABO TUNISIA (NXT),Nase Ali Chakroun,NETWORK EXPERTISE TECABO TUNISIA (NXT),,PERSON_CHAKROUN_NASR_ALI,NASR ALI CHAKROUN,CO_NETWORK_EXPERTISE_TECABO_TUNISIA,NETWORK EXPERTISE TECABO TUNISIA,0.67,ambiguous,0.7,1.0,0.0,0.5,0.0,3,0.425,PERSON_CHAKROUN_NACEUR_ALI,1,2011-10-14,2011-10-14,21,1,PERSON_CHAKROUN_NASE_ALI,"- Renouvellement du mandat du président du conseil d'administration Monsieur Nase Ali Chakroun pour une période allant jusqu'à l'approbation des résultats de l'exercice 2013,"
Abdelkader Esseghaier||L'immobimière Al Kadiria,Abdelkader Esseghaier,L'immobimière Al Kadiria,,PERSON_ESEGHAIER_ABDELKADER,ABDELKADER ESSEGHAIER,CO_L_IMMOBILIERE_AL_KADIRIA,L'IMMOBILIERE AL-KADIRIA,0.475,ambiguous,1.0,0.0,0.0,0.5,1.0,4,0.21,PERSON_ESEGHAIER_ALI_SABRI,1,2011-03-14,2011-03-14,20,1,PERSON_ESEGHAIER_ABDELKADER,"- Renouvellement du mandat des administrateurs suivants, pour une période de trois ans : Mr Abdelkader Esseghaier, Mr Hédi Djilani et Mme Mariane Esseghaier."
Abdelkader Esseghaier||Renouvellement du mandat des membres du conseil d'administration,Abdelkader Esseghaier,Renouvellement du mandat des membres du conseil d'administration,,PERSON_ESEGHAIER_ABDELKADER,ABDELKADER ESSEGHAIER,CO_CONSEIL,SOCIETE LE CONSEIL,0.5,ambiguous,1.0,0.0,0.0,1.0,0.0,4,0.21,PERSON_ESEGHAIER_ALI_SABRI,1,2010-04-06,2010-04-06,20,1,PERSON_ESEGHAIER_ABDELKADER,"Renouvellement du mandat des membres du conseil d'administration suivants : Monsieur Hédi Djilani, Monsieur Mohamed-Hechmi Djilani, Monsieur Tarek Hamila, Monsieur Abdelkader Hamrouni, Monsieur Abderr"
Abdessalem Ben Ayed||Dénomination** : Energy Trading Company E T C » - SA,Abdessalem Ben Ayed,Dénomination** : Energy Trading Company E T C » - SA,,PERSON_BENAYED_ABDESALEM,ABDESSALEM BEN-AYED,,,0.475,ambiguous,1.0,0.0,0.0,0.5,1.0,10,0.21,PERSON_BENAYED_AMINE,1,2007-12-28,2007-12-28,20,1,PERSON_BENAYED_ABDESALEM,Monsieur Abdessalem Ben Ayed en qualité de président directeur général pour la durée de son mandat d'administrateur avec les pouvoirs nécessaires pour la direction de la société.
Abdessalem Ben Ayed||M &amp; O SMIP TRAINING SARL,Abdessalem Ben Ayed,M &amp; O SMIP TRAINING SARL,1060511K,PERSON_BENAYED_ABDESALEM,ABDESSALEM BEN-AYED,CO_N_TRAINING,N TRAINING,0.475,ambiguous,1.0,0.0,0.0,0.5,1.0,11,0.21,PERSON_BENAYED_AMINE,1,2011-08-08,2011-08-08,20,1,PERSON_BENAYED_ABDESALEM,"Il a été décidé en outre de nommer Mr. Rafik Ben Ayed gérant de la société pour trois ans (2011, 2012, 2013) en remplacement de Mr. Abdessalem Ben Ayed, démissionnaire."
Abdessalem Ben Ayed Président Directeur||DEMAT,Abdessalem Ben Ayed Président Directeur,DEMAT,,PERSON_BENAYED_ABDESALEM,ABDESSALEM BEN-AYED,CO_DEMAT,DEMAT,0.6975,ambiguous,0.85,1.0,0.0,0.0,1.0,5,0.6975,PERSON_STARACE_VINCENZO,1,2008-08-22,2008-08-22,20,1,PERSON_DIRECTEUR_ABDESALEM_BENAYED_PRESIDENT,"En vertu du procès-verbal de la réunion du 1er Conseil d'Administration tenue le 22 août 2008, enregistré à la REAS 1er bureau de Tunis le 1er septembre 2008, sous le n° 8807911 quittance n° 9552, il "
Bassem Loukil||---,Bassem Loukil,---,,PERSON_LOUKIL_BASEM,BASSEM LOUKIL,,,0.475,ambiguous,1.0,0.0,0.0,0.5,1.0,3,0.285,PERSON_LOUKIL_BASAM,1,2010-03-17,2010-03-17,20,1,PERSON_LOUKIL_BASEM,"- La nomination de Mr Mohamed Fekih, Mr Bassem Loukil, Mr Walid Loukil, Mr Aidan Barker et Mr Khaled Kamoun en qualité d'administrateurs pour les exercices 2010, 2011 et 2012."
Bassem Loukil||Loukil Management &amp; Conseil,Bassem Loukil,Loukil Management &amp; Conseil,1006184J,PERSON_LOUKIL_BASEM,BASSEM LOUKIL,CO_LOUKIL_MANAGEMENT_CONSEIL,SOCIETE LOUKIL MANAGEMENT CONSEIL,0.575,ambiguous,1.0,0.0,1.0,0.5,1.0,4,0.435,PERSON_LOUKIL_BASAM,1,2010-10-28,2010-10-28,20,1,PERSON_LOUKIL_BASEM,"- Renouvellement du mandat du président directeur général Monsieur Bassem Loukil pour 3 ans : 2010, 2011 et 2012."
Bassem Loukil||Mediterranean Communications Company SA,Bassem Loukil,Mediterranean Communications Company SA,844580A,PERSON_LOUKIL_BASEM,BASSEM LOUKIL,CO_MEDITERRANEAN_COMMUNICTIONS_COMPANY,MEDITERRANEAN COMMUNICTIONS COMPANY,0.575,ambiguous,1.0,0.0,1.0,0.5,1.0,3,0.435,PERSON_LOUKIL_BASAM,1,2012-06-08,2012-06-08,20,1,PERSON_LOUKIL_BASEM,"- Renouvellement du mandat de Mr Bassem Loukil, en tant que Président Directeur Général, pour une période de 3 années arrivant à expiration à l'occasion de l'Assemblée Générale appelée à statuer sur l"
Férid Abbas||CARGO TRAIL SA,Férid Abbas,CARGO TRAIL SA,,PERSON_ABAS_FERID,FERID ABBAS,,,0.55,ambiguous,1.0,0.0,0.0,1.0,1.0,1,0.55,,1,2008-11-25,2008-11-25,20,1,PERSON_ABAS_FERID,"- De nommer Messieurs Férid Abbas, Hamadi Abbas et Sadreddine Abbas en qualité de premiers Administrateurs pour un mandat de 03 ans expirant à l'issue de l'AGO qui aura à approuver les comptes de l'ex"
Férid Abbas||Gabès Marine Tankers,Férid Abbas,Gabès Marine Tankers,429994E,PERSON_ABAS_FERID,FERID ABBAS,CO_GABES_MARINE_TANKERS,GABES MARINE TANKERS,0.5,ambiguous,1.0,0.0,1.0,0.0,1.0,1,0.5,,1,2008-02-22,2008-02-22,20,1,PERSON_ABAS_FERID,"Il appert du PV du conseil d'administration n° 63 enregistré à la recette des finances d'Ezzahra sous le n° 08700357 Quittance n° M004455, qu'il a été décidé le renouvellement du mandat de Monsieur Fé"
Abdelwaheb Chaabane||New Valley d'Industrie de Bois et d'Aluminium,Abdelwaheb Chaabane,New Valley d'Industrie de Bois et d'Aluminium,,PERSON_CHAABANE_ABDELWAHEB,ABDELWAHEB CHAABANE,CO_NEW_VALLEY_INDUSTRY_BOIS_ALUMINIUM,SOCIETE NEW VALLEY INDUSTRY BOIS ET ALUMINIUM,0.6611,ambiguous,1.0,0.889,0.0,0.0,0.0,34,0.5211,PERSON_CHAABANE_ALIA,1,2012-04-17,2012-04-17,19,1,PERSON_CHAABANE_ABDELWAHEB,Mr Abdelwaheb Chaabane a cédé la totalité des parts sociales soit 5000 parts qu'il détient au capital de la société au profit de Mr Kameleldin Ahmed Sayed Abdel Mokhtar par acte de cession daté 16 avr
Habib Kamoun||Société d'Exploitation Agricole Ben Meftah &amp; Cie,Habib Kamoun,Société d'Exploitation Agricole Ben Meftah &amp; Cie,633881N,PERSON_KAMOUN_HABIB,HABIB KAMMOUN,CO_DEXPLOITATION_AGRICOLE_BEN_MEFTAH_CIE,SOCIETE DEXPLOITATION AGRICOLE BEN-MEFTAH ET CIE,0.6778,ambiguous,1.0,0.937,0.0,0.0,0.0,21,0.5378,PERSON_KAMOUN_HSAN,1,2008-10-04,2008-10-04,19,1,PERSON_KAMOUN_HABIB,"Suivant PV de l'AGE du 4 octobre 2008 enregistré à la recette des actes de sociétés Tunis le 17 octobre 2008 sous le n° 8709228, déposé au greffe du tribunal de 1ère instance de Tunis le 21 novembre 2"
Khaled Sellami||Société civile Agricole Selma » au capital de 20.000 D,Khaled Sellami,Société civile Agricole Selma » au capital de 20.000 D,,PERSON_SELAMI_KHALED,KHALED SELLAMI,,,0.5,ambiguous,1.0,0.0,0.0,1.0,0.0,11,0.36,PERSON_SELAMI_KHALIL_BENHABIB,1,2009-08-04,2009-08-04,19,1,PERSON_SELAMI_KHALED,"Suivant contrat de cession des parts sociales, daté le 24 juin 2009, enregistré à la recette des Finances Charguia I, le 23 juillet 2009 quittance n° 41313 dont deux exemplaires ont été déposés au gre"
Mehdi Tékaya||CASSIOPAE MEA,Mehdi Tékaya,CASSIOPAE MEA,,PERSON_TEKAYA_MEHDI,MEHDI TEKAYA,,,0.475,ambiguous,1.0,0.0,0.0,0.5,1.0,2,0.285,PERSON_TEKAYA_MOHAMED_SALAH,2,2009-11-02,2009-11-02,14,1,PERSON_TEKAYA_MEHDI,"- La nomination de OXIA, Monsieur Mehdi Tékaya, KSEOP Holding, Monsieur Emmanuel Gillet, Monsieur Jemil Ben Romdhane, Monsieur Franck Jacovlev et Monsieur Samir Zghal comme premiers administrateurs po"
Mourad Mhiri||SOCIETE D'INVESTISSEMENT TOURISTIQUE DU SAHEL,Mourad Mhiri,SOCIETE D'INVESTISSEMENT TOURISTIQUE DU SAHEL,341715B,PERSON_MHIRI_MOURAD,MOURAD MHIRI,CO_TOURISTIQUE,SOCIETE TOURISTIQUE,0.5,ambiguous,1.0,0.0,1.0,0.0,1.0,10,0.31,PERSON_MHIRI_MOADH,1,2009-06-26,2009-06-26,19,1,PERSON_MHIRI_MOURAD,"1. Renouvellement du mandat du Président Directeur Général, Monsieur Mourad Mhiri, pour une durée de Trois (03) ans finissant avec l'approbation des états financiers 2011."
Mourad Mhiri||Société Clinique de Sousse,Mourad Mhiri,Société Clinique de Sousse,1055036V,PERSON_MHIRI_MOURAD,MOURAD MHIRI,,,0.55,ambiguous,1.0,0.0,0.0,1.0,1.0,9,0.26,PERSON_MHIRI_MAHBOUBA,1,2010-06-18,2010-06-18,19,1,PERSON_MHIRI_MOURAD,- Nomination de Monsieur Mourad Mhiri en tant que nouveau directeur général Adjoint de la société.
Mourad Mhiri||Société d'exploitation et de Promotion Touristique,Mourad Mhiri,Société d'exploitation et de Promotion Touristique,,PERSON_MHIRI_MOURAD,MOURAD MHIRI,CO_TOURISTIQUE,SOCIETE TOURISTIQUE,0.55,ambiguous,1.0,0.0,0.0,1.0,1.0,10,0.26,PERSON_MHIRI_MAHBOUBA_AMARA,1,2010-06-28,2010-06-28,19,1,PERSON_MHIRI_MOURAD,3. Nomination de Monsieur Mourad Mhiri directeur général adjoint pour une durée de trois (03) ans.
Mourad Mhiri||Société de Promotion Touristique de Mahdia,Mourad Mhiri,Société de Promotion Touristique de Mahdia,10973D,PERSON_MHIRI_MOURAD,MOURAD MHIRI,CO_TOURISTIQUE,SOCIETE TOURISTIQUE,0.65,ambiguous,1.0,0.0,1.0,1.0,1.0,10,0.36,PERSON_MHIRI_MAHBOUBA_AMARA,1,2010-06-26,2010-06-26,19,1,PERSON_MHIRI_MOURAD,3. Nomination de Monsieur Mourad Mhiri directeur général adjoint pour une durée de trois (03) ans.
Yasmine HORCHANI||HORCHANI BUSINESS TOWERS,Yasmine HORCHANI,HORCHANI BUSINESS TOWERS,833998P,PERSON_HORCHANI_YASMINE,YASMINE HORCHANI,CO_HORCHANI_BUSINESS_TOWERS,HORCHANI BUSINESS TOWERS,0.6,ambiguous,1.0,0.0,1.0,1.0,0.0,3,0.46,PERSON_HORCHANI_YOUSEF,1,2009-10-17,2009-10-17,19,1,PERSON_HORCHANI_YASMINE,"1- Approbation de la cession de parts objet du Contrat de cession de parts en date du 17 et 19 octobre 2009, enregistré à la REAS le 20 octobre 2009 sous le numéro 9110250 quittance 12487, en vertu du"
Koraich Ben Salem||Société BS INVEST HOLDING SA,Koraich Ben Salem,Société BS INVEST HOLDING SA,1060783J,PERSON_BENSALEM_KORAICH,KORAICH BEN-SALEM,CO_BS_INVEST_HOLDING,BS INVEST HOLDING,0.5,ambiguous,1.0,0.0,1.0,0.0,1.0,2,0.36,PERSON_BENSALEM_KHELIFA,1,2012-11-22,2012-11-22,18,1,PERSON_BENSALEM_KORAICH,"3) Le renouvellement du mandat de Monsieur Koraich Ben Salem en qualité de Président Directeur Général et ce, pour toute la période de son mandat d'administrateur."
Koraich Ben Salem||Société KMK SARL,Koraich Ben Salem,Société KMK SARL,510858J,PERSON_BENSALEM_KORAICH,KORAICH BEN-SALEM,CO_KMK,KMK,0.6,ambiguous,1.0,0.0,1.0,1.0,0.0,3,0.385,PERSON_BENSALEM_ZAKARIA,1,2008-09-09,2008-09-09,18,1,PERSON_BENSALEM_KORAICH,"En vertu d'un acte de cession de parts en date du 09/09/2008 enregistré à la REAS 1er Bureau Tunis en date du 15/09/2008 sous le volume 34, série D, case 52, Monsieur Koraich Ben Salem a cédé une (1) "
Mohamed Hamrouni||Société Equipements et Pièces de rechanges,Mohamed Hamrouni,Société Equipements et Pièces de rechanges,1143478L,PERSON_HAMROUNI_MOHAMED,MOHAMED HAMROUNI,CO_EQUIPEMENTS_PIECES_RECHANGE,EQUIPEMENTS ET PIECES DE RECHANGE,0.6936,ambiguous,1.0,0.982,0.0,0.0,0.0,36,0.3436,PERSON_HAMROUNI_MOHAMED_HABIB,1,2010-12-23,2010-12-23,18,1,PERSON_HAMROUNI_MOHAMED,"Quittance M014767, dont deux copies de chacune ont été déposées au greffe du tribunal de Monastir le 27/12/2010 sous le N° 201088853, il a été décidé la liquidation et la dissolution de la dite sociét"
Nouri Ben Ali Chaabane||Société Les Carrières L'ESSOR,Nouri Ben Ali Chaabane,Société Les Carrières L'ESSOR,,PERSON_CHAABANE_NOURI,NOURI CHAABANE,CO_CARRIERES_LESSOR,SOCIETE LES CARRIERES LESSOR,0.6661,ambiguous,1.0,0.903,0.0,0.0,0.0,24,0.0,PERSON_CHAABANE_NOURI_BENALI,1,2010-04-05,2010-04-05,18,1,PERSON_CHAABANE_NOURI_BENALI,"Suivant acte sous seing privé en date du 5 avril 2010 enregistré à la recette de l'enregistrement des actes de sociétés 1er bureau à Tunis le 7 avril 2010, sous le n°10803946, quittance 5249, Monsieur"
Nouri ben Ali Chaabane||Société Hôtel Palace,Nouri ben Ali Chaabane,Société Hôtel Palace,447246A,PERSON_CHAABANE_NOURI,NOURI CHAABANE,CO_HOTEL_PALACE,SOCIETE HOTEL PALACE,0.8,ambiguous,1.0,1.0,1.0,0.0,0.0,24,0.0,PERSON_CHAABANE_NOURI_BENALI,1,2010-04-05,2010-04-05,18,1,PERSON_CHAABANE_NOURI_BENALI,"Suivant acte sous seing privé en date du 5 avril 2010 enregistré à la recette de l'enregistrement des actes de sociétés 1er bureau à Tunis le 7 avril 2010, sous le n°10803944, quittance 5247. Monsieur"
Sami Driss||SOCIETE LAKEO,Sami Driss,SOCIETE LAKEO,751695X,PERSON_DRIS_SAMI,SAMI DRISS,CO_LAKEO,LAKEO,0.6,ambiguous,1.0,0.0,1.0,1.0,0.0,20,0.075,PERSON_DRIS_SAMIR,1,2011-11-18,2011-11-18,18,1,PERSON_DRIS_SAMI,1/ Suivant acte sous seing privé en date du 18 Novembre 2011 enregistré à la recette de l'enregistrement des actes de sociétés 1er bureau Tunis le 1er décembre 2011 enregistrement n° 11111853 quittanc
Ali Oueslati||R.C N° B112581998,Ali Oueslati,R.C N° B112581998,496582M,PERSON_OUESLATI_ALI,ALI OUESLATI,,,0.55,ambiguous,1.0,0.0,0.0,1.0,1.0,2,0.41,PERSON_OUESLATI_ANIS,3,2009-03-18,2010-11-23,7,1,PERSON_OUESLATI_ALI,- Décidé de coopter Monsieur Ali Oueslati en tant qu'administrateur pour une période de 3 ans.
Chékib NOUIRA||Renouvellement des mandats des administrateurs,Chékib NOUIRA,Renouvellement des mandats des administrateurs,,PERSON_NOUIRA_CHEKIB,CHEKIB NOUIRA,,,0.55,ambiguous,1.0,0.0,0.0,1.0,1.0,2,0.41,PERSON_NOUIRA_CHAKER,1,2008-12-12,2008-12-12,17,1,PERSON_NOUIRA_CHEKIB,"- le renouvellement du mandat des administrateurs : Mr Chékib NOUIRA, Mr Tijani CHELLY, La Banque de Tunisie, Mr Alain COLAS, Mr Norbert de GUILLERON et la nomination de Mr Pierre LEVI comme administr"
Karim Kamoun||Société International Consulting Services SARL (I,Karim Kamoun,Société International Consulting Services SARL (I,1165625Y,PERSON_KAMOUN_KARIM,KARIM KAMMOUN,CO_CONSULTING_SERVICES,SOCIETE DE CONSULTING ET DE SERVICES,0.5,ambiguous,1.0,0.0,1.0,0.0,1.0,13,0.31,PERSON_KAMOUN_KHEDIJA_ABDELKEFI,1,2010-04-14,2010-04-14,17,1,PERSON_KAMOUN_KARIM,Gérance : Monsieur Karim Kamoun a été nommé gérant de la société pour une durée illimitée avec les pouvoirs les plus étendus.
Mahmoud Sellami||Société de Refendage de la Tôle SORETOL,Mahmoud Sellami,Société de Refendage de la Tôle SORETOL,,PERSON_SELAMI_MAHMOUD,MAHMOUD SELLAMI,CO_REFENDAGE_TOLE_SORETOL,SOCIETE DE REFENDAGE DE LA TOLE SORETOL,0.5,ambiguous,1.0,0.0,0.0,1.0,0.0,31,0.285,PERSON_SELAMI_ADNEN,1,2012-05-26,2012-05-26,17,1,PERSON_SELAMI_MAHMOUD,"5- Renouvellement du mandat des membres du conseil d'administration, Monsieur Mahmoud Sellami, Monsieur Adnen Sellami, Monsieur Taoufik Sellami et Madame Samia Sellami épouse Triki pour une période de"
Mustapha Hamrouni||société des Silos Sotacib SARL SSS,Mustapha Hamrouni,société des Silos Sotacib SARL SSS,1119909Y,PERSON_HAMROUNI_MUSTAPHA,MUSTAPHA HAMROUNI,CO_SOTACIB,SOTACIB,0.85,ambiguous,1.0,1.0,1.0,0.0,1.0,36,0.0,PERSON_HAMROUNI_MUSTPAHA,1,2009-10-15,2009-10-15,17,1,PERSON_HAMROUNI_MUSTAPHA,Gérance : Mr Mustapha Hamrouni est nommé en qualité de gérant pour une durée indéterminée avec les pleins pouvoirs.
Tarek Cherif||Approbation des états financiers au 31/12/2010,Tarek Cherif,Approbation des états financiers au 31/12/2010,,PERSON_CHERIF_TAREK,TAREK CHERIF,,,0.475,ambiguous,1.0,0.0,0.0,0.5,1.0,3,0.285,PERSON_CHERIF_TAOUFIK,1,2011-05-05,2011-05-05,17,1,PERSON_CHERIF_TAREK,- Désigner en tant que nouveaux administrateurs pour une durée de 3 ans MM.Mohamed Taoufik Driss et Tarek Cherif;
Tarek Hamila||Nomination du conseil d'administration,Tarek Hamila,Nomination du conseil d'administration,382619D,PERSON_HAMILA_TAREK,TAREK HAMILA,CO_CONSEIL,SOCIETE LE CONSEIL,0.5,ambiguous,1.0,0.0,1.0,0.0,1.0,4,0.05,PERSON_HAMILA_TAREK_BENYASINE,2,2008-04-15,2011-07-15,12,1,PERSON_HAMILA_TAREK,Société Y.K.H HOLDING représentée par Mr Tarek Hamila.
Houda MAHMOUDI||Agrément d'un acte de cession des parts sociales et acceptation des nouveaux associés,Houda MAHMOUDI,Agrément d'un acte de cession des parts sociales et acceptation des nouveaux associés,1011480Y,PERSON_MAHMOUDI_HOUDA,HOUDA MAHMOUDI,,,0.5,ambiguous,1.0,0.0,0.0,1.0,0.0,2,0.15,PERSON_MAHMOUDI_HOUDA_SLAMA,2,2009-05-02,2009-05-02,11,1,PERSON_MAHMOUDI_HOUDA,"1- Par procès-verbal de l'Assemblée Générale Extraordinaire en date du 2 mai 2009, enregistré à la Recette de l'Enregistrement des Actes de Sociétés 1er Bureau en date du 10 juin 2009 quittance n° 753"
Naila HORCHANI||HORCHANI BUSINESS TOWERS,Naila HORCHANI,HORCHANI BUSINESS TOWERS,833998P,PERSON_HORCHANI_NAILA_BSIRI,NAILA BSIRI HORCHANI,CO_HORCHANI_BUSINESS_TOWERS,HORCHANI BUSINESS TOWERS,0.6,ambiguous,1.0,0.0,1.0,1.0,0.0,7,0.15,PERSON_HORCHANI_NAILA,1,2009-10-17,2009-10-17,16,1,PERSON_HORCHANI_NAILA,"1- Approbation de la cession de parts objet du Contrat de cession de parts en date du 17 et 19 octobre 2009, enregistré à la REAS le 20 octobre 2009 sous le numéro 9110250 quittance 12487, en vertu du"
Sami Hachicha||Société INOPLAST LOISIRS,Sami Hachicha,Société INOPLAST LOISIRS,741095X,PERSON_HACHICHA_SAMI,SAMI HACHICHA,CO_INOPLAST,INOPLAST,0.575,ambiguous,1.0,0.0,1.0,0.5,1.0,8,0.31,PERSON_HACHICHA_SOUHEIL,2,2011-04-14,2011-04-14,11,1,PERSON_HACHICHA_SAMI,La société INOPLAST représenté par Mr Sami Hachicha.
Abderrazek Bouricha||Société d'Assistance et de Service S.A.S» - SARL,Abderrazek Bouricha,Société d'Assistance et de Service S.A.S» - SARL,,PERSON_BOURICHA_ABDERAZEK,ABDERRAZEK BOURICHA,,,0.5,ambiguous,1.0,0.0,0.0,1.0,0.0,10,0.15,PERSON_BOURICHA_ABDERAZAK,1,2010-07-21,2010-07-21,15,1,PERSON_BOURICHA_ABDERAZEK,- Mr Abderrazek Bouricha a cédé la totalité de 300 parts sociales qu'il détient dans le capital de la société à l'Agence Maritime MOHAB.SA ;
Ahmed Ben Mabrouk||Groupement d'intérêt économique Mounir et Ahmed Ben Mabrouk,Ahmed Ben Mabrouk,Groupement d'intérêt économique Mounir et Ahmed Ben Mabrouk,,PERSON_MABROUK_AHMED,AHMED MABROUK,CO_AHMED_MABROUK,AHMED MABROUK,0.6382,ambiguous,0.824,1.0,0.0,0.0,0.0,2,0.2882,PERSON_BENMABROUK_AHMED,1,2012-11-04,2012-11-04,15,1,PERSON_BENMABROUK_AHMED,Contrôleur de gestion : Monsieur Ahmed Ben Mabrouk est désigné contrôleur de gestion du groupement.
"Faouzia Slama||Rue du Lac Toba Immeuble Goldina, Les Berges du Lac Tunis",Faouzia Slama,"Rue du Lac Toba Immeuble Goldina, Les Berges du Lac Tunis",31516W,PERSON_SLAMA_FAOUZIA_KHALFALAH,FAOUZIA KHALFALLAH SLAMA,,,0.475,ambiguous,1.0,0.0,0.0,0.5,1.0,13,0.125,PERSON_SLAMA_FAOUZI,1,2009-02-02,2009-02-02,15,1,PERSON_SLAMA_FAOUZIA,"- Le renouvellement du mandat des administrateurs Mme Faouzia Slama, Mr Ali Slama, Mr chihebeddine slama et la société GIAS pour les exercices 2008,2009 et 2010."
Khaled Benjemaa||Société Immobilière Mahboubine S.A,Khaled Benjemaa,Société Immobilière Mahboubine S.A,,PERSON_BENJEMAA_KHALED,KHALED BEN-JEMAA,,,0.55,ambiguous,1.0,0.0,0.0,1.0,1.0,4,0.285,PERSON_BENJEMAA_KARIM,1,2009-10-01,2009-10-01,15,1,PERSON_BENJEMAA_KHALED,7/ La nomination de Mr. Khaled Benjemaa en qualité de directeur général de la société avec les pleins
Mourad Fradi||TUNISIA BROADCASTING SA,Mourad Fradi,TUNISIA BROADCASTING SA,1147434Q,PERSON_FRADI_MOURAD,MOURAD FRADI,CO_TUNISIA_BROADCASTING,TUNISIA BROADCASTING,0.5,ambiguous,1.0,0.0,1.0,0.0,1.0,7,0.3,PERSON_BENALI_SIRINE,2,2010-04-19,2010-04-19,10,1,PERSON_FRADI_MOURAD,La société ECC Mazars représentée par Monsieur Mourad Fradi a été nommée
Nejib Doghri||Société Immobilière Mahboubine S.A,Nejib Doghri,Société Immobilière Mahboubine S.A,,PERSON_DOGHRI_NEJIB,NEJIB DOGHRI,,,0.5,ambiguous,1.0,0.0,0.0,1.0,0.0,1,0.5,,2,2009-10-01,2009-10-01,10,1,PERSON_DOGHRI_NEJIB,"6/ La nomination de Mrs Khaled Benjemaa, Lotfi Benjemaa, Nejib Doghri et la société Tunibat comme les premiers administrateurs de la société."
Néji MHIRI||Société d'Investissements Hôteliers El Mouradi SIHM,Néji MHIRI,Société d'Investissements Hôteliers El Mouradi SIHM,,PERSON_MHIRI_NEJI,NEJI MHIRI,CO_DINVESTISSEMENTS_HOTELIERS_EL_MOURADI,SOCIETE DINVESTISSEMENTS HOTELIERS EL-MOURADI,0.475,ambiguous,1.0,0.0,0.0,0.5,1.0,4,0.21,PERSON_MHIRI_MOURAD,1,2008-04-02,2008-04-02,15,1,PERSON_MHIRI_NEJI,* Le Conseil d'administration du 10 avril 2007 a nommé M. Sami MHIRI en tant que nouveau PDG de la société. M. Néji MHIRI a gardé sa fonction de membre dans le Conseil d'Administration
Néji Mhiri||SOCIETE D'INVESTISSEMENTS HOTELIERS EL MOURADI,Néji Mhiri,SOCIETE D'INVESTISSEMENTS HOTELIERS EL MOURADI,,PERSON_MHIRI_NEJI,NEJI MHIRI,CO_DINVESTISSEMENTS_HOTELIERS_EL_MOURADI,SOCIETE DINVESTISSEMENTS HOTELIERS EL-MOURADI,0.55,ambiguous,1.0,0.0,0.0,1.0,1.0,4,0.285,PERSON_MHIRI_SAMI,1,2011-08-16,2011-08-16,15,1,PERSON_MHIRI_NEJI,5. Renouvellement du mandat du 2ème Directeur Général Adjoint Monsieur Néji Mhiri pour trois ans.
Néji Mhiri||Société d'exploitation et de Promotion Touristique,Néji Mhiri,Société d'exploitation et de Promotion Touristique,,PERSON_MHIRI_NEJI,NEJI MHIRI,CO_TOURISTIQUE,SOCIETE TOURISTIQUE,0.55,ambiguous,1.0,0.0,0.0,1.0,1.0,3,0.41,PERSON_MHIRI_NAJOUA,1,2010-06-28,2010-06-28,15,1,PERSON_MHIRI_NEJI,5. Nomination de Monsieur Néji Mhiri 2ème directeur général adjoint pour une durée de trois (03) ans.
Néji Mhiri||Société de Promotion Touristique de Mahdia,Néji Mhiri,Société de Promotion Touristique de Mahdia,10973D,PERSON_MHIRI_NEJI,NEJI MHIRI,CO_TOURISTIQUE,SOCIETE TOURISTIQUE,0.65,ambiguous,1.0,0.0,1.0,1.0,1.0,3,0.51,PERSON_MHIRI_NAJOUA,1,2010-06-26,2010-06-26,15,1,PERSON_MHIRI_NEJI,5. Nomination de Monsieur Néji Mhiri 2ème directeur général adjoint pour une durée de trois (03) ans.
Rachid Ben Yedder||Mise à jour des statuts,Rachid Ben Yedder,Mise à jour des statuts,1027107K,PERSON_BENYEDER_RACHID,RACHID BEN-YEDDER,,,0.55,ambiguous,1.0,0.0,0.0,1.0,1.0,1,0.55,,1,2011-08-04,2011-08-04,15,1,PERSON_BENYEDER_RACHID,"- La nomination des premiers Administrateurs suivants, pour un mandat de 3 ans prenant fin à l'issue de l'A.G.O statuant sur les comptes de l'exercice 2013 : Monsieur Béchir Ben Yedder - Monsieur Rach"
Sami Smaoui||Nomination d'un gérant,Sami Smaoui,Nomination d'un gérant,983313F,PERSON_SMAOUI_SAMI,SAMI SMAOUI,CO_DELIVERY,SOCIETE DELIVERY,0.5,ambiguous,1.0,0.0,1.0,0.0,1.0,4,0.05,PERSON_SMAOUI_SAMIA_SELAMI,1,2012-05-21,2012-05-21,15,1,PERSON_SMAOUI_SAMI,- Nomination de Mr Sami Smaoui en tant que gérant.
Slim Zeghal||FZ Holding SA,Slim Zeghal,FZ Holding SA,,PERSON_ZEGHAL_SLIM,SLIM ZEGHAL,CO_FZ_HOLDING,FZ HOLDING,0.475,ambiguous,1.0,0.0,0.0,0.5,1.0,1,0.475,,3,2008-09-09,2012-05-31,5,1,PERSON_ZEGHAL_SLIM,"- A nommé comme premiers administrateurs, pour une durée de trois années : Mr Mohamed Hadi Zeghal, Mr Slim Zeghal et Mme Nadia Zeghal Marrakchi."
Tarek Hammami||Société d'Equipement Electrique et de Maintenance,Tarek Hammami,Société d'Equipement Electrique et de Maintenance,,PERSON_HAMAMI_TAREK,TAREK HAMMAMI,CO_DEQUIPEMENT_ELECTRIQUE_MAINTENANCE_SEEM,SOCIETE DEQUIPEMENT ELECTRIQUE ET MAINTENANCE SEEM,0.6716,ambiguous,1.0,0.919,0.0,0.0,0.0,4,0.5316,PERSON_HAMAMI_TAOUFIK,1,2009-12-30,2009-12-30,15,1,PERSON_HAMAMI_TAREK,Mr Tarek Hammami cède cent (100) parts sociales de ses parts sociales dans la société à Monsieur Omar Hammami. Par conséquent l'article six et sept des statuts ont été modifiés.
Tarek Hammami. Par||Société d'Equipement Electrique et de Maintenance,Tarek Hammami. Par,Société d'Equipement Electrique et de Maintenance,,PERSON_HAMAMI_TAREK,TAREK HAMMAMI,CO_DEQUIPEMENT_ELECTRIQUE_MAINTENANCE_SEEM,SOCIETE DEQUIPEMENT ELECTRIQUE ET MAINTENANCE SEEM,0.6191,ambiguous,0.85,0.919,0.0,0.0,0.0,1,0.6191,,1,2010-01-25,2010-01-25,15,1,PERSON_PAR_TAREK_HAMAMI,Mr Mohamed Hammami cède l'ensemble des parts sociales (450 parts sociales) dans la société à Monsieur Tarek Hammami. Par conséquent l'article six et sept des statuts ont été modifiés.
Badra Driss||Délibération de l'assemblée générale ordinaire,Badra Driss,Délibération de l'assemblée générale ordinaire,,PERSON_DRIS_BADRA,BADRA DRISS,CO_GENERALE,SOCIETE GENERALE,0.475,ambiguous,1.0,0.0,0.0,0.5,1.0,4,0.335,PERSON_DRIS_BASEM,2,2012-06-24,2012-06-24,9,1,PERSON_DRIS_BADRA,"4) Renouvellement du mandat d'administrateur de Monsieur Hamed Karoui et Mesdames Badra Driss, Zohra Driss et Aicha Driss Jenayah ceci pour une durée de trois années jusqu'à l'issue de l'assemblée gén"
Hakim Ben Yedder||Parc d'Engins Industriels et Agricoles,Hakim Ben Yedder,Parc d'Engins Industriels et Agricoles,,PERSON_BENYEDER_HAKIM,HAKIM BEN-YEDDER,,,0.475,ambiguous,1.0,0.0,0.0,0.5,1.0,4,0.21,PERSON_BENYEDER_HALIM,1,2009-05-30,2009-05-30,14,1,PERSON_BENYEDER_HAKIM,"En vertu du procès-verbal de l'assemblée générale ordinaire, qui a eu lieu en date du 30 mai 2009, enregistré à la recette des finances sous le numéro 09803473, les actionnaires ont décidé la ratifica"
Hamadi Abbas||Amwell Capital Ventures,Hamadi Abbas,Amwell Capital Ventures,1044608A,PERSON_ABAS_HAMADI,HAMMADI ABBAS,,,0.5,ambiguous,1.0,0.0,0.0,1.0,0.0,1,0.5,,2,2008-02-15,2011-06-24,9,1,PERSON_ABAS_HAMADI,Directeur général adjoint : Monsieur Hamadi Abbas.
Maher Kallel||MEDFACTOR s,Maher Kallel,MEDFACTOR s,,PERSON_KALEL_MAHER,MAHER KALLEL,CO_MEDFACTOR,MEDFACTOR,0.475,ambiguous,1.0,0.0,0.0,0.5,1.0,3,0.335,PERSON_KALEL_MEHDI,1,2010-06-17,2010-06-17,14,1,PERSON_KALEL_MAHER,"Et suivant procès verbal de 1ère Conseil d'Administration en date du 23/7/2010 enregistré à la recette des finances de Boumhell le 29/7/2010 sous le n° 10702174, il a été décidé de nommer Mr Maher Kal"
Maher Kallel||Société Conseil Assistance Formation International,Maher Kallel,Société Conseil Assistance Formation International,1158100E,PERSON_KALEL_MAHER,MAHER KALLEL,CO_CONSEIL,SOCIETE LE CONSEIL,0.5,ambiguous,1.0,0.0,1.0,0.0,1.0,4,0.36,PERSON_KALEL_MEHDI,1,2012-02-23,2012-02-23,14,1,PERSON_KALEL_MAHER,L'acceptation de la démission du gérant Mr Mohamed Habib Kechaou de ses fonctions de la gérance et de désigner Mr Maher Kallel en qualité de gérant de la société pour un mandat de trois ans.
Mounir El Hamdi||IMMOBILIÈRE SICCA VENERIA,Mounir El Hamdi,IMMOBILIÈRE SICCA VENERIA,,PERSON_HAMDI_MOUNIR,MOUNIR HAMDI,CO_IMMOBILIERE_SICCA_VENERIA,IMMOBILIERE SICCA VENERIA,0.6917,ambiguous,0.833,1.0,0.0,0.0,1.0,2,0.5517,PERSON_ELHAMDI_MOHAMED,1,2010-01-04,2010-01-04,14,1,PERSON_ELHAMDI_MOUNIR,Gérance : Mr Mounir El Hamdi gérant de la société avec tout pouvoir étendu.
Ridha Essaidi||Union Général d'Organisation des Foires UGF,Ridha Essaidi,Union Général d'Organisation des Foires UGF,,PERSON_SAIDI_RIDHA,RIDHA SAIDI,CO_UNION_GENERAL_DORGANISATION_FOIRES,UNION GENERAL DORGANISATION DES FOIRES,0.6631,ambiguous,0.909,0.986,0.0,0.0,0.0,1,0.6631,,1,2012-03-31,2012-03-31,14,1,PERSON_ESAIDI_RIDHA,"Suivant acte sous seing privé en date du 31 mars 2012, enregistré à la recette d'enregistrement des actes des sociétés commerciales bureau n°1 Tunis le 11 Avril 2012 sous le numéro 12502809 quittance "
Saidi Ridha||la Générale de l'entreprise et de commerce,Saidi Ridha,la Générale de l'entreprise et de commerce,111827S,PERSON_SAIDI_RIDHA,RIDHA SAIDI,CO_GENERALE,SOCIETE GENERALE,0.5,ambiguous,1.0,0.0,1.0,0.0,1.0,2,0.45,PERSON_KOOLI_ALI,1,2012-06-27,2012-06-27,14,1,PERSON_RIDHA_SAIDI,Nomination d'un nouveau gérant : Mr Saidi Ridha nouveau gérant unique de la société.
Walid Loukil||---,Walid Loukil,---,,PERSON_LOUKIL_WALID,WALID LOUKIL,,,0.475,ambiguous,1.0,0.0,0.0,0.5,1.0,2,0.26,PERSON_LOUKIL_WAHIDA,1,2010-03-17,2010-03-17,14,1,PERSON_LOUKIL_WALID,"- La nomination de Mr Mohamed Fekih, Mr Bassem Loukil, Mr Walid Loukil, Mr Aidan Barker et Mr Khaled Kamoun en qualité d'administrateurs pour les exercices 2010, 2011 et 2012."
Walid Loukil||Mediterranean Communications Company SA,Walid Loukil,Mediterranean Communications Company SA,844580A,PERSON_LOUKIL_WALID,WALID LOUKIL,CO_MEDITERRANEAN_COMMUNICTIONS_COMPANY,MEDITERRANEAN COMMUNICTIONS COMPANY,0.525,ambiguous,1.0,0.0,1.0,0.5,0.0,2,0.31,PERSON_LOUKIL_WAHIDA,1,2012-06-08,2012-06-08,14,1,PERSON_LOUKIL_WALID,"- Renouvellement du mandat de Mr Walid Loukil, en tant que Directeur Général Adjoint, pour une période de 3 années arrivant à expiration à l'occasion de l'Assemblée Générale appelée à statuer sur les "
Abdelhakim Slama||Nomination commissaires aux comptes,Abdelhakim Slama,Nomination commissaires aux comptes,,PERSON_SLAMA_ABDELHAKIM,ABDELHAKIM SLAMA,,,0.475,ambiguous,1.0,0.0,0.0,0.5,1.0,27,0.0,PERSON_SLAMA_ABDELHAKIRN,1,2004-05-12,2004-05-12,13,1,PERSON_SLAMA_ABDELHAKIM,"- Le renouvellement du mandat de Mr Abdelhakim Slama, Mr Lassaad Slama, Mr Mohamed Amine Slama, société STAF, Société SOPROTIC, Société Nejma Huiles et la société International SICAR et ce en qualité "
Ali El Mabrouk||Sté AROUA» Des produits Agricoles,Ali El Mabrouk,Sté AROUA» Des produits Agricoles,,PERSON_MABROUK_ALI,ALI MABROUK,CO_AROUA_PRODUITS_AGRICOLES,SOCIETE AROUA DES PRODUITS AGRICOLES,0.6562,ambiguous,0.875,1.0,0.0,0.0,0.0,1,0.6562,,1,2011-04-10,2011-04-10,13,1,PERSON_ELMABROUK_ALI,Gérance : L'associé unique Mr Ali El Mabrouk avec les pouvoirs les plus étendus.
Idris Mehrez||Société Agrichimie,Idris Mehrez,Société Agrichimie,9418N,PERSON_MEHREZ_IDRIS,IDRIS MEHREZ,,,0.55,ambiguous,1.0,0.0,0.0,1.0,1.0,1,0.55,,3,2012-06-17,2012-06-17,3,1,PERSON_MEHREZ_IDRIS,"- La nomination de Monsieur Idris Mehrez en qualité de Directeur Général Adjoint pour une durée de trois années et ce pour les exercices 2013, 2014, 2015."
Karim Ammar||TUNISIE DEVELOPPEMENT SICAR S.A,Karim Ammar,TUNISIE DEVELOPPEMENT SICAR S.A,,PERSON_AMAR_KARIM,KARIM AMMAR,CO_TUNISIE_SICAR,TUNISIE SICAR,0.475,ambiguous,1.0,0.0,0.0,0.5,1.0,4,0.285,PERSON_AMAR_KAMEL,1,2009-11-04,2009-11-04,13,1,PERSON_AMAR_KARIM,"Et suivant procès-verbal de 1er Conseil d'Administration en date du 20/11/2009 enregistré à la recette des finances de Boumhell le même jour sous le n° 09702026, il a été décidé de nommer Mr Abdelwahe"
Karim Ben Yedder||Mise à jour des statuts,Karim Ben Yedder,Mise à jour des statuts,1027107K,PERSON_BENYEDER_KARIM,KARIM BEN-YEDDER,,,0.55,ambiguous,1.0,0.0,0.0,1.0,1.0,2,0.41,PERSON_BENYEDER_KHADIJA,1,2011-08-04,2011-08-04,13,1,PERSON_BENYEDER_KARIM,"- La nomination des premiers Administrateurs suivants, pour un mandat de 3 ans prenant fin à l'issue de l'A.G.O statuant sur les comptes de l'exercice 2013 : Monsieur Béchir Ben Yedder - Monsieur Rach"
Mohamed Habib Karaouli||CAPSA Capital Partners,Mohamed Habib Karaouli,CAPSA Capital Partners,,PERSON_KARAOULI_HABIB,HABIB KARAOULI,CO_CAPSA_CAPITAL_PARTNERS,CAPSA CAPITAL PARTNERS,0.7,ambiguous,1.0,1.0,0.0,0.0,0.0,4,0.0,PERSON_KARAOULI_MOHAMED_HABIB,2,2012-05-15,2012-05-15,8,1,PERSON_KARAOULI_MOHAMED_HABIB,- Nommé comme premiers administrateurs pour une durée de trois ans qui prend fin avec l'A.G.O qui statuera sur les comptes du troisième exercice de la société - Monsieur Mohamed Habib Karaouli
Mohsen Sellami||Société civile Agricole Selma » au capital de 20.000 D,Mohsen Sellami,Société civile Agricole Selma » au capital de 20.000 D,,PERSON_SELAMI_MOHSEN,MOHSEN SELLAMI,,,0.5,ambiguous,1.0,0.0,0.0,1.0,0.0,27,0.21,PERSON_SELAMI_MAHMOUD,1,2009-08-04,2009-08-04,13,1,PERSON_SELAMI_MOHSEN,"Suivant contrat de cession des parts sociales, daté le 24 juin 2009, enregistré à la recette des Finances Charguia I, le 23 juillet 2009 quittance n° 41313 dont deux exemplaires ont été déposés au gre"
Mounir Hammami||Société d'ingénierie et de Maintenance Médicale (SIM MEDICALE),Mounir Hammami,Société d'ingénierie et de Maintenance Médicale (SIM MEDICALE),1224615B,PERSON_HAMAMI_MOUNIR,MOUNIR HAMMAMI,CO_DINGENIERIE_MAINTENANCE_MEDICALE_SIM_MEDICALE,SOCIETE DINGENIERIE ET DE MAINTENANCE MEDICALE SIM MEDICALE,0.6952,ambiguous,1.0,0.986,0.0,0.0,0.0,58,0.3452,PERSON_HAMAMI_MOUNIRA,1,2012-05-15,2012-05-15,13,1,PERSON_HAMAMI_MOUNIR,"Suivant acte sous seing privé en date du 15 mai 2012 enregistré à la recette de l'enregistrement des actes de sociétés à Sfax le 15 juin 2012, sous le n° 12102913, quittance M003086, Mr Youssef Aboulk"
Ali BAABOURA||Société ODYSSEE HOTELS SARL,Ali BAABOURA,Société ODYSSEE HOTELS SARL,42898K,PERSON_BAABOURA_ALI,ALI BAABOURA,CO_ODYSSEE_HOTELS,ODYSSEE HOTELS,0.5,ambiguous,1.0,0.0,1.0,0.0,1.0,5,0.45,PERSON_HORCHANI_FARES,3,2008-12-22,2010-11-20,2,1,PERSON_BAABOURA_ALI,- renouvellement du mandat du gérant Mr Ali BAABOURA pour une année renouvelable.
Ali Haj Mohamed||Société Générale Propreté et Services SOGEPROS,Ali Haj Mohamed,Société Générale Propreté et Services SOGEPROS,,PERSON_HAMAMI_MOHAMED_ALI,MOHAMED ALI HAMMAMI,CO_GENERALE_SERVICES,SOCIETE GENERALE DE SERVICES,0.6882,ambiguous,0.824,1.0,0.0,0.0,1.0,2,0.6882,PERSON_HAMAMI_SONIA,1,2010-09-09,2010-09-09,12,1,PERSON_HAJMOHAMED_ALI,Gérance : Monsieur Ali Haj Mohamed est nommé gérant de la société.
Fares MABROUK||Société VIAMOBILE,Fares MABROUK,Société VIAMOBILE,1123386X,PERSON_MABROUK_FARES,FARES MABROUK,CO_VIAMOBILE,VIAMOBILE,0.5,ambiguous,1.0,0.0,1.0,0.0,1.0,10,0.36,PERSON_MABROUK_FOUED,1,2010-06-29,2010-06-29,12,1,PERSON_MABROUK_FARES,- Démission de Mr Fares MABROUK en tant que Président Directeur général ;
Fethi Mokhtar||Nomination du Président Directeur Général et du Directeur Général Adjoint,Fethi Mokhtar,Nomination du Président Directeur Général et du Directeur Général Adjoint,774253X,PERSON_MOKHTAR_FETHI,FETHI MOKHTAR,,,0.55,ambiguous,1.0,0.0,0.0,1.0,1.0,1,0.55,,3,2011-06-13,2012-05-16,2,1,PERSON_MOKHTAR_FETHI,- Monsieur Fethi Mokhtar est désigné comme Président Directeur Général pour la durée de son mandat d'administrateur avec tous les pouvoirs prévus par l'article 21 des statuts.
Ichraf Ben Sedrine Bouhafa||Procès-verbal de l'assemblée générale extraordinaire du 18 décembre 2010,Ichraf Ben Sedrine Bouhafa,Procès-verbal de l'assemblée générale extraordinaire du 18 décembre 2010,859644B,PERSON_BOUHAFA_ICHRAF_BENSEDRINE,ICHRAF BEN-SEDRINE BOUHAFA,CO_GENERALE,SOCIETE GENERALE,0.5,ambiguous,1.0,0.0,1.0,0.0,1.0,2,0.45,PERSON_KOOLI_ALI,1,2010-12-18,2010-12-18,12,1,PERSON_BOUHAFA_ICHRAF_BENSEDRINE,4- Nomination de l'ATD SICAR et Madame Ichraf Ben Sedrine Bouhafa en tant que deux nouveaux administrateurs de la société.
Kais SELLAMI||Renouvellement du mandat des membres du Conseil d'Administration,Kais SELLAMI,Renouvellement du mandat des membres du Conseil d'Administration,36452T,PERSON_SELAMI_KAIS,KAIS SELLAMI,CO_CONSEIL,SOCIETE LE CONSEIL,0.5,ambiguous,1.0,0.0,1.0,0.0,1.0,12,0.31,PERSON_SELAMI_KHALIL_BENHABIB,1,2008-04-04,2008-04-04,12,1,PERSON_SELAMI_KAIS,Société «MBS » représentée par Mr. Kais SELLAMI.
Kais Sellami||---,Kais Sellami,---,,PERSON_SELAMI_KAIS,KAIS SELLAMI,,,0.475,ambiguous,1.0,0.0,0.0,0.5,1.0,11,0.285,PERSON_SELAMI_KHALED,1,2009-07-11,2009-07-11,12,1,PERSON_SELAMI_KAIS,- Mr Kais Sellami et Mr Jalel Besbes sont nommés respectivement directeur général et directeur général adjoint pour une durée trois (3) années avec délégation des pouvoirs nécessaires.
Kais Sellami||MAISON DU BOIS DU SUD M.B.S,Kais Sellami,MAISON DU BOIS DU SUD M.B.S,18370Q,PERSON_SELAMI_KAIS,KAIS SELLAMI,CO_MAISON_BOIS_SUD,MAISON DU BOIS DU SUD,0.5,ambiguous,1.0,0.0,1.0,0.0,1.0,12,0.31,PERSON_SELAMI_KHALIL,1,2011-06-04,2011-06-04,12,1,PERSON_SELAMI_KAIS,"- Renouvellement du mandat de Monsieur Kais Sellami en tant que Directeur Général de la société pour la durée de son mandat d'administrateur et la reconduction de sa rémunération, avantages et intéres"
Kais Sellami||Trium Technology,Kais Sellami,Trium Technology,883367P,PERSON_SELAMI_KAIS,KAIS SELLAMI,CO_TRIUM_TECHNOLOGY,TRIUM TECHNOLOGY,0.5,ambiguous,1.0,0.0,1.0,0.0,1.0,11,0.31,PERSON_SELAMI_KHALIL,1,2012-05-20,2012-05-20,12,1,PERSON_SELAMI_KAIS,- Nomination de Monsieur Kais Sellami en qualité de gérant en remplacement de Monsieur Mourd Younsi pour la durée restante de son mandat expirant avec l'assemblée générale ordinaire statuant sur l'exe
Kamel Ayedi||Institut Mondial du Leadership,Kamel Ayedi,Institut Mondial du Leadership,,PERSON_AYADI_KAMEL,KAMEL AYADI,CO_INSTITUT_MONDIAL_LETHIQUE_LEADERSHIP,INSTITUT MONDIAL LETHIQUE ET LEADERSHIP,0.68,ambiguous,0.8,1.0,0.0,0.0,1.0,1,0.68,,1,2009-10-08,2009-10-08,12,1,PERSON_AYEDI_KAMEL,Gérance : Mr Kamel Ayedi est nommé gérant de la société avec tous les pouvoirs énoncés aux statuts.
Karim Ghenim||Société Hôtellerie et Touristique Hammamet Sud,Karim Ghenim,Société Hôtellerie et Touristique Hammamet Sud,385000K,PERSON_GHENIM_KARIM,KARIM GHENIM,CO_TOURISTIQUE,SOCIETE TOURISTIQUE,0.5,ambiguous,1.0,0.0,1.0,0.0,1.0,2,0.45,PERSON_DRIS_HICHEM,1,2008-12-23,2008-12-23,12,1,PERSON_GHENIM_KARIM,- L'acceptation de démission des deux administrateurs : la BIAT représentée par Mr Karim Ghenim et l'AMEN BANK représentée par Mr. Mounir Jradi.
Karim Ghenim||Sté Golf Sousse Monastir,Karim Ghenim,Sté Golf Sousse Monastir,296377W,PERSON_GHENIM_KARIM,KARIM GHENIM,CO_GOLF_SOUSSE_MONASTIR,SOCIETE GOLF SOUSSE MONASTIR,0.5,ambiguous,1.0,0.0,1.0,0.0,1.0,1,0.5,,1,2011-06-23,2011-06-23,12,1,PERSON_GHENIM_KARIM,"- Suite à la démission de Monsieur Karim Ghenim de ses fonctions d'Administrateur et Président de Conseil, les administrateurs décident de nommer Monsieur Slah Maatoug en tant que membre et Président "
Lassaad Slama||Nomination commissaires aux comptes,Lassaad Slama,Nomination commissaires aux comptes,,PERSON_SLAMA_LASAAD,LASSAAD SLAMA,,,0.475,ambiguous,1.0,0.0,0.0,0.5,1.0,5,0.285,PERSON_SLAMA_LEILA_DRIS,1,2004-05-12,2004-05-12,12,1,PERSON_SLAMA_LASAAD,"- Le renouvellement du mandat de Mr Abdelhakim Slama, Mr Lassaad Slama, Mr Mohamed Amine Slama, société STAF, Société SOPROTIC, Société Nejma Huiles et la société International SICAR et ce en qualité "
Lassaad Slama||Renouvellement du mandat des administrateurs,Lassaad Slama,Renouvellement du mandat des administrateurs,,PERSON_SLAMA_LASAAD,LASSAAD SLAMA,,,0.475,ambiguous,1.0,0.0,0.0,0.5,1.0,5,0.285,PERSON_SLAMA_LEILA_DRIS,1,2010-09-07,2010-09-07,12,1,PERSON_SLAMA_LASAAD,"- Le renouvellement du mandat de Mr Tarak Slama, Mr Abdelhakim Slama, Mr Mohamed Amine Slama, Mr Lassaad Slama, Société INTERNATIONAL SICAR, Société SLAMA FRERES, Société STAF et la Société GIAS et ce"
Lassad Slama||Société : Les Grandes Carrières du Sahel,Lassad Slama,Société : Les Grandes Carrières du Sahel,,PERSON_SLAMA_LASAAD,LASSAAD SLAMA,CO_GRANDES_CARRIERES_SAHEL,LES GRANDES CARRIERES DU SAHEL GCS,0.5,ambiguous,1.0,0.0,0.0,1.0,0.0,9,0.285,PERSON_SLAMA_ALI,1,2010-02-02,2010-02-02,12,1,PERSON_SLAMA_LASAD,"1) Par transaction boursière enregistrée le 26 janvier 2010 sous le n° E2010073, Mr Abdelhakim Slama a cédé (800 actions), Mr Lassad Slama (2.000 actions), Mr Rejeb Elloumi (600 actions) et Mr Ali Sla"
Mohamed Amin Chabchoub||Société réseaux télécommunications RETEL,Mohamed Amin Chabchoub,Société réseaux télécommunications RETEL,,PERSON_CHABCHOUB_MOHAMED,MOHAMED CHABCHOUB,CO_RESEAUX_TELECOMMUNICATIONS_RETEL,RESEAUX DE TELECOMMUNICATIONS RETEL,0.75,ambiguous,1.0,1.0,0.0,0.0,1.0,6,0.0,PERSON_CHABCHOUB_MOHAMED_AMIN,1,2010-10-15,2010-10-15,12,1,PERSON_CHABCHOUB_MOHAMED_AMIN,1/ Le renouvellement de la nomination de Mr Mohamed Amin Chabchoub entant que Directeur Général pour une durée de trois ans 2010-2011-2012.
Mohamed Habib Ben Saad||Sté Yesmine de Promotion Immobilière,Mohamed Habib Ben Saad,Sté Yesmine de Promotion Immobilière,1084688P,PERSON_BENSAAD_MOHAMED_HABIB,MOHAMED HABIB BEN-SAAD,CO_YESMINE,SOCIETE YESMINE,0.6,ambiguous,1.0,0.0,1.0,1.0,0.0,5,0.15,PERSON_BENSAAD_MOHAMED_ELHABIB,1,2009-01-30,2009-01-30,12,2,PERSON_BENSAAD_MOHAMED_HABIB,Gérance : Mr Mohamed Ali Ben Saad est nommé gérant et Mr Abdelaziz Ben Saad et Mr Mohamed Habib Ben Saad comme cogérant avec les pouvoirs les plus étendus.
Mohamed Zine El Abidine Cherif||de Conditionnement de l'Huile International SOCOHUILE INTERNATIONAL,Mohamed Zine El Abidine Cherif,de Conditionnement de l'Huile International SOCOHUILE INTERNATIONAL,1197625Y,PERSON_CHERIF_MOHAMED,MOHAMED CHERIF,CO_SOCOHUILE,SOCOHUILE,0.5,ambiguous,1.0,0.0,1.0,0.0,1.0,12,0.0,PERSON_CHERIF_MOHAMED_ZINE_ELABIDINE,2,2011-04-20,2011-04-20,7,1,PERSON_CHERIF_MOHAMED_ZINE_ELABIDINE,la société AMC Ernst And Young membre de l'ordre des experts comptables de Tunisie représentée par Monsieur Mohamed Zine El Abidine Cherif
"Moncef Kammoun||Actes, parts sociales et changement de gérant",Moncef Kammoun,"Actes, parts sociales et changement de gérant",620509B,PERSON_KAMOUN_MONCEF,MONCEF KAMMOUN,,,0.475,ambiguous,1.0,0.0,0.0,0.5,1.0,28,0.075,PERSON_KAMOUN_MOHAMED_ELMONCEF,1,2012-03-12,2012-03-12,12,1,PERSON_KAMOUN_MONCEF,- Nomination de Monsieur Moncef Kammoun gérant de la société pour une période illimitée avec les pouvoirs les plus étendus.
Moncef Kamoun||POLYCLINIQUE INTERNATIONALE RIADH ENNASR SA PIRESA,Moncef Kamoun,POLYCLINIQUE INTERNATIONALE RIADH ENNASR SA PIRESA,1236746B,PERSON_KAMOUN_MONCEF,MONCEF KAMMOUN,CO_POLYCLINIQUE_INTERNATIONALE_RIADH_ENNASR_PIRESA,POLYCLINIQUE INTERNATIONALE RIADH ENNASR PIRESA,0.5,ambiguous,1.0,0.0,1.0,0.0,1.0,29,0.0,PERSON_KAMOUN_MOHAMED_ELMONCEF,1,2011-11-19,2011-11-19,12,1,PERSON_KAMOUN_MONCEF,- STE EMA-KAMOUN représentée par son gérant : Monsieur Moncef Kamoun.
Mourad Kallel||Société Agro-Services,Mourad Kallel,Société Agro-Services,1130081Z,PERSON_KALEL_MOURAD,MOURAD KALLEL,CO_AGRO_SERVICES,AGRO SERVICES,0.525,ambiguous,1.0,0.0,1.0,0.5,0.0,4,0.335,PERSON_KALEL_MAHER,3,2010-01-29,2010-02-01,2,1,PERSON_KALEL_MOURAD,Monsieur Nizar Snoussi a cédé 500 parts sociales qu'il détient au capital de la société à Monsieur Mourad Kallel de 10 Dinars chacune.
Najla Sérène Chaâbane||Société Arroum de Transport SATM,Najla Sérène Chaâbane,Société Arroum de Transport SATM,33825Q,PERSON_CHAABANE_NAJLA_SIRINE,NAJLA SIRINE CHAABANE,CO_ARROUM_TRANSPORT_SATM,SOCIETE ARROUM DE TRANSPORT SATM,0.47,ambiguous,0.7,0.0,1.0,0.5,1.0,25,0.05,PERSON_CHAABANE_NAJLA_SIRINA,1,2008-01-17,2008-01-17,12,1,PERSON_CHAABANE_NAJLA_SERENE,"En vertu du P.V du 17 janvier 2008, enregistré à la RF de Gabès le 29 janvier 2008 sous le n° 8700337, les actionnaires de la société ont décidé de rappeler du P.V du 13 mai 2006, enregistré à la RF d"
Ridha Chaabane||SOCIETE CHAABANE &amp; FILS,Ridha Chaabane,SOCIETE CHAABANE &amp; FILS,1156958K,PERSON_CHAABANE_RIDHA_ALI,RIDHA ALI CHAABANE,CO_CHAABANE_FILS,ENTREPRISE CHAABANE ET FILS,0.5,ambiguous,1.0,0.0,1.0,0.0,1.0,15,0.31,PERSON_CHAABANE_RIADH,1,2010-06-22,2010-06-22,12,1,PERSON_CHAABANE_RIDHA,Gérance : Monsieur Ridha Chaabane est nommé gérant de la société avec les pouvoirs les plus étendus.
Slim BEN AYED||SOCIETE INTER FER FORGE,Slim BEN AYED,SOCIETE INTER FER FORGE,956649A,PERSON_BENAYED_SLIM,SLIM BEN-AYED,CO_INTER_FER_FORGE,SOCIETE INTER FER FORGE,0.5,ambiguous,1.0,0.0,1.0,0.0,1.0,10,0.31,PERSON_BENAYED_SABER_BENHEDI,1,2010-06-01,2010-06-01,12,1,PERSON_BENAYED_SLIM,Nommer Mr M'Barek BEY en tant que gérant pour la durée de la société en remplacement du gérant démissionnaire Mr Slim BEN AYED et lui accorde les mêmes pouvoirs que ceux accordés au gérant démissionna
Slim Ben Ayed||SOCIETE SIGA,Slim Ben Ayed,SOCIETE SIGA,724927Q,PERSON_BENAYED_SLIM,SLIM BEN-AYED,CO_D_INDUSTRIES_GENERALES_AGRICOLES_SIGA,SOCIETE D'INDUSTRIES GENERALES ET AGRICOLES SIGA,0.5,ambiguous,1.0,0.0,1.0,0.0,1.0,10,0.31,PERSON_BENAYED_SABER_BENHEDI,1,2010-06-01,2010-06-01,12,1,PERSON_BENAYED_SLIM,- Nommer Mr Anis Ghorbel en tant que gérant pour la durée de la société en remplacement du gérant démissionnaire Mr Slim Ben Ayed et lui accorde les mêmes pouvoirs que ceux accordés au gérant démissio
Tarek Hamila||Renouvellement du mandat des membres du conseil d'administration,Tarek Hamila,Renouvellement du mandat des membres du conseil d'administration,,PERSON_HAMILA_TAREK,TAREK HAMILA,CO_CONSEIL,SOCIETE LE CONSEIL,0.5,ambiguous,1.0,0.0,0.0,1.0,0.0,4,0.15,PERSON_HAMILA_TAREK_BENYASINE,1,2010-04-06,2010-04-06,12,1,PERSON_HAMILA_TAREK,"Renouvellement du mandat des membres du conseil d'administration suivants : Monsieur Hédi Djilani, Monsieur Mohamed-Hechmi Djilani, Monsieur Tarek Hamila, Monsieur Abdelkader Hamrouni, Monsieur Abderr"
Brahim Anane||Dépôt des États Financiers &amp; des Rapports du Commissaire aux Comptes,Brahim Anane,Dépôt des États Financiers &amp; des Rapports du Commissaire aux Comptes,820759G,PERSON_ANANE_BRAHIM,BRAHIM ANANE,,,0.5,ambiguous,1.0,0.0,0.0,1.0,0.0,1,0.5,,1,2012-05-11,2012-05-11,11,1,PERSON_ANANE_BRAHIM,"Renouvellement du mandat des membres du Conseil d'Administration Messieurs : Taieb Bayahi, Yahia Bayahi et Brahim Anane et les sociétés SOTUNOL, GTI et INDINVEST SICAF pour les exercices 2012, 2013 et"
Brahim Anane||Dépôt des états financiers &amp; des rapports du commissaire aux comptes,Brahim Anane,Dépôt des états financiers &amp; des rapports du commissaire aux comptes,820759G,PERSON_ANANE_BRAHIM,BRAHIM ANANE,,,0.475,ambiguous,1.0,0.0,0.0,0.5,1.0,1,0.475,,1,2010-11-23,2010-11-23,11,1,PERSON_ANANE_BRAHIM,"- Renouvellement du mandat des membres du conseil d'administration Messieurs : Taieb Bayahi, Yahia Bayahi et Mahmoud Arouay et les sociétés Sotunol, GTI et Indinvest Sicaf pour les exercices 2009, 201"
Fahmi Chaabane||Entreprise d'Enduit Moderne» BATI SMART,Fahmi Chaabane,Entreprise d'Enduit Moderne» BATI SMART,,PERSON_CHAABANE_FAHMI,FAHMI CHAABANE,CO_DENDUIT_MODERNE_BATI_SMART,ENTREPRISE DENDUIT MODERNE BATI SMART,0.6934,ambiguous,1.0,0.981,0.0,0.0,0.0,17,0.3434,PERSON_CHAABANE_FAHMI_BENMUSTAPHA,1,2008-12-26,2008-12-26,11,1,PERSON_CHAABANE_FAHMI,Gérance : Monsieur Fahmi Chaabane titulaire de la CIN n° 01021141 et Monsieur Mohamed Milk titulaire de la CIN n° 05286414 sont nommés co-gérants de la société pour une durée illimitée.
François Cherpion||Société des Ciments d'Enfidha,François Cherpion,Société des Ciments d'Enfidha,,PERSON_CHERPION_FRANCOIS,FRANCOIS CHERPION,CO_CIMENTS_DENFIDHA,SOCIETE DES CIMENTS DENFIDHA,0.6894,ambiguous,1.0,0.97,0.0,0.0,0.0,10,0.6894,PERSON_GUILEBON_NORBERT_DE,3,2008-07-14,2012-07-24,1,1,PERSON_CHERPION_FRANCOIS,"En vertu du procès-verbal n° 03/2008 du conseil d'administration, en date du 14 juillet 2008, enregistré à la recette des actes de sociétés, 1er bureau de Tunis, le 16 octobre 2008, sous le n° 8809183"
Leila Bouricha||MS CONCEPT SURL,Leila Bouricha,MS CONCEPT SURL,1063172Z,PERSON_BOURICHA_LEILA,LEILA BOURICHA,CO_CONCEPT,CONCEPT,0.5,ambiguous,1.0,0.0,1.0,0.0,1.0,6,0.45,PERSON_ZANAD_MOKHTAR,1,2008-06-24,2008-06-24,11,1,PERSON_BOURICHA_LEILA,Gérance : Mme Leila Bouricha née Dali est nommée gérante statutaire.
Mohamed Abdennadher||SOCIETE MODERNE DE CERAMIQUE SOMOCER,Mohamed Abdennadher,SOCIETE MODERNE DE CERAMIQUE SOMOCER,,PERSON_ABDENADHER_MOHAMED,MOHAMED ABDENNADHER,CO_MODERNE_CERAMIQUE_SOMOCER,SOCIETE MODERNE DE CERAMIQUE SOMOCER,0.475,ambiguous,1.0,0.0,0.0,0.5,1.0,28,0.05,PERSON_ABDENADHER_MOHAMED_BENMUSTAPHA,1,2010-06-09,2010-06-09,11,1,PERSON_ABDENADHER_MOHAMED,- Enregistrer la cessation des fonctions de l'administrateur Mr. Mohamed Abdennadher suite à sa démission ainsi que la cessation des fonctions de l'administrateur SICAR INVEST
Mohsen Hachicha||Reconduction nomination du commissaire aux comptes et des administrateurs de la société,Mohsen Hachicha,Reconduction nomination du commissaire aux comptes et des administrateurs de la société,2540J,PERSON_HACHICHA_MOHSEN,MOHSEN HACHICHA,,,0.5,ambiguous,1.0,0.0,0.0,1.0,0.0,6,0.21,PERSON_HACHICHA_MOHAMED,1,2007-07-24,2007-07-24,11,1,PERSON_HACHICHA_MOHSEN,"2- la reconduction de la nomination des membres du conseil d'administration de la société pour une nouvelle période de trois ans : 2007, 2008 et 2009 à savoir :- Monsieur Mohsen Hachicha,- Monsieur Ti"
Mohsen Hachicha||Société Les Industries Alimentaires RANDA,Mohsen Hachicha,Société Les Industries Alimentaires RANDA,,PERSON_HACHICHA_MOHSEN,MOHSEN HACHICHA,CO_INDUSTRIES_ALIMENTAIRES_RANDA,SOCIETE LES INDUSTRIES ALIMENTAIRES RANDA,0.55,ambiguous,1.0,0.0,0.0,1.0,1.0,10,0.21,PERSON_HACHICHA_SOUHEIL,1,2010-10-02,2010-10-02,11,1,PERSON_HACHICHA_MOHSEN,"4- Renouvellement du mandat des administrateurs à savoir : Mr Mohsen Hachicha, Mr tijani Guermazi, Mr Fathi Hachicha, Mr Souhail Hachicha, Mr Sami Hachicha et Mr Mahdi Khouaja pour les exercices 2010,"
Sami Hachicha||Reconduction nomination du commissaire aux comptes et des administrateurs de la société,Sami Hachicha,Reconduction nomination du commissaire aux comptes et des administrateurs de la société,2540J,PERSON_HACHICHA_SAMI,SAMI HACHICHA,,,0.5,ambiguous,1.0,0.0,0.0,1.0,0.0,8,0.21,PERSON_HACHICHA_SOUHEIL,1,2007-07-24,2007-07-24,11,1,PERSON_HACHICHA_SAMI,"2- la reconduction de la nomination des membres du conseil d'administration de la société pour une nouvelle période de trois ans : 2007, 2008 et 2009 à savoir :- Monsieur Mohsen Hachicha,- Monsieur Ti"
Sami Hachicha||SOCIETE INOPLAST COMMERCIALE,Sami Hachicha,SOCIETE INOPLAST COMMERCIALE,432975B,PERSON_HACHICHA_SAMI,SAMI HACHICHA,CO_INOPLAST,INOPLAST,0.5,ambiguous,1.0,0.0,1.0,0.0,1.0,8,0.31,PERSON_HACHICHA_SOUHEIL,1,2011-05-17,2011-05-17,11,1,PERSON_HACHICHA_SAMI,"- Le renouvellement du mandat du gérant Monsieur Sami Hachicha pour une période de trois ans soit 2010, 2011 et 2012."
Sami Hachicha||Société Immobilière El Manar,Sami Hachicha,Société Immobilière El Manar,30838H,PERSON_HACHICHA_SAMI,SAMI HACHICHA,CO_EL_MANAR,EL MANAR,0.575,ambiguous,1.0,0.0,1.0,0.5,1.0,9,0.31,PERSON_HACHICHA_SOUHEIL,1,2012-10-25,2012-10-25,11,1,PERSON_HACHICHA_SAMI,"- Nomination de M. Sami Hachicha comme nouvel administrateur pour trois ans 2012, 2013 et 2014."
Sami Hachicha||Société Inoplast Commerciale,Sami Hachicha,Société Inoplast Commerciale,432975B,PERSON_HACHICHA_SAMI,SAMI HACHICHA,CO_INOPLAST,INOPLAST,0.5,ambiguous,1.0,0.0,1.0,0.0,1.0,8,0.31,PERSON_HACHICHA_SOUHEIL,1,2012-07-26,2012-07-26,11,1,PERSON_HACHICHA_SAMI,- La démission du gérant actuel de la société Mr Sami Hachicha.
Sami Hachicha||Société Led Industries Nouvelles du Plastique,Sami Hachicha,Société Led Industries Nouvelles du Plastique,,PERSON_HACHICHA_SAMI,SAMI HACHICHA,,,0.475,ambiguous,1.0,0.0,0.0,0.5,1.0,8,0.21,PERSON_HACHICHA_SOUHEIL,1,2010-11-30,2010-11-30,11,1,PERSON_HACHICHA_SAMI,Le renouvellement du mandat du directeur général Monsieur Sami Hachicha pour une période de trois ans expirant à l'issue de l'assemblée générale ordinaire devant être tenu en 2012 statuant sur les com
Sami Hachicha||Société des Industries Nouvelles du Plastique,Sami Hachicha,Société des Industries Nouvelles du Plastique,,PERSON_HACHICHA_SAMI,SAMI HACHICHA,,,0.55,ambiguous,1.0,0.0,0.0,1.0,1.0,8,0.21,PERSON_HACHICHA_SOUHEIL,1,2006-06-30,2006-06-30,11,1,PERSON_HACHICHA_SAMI,"- Le renouvellement du mandat du directeur général M. Sami Hachicha pour la durée de trois ans, expirant après la tenue de l'AGO devant statuer sur les comptes de l'exercice 2008, et lui conféré les p"
Sami Hachicha||Société l'Equipement Hydraulique,Sami Hachicha,Société l'Equipement Hydraulique,,PERSON_HACHICHA_SAMI,SAMI HACHICHA,,,0.475,ambiguous,1.0,0.0,0.0,0.5,1.0,8,0.21,PERSON_HACHICHA_SOUHEIL,1,2006-09-13,2006-09-13,11,1,PERSON_HACHICHA_SAMI,- L'acceptation de la démission de Monsieur Sami Hachicha et celle de Monsieur Mahdi Khouaja de leurs postes d'administrateurs.
Samir Sellami||Société Sellami Frères,Samir Sellami,Société Sellami Frères,584207H,PERSON_SELAMI_SAMIR,SAMIR SELLAMI,CO_SLAMA_FRERES,SLAMA FRERES,0.475,ambiguous,1.0,0.0,0.0,0.5,1.0,32,0.075,PERSON_SELAMI_SAMI_BENMAHMOUD,2,2010-03-29,2011-03-29,6,1,PERSON_SELAMI_SAMIR,- Renouvellement du mandat du gérant Mr Samir Sellami pour une période de trois ans 2010 - 2011 - 2012.
Thameur Koubaa||MEDFACTOR s,Thameur Koubaa,MEDFACTOR s,,PERSON_KOUBAA_THAMEUR,THAMEUR KOUBAA,CO_MEDFACTOR,MEDFACTOR,0.475,ambiguous,1.0,0.0,0.0,0.5,1.0,1,0.475,,1,2010-06-17,2010-06-17,11,1,PERSON_KOUBAA_THAMEUR,"Et suivant procès verbal de 1ère Conseil d'Administration en date du 23/7/2010 enregistré à la recette des finances de Boumhell le 29/7/2010 sous le n° 10702174, il a été décidé de nommer Mr Maher Kal"
Wassim Ben Yedder||Société AMEN - Capital A.C,Wassim Ben Yedder,Société AMEN - Capital A.C,1158084Y,PERSON_BENYEDER_WASIM,WASSIM BEN-YEDDER,CO_AMEN_CAPITAL,AMEN CAPITAL AC,0.525,ambiguous,1.0,0.0,1.0,0.5,0.0,1,0.525,,1,2010-06-04,2010-06-04,11,1,PERSON_BENYEDER_WASIM,- Monsieur Wassim Ben Yedder - Directeur Général Adjoint de la société.
Habib Bouaziz||Société Immobilière ZEMNI,Habib Bouaziz,Société Immobilière ZEMNI,795078Q,PERSON_BOUAZIZ_HABIB,HABIB BOUAZIZ,CO_ZEMNI_IMMOBILIERE,ZEMNI IMMOBILIERE,0.6894,ambiguous,1.0,0.97,0.0,0.0,0.0,1,0.6894,,2,2009-02-20,2009-02-20,5,1,PERSON_BOUAZIZ_HABIB,"En vertu d'un acte de cession de parts en date du 20 février 2009, enregistré à la recette des finances de Grombalia le 21 février 2009, sous le numéro 09700551 quittance n° 10653 et dont deux exempla"
Jamil Triki||Assemblée générale extraordinaire,Jamil Triki,Assemblée générale extraordinaire,1218356N,PERSON_TRIKI_JAMIL,JAMIL TRIKI,CO_GENERALE,SOCIETE GENERALE,0.5,ambiguous,1.0,0.0,1.0,0.0,1.0,9,0.31,PERSON_TRIKI_JASEM,1,2012-01-25,2012-01-25,10,1,PERSON_TRIKI_JAMIL,- Nomination de Mr Jamil Triki comme gérant de la société avec les pouvoirs les plus.
Lassaad Mzah||Révocation des anciens membres du conseil d'administration,Lassaad Mzah,Révocation des anciens membres du conseil d'administration,601515S,PERSON_MZAH_LASAAD,LASSAAD MZAH,CO_CONSEIL,SOCIETE LE CONSEIL,0.5,ambiguous,1.0,0.0,1.0,0.0,1.0,2,0.45,PERSON_SAIDI_MOHAMED,2,2012-01-12,2012-01-12,5,1,PERSON_MZAH_LASAAD,Société des Emballages Aluminium et de Boissons Gazeuses « SEABG » (Groupe SFBT) représentée par Mr Lassaad Mzah.
Mehdi Zerzeri||Nomination des membres du conseil d'administration et du commissaire aux comptes,Mehdi Zerzeri,Nomination des membres du conseil d'administration et du commissaire aux comptes,20427L,PERSON_ZERZERI_MEHDI,MEHDI ZERZERI,CO_CONSEIL,SOCIETE LE CONSEIL,0.6,ambiguous,1.0,0.0,1.0,1.0,0.0,7,0.385,PERSON_ZERZERI_MOHAMED_AFIF,1,2011-11-20,2011-11-20,10,1,PERSON_ZERZERI_MEHDI,- De nommer les membres du conseil d'administration par le renouvellement des mandats de M. Mehdi Zerzeri et M. Hédi Zerzeri ainsi que la nomination de M. Ridha Zerzeri.
Mohamed Agrebi||BANQUE DE FINANCEMENT DES PETITES ET MOYENNES ENTREPRISES,Mohamed Agrebi,BANQUE DE FINANCEMENT DES PETITES ET MOYENNES ENTREPRISES,908910A,PERSON_AGREBI_MOHAMED,MOHAMED AGREBI,CO_BANQUE_FINANCEMENT_PETITES_MOYENNES_ENTREPRISES,BANQUE DE FINANCEMENT DES PETITES ET MOYENNES ENTREPRISES BFPME,0.5,ambiguous,1.0,0.0,1.0,0.0,1.0,23,0.3,PERSON_TAKTAK_SOUHIR,1,2010-06-28,2010-06-28,10,1,PERSON_AGREBI_MOHAMED,"L'Assemblée Générale Ordinaire, décide la nomination de Monsieur Sadok Bejja en tant qu'Administrateur représentant l'Etat au Conseil d'Administration de la banque en remplacement de Monsieur Mohamed "
Mohamed Nejib Essafi||Société M,Mohamed Nejib Essafi,Société M,,PERSON_ESAFI_MOHAMED_NEJIB,MOHAMED NEJIB ESSAFI,CO_M,SOCIETE M,0.475,ambiguous,1.0,0.0,0.0,0.5,1.0,6,0.075,PERSON_ESAFI_MOHAMED,1,2009-04-24,2009-04-24,10,1,PERSON_ESAFI_MOHAMED_NEJIB,"- International, SICAR, représentée par son Directeur Général, Mr Mohamed Nejib Essafi,"
Moncef Ben Salem Ben Ali||Ste Marta,Moncef Ben Salem Ben Ali,Ste Marta,,PERSON_BENSALEM_MONCEF,MONCEF BEN-SALEM,CO_MARTA,SOCIETE MARTA,0.6975,ambiguous,0.85,1.0,0.0,0.0,1.0,3,0.5075,PERSON_BENALI_MOHAMED,1,2009-07-13,2009-07-13,10,1,PERSON_BENALI_MONCEF_BENSALEM,Gérant : Mr. Moncef Ben Salem Ben Ali Meguidich.
Moncef Triki||Société ALLIANCE &amp; CO,Moncef Triki,Société ALLIANCE &amp; CO,,PERSON_TRIKI_MONCEF,MONCEF TRIKI,,,0.55,ambiguous,1.0,0.0,0.0,1.0,1.0,63,0.15,PERSON_TRIKI_MOHAMED_MONCEF,1,2012-02-14,2012-02-14,10,1,PERSON_TRIKI_MONCEF,"La nomination de M. Sehil Triki, nouveau gérant de la société avec les pouvoirs les plus étendus, en remplacement de la gérante démissionnaire Mlle Sonia Triki. L'approbation de l'acte de cession daté"
Mondher Khanfir||MKC,Mondher Khanfir,MKC,,PERSON_KHANFIR_MONDHER,MONDHER KHANFIR,CO_MKC,MKC,0.5,ambiguous,1.0,0.0,0.0,1.0,0.0,2,0.425,PERSON_FEHRI_NOOMANE,1,2010-04-14,2010-04-14,10,1,PERSON_KHANFIR_MONDHER,- Monsieur Mondher Khanfir cède les 3240 parts.
Mourad Fradi||Sicep Tunisie SA,Mourad Fradi,Sicep Tunisie SA,943933H,PERSON_FRADI_MOURAD,MOURAD FRADI,CO_SICEP_TUNISIE,SICEP TUNISIE,0.5,ambiguous,1.0,0.0,1.0,0.0,1.0,5,0.31,PERSON_FRADI_MOHAMED,1,2012-06-20,2012-06-20,10,1,PERSON_FRADI_MOURAD,la société ECC Mazars représentée par Mr Mourad Fradi.
Nadhim Ben Yedder||Mise à jour des statuts,Nadhim Ben Yedder,Mise à jour des statuts,1027107K,PERSON_BENYEDER_NADHIM,NADHIM BEN-YEDDER,,,0.55,ambiguous,1.0,0.0,0.0,1.0,1.0,4,0.21,PERSON_BENYEDER_NABIL,1,2011-08-04,2011-08-04,10,1,PERSON_BENYEDER_NADHIM,"- La nomination des premiers Administrateurs suivants, pour un mandat de 3 ans prenant fin à l'issue de l'A.G.O statuant sur les comptes de l'exercice 2013 : Monsieur Béchir Ben Yedder - Monsieur Rach"
Nadhim Ben Yedder||Parc d'Engins Industriels et Agricoles,Nadhim Ben Yedder,Parc d'Engins Industriels et Agricoles,,PERSON_BENYEDER_NADHIM,NADHIM BEN-YEDDER,,,0.475,ambiguous,1.0,0.0,0.0,0.5,1.0,4,0.21,PERSON_BENYEDER_NABIL,1,2009-05-30,2009-05-30,10,1,PERSON_BENYEDER_NADHIM,"En vertu du procès-verbal de l'assemblée générale ordinaire, qui a eu lieu en date du 30 mai 2009, enregistré à la recette des finances sous le numéro 09803473, les actionnaires ont décidé la ratifica"
Néjib Doghri||Renouvellement des Mandats des Administrateurs &amp; du Président Directeur Général,Néjib Doghri,Renouvellement des Mandats des Administrateurs &amp; du Président Directeur Général,,PERSON_DOGHRI_NEJIB,NEJIB DOGHRI,,,0.475,ambiguous,1.0,0.0,0.0,0.5,1.0,1,0.475,,1,2011-06-27,2011-06-27,10,1,PERSON_DOGHRI_NEJIB,Et suivant Procès Verbal de la réunion du Conseil d'Administration de la même journée enregistré à la Recette des Finances de Mégrine le 7 septembre 2011 - Quittance n° M049972 - Enregistrement n° 117
Néjib Doghri||Renouvellement des mandats des administrateurs &amp; du président directeur général,Néjib Doghri,Renouvellement des mandats des administrateurs &amp; du président directeur général,,PERSON_DOGHRI_NEJIB,NEJIB DOGHRI,,,0.475,ambiguous,1.0,0.0,0.0,0.5,1.0,1,0.475,,1,2008-06-27,2008-06-27,10,1,PERSON_DOGHRI_NEJIB,"Et suivant procès verbal de la réunion du conseil d'administration de la même journée enregistré à la recette des finances de Mégrine le 3 juillet 2008, quittance n° M034358, enregistrement n° 0870204"
Rachid Hammami||Nominations,Rachid Hammami,Nominations,719170J,PERSON_HAMAMI_RACHID,RACHID HAMMAMI,CO_CONSEIL,SOCIETE LE CONSEIL,0.6,ambiguous,1.0,0.0,1.0,1.0,0.0,21,0.15,PERSON_HAMAMI_RACHID_BENGWIDER,1,2009-12-30,2009-12-30,10,1,PERSON_HAMAMI_RACHID,"Suivant P.V du conseil d'administration daté du 30/12/2009, et enregistré à la recette d'enregistrement des actes de sociétés 1er bureau Tunis (Guichet unique API) le 12/01/2010 sous le n° 10800296, q"
Abdelaziz Dahmani||Sté Comatex Industrie,Abdelaziz Dahmani,Sté Comatex Industrie,,PERSON_DAHMANI_ABDELAZIZ,ABDELAZIZ DAHMANI,CO_R_INDUSTRIE,R INDUSTRIE,0.5,ambiguous,1.0,0.0,0.0,1.0,0.0,2,0.36,PERSON_DAHMANI_ADEL,2,2008-06-23,2008-06-23,4,1,PERSON_DAHMANI_ABDELAZIZ,"Suivant acte de cession du 23 juin 2008, enregistré à la recette des finances de Sayada, le 8 octobre 2008, sous le n° 08700631, suivant quittance n° M013455, Mr Abdelaziz Dahmani cède ses 100 parts l"
Amel MABROUK||Société Immobilière du parc SIP,Amel MABROUK,Société Immobilière du parc SIP,13764J,PERSON_MABROUK_AMEL,AMEL MABROUK,CO_IMMOBILIERE_PARC_SIP,SOCIETE IMMOBILIERE DU PARC SIP,0.575,ambiguous,1.0,0.0,1.0,0.5,1.0,35,0.125,PERSON_MABROUK_AMEL_BOCHRA,1,2009-03-11,2009-03-11,9,1,PERSON_MABROUK_AMEL,"3 - Désignation de Mr Fares MABROUK administrateur unique de la société, en remplacement de Mme Amel MABROUK démissionnaire et ce pour une période indéterminée avec les pouvoirs les plus étendus."
Amine Horchanie||SOCIETE LES COMPTABLES REUNIS,Amine Horchanie,SOCIETE LES COMPTABLES REUNIS,1076938R,PERSON_HORCHANI_LAMINE,LAMINE HORCHANI,CO_COMPTABLES_REUNIE_SCR,SOCIETE LES COMPTABLES REUNIE SCR,0.6926,ambiguous,0.941,0.895,0.0,0.0,1.0,1,0.6926,,2,2010-10-07,2010-10-07,4,1,PERSON_HORCHANIE_AMINE,- Mr Amine Horchanie cède à Mr Shili Hichem la totalité des parts qu'il détient dans le capital «275 parts»
Badra Driss||Délégération de l'assemblée générale ordinaire,Badra Driss,Délégération de l'assemblée générale ordinaire,,PERSON_DRIS_BADRA,BADRA DRISS,CO_GENERALE,SOCIETE GENERALE,0.55,ambiguous,1.0,0.0,0.0,1.0,1.0,4,0.41,PERSON_DRIS_BASEM,1,2009-06-21,2009-06-21,9,1,PERSON_DRIS_BADRA,"3) Renouvellement de mandat d'administrateur de Monsieur Hamed Karoui, Madame Zohra Driss et la nomination de Mesdames Badra Driss et Aïcha Jenayah en tant que nouveaux Administrateurs et ceci, pour u"
Brahim SLAMA||Agrément d'un acte de cession des parts sociales et acceptation des nouveaux associés,Brahim SLAMA,Agrément d'un acte de cession des parts sociales et acceptation des nouveaux associés,1011480Y,PERSON_SLAMA_BRAHIM,BRAHIM SLAMA,,,0.5,ambiguous,1.0,0.0,0.0,1.0,0.0,6,0.21,PERSON_SLAMA_BOUDA_MAHMOUDI,2,2009-05-02,2009-05-02,4,1,PERSON_SLAMA_BRAHIM,"1- Par procès-verbal de l'Assemblée Générale Extraordinaire en date du 2 mai 2009, enregistré à la Recette de l'Enregistrement des Actes de Sociétés 1er Bureau en date du 10 juin 2009 quittance n° 753"
Béchir Ben Yedder||Mise à jour des statuts,Béchir Ben Yedder,Mise à jour des statuts,1027107K,PERSON_BENYEDER_BECHIR,BECHIR BEN-YEDDER,,,0.55,ambiguous,1.0,0.0,0.0,1.0,1.0,2,0.335,PERSON_BENYEDER_BRAHIM,1,2011-08-04,2011-08-04,9,1,PERSON_BENYEDER_BECHIR,"- La nomination des premiers Administrateurs suivants, pour un mandat de 3 ans prenant fin à l'issue de l'A.G.O statuant sur les comptes de l'exercice 2013 : Monsieur Béchir Ben Yedder - Monsieur Rach"
Chamseddine Mehrez||Société Agrichimie,Chamseddine Mehrez,Société Agrichimie,9418N,PERSON_MEHREZ_CHAMSEDINE,CHAMSEDDINE MEHREZ,,,0.5,ambiguous,1.0,0.0,0.0,1.0,0.0,1,0.5,,2,2012-06-17,2012-06-17,4,1,PERSON_MEHREZ_CHAMSEDINE,"- La nomination de Monsieur Chamseddine Mehrez en qualité de Directeur Général pour une durée de trois années et ce pour les exercices 2013, 2014, 2015."
Hafedh Hemayed||Société EXCEL FISH,Hafedh Hemayed,Société EXCEL FISH,11795461Y,PERSON_HEMAYED_HAFEDH,HAFEDH HEMAYED,CO_EXCEL_FISH,EXCEL FISH,0.5,ambiguous,1.0,0.0,1.0,0.0,1.0,2,0.31,PERSON_HEMAYED_HAMED_AMINE,2,2010-12-03,2010-12-03,4,1,PERSON_HEMAYED_HAFEDH,La société Azur Invest représentée par Mr Hafedh Hemayed
Hamadi Abbas||CARGO TRAIL SA,Hamadi Abbas,CARGO TRAIL SA,,PERSON_ABAS_HAMADI,HAMMADI ABBAS,,,0.5,ambiguous,1.0,0.0,0.0,1.0,0.0,1,0.5,,1,2008-11-25,2008-11-25,9,1,PERSON_ABAS_HAMADI,En vertu du procès-verbal de la première réunion du conseil d'administration en date du 26/11/2008 et enregistré le 01/12/2008 à la recette de l'enregistrement des actes de sociétés 1er bureau Tunis s
Mahmoud Hammami||MARETAP S.A,Mahmoud Hammami,MARETAP S.A,437877X,PERSON_HAMAMI_MAHMOUD,MAHMOUD HAMMAMI,CO_MARETAP,MARETAP,0.5,ambiguous,1.0,0.0,1.0,0.0,1.0,59,0.31,PERSON_HAMAMI_MOHAMED_ANES,1,2011-03-28,2011-03-28,9,1,PERSON_HAMAMI_MAHMOUD,"Suivant Procès Verbal de la réunion n° 48 Du Conseil d'Administration en date du 28 Mars 2011, enregistré à la recette des finances du Lac - Tunis le 28 Mars 2011, enregistrement n° 11701871, quittanc"
Mahmoud Hammami||Société Fabrication Outillage Maintenance &amp; Soustraitance F,Mahmoud Hammami,Société Fabrication Outillage Maintenance &amp; Soustraitance F,,PERSON_HAMAMI_MAHMOUD,MAHMOUD HAMMAMI,CO_FABRICATION_OUTILLAGE_MAINTENANCE_SOUS_TRAITANCE,FABRICATION OUTILLAGE MAINTENANCE ET SOUS TRAITANCE FOMS,0.672,ambiguous,1.0,0.92,0.0,0.0,0.0,58,0.532,PERSON_HAMAMI_MOHAMED_ANES,1,2012-08-07,2012-08-07,9,1,PERSON_HAMAMI_MAHMOUD,"Gérance : Les deux co-gérant : Mr Mahmoud Hammami, et Mr Aroussi Ben Cherif, avec les pouvoirs les plus étendus."
Mohamed Amine Slama||Nomination commissaires aux comptes,Mohamed Amine Slama,Nomination commissaires aux comptes,,PERSON_SLAMA_MOHAMED_AMIN,MOHAMED AMIN SLAMA,,,0.5,ambiguous,1.0,0.0,0.0,1.0,0.0,29,0.15,PERSON_SLAMA_MOHAMED,2,2004-05-12,2004-05-12,4,1,PERSON_SLAMA_MOHAMED_AMINE,"- Le renouvellement du mandat de Mr Abdelhakim Slama, Mr Lassaad Slama, Mr Mohamed Amine Slama, société STAF, Société SOPROTIC, Société Nejma Huiles et la société International SICAR et ce en qualité "
Mohamed Toumi||NOUR SERVICES,Mohamed Toumi,NOUR SERVICES,1117363B,PERSON_TOUMI_MOHAMED_ALI,MOHAMED ALI TOUMI,CO_NOUR,SOCIETE NOUR,0.5,ambiguous,1.0,0.0,1.0,0.0,1.0,8,0.05,PERSON_TOUMI_MOHAMED,1,2009-10-06,2009-10-06,9,1,PERSON_TOUMI_MOHAMED,Gérance : Mr Mohamed Toumi est désigné gérant de la société.
Mohamed Zaâbi||Sté des Moulin Sidi Tlil,Mohamed Zaâbi,Sté des Moulin Sidi Tlil,,PERSON_ZAABI_MOHAMED,MOHAMED ZAABI,CO_MOULINS_SIDI_TLIL,LES MOULINS SIDI TLIL,0.6894,ambiguous,1.0,0.97,0.0,0.0,0.0,10,0.0,PERSON_ZAABI_MOHAMED_BENLAZHAR,1,2009-03-22,2009-03-22,9,1,PERSON_ZAABI_MOHAMED,"3 - la nomination de Mr. Mohamed Zaâbi, Mr. Nourdine Touati, Chaâla Touati et Hichem Zaâbi, membre de conseil d'administration pour une mandat de trois années 2007, 2008, 2009."
Mohsen Boujbel||Société Jerba Résidence,Mohsen Boujbel,Société Jerba Résidence,17216B,PERSON_BOUJBEL_MOHSEN,MOHSEN BOUJBEL,CO_RESIDENCE,LA RESIDENCE,0.5,ambiguous,1.0,0.0,1.0,0.0,1.0,6,0.31,PERSON_BOUJBEL_MOHAMED_AMIN,2,2009-03-31,2012-09-10,4,1,PERSON_BOUJBEL_MOHSEN,"7- Nomination des administrateurs Messieurs Mohsen Boujbel, Lassaâd Boujbel Saïd Boujbel, Fethi Boujbel zouheir Boujbel et la Société Boudjebel VACPA, pour les exercices clos le 31/12/2009, 31/12/2010"
"Mohsen Boujbel||Société d'Etudes, de Formation &amp; d'Assistance à la Gestion SEFAG",Mohsen Boujbel,"Société d'Etudes, de Formation &amp; d'Assistance à la Gestion SEFAG",644969F,PERSON_BOUJBEL_MOHSEN,MOHSEN BOUJBEL,,,0.55,ambiguous,1.0,0.0,0.0,1.0,1.0,5,0.335,PERSON_BOUJBEL_MOHAMED_AMIN,2,2008-07-31,2011-08-22,4,1,PERSON_BOUJBEL_MOHSEN,"2 - Nomination des administrateurs : Monsieur Mohsen Boujbel, Monsieur Lassaâd Boujbel, Monsieur Saïd Boujbel, Monsieur Zouheir Boujbel, Monsieur Fethi Boujbel et la société Boudjebel VACPA pour une p"
Mourad Ben Mohamed Zouari||Société M&amp;M Confection,Mourad Ben Mohamed Zouari,Société M&amp;M Confection,1189680J,PERSON_ZOUARI_MOURAD,MOURAD ZOUARI,CO_CONFECTION,SA CONFECTION,0.5,ambiguous,1.0,0.0,1.0,0.0,1.0,47,0.0,PERSON_ZOUARI_MOURAD_BENMOHAMED,1,2011-03-15,2011-03-15,9,1,PERSON_ZOUARI_MOURAD_BENMOHAMED,Gérant associé unique : Mr Mourad Ben Mohamed Zouari
Nabil Chettaoui||Aviation It Services Africa,Nabil Chettaoui,Aviation It Services Africa,1059747N,PERSON_CHETAOUI_NABIL,NABIL CHETTAOUI,CO_AVIATION_IT_SERVICES_AFRICA,AVIATION IT SERVICES AFRICA,0.525,ambiguous,1.0,0.0,1.0,0.5,0.0,2,0.45,PERSON_BENAHMED_CHIHEB,2,2011-06-01,2011-06-01,4,1,PERSON_CHETAOUI_NABIL,"- Nommer M. Ridha Cheikhrouhou en qualité d'administrateur en remplacement de M. Nabil Chettaoui, démissionnaire."
Ridha MRABET||Tunisie Pneus,Ridha MRABET,Tunisie Pneus,1248279J,PERSON_MRABET_RIDHA,RIDHA MRABET,CO_TUNISIE_PNEUS,TUNISIE PNEUS,0.5,ambiguous,1.0,0.0,1.0,0.0,1.0,3,0.45,PERSON_OUESLATI_ALI,1,2011-12-26,2011-12-26,9,1,PERSON_MRABET_RIDHA,La Société SODINO représentée par Mr. Ridha MRABET
Sadreddine Abbas||CARGO TRAIL SA,Sadreddine Abbas,CARGO TRAIL SA,,PERSON_ABAS_SADREDINE,SADREDDINE ABBAS,,,0.55,ambiguous,1.0,0.0,0.0,1.0,1.0,4,0.05,PERSON_ABAS_SADEREDINE,1,2008-11-25,2008-11-25,9,1,PERSON_ABAS_SADREDINE,En vertu du procès-verbal de la première réunion du conseil d'administration en date du 26/11/2008 et enregistré le 01/12/2008 à la recette de l'enregistrement des actes de sociétés 1er bureau Tunis s
Sahbi Knani||R.C N° B112581998,Sahbi Knani,R.C N° B112581998,496582M,PERSON_KNANI_SAHBI,SAHBI KNANI,,,0.475,ambiguous,1.0,0.0,0.0,0.5,1.0,1,0.475,,2,2010-11-23,2010-11-23,4,1,PERSON_KNANI_SAHBI,- Décidé de coopter Monsieur Sahbi Knani en tant qu'administrateur pour une période de 3 ans.
Souhail Hachicha||Reconduction nomination du commissaire aux comptes et des administrateurs de la société,Souhail Hachicha,Reconduction nomination du commissaire aux comptes et des administrateurs de la société,2540J,PERSON_HACHICHA_SOUHEIL,SOUHEIL HACHICHA,,,0.5,ambiguous,1.0,0.0,0.0,1.0,0.0,8,0.0,PERSON_HACHICHA_SOUHAIL,1,2007-07-24,2007-07-24,9,1,PERSON_HACHICHA_SOUHAIL,"2- la reconduction de la nomination des membres du conseil d'administration de la société pour une nouvelle période de trois ans : 2007, 2008 et 2009 à savoir :- Monsieur Mohsen Hachicha,- Monsieur Ti"
Youssef El Mabrouk||Société NOVA MEUBLES,Youssef El Mabrouk,Société NOVA MEUBLES,,PERSON_MABROUK_YOUSEF,YOUSSEF MABROUK,CO_NOVA_MEUBLE,NOVA MEUBLE,0.641,ambiguous,0.875,0.957,0.0,0.0,0.0,1,0.641,,1,2007-07-04,2007-07-04,9,1,PERSON_ELMABROUK_YOUSEF,"Suivant procès-verbaux des assemblées générales ordinaire et extraordinaire du 4 juillet 2007, enregistré respectivement à la recette des finances d'Akouda le 8 septembre 2007, sous le n° 07701076 et "
Youssef El Mabrouk||Société Nova Meuble - SA,Youssef El Mabrouk,Société Nova Meuble - SA,,PERSON_MABROUK_YOUSEF,YOUSSEF MABROUK,CO_NOVA_MEUBLE,NOVA MEUBLE,0.6562,ambiguous,0.875,1.0,0.0,0.0,0.0,1,0.6562,,1,2007-07-04,2007-07-04,9,1,PERSON_ELMABROUK_YOUSEF,"Suivant procès-verbal d'administration du 4 juillet 2007, enregistré à la recette des finances d'Akouda, le 29 avril 2008, sous le n° 08700636, dont deux exemplaires ont été déposés au greffe du tribu"
Abdelkader Dridi||Changement du gérant et du siège social,Abdelkader Dridi,Changement du gérant et du siège social,,PERSON_DRIDI_ABDELKADER,ABDELKADER DRIDI,,,0.475,ambiguous,1.0,0.0,0.0,0.5,1.0,2,0.335,PERSON_DRIDI_AMNA,1,2008-04-10,2008-04-10,8,1,PERSON_DRIDI_ABDELKADER,- Monsieur Montasar Dridi est désigné Gérant de la société Phinicia Loisir en remplacement de Monsieur Abdelkader Dridi.
Adnène Zghidi||International Hospital Center of Tunisia - IHCT,Adnène Zghidi,International Hospital Center of Tunisia - IHCT,1102071P,PERSON_ZGHIDI_ADNENE,ADNENE ZGHIDI,CO_INTERNATIONAL_HOSPITAL_CENTER_OF_TUNISIA,INTERNATIONAL HOSPITAL CENTER OF TUNISIA IHCT,0.5,ambiguous,1.0,0.0,1.0,0.0,1.0,6,0.35,PERSON_KACEM_MONTASER,2,2009-05-14,2012-10-20,3,1,PERSON_ZGHIDI_ADNENE,* En qualité de Commissaire aux Comptes pour une durée de 3 ans : Mr Adnène Zghidi
Hicham SEFFA||Banque Attijari de Tunisie,Hicham SEFFA,Banque Attijari de Tunisie,,PERSON_SEFA_HICHAM,HICHAM SEFFA,CO_BANQUE_TUNISIE,BANQUE DE TUNISIE BT,0.475,ambiguous,1.0,0.0,0.0,0.5,1.0,18,0.21,PERSON_SEFA_HICHEM,2,2011-04-15,2011-04-15,3,1,PERSON_SEFA_HICHAM,- L'acceptation de la démission de l'administrateur M. El Moatassim BELGHAZI et la nomination de M. Hicham SEFFA en remplacement de son prédécesseur pour le même mandat restant ;
Ibtissem Mabrouk Ep. Tomac||Société ONUR,Ibtissem Mabrouk Ep. Tomac,Société ONUR,,PERSON_TOMAC_IBTISEM_MABROUK,IBTISSEM MABROUK TOMAC,CO_ONUR,ONUR,0.6475,ambiguous,0.85,1.0,0.0,0.0,0.0,8,0.5075,PERSON_MABROUK_ISAM,2,2011-12-17,2011-12-17,3,1,PERSON_MABROUK_IBTISEM,"I Suivant acte enregistré à la RF de Hammam Sousse le 20/12/2011 sous le n°11106253 Q 62537, Monsieur Hakan Uslu a cédé les 200 parts sociales de 10 dinars chacune qu'il détient dans le capital social"
Idriss Mehrez||Société Négoce &amp; Distribution SA N&amp;D,Idriss Mehrez,Société Négoce &amp; Distribution SA N&amp;D,572238B,PERSON_MEHREZ_IDRIS,IDRIS MEHREZ,CO_NEGOCE_DISTRIBUTION,SOCIETE NEGOCE ET DISTRIBUTION,0.6,ambiguous,1.0,0.0,1.0,1.0,0.0,1,0.6,,2,2010-05-05,2010-05-05,3,1,PERSON_MEHREZ_IDRIS,- La nomination de Monsieur Idriss Mehrez en qualité de président du conseil d'administration et ce pour la période de son mandat d'administrateur.
Ikram Bent Fahmi Chaabane||IMMOBILIERE 3N,Ikram Bent Fahmi Chaabane,IMMOBILIERE 3N,1088873F,PERSON_CHAABANE_NAJD_BENFAHMI,NAJD BEN-FAHMI CHAABANE,CO_IMMOBILIERE_3N,IMMOBILIERE 3N,0.695,ambiguous,0.7,1.0,1.0,0.0,0.0,10,0.245,PERSON_CHAABANE_IKRAM,2,2010-08-18,2010-08-18,3,1,PERSON_CHAABANE_IKRAM_BENTFAHMI,"1) Suivant acte de cession de parts sociales du 18 Août 2010, enregistré à la recette de l'enregistrement des actes de sociétés 1er bureau Tunis le 27/8/2010, sous le n° 10110276, quittance n° M012610"
Kamel Neji||Assemblée Générale Ordinaire,Kamel Neji,Assemblée Générale Ordinaire,,PERSON_NEJI_KAMEL,KAMEL NEJI,CO_GENERALE,SOCIETE GENERALE,0.5,ambiguous,1.0,0.0,0.0,1.0,0.0,2,0.5,PERSON_KOOLI_ALI,2,2009-11-07,2009-11-07,3,1,PERSON_NEJI_KAMEL,"- Le renouvellement du mandat des Administrateurs : Monsieur Kamel Neji, l'Union Internationale de Banque, Monsieur Atef Ben Slimane, l'Arab International Lease, Monsieur Ali Slama, Monsieur Bassam Lo"
Kheireddine Hamrouni||Comptoir d'Investissement et de Financement SICAF,Kheireddine Hamrouni,Comptoir d'Investissement et de Financement SICAF,433734P,PERSON_HAMROUNI_KHEIREDINE,KHEIREDDINE HAMROUNI,CO_SICAF,SICAF +,0.6,ambiguous,1.0,0.0,1.0,1.0,0.0,11,0.46,PERSON_HAMROUNI_KHALED_BENHSAN,1,2010-06-19,2010-06-19,8,1,PERSON_HAMROUNI_KHEIREDINE,"enregistre le 16/6/2010 recette de l'enregistrement des actes de sociétés 1er Bureau à Tunis, sous le n°10809828 Quittance n°12087, la dite assemblée a renouvelé le mandat de tous les actuels membres "
Kheireddine Hamrouni||Désignation d'un administrateur,Kheireddine Hamrouni,Désignation d'un administrateur,433734P,PERSON_HAMROUNI_KHEIREDINE,KHEIREDDINE HAMROUNI,CO_SICAF,SICAF +,0.5,ambiguous,1.0,0.0,1.0,0.0,1.0,11,0.36,PERSON_HAMROUNI_KHALED_BENHSAN,1,2008-06-12,2008-06-12,8,1,PERSON_HAMROUNI_KHEIREDINE,"1- Aux termes du PV des délibérations de l'assemblée générale ordinaire de la société du 12 juin 2008, enregistré le 14 août 2008 à la recette de l'enregistrement des actes de sociétés 1er bureau à Tu"
Kheireddine Hamrouni||TRANSFORMATION DE SARL EN STE ANONYME,Kheireddine Hamrouni,TRANSFORMATION DE SARL EN STE ANONYME,,PERSON_HAMROUNI_KHEIREDINE,KHEIREDDINE HAMROUNI,,,0.55,ambiguous,1.0,0.0,0.0,1.0,1.0,9,0.41,PERSON_HAMROUNI_KHALED_BENHSAN,1,2010-04-26,2010-04-26,8,1,PERSON_HAMROUNI_KHEIREDINE,"- Audit acte ont été désignées: Administrateurs Mr Abdelkader Hamrouni, Mr Mohamed Fourati, Mr. Abdellatif Hamrouni et Mr. Kheireddine Hamrouni."
Lamia Arem||Société WELCOME SA,Lamia Arem,Société WELCOME SA,1002147L,PERSON_AREM_LAMIA,LAMIA AREM,CO_WELCOME,WELCOME,0.875,ambiguous,1.0,1.0,1.0,0.5,0.0,3,0.0,PERSON_AREM_LAMIA_MHIRI,2,2010-12-02,2010-12-02,3,1,PERSON_AREM_LAMIA,"- Renouvellement du mandat des administrateurs suivant : Jamel Arem, Lamia Arem et la société FLOWER."
Mohamed Amine Chabchoub||HAYATCOM TUNISIE,Mohamed Amine Chabchoub,HAYATCOM TUNISIE,,PERSON_CHABCHOUB_MOHAMED_AMIN,MOHAMED AMIN CHABCHOUB,CO_HAYATCOM_TUNISIE,HAYATCOM TUNISIE,0.475,ambiguous,1.0,0.0,0.0,0.5,1.0,2,0.075,PERSON_CHABCHOUB_MOHAMED,1,2009-11-05,2009-11-05,8,1,PERSON_CHABCHOUB_MOHAMED_AMINE,- Le renouvellement du mandat de M. Mohamed Amine Chabchoub en tant que Directeur Général de la Société et ce jusqu'à la tenue de l'AGO qui se prononcera sur les comptes de l'exercice 2011.
Mohamed Amine Chabchoub||Hayatcom Tunisie,Mohamed Amine Chabchoub,Hayatcom Tunisie,,PERSON_CHABCHOUB_MOHAMED_AMIN,MOHAMED AMIN CHABCHOUB,CO_HAYATCOM_TUNISIE,HAYATCOM TUNISIE,0.475,ambiguous,1.0,0.0,0.0,0.5,1.0,2,0.075,PERSON_CHABCHOUB_MOHAMED,1,2012-08-30,2012-08-30,8,1,PERSON_CHABCHOUB_MOHAMED_AMINE,- Le renouvellement du mandat de Mr Mohamed Amine Chabchoub en tant que directeur général de la société et ce jusqu'à la tenue de l'AGO qui se prononcera sur les comptes de l'exercice 2014.
Mohamed Amine Chabchoub||RETEL Services,Mohamed Amine Chabchoub,RETEL Services,1242407X,PERSON_CHABCHOUB_MOHAMED_AMIN,MOHAMED AMIN CHABCHOUB,CO_RETEL,RETEL,0.5,ambiguous,1.0,0.0,1.0,0.0,1.0,2,0.0,PERSON_CHABCHOUB_MOHAMED,1,2012-03-27,2012-03-27,8,1,PERSON_CHABCHOUB_MOHAMED_AMINE,Gérant : Monsieur Mohamed Amine Chabchoub est nommé gérant de la société pour une période illimitée avec les pouvoirs les plus étendus.
Mohamed Chabchoub||RETEL,Mohamed Chabchoub,RETEL,,PERSON_CHABCHOUB_MOHAMED_AMIN,MOHAMED AMIN CHABCHOUB,CO_RETEL,RETEL,0.475,ambiguous,1.0,0.0,0.0,0.5,1.0,2,0.0,PERSON_CHABCHOUB_MOHAMED,1,2012-07-26,2012-07-26,8,1,PERSON_CHABCHOUB_MOHAMED,"- Le renouvellement du mandat de Messieurs Mohamed Chabchoub, Mohamed Amine Chabchoub, Ahmed Chabchoub et Madame Afifa Chabchoub, en tant qu'administrateurs pour une période de trois (03) ans qui se t"
Monia Ammar||Assemblée générale,Monia Ammar,Assemblée générale,986703E,PERSON_AMAR_MONIA_TRIKI,MONIA TRIKI AMMAR,CO_GENERALE,SOCIETE GENERALE,0.5,ambiguous,1.0,0.0,1.0,0.0,1.0,7,0.31,PERSON_AMAR_MABROUK,1,2009-07-01,2009-07-01,8,1,PERSON_AMAR_MONIA,- Acceptation de la démission de la gérante Mme Monia Ammar
Mourad Sellami||Assemblée générale extraordinaire,Mourad Sellami,Assemblée générale extraordinaire,982744X,PERSON_SELAMI_MOURAD,MOURAD SELLAMI,CO_GENERALE,SOCIETE GENERALE,0.5,ambiguous,1.0,0.0,1.0,0.0,1.0,28,0.31,PERSON_SELAMI_MOHAMED_AMIN,1,2010-08-17,2010-08-17,8,1,PERSON_SELAMI_MOURAD,En vertu du procès-verbal de l'assemblée générale extraordinaires du 17 août 2010 enregistré à la recette de l'enregistrement des actes de sociétés à Sfax le 20 août 2010 sous le n°10804632 quittance 
Naceur BEN GHORBAL||Nomination d'un président directeur général,Naceur BEN GHORBAL,Nomination d'un président directeur général,565876K,PERSON_BENGHORBAL_NACEUR,NACEUR BEN-GHORBAL,,,0.475,ambiguous,1.0,0.0,0.0,0.5,1.0,3,0.26,PERSON_BENGHORBAL_NEBIL,2,2009-08-28,2009-10-23,3,1,PERSON_BENGHORBAL_NACEUR,finances la Charguia le 21/10/2009 sous le numéro 9704976 quittance n° 54038 dont deux exemplaires ont été déposés au greffe du tribunal de première instance de Tunis le 23/10/2009 sous le n° 198397 i
Noureddine Hachicha||SILVER,Noureddine Hachicha,SILVER,1157333R,PERSON_HACHICHA_NOUREDINE,NOUREDDINE HACHICHA,CO_HANNIBAL_SILVER_COMPANY,HANNIBAL SILVER COMPANY,0.5,ambiguous,1.0,0.0,1.0,0.0,1.0,2,0.45,PERSON_HAMAMI_ALI,1,2010-06-24,2010-06-24,8,1,PERSON_HACHICHA_NOUREDINE,"Gérance : Mr. Noureddine Hachicha est nommé gérant de la société pour une durée limitée, avec les pouvoirs les plus étendus."
Noureddine Hajji||AXIS CAPITAL GESTION,Noureddine Hajji,AXIS CAPITAL GESTION,820193P,PERSON_HAJI_NOUREDINE,NOUREDDINE HAJJI,CO_AXIS_CAPITAL,AXIS CAPITAL,0.5,ambiguous,1.0,0.0,1.0,0.0,1.0,3,0.31,PERSON_HAJI_NAOUFEL,2,2009-07-10,2009-07-10,3,1,PERSON_HAJI_NOUREDINE,la société AMC ERNST &amp; YOUNG représentée par Monsieur Noureddine Hajji
Rafik Ben Ayed||Dénomination** : Energy Trading Company E T C » - SA,Rafik Ben Ayed,Dénomination** : Energy Trading Company E T C » - SA,,PERSON_BENAYED_RAFIK,RAFIK BEN-AYED,,,0.475,ambiguous,1.0,0.0,0.0,0.5,1.0,6,0.21,PERSON_BENAYED_RADHIA,1,2007-12-28,2007-12-28,8,1,PERSON_BENAYED_RAFIK,"- nomination en qualité d'administrateurs, pour une durée de trois exercices 2008, 2009 et 2010, Messieurs : Abdessalem Ben Ayed, Rafik Ben Ayed et Olivier Bouyssonie,"
Ramla SLAMA||Agrément d'un acte de cession des parts sociales et acceptation des nouveaux associés,Ramla SLAMA,Agrément d'un acte de cession des parts sociales et acceptation des nouveaux associés,1011480Y,PERSON_SLAMA_RAMLA,RAMLA SLAMA,,,0.5,ambiguous,1.0,0.0,0.0,1.0,0.0,9,0.21,PERSON_SLAMA_RIDHA,2,2009-05-02,2009-05-02,3,1,PERSON_SLAMA_RAMLA,"1- Par procès-verbal de l'Assemblée Générale Extraordinaire en date du 2 mai 2009, enregistré à la Recette de l'Enregistrement des Actes de Sociétés 1er Bureau en date du 10 juin 2009 quittance n° 753"
"Saïd Boujbel||Société d'Etudes, de Formation &amp; d'Assistance à la Gestion SEFAG",Saïd Boujbel,"Société d'Etudes, de Formation &amp; d'Assistance à la Gestion SEFAG",644969F,PERSON_BOUJBEL_SAID,SAID BOUJBEL,,,0.55,ambiguous,1.0,0.0,0.0,1.0,1.0,4,0.26,PERSON_BOUJBEL_SKANDER,2,2008-07-31,2011-08-22,3,1,PERSON_BOUJBEL_SAID,"2 - Nomination des administrateurs : Monsieur Mohsen Boujbel, Monsieur Lassaâd Boujbel, Monsieur Saïd Boujbel, Monsieur Zouheir Boujbel, Monsieur Fethi Boujbel et la société Boudjebel VACPA pour une p"
Triki Mahdi||Emballages Marquages,Triki Mahdi,Emballages Marquages,,PERSON_TRIKI_MEHDI,MEHDI TRIKI,CO_EMBALLAGES_MARQUAGES,EMBALLAGES MARQUAGES,0.63,ambiguous,0.8,1.0,0.0,0.0,0.0,1,0.63,,1,2012-12-18,2012-12-18,8,1,PERSON_MAHDI_TRIKI,Gérance : Messieurs Triki Mahdi et Aloui Sami sont nommés gérants de la société avec les pleins pouvoirs.
Yassin Mabrouk||Société Mabrouk De Commerce De Bois,Yassin Mabrouk,Société Mabrouk De Commerce De Bois,1216677V,PERSON_MABROUK_YASINE,YASSINE MABROUK,CO_MABROUK,SOCIETE MABROUK,0.5,ambiguous,1.0,0.0,1.0,0.0,1.0,6,0.31,PERSON_MABROUK_YOUSEF,1,2011-10-03,2011-10-03,8,1,PERSON_MABROUK_YASIN,Gérant : Mr Yassin Mabrouk.
Abdellatif Triki||Abdellatif &amp; Chedli International Consulting ACIC,Abdellatif Triki,Abdellatif &amp; Chedli International Consulting ACIC,,PERSON_TRIKI_ABDELATIF,ABDELLATIF TRIKI,CO_ABDELLATIF_CHEDLI_INTERNATIONAL_CONSULTING,ABDELLATIF ET CHEDLI INTERNATIONAL CONSULTING ACIC,0.665,ambiguous,1.0,0.9,0.0,0.0,0.0,41,0.525,PERSON_TRIKI_ALAEDINE,1,2012-06-01,2012-06-01,7,1,PERSON_TRIKI_ABDELATIF,Gérance : Messieurs Abdellatif Triki et Chedli Triki sont nommés respectivement gérant et co-gérant avec les pouvoirs les plus étendus.
Abdelwaheb Essafi||DIST - IT,Abdelwaheb Essafi,DIST - IT,1129532P,PERSON_ESAFI_ABDELWAHEB,ABDELWAHEB ESSAFI,,,0.475,ambiguous,1.0,0.0,0.0,0.5,1.0,2,0.335,PERSON_ESAFI_AMINE,2,2009-12-28,2009-12-28,2,1,PERSON_ESAFI_ABDELWAHEB,la société Smart Tunisie représentée par Monsieur Abdelwaheb Essafi.
Abderrazak Ben Ammar||Renouvellement du mandat des membres du conseil d'administration,Abderrazak Ben Ammar,Renouvellement du mandat des membres du conseil d'administration,,PERSON_BENAMAR_ABDERAZEK,ABDERRAZEK BEN-AMMAR,CO_CONSEIL,SOCIETE LE CONSEIL,0.5,ambiguous,1.0,0.0,0.0,1.0,0.0,2,0.5,PERSON_SAIDI_MOHAMED,1,2010-04-06,2010-04-06,7,1,PERSON_BENAMAR_ABDERAZAK,"Renouvellement du mandat des membres du conseil d'administration suivants : Monsieur Hédi Djilani, Monsieur Mohamed-Hechmi Djilani, Monsieur Tarek Hamila, Monsieur Abdelkader Hamrouni, Monsieur Abderr"
Abdessalem Dhaifallah||Société Tritex International SARL,Abdessalem Dhaifallah,Société Tritex International SARL,,PERSON_DHIFALAH_ABDESALEM,ABDESSALEM DHIFALLAH,CO_TRITEX_INTERNATIONAL,SOCIETE TRITEX INTERNATIONAL,0.6794,ambiguous,0.941,1.0,0.0,0.0,0.0,6,0.5394,PERSON_DHAIFALAH_KHALED,2,2008-04-07,2008-06-04,2,1,PERSON_DHAIFALAH_ABDESALEM,"En vertu d'un A.S.S.P daté du 14 janvier et 4 février 2006, enregistré à la recette des finances de Gafsa en date du 4 juin 2008 sous le n° 08102628, dont deux exemplaires ont été déposés auprès du gr"
Ahmed Chabchoub||HAYATCOM TUNISIE,Ahmed Chabchoub,HAYATCOM TUNISIE,,PERSON_CHABCHOUB_AHMED,AHMED CHABCHOUB,CO_HAYATCOM_TUNISIE,HAYATCOM TUNISIE,0.475,ambiguous,1.0,0.0,0.0,0.5,1.0,5,0.21,PERSON_CHABCHOUB_AMINE,1,2012-07-23,2012-07-23,7,1,PERSON_CHABCHOUB_AHMED,- Nomination de M. Ahmed Chabchoub en tant que nouvel administrateur pour une durée de Trois (03) ans qui se terminera avec l'approbation des comptes de l'exercice 2014.
Ahmed Karam||AERO TUNISIA,Ahmed Karam,AERO TUNISIA,1184617E,PERSON_KARAM_AHMED,AHMED KARAM,CO_AERO_TUNISIA,AERO TUNISIA,0.5,ambiguous,1.0,0.0,1.0,0.0,1.0,3,0.425,PERSON_HAMAMI_ANIS,1,2010-12-17,2010-12-17,7,1,PERSON_KARAM_AHMED,"représentée par 2 administrateurs Monsieur Seif Eddine BJAOUI et Madame Ichraf Ben Sedrine Bouhafa, la société UNIVERS INVEST SICAR représentée par l'administrateur Monsieur Faouzi Dhemaied, la sociét"
Alexandre Ratle||Démission d'un directeur général &amp; nomination d'un nouveau directeur général,Alexandre Ratle,Démission d'un directeur général &amp; nomination d'un nouveau directeur général,434156F,PERSON_RATLE_ALEXANDRE,ALEXANDRE RATLE,CO_GENERALE,SOCIETE GENERALE,0.575,ambiguous,1.0,0.0,1.0,0.5,1.0,2,0.525,PERSON_KOOLI_ALI,1,2008-01-01,2008-01-01,7,1,PERSON_RATLE_ALEXANDRE,"Suivant procès-verbal du conseil d'administration du 30 novembre 2007, enregistré à la recette de l'enregistrement des actes de sociétés 1er bureau de Tunis le 16 mars 2008, enregistrement 8802072, qu"
Alexandre Rattle||Nominations de nouveaux administrateurs et de commissaire aux comptes,Alexandre Rattle,Nominations de nouveaux administrateurs et de commissaire aux comptes,434156F,PERSON_RATLE_ALEXANDRE,ALEXANDRE RATLE,CO_GENERALE,SOCIETE GENERALE,0.5,ambiguous,1.0,0.0,1.0,0.0,1.0,2,0.45,PERSON_KOOLI_ALI,1,2011-11-01,2011-11-01,7,1,PERSON_RATLE_ALEXANDRE,"2) Suivant P.V. du Conseil d'Administration du 14 octobre 2011 enregistré à la Recette des Finances de Korba le 17 Octobre 2011 sous le n°11701771 Quittance M025770, il a été décidé la révocation du D"
Ali Oueslati||Banque de Tunisie - SICAR,Ali Oueslati,Banque de Tunisie - SICAR,,PERSON_OUESLATI_ALI,ALI OUESLATI,CO_TUNISIE_SICAR,TUNISIE SICAR,0.5,ambiguous,1.0,0.0,0.0,1.0,0.0,4,0.36,PERSON_OUESLATI_ANIS,1,2008-12-25,2008-12-25,7,1,PERSON_OUESLATI_ALI,"Le Conseil d'Administration réuni le 2 Février 2009 et dont le procès verbal a été enregistré à Tunis, Recette de l'enregistrement des actes de sociétés, premier bureau, le 10 février 2009, quittance "
Ayedi Lotfi||STE SOJAP - SARL,Ayedi Lotfi,STE SOJAP - SARL,,PERSON_AYADI_LOTFI,LOTFI AYADI,CO_SOJAP,SOCIETE SOJAP,0.63,ambiguous,0.8,1.0,0.0,0.0,0.0,1,0.63,,1,2011-01-03,2011-01-03,7,1,PERSON_LOTFI_AYEDI,"Et en vertu de l'acte de cession de parts sociales du 1/12/2010, enregistré à la même recette des finances, Q n° 527 E n° 11100032, Mr Ayedi Lotfi a cédé la totalité des parts qu'il possède dans le ca"
Chokri Ben Tenfous||CAP TAGUERMESS CENTER,Chokri Ben Tenfous,CAP TAGUERMESS CENTER,,PERSON_BENTANFOUS_CHOKRI,CHOKRI BEN-TANFOUS,CO_CAP_TAGUERMESS_CENTER,CAP TAGUERMESS CENTER,0.665,ambiguous,0.9,1.0,0.0,0.0,0.0,4,0.539,PERSON_BENTANFOUS_MOHAMED_NEJIB,2,2007-06-09,2007-06-09,2,1,PERSON_BENTENFOUS_CHOKRI,"- La renouvellement du mandat de Monsieur Chokri Ben Tenfous, Monsieur Mohamed Néjib Ben Tenfous, M. Chawki Ben Tenfous et Madame Néjiba Ben Tenfous en qualité d'administrateurs pour les exercices 200"
Eric Domenet||Approbation des états financiers et remplacement d'un administrateur,Eric Domenet,Approbation des états financiers et remplacement d'un administrateur,632943F,PERSON_DOMENET_ERIC,ERIC DOMENET,CO_VALEO,VALEO,0.5,ambiguous,1.0,0.0,1.0,0.0,1.0,1,0.5,,2,2010-04-24,2010-04-24,2,1,PERSON_DOMENET_ERIC,2- Nomination de Monsieur Mohamed Larbi Rouis comme administrateur en remplacement de Monsieur Eric Domenet pour la période restant du mandat de son prédécesseur.
FERSI Nasr||SOCOMENIN -SA,FERSI Nasr,SOCOMENIN -SA,,PERSON_FARSI_NASR,NASR FARSI,CO_SOCOMENIN,SOCOMENIN,0.68,ambiguous,0.8,1.0,0.0,0.0,1.0,6,0.568,PERSON_FARSI_MOHAMED,2,2011-10-31,2011-10-31,2,1,PERSON_NASR_FERSI,"il a été décidé la nomination de Mr FERSI Nasr, Mr Fersi Mohamed, Mr Fersi Ihsan, en tant que membres de conseil d'administration pour la période de trois ans s'achèvent avec la réunion de l'assemblée"
Hatem Ben SLIMANE||Sté Atelier du Meuble,Hatem Ben SLIMANE,Sté Atelier du Meuble,47057W,PERSON_BENSLIMANE_HATEM,HATEM BEN-SLIMANE,,,0.55,ambiguous,1.0,0.0,0.0,1.0,1.0,2,0.41,PERSON_BENSLIMANE_HASNA,2,2009-10-16,2009-10-16,2,1,PERSON_BENSLIMANE_HATEM,"La Société le Mobilier Contemporain RC : B112632001, MF : 283512Q, Route Soukra km 13 Sidi FrajTunis représenté par son gérant Mr Ben SLIMANE Hatem, a cédé la totalité des parts qu'elle détient dans l"
Hedi Zouari||ECOMIZ TUNIS,Hedi Zouari,ECOMIZ TUNIS,,PERSON_ZOUARI_HEDI,HEDI ZOUARI,CO_ECOMIZ_TUNISIE,ECOMIZ TUNISIE,0.6731,ambiguous,1.0,0.923,0.0,0.0,0.0,26,0.3231,PERSON_ZOUARI_HEDIA,1,2011-10-19,2011-10-19,7,1,PERSON_ZOUARI_HEDI,"- Gérance : Messieurs Hedi Zouari et Johan, Mizrahi ont été désignés cogérants de la société avec les pouvoirs les plus étendus."
Hichem Besbes||IFI. CORP.SA,Hichem Besbes,IFI. CORP.SA,1065055D,PERSON_BESBES_HICHEM,HICHEM BESBES,CO_IFI_CORP,IFI CORP,0.525,ambiguous,1.0,0.0,1.0,0.5,0.0,3,0.45,PERSON_SAADI_MOHAMED_SALAH,1,2008-12-30,2008-12-30,7,1,PERSON_BESBES_HICHEM,Suivant procès verbaux des assemblées générales extraordinaire et ordinaire en date du 30 Décembre 2008 enregistrés à la recette des finances El Charguia le 14 janvier 2009 respectivement sous les n° 
Kammoun Sami||Société ACADEMIE D'EXCELLENCE DE FORMATION ET DE CONSEIL,Kammoun Sami,Société ACADEMIE D'EXCELLENCE DE FORMATION ET DE CONSEIL,1182319N,PERSON_KAMOUN_SAMI,SAMI KAMMOUN,CO_CONSEIL,SOCIETE LE CONSEIL,0.5,ambiguous,1.0,0.0,1.0,0.0,1.0,2,0.45,PERSON_SAIDI_MOHAMED,1,2011-01-05,2011-01-05,7,1,PERSON_SAMI_KAMOUN,Gérant : M. Kammoun Sami avec les pouvoirs les plus étendus.
Khaled Zouari||Assemblée générale ordinaire,Khaled Zouari,Assemblée générale ordinaire,580357E,PERSON_ZOUARI_KHALED,KHALED ZOUARI,CO_GENERALE,SOCIETE GENERALE,0.5,ambiguous,1.0,0.0,1.0,0.0,1.0,6,0.31,PERSON_ZOUARI_KALTHOUM,1,2008-05-12,2008-05-12,7,1,PERSON_ZOUARI_KHALED,"- nomination de Mr Khaled Zouari comme gérant de la société pour une période de 3 ans renouvelables, avec les pouvoirs les plus étendus,"
"Mahmoud Bouden||Désignation du conseil d'administration, du commissaire aux comptes et de la direction",Mahmoud Bouden,"Désignation du conseil d'administration, du commissaire aux comptes et de la direction",373145N,PERSON_BOUDEN_MAHMOUD,MAHMOUD BOUDEN,CO_CONSEIL,SOCIETE LE CONSEIL,0.525,ambiguous,1.0,0.0,1.0,0.5,0.0,5,0.31,PERSON_BOUDEN_MOHAMED_SLIM,2,2011-05-17,2011-05-17,2,1,PERSON_BOUDEN_MAHMOUD,Du procès-verbal de l'assemblée générale ordinaire du 17 Mai 2011 enregistré à la recette de l'enregistrement des actes de sociétés 1er bureau Tunis le 26 Mai 2011 enregistrement n° 11804937 quittance
Mohamed Akram Chérif||STE AKRAM CHERIF CONSULTING SUARL,Mohamed Akram Chérif,STE AKRAM CHERIF CONSULTING SUARL,1194846X,PERSON_CHERIF_MOHAMED,MOHAMED CHERIF,CO_CONSULTING,LA CONSULTING,0.5,ambiguous,1.0,0.0,1.0,0.0,1.0,14,0.105,PERSON_CHERIF_MOHAMED_ACHRAF,1,2011-04-21,2011-04-21,7,1,PERSON_CHERIF_MOHAMED_AKRAM,Gérance : Monsieur Mohamed Akram Chérif est nommé gérant pour une durée illimitée et doté du pouvoir le plus étendu.
Mohamed Ben Abdessalem Loukil||Société Générale de Matériel et de Intrants,Mohamed Ben Abdessalem Loukil,Société Générale de Matériel et de Intrants,513464G,PERSON_LOUKIL_MOHAMED,MOHAMED LOUKIL,CO_GENERALE,SOCIETE GENERALE,0.5,ambiguous,1.0,0.0,1.0,0.0,1.0,7,0.105,PERSON_LOUKIL_MOHAMED_BENHABIB,1,2011-12-01,2011-12-01,7,1,PERSON_LOUKIL_MOHAMED_BENABDESALEM,- D'accepter la démission de Mr Mohamed Ben Abdessalem Loukil de ses fonction de gérant de la société.
Mohamed El Habib Ben Mohamed||H. H. DISTRIBUTION,Mohamed El Habib Ben Mohamed,H. H. DISTRIBUTION,1223289D,PERSON_BENMOHAMED_MOHAMED,MOHAMED BEN-MOHAMED,CO_H_Z_DISTRIBUTION,H ET Z DISTRIBUTION,0.5,ambiguous,1.0,0.0,1.0,0.0,1.0,2,0.45,PERSON_HAMROUNI_HANEN,2,2012-08-14,2012-08-14,2,1,PERSON_BENMOHAMED_MOHAMED_ELHABIB,- Mr Montassar Ben Ahmed Boulhemi cède ses parts (100 parts) à Mr Mohamed El Habib Ben Mohamed Zid.
Mohamed Faouzi Masmoudi||International Trading Spare Parts,Mohamed Faouzi Masmoudi,International Trading Spare Parts,1209236E,PERSON_MASMOUDI_MOHAMED,MOHAMED MASMOUDI,CO_INTERNATIONAL_SPARE_PARTS,INTERNATIONAL SPARE PARTS,0.5,ambiguous,1.0,0.0,1.0,0.0,1.0,7,0.105,PERSON_MASMOUDI_MOHAMED_RACHOINE,1,2011-08-12,2011-08-12,7,1,PERSON_MASMOUDI_MOHAMED_FAOUZI,Gérance : Mr Mohamed Faouzi Masmoudi est nommé gérant de la société.
Mohamed Larbi Rouis||Approbation des états financiers et remplacement d'un administrateur,Mohamed Larbi Rouis,Approbation des états financiers et remplacement d'un administrateur,632943F,PERSON_ROUIS_MOHAMED_ELARBI,MOHAMED ELARBI ROUIS,CO_VALEO,VALEO,0.5,ambiguous,1.0,0.0,1.0,0.0,1.0,2,0.105,PERSON_ROUIS_MOHAMED_AYA_ALRAHMEN,2,2010-04-24,2010-04-24,2,1,PERSON_ROUIS_MOHAMED_LARBI,2- Nomination de Monsieur Mohamed Larbi Rouis comme administrateur en remplacement de Monsieur Eric Domenet pour la période restant du mandat de son prédécesseur.
Mohamed MEDDEB||SOCIET BOISSONS DU CAP BONSA SBC,Mohamed MEDDEB,SOCIET BOISSONS DU CAP BONSA SBC,783152T,PERSON_MEDEB_MOHAMED_ALI,MOHAMED ALI MEDDEB,CO_STEEL_BULDING_CONCEPT_TUNISIE,STEEL BULDING CONCEPT TUNISIE SBC,0.475,ambiguous,1.0,0.0,0.0,0.5,1.0,5,0.0,PERSON_MEDEB_MOHAMED,1,2011-05-23,2011-05-23,7,1,PERSON_MEDEB_MOHAMED,"7. Renouvellement du mandat des administrateurs à savoir Monsieur Mohamed MEDDEB, Madame Houeïda MEDDEB et la Centrale Laitière du Cap-Bon SA «CLC» pour une nouvelle période de trois ans."
Mohamed Maher Masmoudi||Sté MK Distribution SARL,Mohamed Maher Masmoudi,Sté MK Distribution SARL,1191537Y,PERSON_MASMOUDI_MOHAMED,MOHAMED MASMOUDI,CO_MK_TRADE_DISTRIBUTION,MK TRADE DISTRIBUTION,0.5,ambiguous,1.0,0.0,1.0,0.0,1.0,7,0.105,PERSON_MASMOUDI_MOHAMED_RACHOINE,1,2012-03-22,2012-03-22,7,1,PERSON_MASMOUDI_MOHAMED_MAHER,- Démission de Mr Mohamed Maher Masmoudi de sa fonction en tant que gérant et nomination de Mr. Brahim Gherib en remplacement et avec les pouvoirs les plus étendus pour une durée de 3 ans renouvelable
Mohamed Meddeb||CENTRALE LAITIERE DU CAP BON -SA- CLC,Mohamed Meddeb,CENTRALE LAITIERE DU CAP BON -SA- CLC,,PERSON_MEDEB_MOHAMED_ALI,MOHAMED ALI MEDDEB,CO_CENTRALE_LAITIERE_CAP_BON,CENTRALE LAITIERE DU CAP BON CLC,0.75,ambiguous,1.0,1.0,0.0,0.0,1.0,8,0.0,PERSON_MEDEB_MOHAMED,1,2012-06-18,2012-06-18,7,1,PERSON_MEDEB_MOHAMED,Renouvellement du mandat du Président Directeur Général Monsieur Mohamed Meddeb pour une période de trois (3) ans avec les pouvoirs les plus étendus.
Mohamed Meddeb||Centrale Laitière de Sidi Bouzid -SA- CLSB,Mohamed Meddeb,Centrale Laitière de Sidi Bouzid -SA- CLSB,1201903H,PERSON_MEDEB_MOHAMED_ALI,MOHAMED ALI MEDDEB,CO_CENTRALE_LAITIERE_SIDI_BOUZID,CENTRALE LAITIERE DE SIDI BOUZID CLSB,0.5,ambiguous,1.0,0.0,1.0,0.0,1.0,11,0.0,PERSON_MEDEB_MOHAMED,1,2011-05-10,2011-05-10,7,1,PERSON_MEDEB_MOHAMED,"Selon PV en date du 9 juin 2011, enregistré à la recette d'enregistrement des actes de sociétés, premier bureau, en date du 13 juin 2011, sous le n° 11705687 quittance 6956, le conseil d'administratio"
Mohamed Meddeb||SOCIETE DELTA PLASTIC ΔP,Mohamed Meddeb,SOCIETE DELTA PLASTIC ΔP,779069W,PERSON_MEDEB_MOHAMED_ALI,MOHAMED ALI MEDDEB,CO_DELTA,DELTA,0.5,ambiguous,1.0,0.0,1.0,0.0,1.0,5,0.0,PERSON_MEDEB_MOHAMED,1,2009-07-29,2009-07-29,7,1,PERSON_MEDEB_MOHAMED,"- Renouvellement du mandat du Gérant; actuel Monsieur Mohamed Meddeb, pour une période de 3 ans s'achevant avec la tenue de l'Assemblée Générale Ordinaire qui aura à statuer sur les états financiers r"
Mohamed Meddeb||SOCIETE TUNISIENNE DES INDUSTRIES ALIMENTAIRES -SA STIAL,Mohamed Meddeb,SOCIETE TUNISIENNE DES INDUSTRIES ALIMENTAIRES -SA STIAL,9546W,PERSON_MEDEB_MOHAMED_ALI,MOHAMED ALI MEDDEB,CO_TUNISIENNE_INDUSTRIES_ALIMENTAIRES,SOCIETE TUNISIENNE DES INDUSTRIES ALIMENTAIRES,0.5,ambiguous,1.0,0.0,1.0,0.0,1.0,4,0.0,PERSON_MEDEB_MOHAMED,1,2010-04-19,2010-04-19,7,1,PERSON_MEDEB_MOHAMED,"7. Renouvellement du mandat des administrateurs à savoir Mr. Mohamed Meddeb, La Compagnie Gervais Danone, Mr. Kamel Meddeb et Mme Sophie Bouheret pour une nouvelle période de trois ans couvrant les ex"
Mohamed Meddeb||Société Delta Plastic AP,Mohamed Meddeb,Société Delta Plastic AP,779069W,PERSON_MEDEB_MOHAMED_ALI,MOHAMED ALI MEDDEB,CO_DELTA,DELTA,0.5,ambiguous,1.0,0.0,1.0,0.0,1.0,5,0.0,PERSON_MEDEB_MOHAMED,1,2012-06-11,2012-06-11,7,1,PERSON_MEDEB_MOHAMED,"- Renouvellement du mandat du Gérant, actuel Monsieur Mohamed Meddeb, pour une période de 3 ans avec les pouvoirs les plus étendus, s'achèvant avec la tenue de l'Assemblée Générale Ordinaire qui aura "
Mohamed Meddeb||Société La Compagnie Fromager - SA,Mohamed Meddeb,Société La Compagnie Fromager - SA,1045791V,PERSON_MEDEB_MOHAMED_ALI,MOHAMED ALI MEDDEB,CO_COMPAGNIE_FROMAGERE,LA COMPAGNIE FROMAGERE,0.8405,ambiguous,1.0,0.973,1.0,0.0,1.0,7,0.0,PERSON_MEDEB_MOHAMED,1,2011-07-21,2011-07-21,7,1,PERSON_MEDEB_MOHAMED,"7- Renouvellement du mandat des Administrateurs à savoir Messieurs Mohamed Meddeb, Mohamed Ali Meddeb, Boubaker Mehri, Alain Bonnet de Paillerets et Pierre Lavergne, tous pour une durée de trois année"
Mohamed Meddeb||Société La Compagnie Fromagère,Mohamed Meddeb,Société La Compagnie Fromagère,,PERSON_MEDEB_MOHAMED_ALI,MOHAMED ALI MEDDEB,CO_COMPAGNIE_FROMAGERE,LA COMPAGNIE FROMAGERE,0.75,ambiguous,1.0,1.0,0.0,0.0,1.0,7,0.0,PERSON_MEDEB_MOHAMED,1,2008-03-04,2008-03-04,7,1,PERSON_MEDEB_MOHAMED,* La nomination de Mr Mohamed Meddeb président directeur général de la société et lui confère les pouvoirs les plus étendus.
Mohamed Meddeb||Société Tunisienne des Industries Alimentaires SA,Mohamed Meddeb,Société Tunisienne des Industries Alimentaires SA,9546W,PERSON_MEDEB_MOHAMED_ALI,MOHAMED ALI MEDDEB,CO_TUNISIENNE_INDUSTRIES_ALIMENTAIRES,SOCIETE TUNISIENNE DES INDUSTRIES ALIMENTAIRES,0.5,ambiguous,1.0,0.0,1.0,0.0,1.0,4,0.0,PERSON_MEDEB_MOHAMED,1,2007-12-07,2007-12-07,7,1,PERSON_MEDEB_MOHAMED,- Renouvellement du mandat du président directeur général à savoir Monsieur Mohamed Meddeb avec les pouvoirs les plus étendus pour une période de trois ans finissant avec la tenue de l'assemblée génér
Mohamed Rachid Rafik Kaffel||Renouvellement de mandat d'administrateurs et nomination de nouveaux membres,Mohamed Rachid Rafik Kaffel,Renouvellement de mandat d'administrateurs et nomination de nouveaux membres,,PERSON_KAFEL_MOHAMED_RACHID_RAFIK,MOHAMED RACHID RAFIK KAFFEL,,,0.475,ambiguous,1.0,0.0,0.0,0.5,1.0,2,0.21,PERSON_KAFEL_MARIEM_MASMOUDI,2,2008-07-22,2008-07-22,2,1,PERSON_KAFEL_MOHAMED_RACHID_RAFIK,La société Sotrimex représentée par Monsieur Mohamed Rachid Rafik Kaffel
Mohamed Salah Frad||SA au capital d'un million de Dinars,Mohamed Salah Frad,SA au capital d'un million de Dinars,1075713W,PERSON_FRAD_MOHAMED_SALAH,MOHAMED SALAH FRAD,CO_UNITED_GULF_FINANCIAL_SERVICES,UNITED GULF FINANCIAL SERVICES,0.525,ambiguous,1.0,0.0,1.0,0.5,0.0,1,0.525,,1,2009-10-28,2009-10-28,7,1,PERSON_FRAD_MOHAMED_SALAH,En vertu du PV du conseil d'administration en date du 28/10/2009 enregistré auprès de la recette des finances du Lac le 9/11/2009 sous le n° 09705690 quittance n° 63938 et dont deux exemplaires ont ét
Mondher Sellami||Société civile Agricole Selma » au capital de 20.000 D,Mondher Sellami,Société civile Agricole Selma » au capital de 20.000 D,,PERSON_SELAMI_MONDHER,MONDHER SELLAMI,,,0.5,ambiguous,1.0,0.0,0.0,1.0,0.0,27,0.21,PERSON_SELAMI_MAHMOUD,1,2009-08-04,2009-08-04,7,1,PERSON_SELAMI_MONDHER,"Suivant contrat de cession des parts sociales, daté le 24 juin 2009, enregistré à la recette des Finances Charguia I, le 23 juillet 2009 quittance n° 41313 dont deux exemplaires ont été déposés au gre"
Mongi Driss||PROFIL METAL RACCORDS SARL,Mongi Driss,PROFIL METAL RACCORDS SARL,867039G,PERSON_DRIS_MONGI,MONGI DRISS,CO_PROFIL_METAL_RACCORDS,PROFIL METAL RACCORDS,0.525,ambiguous,1.0,0.0,1.0,0.5,0.0,28,0.385,PERSON_DRIS_TAIEB,1,2009-06-19,2009-06-19,7,1,PERSON_DRIS_MONGI,"Suivant PV de l'assemblée générale extraordinaire du 19 juin 2009, enregistré à la recette des finances rue de la gare Tunis le 14 juillet 2009 sous le n° 09803366, dont deux exemplaires ont été dépos"
Nadhir Kilani||Interior Design Contract IDC - Siège social : 37 Rue du Vergée - Sidi Salah - La soukra -,Nadhir Kilani,Interior Design Contract IDC - Siège social : 37 Rue du Vergée - Sidi Salah - La soukra -,1131220W,PERSON_KILANI_NADHIR,NADHIR KILANI,CO_DESIGN,DESIGN,0.5,ambiguous,1.0,0.0,1.0,0.0,1.0,12,0.31,PERSON_KILANI_NAWFEL,1,2009-11-17,2009-11-17,7,1,PERSON_KILANI_NADHIR,"Capital social : 7 000Dt - Objet : Industrie du Meubles et Bois-Gérance Mr Nadhir Kilani, Gérant avec les pouvoirs les plus étendus."
Omar Jenayah||Société Tunisienne de Promotion du Tourisme,Omar Jenayah,Société Tunisienne de Promotion du Tourisme,,PERSON_JENAYAH_OMAR,OMAR JENAYAH,,,0.475,ambiguous,1.0,0.0,0.0,0.5,1.0,3,0.285,PERSON_JENAYAH_OTHMAN,1,2006-06-19,2006-06-19,7,1,PERSON_JENAYAH_OMAR,"- La nomination de M.M: Othman Jenayah, Omar Jenayah et la Société Touristique Marhaba en qualité d'administrateurs de la société pour une durée de trois ans, soit jusqu'à l'issue de l'A.G.O qui statu"
Oueslati Ali||Société Oueslati de Bâtiment SOUEB,Oueslati Ali,Société Oueslati de Bâtiment SOUEB,1054507B,PERSON_OUESLATI_ALI,ALI OUESLATI,CO_BATIMENT,BATIMENT +,0.5,ambiguous,1.0,0.0,1.0,0.0,1.0,2,0.45,PERSON_AREM_MOHAMED,1,2011-11-21,2011-11-21,7,1,PERSON_ALI_OUESLATI,1/ Renouvellement du mandat de Monsieur Oueslati Ali gérant de la société pour une période de trois ans renouvelable avec les pouvoirs les plus étendus suivant le statut de la société.
Ridha Boussarsar||Société KHEZAMA LOISIRS,Ridha Boussarsar,Société KHEZAMA LOISIRS,323620S,PERSON_BOUSARSAR_RIDHA,RIDHA BOUSSARSAR,CO_KHEZAMA_LOISIRS,KHEZAMA LOISIRS,0.5,ambiguous,1.0,0.0,1.0,0.0,1.0,2,0.31,PERSON_BOUSARSAR_RAFIK,2,2011-10-26,2012-01-31,2,1,PERSON_BOUSARSAR_RIDHA,"En vertu d'un acte sous seing privé daté du 26/10/2011 enregistré à Tunis Thameur, le 1er novembre 2011 sous le n° 11106826 Quittance n° M72553 et dont 2 copies ont été déposées au greffe du tribunal "
Samir Kotti||Tunisie Services International Sarl,Samir Kotti,Tunisie Services International Sarl,1174320J,PERSON_KOTI_SAMIR,SAMIR KOTTI,CO_TUNISIE_SERVICES,SOCIETE TUNISIE SERVICES,0.5,ambiguous,1.0,0.0,1.0,0.0,1.0,3,0.45,PERSON_MABROUK_KAMEL,1,2010-10-27,2010-10-27,7,1,PERSON_KOTI_SAMIR,Gérance : Mr Samir Kotti est nommé gérant de la société investi des pouvoirs les plus étendus.
Slim Ben Nasr||Renouvellement du mandat des administrateurs,Slim Ben Nasr,Renouvellement du mandat des administrateurs,,PERSON_BENASR_SLIM,SLIM BEN-NASR,,,0.475,ambiguous,1.0,0.0,0.0,0.5,1.0,2,0.21,PERSON_BENASR_SAMI,2,2011-11-21,2011-12-08,2,1,PERSON_BENASR_SLIM,"- Le renouvellement du mandat des administrateurs Mr Karim Ben Nasr, Mr Slim Ben Nasr, Mr Jedidi Jendoubi, la société Naceur Immobilière et La Compagnie Eurafricaine de Réalisations Industrielles « CE"
Yahia Chaabouni||Société Immobilière El Manar,Yahia Chaabouni,Société Immobilière El Manar,30838H,PERSON_CHAABOUNI_YAHIA,YAHIA CHAABOUNI,CO_EL_MANAR,EL MANAR,0.575,ambiguous,1.0,0.0,1.0,0.5,1.0,2,0.525,PERSON_SLAMA_GHASEN,2,2012-10-25,2012-10-25,2,1,PERSON_CHAABOUNI_YAHIA,la société «SOCEC» représentée par M. Yahia Chaabouni
Yahia Chaabouni||Société des Industries Nouvelles du Plastique,Yahia Chaabouni,Société des Industries Nouvelles du Plastique,,PERSON_CHAABOUNI_YAHIA,YAHIA CHAABOUNI,,,0.475,ambiguous,1.0,0.0,0.0,0.5,1.0,1,0.475,,2,2006-06-30,2006-06-30,2,1,PERSON_CHAABOUNI_YAHIA,la société « SOCEC» représentée par Mr Yahia Chaabouni
Abdelaziz Ben Mokhtar Essassi||Société d'Etude et de Développement Industriel SARL,Abdelaziz Ben Mokhtar Essassi,Société d'Etude et de Développement Industriel SARL,1068681N,PERSON_ESASI_ABDELAZIZ,ABDELAZIZ ESSASSI,CO_D_ETUDE_DEVELOPPEMENT_INDUSTRIEL,SOCIETE D'ETUDE ET DE DEVELOPPEMENT INDUSTRIEL,0.5,ambiguous,1.0,0.0,1.0,0.0,1.0,1,0.5,,1,2008-09-08,2008-09-08,6,1,PERSON_ESASI_ABDELAZIZ_BENMOKHTAR,Gérance : La société sera administrée et gérée par Monsieur Abdelaziz Ben Mokhtar Essassi gérant statutaire pour la durée de vie de la société avec les pouvoirs les plus étendus. Deux exemplaires des 
Abdelaziz Essassi||ASSURANCES MAGHREBIA VIE,Abdelaziz Essassi,ASSURANCES MAGHREBIA VIE,,PERSON_ESASI_ABDELAZIZ,ABDELAZIZ ESSASSI,CO_ASSURANCES_MAGHREBIA_VIE,ASSURANCES MAGHREBIA VIE,0.5,ambiguous,1.0,0.0,0.0,1.0,0.0,1,0.5,,1,2009-09-23,2009-09-23,6,1,PERSON_ESASI_ABDELAZIZ,"- Mr. Abdelaziz Essassi, Président du Conseil d'Administration"
Abderrazak Jomaâ||Renouvellement de mandat d'administrateurs,Abderrazak Jomaâ,Renouvellement de mandat d'administrateurs,,PERSON_JOMAA_ABDERAZEK,ABDERRAZEK JOMAA,,,0.55,ambiguous,1.0,0.0,0.0,1.0,1.0,1,0.55,,2,2008-08-15,2008-08-15,1,1,PERSON_JOMAA_ABDERAZAK,"1 - le renouvellement du mandat de Mr Abderrazak Jomaâ, Mme Basma Ben Amor, Mr Kais Jomaâ et Melle Soumaya Jomaâ en qualité d'administrateurs de la société pour une durée de trois ans correspondant au"
Adel Kooli||Société PORTO FARINA,Adel Kooli,Société PORTO FARINA,760924R,PERSON_KOOLI_ADEL,ADEL KOOLI,CO_PORTO_FARINA,PORTO FARINA,0.525,ambiguous,1.0,0.0,1.0,0.5,0.0,7,0.335,PERSON_KOOLI_ALI,2,2009-04-10,2009-04-10,1,1,PERSON_KOOLI_ADEL,Par acte S.S.P du 10/04/2009 enregistré à Tunis recette d'enregistrement des actes de sociétés sous le n°9109562 quittance n° 11714 dont 2 exemplaires ont été déposés au greffe du tribunal de 1er inst
Bouraoui Ben Ahmed||Renouvellement du mandat du commissaire aux comptes,Bouraoui Ben Ahmed,Renouvellement du mandat du commissaire aux comptes,737758K,PERSON_BENAHMED_BOURAOUI,BOURAOUI BEN-AHMED,CO_CONSEIL,SOCIETE LE CONSEIL,0.65,ambiguous,1.0,0.0,1.0,1.0,1.0,2,0.65,PERSON_SAIDI_MOHAMED,2,2008-06-26,2008-06-26,1,1,PERSON_BENAHMED_BOURAOUI,"- Le renouvellement du mandat des membres actuels du Conseil d'administration, Mr Bouraoui Ben Ahmed, Mr Sadri Ben Ahmed, Mr Riadh Ben Ahmed et Karim Ben Ahmed pour les exercices 2008, 2009 et 2010."
Faiza Driss||Délibérations de l'assemblée générale ordinaire et extraordinaire,Faiza Driss,Délibérations de l'assemblée générale ordinaire et extraordinaire,,PERSON_DRIS_FAIZA,FAIZA DRISS,CO_GENERALE,SOCIETE GENERALE,0.475,ambiguous,1.0,0.0,0.0,0.5,1.0,9,0.21,PERSON_DRIS_FATMA_BELKHIRA,1,2011-06-17,2011-06-17,6,1,PERSON_DRIS_FAIZA,"4) Renouvellement du mandat d'administrateur de Messieurs M'hamed Driss, Béchir Gueddes et Madame Faiza Driss et ceci pour une durée de trois années jusqu'à l'issue de l'Assemblée Générale Ordinaire q"
Firas Saied||HBG Holding,Firas Saied,HBG Holding,1259611K,PERSON_SAIED_FIRAS,FIRAS SAIED,CO_HBG_HOLDING,HBG HOLDING,0.525,ambiguous,1.0,0.0,1.0,0.5,0.0,8,0.375,PERSON_BOUCHAMAOUI_RAJA,1,2012-05-28,2012-05-28,6,1,PERSON_SAIED_FIRAS,"Selon procès-verbal du premier conseil d'administration en date du 25 juin 2012, enregistré à la Recette de l'Enregistrement des actes de sociétés 1er Bureau de Tunis le 18 juillet 2012, Enregistremen"
Habib M'rahi||Société d'Investissement à Capital Risque du Groupe STB STB SICAR,Habib M'rahi,Société d'Investissement à Capital Risque du Groupe STB STB SICAR,,PERSON_MRAIHI_HABIB,HABIB MRAIHI,CO_STB_SICAR,STB SICAR,0.6917,ambiguous,0.833,1.0,0.0,0.0,1.0,24,0.6417,PERSON_FRINI_NABIL,1,2008-02-01,2008-02-01,6,1,PERSON_M_RAHI_HABIB,- la nomination de Monsieur Habib M'rahi en tant que président directeur général de la société.
Hammami Mohamed Lahbib||Société Zed Confection - Sarl au capital de 5000 dt,Hammami Mohamed Lahbib,Société Zed Confection - Sarl au capital de 5000 dt,1023560L,PERSON_HAMAMI_MOHAMED_LAHBIB,MOHAMED LAHBIB HAMMAMI,CO_CONFECTION,SA CONFECTION,0.5,ambiguous,1.0,0.0,1.0,0.0,1.0,2,0.45,PERSON_MELAOUAH_AHLEM,2,2010-07-20,2010-07-20,1,1,PERSON_LAHBIB_HAMAMI_MOHAMED,Mr Hammami Mohamed Lahbib cède 45 parts sociales dont il est propriétaire dans le capital de la société à Mr Jemili Samir Ben Hédi B Abcha.
Imed Kalai||Maghreb Management Industries,Imed Kalai,Maghreb Management Industries,,PERSON_KALAI_IMED,IMED KALAI,,,0.475,ambiguous,1.0,0.0,0.0,0.5,1.0,1,0.475,,2,2007-09-17,2007-09-17,1,1,PERSON_KALAI_IMED,- La nomination de Mr Imed Kalai comme nouvel administrateur.
Jamel Bouaziz||SOCIETE SALMA 2,Jamel Bouaziz,SOCIETE SALMA 2,612787B,PERSON_BOUAZIZ_JAMEL,JAMEL BOUAZIZ,CO_SALMA,SOCIETE SALMA,0.5,ambiguous,1.0,0.0,1.0,0.0,1.0,3,0.36,PERSON_BOUAZIZ_JEAN_CLAUDE,2,2012-09-18,2012-09-18,1,1,PERSON_BOUAZIZ_JAMEL,"Suivant acte sous seing privé daté le 17 septembre 2012 enregistré à la recette de l'enregistrement des actes de sociétés à Sfax le 24 septembre 2012, sous le n° 12104244 quittance M004598, Mr Abdella"
Kais Ben Hamadi||Nomination de commissaire aux comptes,Kais Ben Hamadi,Nomination de commissaire aux comptes,765706E,PERSON_BENHAMADI_KAIS,KAIS BEN-HAMMADI,CO_DURAVIT_TUNISIA,DURAVIT TUNISIA,0.5,ambiguous,1.0,0.0,1.0,0.0,1.0,2,0.45,PERSON_KILANI_LASAAD,2,2010-06-22,2011-06-24,1,1,PERSON_BENHAMADI_KAIS,- La nomination de la société GAC (La Générale d'Audit &amp; Conseil) représentée par Monsieur Kais Ben Hamadi en qualité de commissaire aux comptes de la société pour trois ans (2010 - 2011 - 2012).
Karim Ben Nasr||Désignation des membres du conseil d'administration,Karim Ben Nasr,Désignation des membres du conseil d'administration,,PERSON_BENASR_KARIM,KARIM BEN-NASR,CO_CONSEIL,SOCIETE LE CONSEIL,0.475,ambiguous,1.0,0.0,0.0,0.5,1.0,4,0.0,PERSON_BENASR_KARIM_SALEM,2,2010-12-27,2010-12-27,1,1,PERSON_BENASR_KARIM,"- Renouvellement du mandat de Mr Slim Ben Nasr, Mr Karim Ben Nasr, Mme Monique Ben Nasr et la société Naceur Immobilière en qualité d'administrateurs de la société pour les exercices 2010, 2011 et 201"
Karim Boussaâda||Et nomination d'un nouveau gérant,Karim Boussaâda,Et nomination d'un nouveau gérant,,PERSON_BOUSAADA_KARIM,KARIM BOUSSAADA,,,0.475,ambiguous,1.0,0.0,0.0,0.5,1.0,1,0.475,,2,2012-02-20,2012-02-20,1,1,PERSON_BOUSAADA_KARIM,"1-Par ASSP en date du 9/02/2012, enregistré à la recette des finances de Manouba le 01/3/2012 sous le n°12101010, Mr Karim Boussaâda a cédé la totalité des parts sociales qu'il possède dans la société"
Karim Kassri||Société INOPLAST LOISIRS,Karim Kassri,Société INOPLAST LOISIRS,741095X,PERSON_KASRI_KARIM,KARIM KASRI,CO_INOPLAST,INOPLAST,0.5,ambiguous,1.0,0.0,1.0,0.0,1.0,1,0.5,,2,2008-06-30,2011-04-14,1,1,PERSON_KASRI_KARIM,"Le renouvellement du mandat du directeur général Mr Karim Kassri pour une période de deux ans, 2008 et 2009, expirant à l'issue de l'assemblée générale ordinaire statuant sur les comptes de l'exercice"
Kilani Ben Hmida||Société Nour,Kilani Ben Hmida,Société Nour,1220246D,PERSON_BENHMIDA_KILANI,KILANI BEN-HMIDA,CO_NOUR,SOCIETE NOUR,0.5,ambiguous,1.0,0.0,1.0,0.0,1.0,4,0.45,PERSON_ABOU_MEHRZIA,2,2012-05-12,2012-05-12,1,1,PERSON_BENHMIDA_KILANI,"Suivant acte de cession de parts sociales en date du 12/5/2012, enregistré à la recette de l'enregistrement des actes de sociétés commerciales - Tunis le 25/5/2012, quittance n°2344 enregistrement n°1"
Lamia Fourati||Tunisian Telecom Electric,Lamia Fourati,Tunisian Telecom Electric,30540R,PERSON_FOURATI_LAMIA,LAMIA FOURATI,CO_TUNISIAN_TELECOM_ELECTRIC,TUNISIAN TELECOM ELECTRIC,0.65,ambiguous,1.0,0.0,1.0,1.0,1.0,5,0.45,PERSON_SELAMI_SLIM,1,2010-07-31,2010-07-31,6,1,PERSON_FOURATI_LAMIA,"Suivant procès-verbal de l'assemblée générale ordinaire, tenue le 24/5/2010, enregistré le 30/6/2010 à la recette des finances, rue de Paradis, Ariana sous n°10706661, il a été décidé à l'unanimité de"
Lotfi Benjemaa||Société Immobilière Mahboubine S.A,Lotfi Benjemaa,Société Immobilière Mahboubine S.A,,PERSON_BENJEMAA_LOTFI,LOTFI BEN-JEMAA,,,0.55,ambiguous,1.0,0.0,0.0,1.0,1.0,1,0.55,,1,2009-10-01,2009-10-01,6,1,PERSON_BENJEMAA_LOTFI,"6/ La nomination de Mrs Khaled Benjemaa, Lotfi Benjemaa, Nejib Doghri et la société Tunibat comme les premiers administrateurs de la société."
Maher Mzoughi||Société Yassine Confection,Maher Mzoughi,Société Yassine Confection,1216079C,PERSON_MZOUGHI_MAHER,MAHER MZOUGHI,CO_YASSINE_CONFECTION,YASSINE CONFECTION,0.5,ambiguous,1.0,0.0,1.0,0.0,1.0,3,0.31,PERSON_MZOUGHI_MOHAMED_ALI,2,2012-01-26,2012-01-26,1,1,PERSON_MZOUGHI_MAHER,- La cession et l'approbation de la cession des parts sociales de Mr Naceur Rouatbi et Mr Maher Mzoughi au profit de Mme Hayet Hedhiri et Mr Ahmed Dahmoul.
Mahmoud Kammoun||Société Comptoir Pièces Mécaniques Sud C,Mahmoud Kammoun,Société Comptoir Pièces Mécaniques Sud C,1216161V,PERSON_KAMOUN_MAHMOUD,MAHMOUD KAMMOUN,CO_COMPTOIR_SUD,SOCIETE COMPTOIR DU SUD,0.5,ambiguous,1.0,0.0,1.0,0.0,1.0,28,0.31,PERSON_KAMOUN_MOHAMED_BENABDERAHRNEN,1,2011-10-06,2011-10-06,6,1,PERSON_KAMOUN_MAHMOUD,Gérance : Mr Mahmoud Kammoun a été désigné gérant pour une durée de 5 (cinq) ans avec les pouvoirs les plus étendus.
Mezghani Slah Eddine||Tunisian Import Export TIMEX,Mezghani Slah Eddine,Tunisian Import Export TIMEX,,PERSON_MEZGHANI_MOHAMED_SALAH,MOHAMED SALAH MEZGHANI,CO_TUNISIAN_IMPORT_EXPORT_TIMEX,TUNISIAN IMPORT EXPORT TIMEX,0.645,ambiguous,0.7,1.0,0.0,0.0,1.0,1,0.645,,1,2012-03-14,2012-03-14,6,1,PERSON_EDINE_MEZGHANI_SLAH,Gérance : Mr Mezghani Slah Eddine est nommé Gérant de la société avec tous pouvoirs les plus étendus énoncés au statut.
Mohamed Aziz Ben SLIMANE||Sté Atelier du Meuble,Mohamed Aziz Ben SLIMANE,Sté Atelier du Meuble,47057W,PERSON_BENSLIMANE_MOHAMED_AZIZ,MOHAMED AZIZ BEN-SLIMANE,,,0.5,ambiguous,1.0,0.0,0.0,1.0,0.0,1,0.5,,2,2009-10-16,2009-10-16,1,1,PERSON_BENSLIMANE_MOHAMED_AZIZ,"La Société le Mobilier Contemporain RC : B112632001, MF : 283512Q, Route Soukra km 13 Sidi FrajTunis représenté par son gérant Mr Ben SLIMANE Hatem, a cédé la totalité des parts qu'elle détient dans l"
Mohamed Ben Mabrouk||Société Mohamed Ben Mabrouk et Fils SARL,Mohamed Ben Mabrouk,Société Mohamed Ben Mabrouk et Fils SARL,385454N,PERSON_BENMABROUK_MOHAMED_BENEL_HEDI,MOHAMED BEN-EL HEDI BEN-MABROUK,CO_MABROUK,SOCIETE MABROUK,0.5,ambiguous,1.0,0.0,1.0,0.0,1.0,4,0.31,PERSON_BENMABROUK_MARWEN,2,2008-08-11,2008-08-11,1,1,PERSON_BENMABROUK_MOHAMED,"1/ transfert des parts sociales appartenant à Mr Mohamed Ben Mabrouk au profit de son épouse Mme Ftima Ben Kraiem et ses fils Chokri, Noureddine, Mourad et Wissem à raison de 500 parts chacun."
Mohamed El Fehry Mehrez||Société Judy pour le Transport et les services J.T.S SARL,Mohamed El Fehry Mehrez,Société Judy pour le Transport et les services J.T.S SARL,515490S,PERSON_MEHREZ_MOHAMED_ELFEHRY,MOHAMED EL-FEHRY MEHREZ,CO_JUDY_POUR_TRANSPORT_SERVICES,SOCIETE JUDY POUR TRANSPORT ET LES SERVICES JTS,0.6,ambiguous,1.0,0.0,1.0,1.0,0.0,5,0.055,PERSON_MEHREZ_MOHAMED_FEHRI,2,2010-05-05,2010-05-05,1,1,PERSON_MEHREZ_MOHAMED_ELFEHRY,- L'acceptation de la démission de Mr Mohamed El Fehry Mehrez de ses fonctions de gérant.
Mohamed Erkiki Abdallah||Et nomination d'un nouveau gérant,Mohamed Erkiki Abdallah,Et nomination d'un nouveau gérant,,PERSON_ABDALAH_MOHAMED_ERKIKI,MOHAMED ERKIKI ABDALLAH,,,0.475,ambiguous,1.0,0.0,0.0,0.5,1.0,3,0.075,PERSON_ABDALAH_MOHAMED,2,2012-02-20,2012-02-20,1,1,PERSON_ABDALAH_MOHAMED_ERKIKI,"1-Par ASSP en date du 9/02/2012, enregistré à la recette des finances de Manouba le 01/3/2012 sous le n°12101010, Mr Karim Boussaâda a cédé la totalité des parts sociales qu'il possède dans la société"
Mohamed Hedi Jebnoun||SELECT FR UITS S,Mohamed Hedi Jebnoun,SELECT FR UITS S,,PERSON_JEBNOUN_MOHAMED_HEDI,MOHAMED HEDI JEBNOUN,,,0.5,ambiguous,1.0,0.0,0.0,1.0,0.0,1,0.5,,2,2009-01-22,2009-01-22,1,1,PERSON_JEBNOUN_MOHAMED_HEDI,La Société Select Agricole Service « SAS » représentée par monsieur Mohamed Hedi Jebnoun.
Mohamed Marzouk||Société Louka de Développement Immobilier SA,Mohamed Marzouk,Société Louka de Développement Immobilier SA,1140762Z,PERSON_MARZOUK_MOHAMED,MOHAMED MARZOUK,CO_LOUKA_DEVELOPPEMENT_IMMOBILIER,LOUKA DE DEVELOPPEMENT IMMOBILIER,0.525,ambiguous,1.0,0.0,1.0,0.5,0.0,6,0.075,PERSON_MARZOUK_MOHAMED_ALI,2,2010-01-21,2010-01-21,1,1,PERSON_MARZOUK_MOHAMED,"- Nomination en qualité de premiers administrateurs pour une durée de trois ans de Mr Mohamed Fethi El Bahri, Mr Ridha Slama, Mr Mohamed Marzouk, La Société Immobilière Al Irad et la société Euro Tuni"
Mohamed Néjib Essafi||L'INTERNATIONAL SICAR,Mohamed Néjib Essafi,L'INTERNATIONAL SICAR,,PERSON_ESAFI_NEJIB,NEJIB ESSAFI,CO_INTERNATIONAL_SICAR,INTERNATIONAL SICAR,0.7325,ambiguous,1.0,0.95,0.0,0.0,1.0,31,0.0,PERSON_ESAFI_MOHAMED_NEJIB,1,2008-01-11,2008-01-11,6,2,PERSON_ESAFI_MOHAMED_NEJIB,- décidé à l'unanimité le renouvellement du mandat de Monsieur Mohamed Néjib Essafi en qualité de directeur général de l'International Sicar pour une durée de trois ans.
Mohamed Raouf Masmoudi||Désignation des dirigeants,Mohamed Raouf Masmoudi,Désignation des dirigeants,,PERSON_MASMOUDI_MOHAMED_RAOUF,MOHAMED RAOUF MASMOUDI,,,0.475,ambiguous,1.0,0.0,0.0,0.5,1.0,6,0.075,PERSON_MASMOUDI_MOHAMED,2,2008-05-09,2011-06-24,1,1,PERSON_MASMOUDI_MOHAMED_RAOUF,"- Monsieur Mohamed Raouf Masmoudi a été désigné directeur général,"
Mohamed Riadh Zardi||Transport de Fonds de Tunisie - TFT,Mohamed Riadh Zardi,Transport de Fonds de Tunisie - TFT,,PERSON_ZARDI_MOHAMED_RIADH,MOHAMED RIADH ZARDI,CO_TRANSPORT_FONDS_TUNISIE,TRANSPORT DE FONDS DE TUNISIE,0.475,ambiguous,1.0,0.0,0.0,0.5,1.0,2,0.425,PERSON_BENSAAD_MOHAMED_HABIB,2,2012-02-02,2012-02-02,1,1,PERSON_ZARDI_MOHAMED_RIADH,"La session du conseil d'administration réuni le 14 juin 2012 et dont le procès verbal a été enregistré à Tunis, recette de l'enregistrement des actes de sociétés, premier bureau, le 29 juin 2012, sous"
Mohamed Thamri||Aviation It Services Africa,Mohamed Thamri,Aviation It Services Africa,1059747N,PERSON_THAMRI_MOHAMED,MOHAMED THAMRI,CO_AVIATION_IT_SERVICES_AFRICA,AVIATION IT SERVICES AFRICA,0.525,ambiguous,1.0,0.0,1.0,0.5,0.0,2,0.45,PERSON_BENAHMED_CHIHEB,2,2011-06-01,2011-06-01,1,1,PERSON_THAMRI_MOHAMED,- Nommer M. Mohamed Thamri en tant que président du conseil d'administration suite à la démission de M. Nabil Chettaoui.
Moncef Jenane||Sté La Centrale Immobilière de l'Avenue,Moncef Jenane,Sté La Centrale Immobilière de l'Avenue,,PERSON_JENANE_MONCEF,MONCEF JENANE,CO_CENTRALE_IMMOBILIERE_LAVENUE,CENTRALE IMMOBILIERE DE LAVENUE,0.475,ambiguous,1.0,0.0,0.0,0.5,1.0,4,0.35,PERSON_MZABI_MOHAMED_SADOK,2,2002-06-10,2002-06-10,1,1,PERSON_JENANE_MONCEF,"Par procès-verbal de l'assemblée générale ordinaire du 16 février 2001 enregistré le 18 mai 2001 à la recette des finances Habib Thameur Tunis quittance n° 28976, enregistrement n° 1704529, la composi"
Monia Masmoudi||Désignation des dirigeants,Monia Masmoudi,Désignation des dirigeants,,PERSON_MASMOUDI_MONIA,MONIA MASMOUDI,,,0.475,ambiguous,1.0,0.0,0.0,0.5,1.0,6,0.285,PERSON_MASMOUDI_MOHAMED_RAOUF,2,2008-05-09,2011-06-24,1,1,PERSON_MASMOUDI_MONIA,- Madame Monia Masmoudi a été désignée directeur général adjoint.
Mourad Amara||Sté La Prime Confection S.A.R.L,Mourad Amara,Sté La Prime Confection S.A.R.L,1113092E,PERSON_AMARA_MOURAD,MOURAD AMARA,CO_CONFECTION,SA CONFECTION,0.5,ambiguous,1.0,0.0,1.0,0.0,1.0,6,0.05,PERSON_AMARA_MOURAD_MHENI,2,2012-03-27,2012-03-27,1,1,PERSON_AMARA_MOURAD,- Mr Mourad Amara cède quinze (15) Parts à Mme Rym Haddad ép Amara.
Mustapha ABDELKEBIR||Centre d'Etude et de Promotion de Nouvelle Technologies,Mustapha ABDELKEBIR,Centre d'Etude et de Promotion de Nouvelle Technologies,,PERSON_ABDELKEBIR_MUSTAPHA,MUSTAPHA ABDELKEBIR,CO_CENTRE_D_ETUDES_PROMOTION_NOUVELLES_TECHNOLOGIES_CEPENT,CENTRE D'ETUDES ET DE PROMOTION DES NOUVELLES TECHNOLOGIES CEPENT,0.665,ambiguous,1.0,0.9,0.0,0.0,0.0,3,0.665,PERSON_CHAIDER_ABDELMAJID,1,2009-06-17,2009-06-17,6,1,PERSON_ABDELKEBIR_MUSTAPHA,"Selon le procès-verbal du conseil d'administration, enregistré à la recette de finance le 17 Juin 2009 sous le numéro 09801971, le conseil a décidé le renouvellement du mandat de Monsieur Mustapha ABD"
Mustapha Kamel Cherif||Delta Electromécanique - SARL,Mustapha Kamel Cherif,Delta Electromécanique - SARL,1003835J,PERSON_CHERIF_MUSTAPHA,MUSTAPHA CHERIF,CO_DELTA,DELTA,0.5,ambiguous,1.0,0.0,1.0,0.0,1.0,13,0.31,PERSON_CHERIF_MOHAMED_ACHRAF,2,2007-12-29,2007-12-29,1,1,PERSON_CHERIF_MUSTAPHA_KAMEL,"- Par acte de cession des parts sociales du 29 décembre 2007, enregistré à la recette des finances, Cité Mahrajène, le 7 juillet 2008, sous le n° 8103798, quittance n° 68421, Mr Mustapha Kamel Cherif "
Neil Khalladi||UBCI DEVELOPPEMENT,Neil Khalladi,UBCI DEVELOPPEMENT,,PERSON_KHALADI_NEIL,NEIL KHALLADI,,,0.5,ambiguous,1.0,0.0,0.0,1.0,0.0,1,0.5,,2,2011-06-12,2011-06-12,1,1,PERSON_KHALADI_NEIL,"Sté UBCI SA, Sté UBCI FINANCE SA, M. Neil Khalladi, M. Nabil Gatti, Mme Awatef Mechri, M. Khalil Ben Salah, M. Alain BISCAYE. - Nomme Cabinet ECC- MAZARS SARL (Société d'expertise comptable), commissa"
Néjib Essafi||INTERNATIONAL SICAR,Néjib Essafi,INTERNATIONAL SICAR,723542X,PERSON_ESAFI_NEJIB,NEJIB ESSAFI,CO_INTERNATIONAL_SICAR,INTERNATIONAL SICAR,0.85,ambiguous,1.0,1.0,1.0,0.0,1.0,28,0.0,PERSON_ESAFI_MOHAMED_NEJIB,1,2011-11-29,2011-11-29,6,2,PERSON_ESAFI_NEJIB,Le renouvellement de la nomination de M. Néjib Essafi en tant que Directeur Général de la société International Sicar pour une nouvelle période de 3 ans.
Raffaele Di Mario||Nomination de membres du conseil d'administration,Raffaele Di Mario,Nomination de membres du conseil d'administration,,PERSON_MARIO_RAFAELE_DI,RAFFAELE DI MARIO,CO_CONSEIL,SOCIETE LE CONSEIL,0.475,ambiguous,1.0,0.0,0.0,0.5,1.0,2,0.475,PERSON_SAIDI_MOHAMED,2,2007-09-26,2008-08-13,1,1,PERSON_MARIO_RAFAELE_DI,"n° M007051, il a été procédé à l'acceptation de la démission de Mr Mauro Piccini de son poste de président directeur général et à la nomination de Mr Raffaele Di Mario en qualité de président directeu"
Raouf Maarouf||Renouvellement du mandat des membres du conseil d'administration,Raouf Maarouf,Renouvellement du mandat des membres du conseil d'administration,23127P,PERSON_MAAROUF_RAOUF,RAOUF MAAROUF,CO_CONSEIL,SOCIETE LE CONSEIL,0.6,ambiguous,1.0,0.0,1.0,1.0,0.0,2,0.6,PERSON_SAIDI_MOHAMED,2,2010-12-10,2011-05-23,1,1,PERSON_MAAROUF_RAOUF,"Et par P.V de la réunion du conseil d'administration du 10/12/2010 enregistré à Sidi Bouali le 5/2/2011, quittance n° M001945, n° d'enregistrement 11700066, les membres du conseil d'administration ont"
Roelfsema Pieter||Société : Phil's Tunisie,Roelfsema Pieter,Société : Phil's Tunisie,,PERSON_ROELFSEMA_PIETER,PIETER ROELFSEMA,,,0.475,ambiguous,1.0,0.0,0.0,0.5,1.0,1,0.475,,2,2008-12-17,2008-12-17,1,1,PERSON_PIETER_ROELFSEMA,Mr Roelfsema Pieter (34 parts) Mr Maâroufi Med Hédi (33 parts) à Mr Jan Gossen qui accepte suivant les 3 actes de cession de parts suivantes :
Sadreddine ABBAS||STAROIL,Sadreddine ABBAS,STAROIL,,PERSON_ABAS_SADEREDINE,SADERREDINE ABBAS,CO_STAROIL,STAROIL,0.5,ambiguous,1.0,0.0,0.0,1.0,0.0,5,0.0,PERSON_ABAS_SADREDINE,2,2007-01-29,2009-10-20,1,1,PERSON_ABAS_SADREDINE,- La nomination de Monsieur Sadreddine ABBAS en tant que Directeur Général Adjoint.
Sami Chaabane||Société des Techniques d'Electricité et d'Alarme - SOTEA » - SARL,Sami Chaabane,Société des Techniques d'Electricité et d'Alarme - SOTEA » - SARL,635799E,PERSON_CHAABANE_SAMI,SAMI CHAABANE,CO_TECHNIQUES_DELECTRICITE_DALARME_SOTEA,SOCIETE DES TECHNIQUES DELECTRICITE ET DALARME SOTEA,0.6908,ambiguous,1.0,0.974,0.0,0.0,0.0,21,0.3408,PERSON_CHAABANE_SAMIR,1,2008-02-05,2008-02-05,6,1,PERSON_CHAABANE_SAMI,"Par acte de cession des parts sociales an date 18 janvier 2008, enregistré en date du 5 février 2008, Monsieur Mohamed Zouch a cédé toutes ses parts sociales à Monsieur Maher Yangui, à Monsieur Kamel "
Seif Eddine Bejaoui||MAKLADA SPRING WIRE MSW,Seif Eddine Bejaoui,MAKLADA SPRING WIRE MSW,1149239Y,PERSON_BEJAOUI_SEIF_EDINE,SEIF EDDINE BEJAOUI,CO_MAKLADA_SPRING_WIRE,MAKLADA SPRING WIRE,0.5,ambiguous,1.0,0.0,1.0,0.0,1.0,4,0.31,PERSON_BEJAOUI_SAIFEDINE,1,2010-03-24,2010-03-24,6,1,PERSON_BEJAOUI_SEIF_EDINE,La société ATD SICAR représentée par Monsieur Seif Eddine Bejaoui.
Sonia Sellami||Société civile Agricole Selma » au capital de 20.000 D,Sonia Sellami,Société civile Agricole Selma » au capital de 20.000 D,,PERSON_SELAMI_SONIA,SONIA SELLAMI,,,0.5,ambiguous,1.0,0.0,0.0,1.0,0.0,20,0.15,PERSON_SELAMI_SONIA_BENOTHMAN,1,2009-08-04,2009-08-04,6,1,PERSON_SELAMI_SONIA,"Suivant contrat de cession des parts sociales, daté le 24 juin 2009, enregistré à la recette des Finances Charguia I, le 23 juillet 2009 quittance n° 41313 dont deux exemplaires ont été déposés au gre"
"Sélim Friaâ||Eureka de Bâtiment et de Travaux Publics, SA",Sélim Friaâ,"Eureka de Bâtiment et de Travaux Publics, SA",1133929M,PERSON_FRIAA_SELIM,SELIM FRIAA,CO_EUREKA_BATIMENT_TRAVAUX_PUBLICS,EUREKA DE BATIMENT ET DE TRAVAUX PUBLICS,0.5,ambiguous,1.0,0.0,1.0,0.0,1.0,2,0.45,PERSON_TRABELSI_MOHAMED,2,2010-01-26,2010-01-26,1,1,PERSON_FRIAA_SELIM,la Société D.D.F. Consulting sarl (RC Tunis n° B1118201997) représentée par Monsieur Sélim Friaâ
Taher Abdelkader Khalil Elmaaroufi||Société Trading et Oilfield Services,Taher Abdelkader Khalil Elmaaroufi,Société Trading et Oilfield Services,,PERSON_KHALIL_TAHER_ABDELKADER,TAHER ABDELKADER KHALIL,CO_TRADING_OILFIELD_SERVICES,SOCIETE TRADING OILFIELD SERVICES,0.6975,ambiguous,0.85,1.0,0.0,0.0,1.0,3,0.6475,PERSON_SALEH_FTIRICH,2,2012-06-28,2012-06-28,1,1,PERSON_ELMAAROUFI_TAHER_ABDELKADER_KHALIL,- Nomination de Mr Taher Abdelkader Khalil Elmaaroufi en qualité de premier gérant.
Taher Aouinti||MACOFLEX S.A,Taher Aouinti,MACOFLEX S.A,28603T,PERSON_AOUINTI_TAHER,TAHER AOUINTI,CO_MACOFLEX,MACOFLEX,0.525,ambiguous,1.0,0.0,1.0,0.5,0.0,1,0.525,,2,2012-08-02,2012-08-02,1,1,PERSON_AOUINTI_TAHER,"- Renouvellement du mandat des administrateurs (Mr Moncef Guirat, Mr Taher Aouinti, Mr Abderazek Chouk et Mme Emna Guirat pour les exercices 2012 et 2013 et 2014."
"Zouheir Boujbel||Société d'Etudes, de Formation &amp; d'Assistance à la Gestion SEFAG",Zouheir Boujbel,"Société d'Etudes, de Formation &amp; d'Assistance à la Gestion SEFAG",644969F,PERSON_BOUJBEL_ZOUHEIR,ZOUHEIR BOUJBEL,,,0.5,ambiguous,1.0,0.0,0.0,1.0,0.0,2,0.36,PERSON_BOUJBEL_ZIED,2,2008-07-31,2011-08-22,1,1,PERSON_BOUJBEL_ZOUHEIR,"2 - Nomination des administrateurs : Monsieur Mohsen Boujbel, Monsieur Lassaâd Boujbel, Monsieur Saïd Boujbel, Monsieur Zouheir Boujbel, Monsieur Fethi Boujbel et la société Boudjebel VACPA pour une p"
Abdelaziz SELLAMI P.D.G||SOCIETE INDUSTRIELLE DE VERRE OPTIQUE SIVO,Abdelaziz SELLAMI P.D.G,SOCIETE INDUSTRIELLE DE VERRE OPTIQUE SIVO,,PERSON_SELAMI_ABDELAZIZ,ABDELAZIZ SELLAMI,CO_SIVO,SIVO,0.6475,ambiguous,0.85,1.0,0.0,0.0,0.0,1,0.6475,,1,2010-05-15,2010-05-15,5,1,PERSON_G_ABDELAZIZ_SELAMI_P_D,"- Lors de la réunion du Conseil d'Administration du 15 mai 2010, dont le procès-verbal a été enregistré à la recette de l'enregistrement des actes de sociétés de Sfax le 31 mai 2010 sous le numéro 108"
Abdelaziz Sellemi||SOCIETE L'IMMOBILIERE AL-IZ,Abdelaziz Sellemi,SOCIETE L'IMMOBILIERE AL-IZ,,PERSON_SELAMI_ABDELAZIZ,ABDELAZIZ SELLAMI,CO_L_IMMOBILIERE_AL_IZ,L'IMMOBILIERE AL-IZ,0.6417,ambiguous,0.833,1.0,0.0,0.0,0.0,1,0.6417,,1,2010-03-25,2010-03-25,5,1,PERSON_SELEMI_ABDELAZIZ,En vertu du procès verbal des associés du 25/3/2010 enregistré à la recette des finances rue du Paradis Ariana le 26/4/2010 sous le n° 10704051 quittance n° 44513 les associés de la société décident d
Abdelhalim El Arem||Société El Arem de Meuble et d'Ameublement l'Emdina SAMA l'EMDINA,Abdelhalim El Arem,Société El Arem de Meuble et d'Ameublement l'Emdina SAMA l'EMDINA,,PERSON_AREM_ABDELHALIM,ABDELHALIM AREM,CO_AREM_MEUBLE_DAMEUBLEMENT_LEMDINA_SAMA_LEMDINA,AREM DE MEUBLE ET DAMEUBLEMENT LEMDINA SAMA LEMDINA,0.6578,ambiguous,0.8,0.937,0.0,0.0,1.0,1,0.6578,,1,2009-01-13,2009-01-13,5,1,PERSON_ELAREM_ABDELHALIM,Gérant : Monsieur Abdelhalim El Arem.
Abdeljelil Ayed||Société INVESTEX SARL,Abdeljelil Ayed,Société INVESTEX SARL,776505G,PERSON_AYED_ABDELJELIL,ABDELJELIL AYED,CO_INVESTEX,INVESTEX,0.525,ambiguous,1.0,0.0,1.0,0.5,0.0,6,0.0,PERSON_AYED_ABDELJLIL,1,2008-09-15,2008-09-15,5,1,PERSON_AYED_ABDELJELIL,"en date du 16/10/2008 sous le n° 8109190, Q n° 11002, Monsieur Koraich Ben Salem a cédé une (1) part unique à Mr Abdeljelil Ayed."
Abdeljelil Ayed||Société KMK SARL,Abdeljelil Ayed,Société KMK SARL,510858J,PERSON_AYED_ABDELJELIL,ABDELJELIL AYED,CO_KMK,KMK,0.6,ambiguous,1.0,0.0,1.0,1.0,0.0,5,0.0,PERSON_AYED_ABDELJLIL,1,2008-09-09,2008-09-09,5,1,PERSON_AYED_ABDELJELIL,"En vertu d'un acte de cession de parts en date du 20/09/2008 enregistré à la REAS 1er Bureau Tunis en date du 24/10/2008 sous le n° 8109524 Q n° 11386, Monsieur Zakaria Ben Salem a cédé une (1) Part s"
Arbia Hammami||Sté Générale Textile,Arbia Hammami,Sté Générale Textile,1040374J,PERSON_HAMAMI_ARBIA,ARBIA HAMMAMI,CO_GENERALE_TEXTILE,GENERALE TEXTILE,0.5,ambiguous,1.0,0.0,1.0,0.0,1.0,53,0.0,PERSON_HAMAMI_ARBI,1,2008-01-18,2008-01-18,5,1,PERSON_HAMAMI_ARBIA,"99 ans, son siège social au 23 rue d'Egypte Tunis, sa gérante Mme Arbia Hammami."
Eric Linczowski Président||Finishing International Company F,Eric Linczowski Président,Finishing International Company F,,PERSON_LINCZOWSKI_ERIC,ERIC LINCZOWSKI,CO_FINISHING_INTERNATIONAL_COMPANY,FINISHING INTERNATIONAL COMPANY FIC,0.6475,ambiguous,0.85,1.0,0.0,0.0,0.0,6,0.5975,PERSON_DJILANI_HEDI,1,2008-04-12,2008-04-12,5,1,PERSON_PRESIDENT_ERIC_LINCZOWSKI,"Suivant procès verbal de la réunion du premier conseil d'administration en date du 28 mai 2008, enregistré à la recette des finances rue Tarek Ibn Zied - Bizerte le 28 mai 2008, sous le n° 8703595, qu"
Frédéric Pecastaings||MAGHREB INVEST SA,Frédéric Pecastaings,MAGHREB INVEST SA,496510V,PERSON_PECASTAINGS_FREDERIC,FREDERIC PECASTAINGS,CO_MAGHREB_INVEST,MAGHREB INVEST,0.575,ambiguous,1.0,0.0,1.0,0.5,1.0,4,0.45,PERSON_MABROUK_MOHAMED_ALI,1,2006-11-15,2006-11-15,5,1,PERSON_PECASTAINGS_FREDERIC,- Mr Frédéric Pecastaings est nommé directeur général avec les pleins pouvoirs.
Frédéric Pecastaings||Maghreb Financière S,Frédéric Pecastaings,Maghreb Financière S,,PERSON_PECASTAINGS_FREDERIC,FREDERIC PECASTAINGS,CO_MAGHREB_FINANCIERE,MAGHREB FINANCIERE,0.475,ambiguous,1.0,0.0,0.0,0.5,1.0,2,0.425,PERSON_MABROUK_ISMAIL,1,2008-08-12,2008-08-12,5,1,PERSON_PECASTAINGS_FREDERIC,"* la société Maghreb Invest représentée par son directeur général Mr Frédéric Pecastaings,"
Habib Bouaziz||Société de Production et de Distribution de Boissons SPDB,Habib Bouaziz,Société de Production et de Distribution de Boissons SPDB,940993H,PERSON_BOUAZIZ_HABIB,HABIB BOUAZIZ,CO_Z_PRODUCTION,Z PRODUCTION,0.5,ambiguous,1.0,0.0,1.0,0.0,1.0,1,0.5,,1,2008-04-01,2008-04-01,5,1,PERSON_BOUAZIZ_HABIB,- Accepter la démission de Madame Hélène Weessie de ses fonctions d'administrateur et son remplacement par la nomination de Monsieur Habib Bouaziz administrateur pour la période restante du mandat de 
Hédi Zerzeri||Nomination des membres du conseil d'administration et du commissaire aux comptes,Hédi Zerzeri,Nomination des membres du conseil d'administration et du commissaire aux comptes,20427L,PERSON_ZERZERI_HEDI,HEDI ZERZERI,CO_CONSEIL,SOCIETE LE CONSEIL,0.525,ambiguous,1.0,0.0,1.0,0.5,0.0,5,0.075,PERSON_ZERZERI_HEDI_BENMOHAMED,1,2011-11-20,2011-11-20,5,1,PERSON_ZERZERI_HEDI,- De nommer les membres du conseil d'administration par le renouvellement des mandats de M. Mehdi Zerzeri et M. Hédi Zerzeri ainsi que la nomination de M. Ridha Zerzeri.
Imededdine Cherif||Tunisie Profilés Aluminium TPR,Imededdine Cherif,Tunisie Profilés Aluminium TPR,510246K,PERSON_CHERIF_IMEDEDINE,IMEDEDDINE CHERIF,CO_TUNISIE_PROFILES_ALUMINIUM_TPR,TUNISIE PROFILES ALUMINIUM TPR,0.5,ambiguous,1.0,0.0,1.0,0.0,1.0,12,0.36,PERSON_CHERIF_ILYES,1,2009-01-01,2009-01-01,5,1,PERSON_CHERIF_IMEDEDINE,- La nomination de Monsieur Imededdine Cherif en qualité de président directeur général de la société en remplacement de Monsieur Kamel Ben Njima. La prise de fonction est fixée pour le 15 mai 2009.
Kamel Driss||SOCIETE ORKY,Kamel Driss,SOCIETE ORKY,430033C,PERSON_DRIS_KAMEL,KAMEL DRISS,CO_ORKY,ORKY,0.6,ambiguous,1.0,0.0,1.0,1.0,0.0,12,0.31,PERSON_DRIS_RAFIAA,1,2011-11-18,2011-11-18,5,1,PERSON_DRIS_KAMEL,1/ Suivant acte sous seing privé en date du 18 Novembre 2011 enregistré à la recette de l'enregistrement des actes de sociétés 1er bureau Tunis le 1er décembre 2011 enregistrement n° 11111852 quittanc
Karim GAHBICHE Président Directeur Général||BOLERIO S,Karim GAHBICHE Président Directeur Général,BOLERIO S,,PERSON_GAHBICHE_KARIM,KARIM GAHBICHE,CO_BOLERIO,BOLERIO,0.6975,ambiguous,0.85,1.0,0.0,0.0,1.0,7,0.6975,PERSON_JABNOUN_HAIFA,1,2009-02-18,2009-02-18,5,1,PERSON_GENERAL_KARIM_GAHBICHE_PRESIDENT_DIRECTEUR,"- Nommé Monsieur Karim GAHBICHE Président Directeur Général de la société,"
Lotfi Sellami||Cesar Centre d'Affaires CCA,Lotfi Sellami,Cesar Centre d'Affaires CCA,1108533A,PERSON_SELAMI_LOTFI,LOTFI SELLAMI,CO_CESAR,CESAR,0.5,ambiguous,1.0,0.0,1.0,0.0,1.0,5,0.31,PERSON_SELAMI_LASAAD,1,2009-07-03,2009-07-03,5,1,PERSON_SELAMI_LOTFI,Gérance: Monsieur Lotfi Sellami est nommé gérant pour toute la durée de la société avec les pouvoirs les plus étendus.
Lotfi Sellami||Société de Transformation Industrielle du Métal,Lotfi Sellami,Société de Transformation Industrielle du Métal,,PERSON_SELAMI_LOTFI,LOTFI SELLAMI,CO_METAL,SOCIETE LE METAL,0.475,ambiguous,1.0,0.0,0.0,0.5,1.0,5,0.285,PERSON_SELAMI_LASAAD,1,2010-05-08,2010-05-08,5,1,PERSON_SELAMI_LOTFI,"- Renouvellement du mandat des Administrateurs Mr Mahmoud Sellami Président, Mme Samia Sellami Directeur Général, Mr Lotfi Sellami et Mr Habib Ben Ali Sellami Membres pour les exercices 2011, 2012 et "
Mahmoud El Arem||STE IPAAC Distribution,Mahmoud El Arem,STE IPAAC Distribution,,PERSON_AREM_MAHMOUD,MAHMOUD AREM,CO_IPAAC_DISTRIBUTION,IPAAC DISTRIBUTION,0.63,ambiguous,0.8,1.0,0.0,0.0,0.0,3,0.49,PERSON_ELAREM_MOHAMED,1,2008-12-10,2008-12-10,5,1,PERSON_ELAREM_MAHMOUD,- Gérance : Messieurs Mahmoud El Arem et Ghassen El Arem sont nommés gérants de la société avec les pouvoirs les plus étendus.
Majed Ben Amor||Société de Promotion Touristique Mohamed V,Majed Ben Amor,Société de Promotion Touristique Mohamed V,982975L,PERSON_BENAMOR_MAJED,MAJED BEN-AMOR,CO_PROMOTION_TOURISTIQUE_MOHAMED_V,SOCIETE DE PROMOTION TOURISTIQUE MOHAMED V,0.575,ambiguous,1.0,0.0,1.0,0.5,1.0,4,0.385,PERSON_BENAMOR_MOHAMED,1,2008-09-24,2008-09-24,5,1,PERSON_BENAMOR_MAJED,"- L'assemblée générale ordinaire ratifie la nomination de Monsieur Majed Ben Amor, Mr Malek Ellouze et Mr Ahmed Ben Saïd en qualité d'administrateurs."
Mehdi Khemiri||Société Himilco,Mehdi Khemiri,Société Himilco,1077126Q,PERSON_KHEMIRI_MOHAMED_MEHDI,MOHAMED MEHDI KHEMIRI,CO_HIMILCO_MONETIQUE,HIMILCO MONETIQUE,0.5,ambiguous,1.0,0.0,1.0,0.0,1.0,1,0.5,,1,2011-12-05,2011-12-05,5,1,PERSON_KHEMIRI_MEHDI,- Nomination d'un nouvel administrateur : Mr Mehdi Khemiri.
Melek Ben Yedder||Mise à jour des statuts,Melek Ben Yedder,Mise à jour des statuts,1027107K,PERSON_BENYEDER_MELEK,MELEK BEN-YEDDER,,,0.55,ambiguous,1.0,0.0,0.0,1.0,1.0,6,0.21,PERSON_BENYEDER_MALEK_SKANDRANI,1,2011-08-04,2011-08-04,5,1,PERSON_BENYEDER_MELEK,"- La nomination des premiers Administrateurs suivants, pour un mandat de 3 ans prenant fin à l'issue de l'A.G.O statuant sur les comptes de l'exercice 2013 : Monsieur Béchir Ben Yedder - Monsieur Rach"
Mohamed Amous Président||POLYBAT,Mohamed Amous Président,POLYBAT,,PERSON_AMOUS_MOHAMED,MOHAMED AMOUS,CO_POLYBAT,SOCIETE POLYBAT,0.6475,ambiguous,0.85,1.0,0.0,0.0,0.0,5,0.6475,PERSON_AMOUS_MOHAMED_HEDI,1,2011-11-21,2011-11-21,5,1,PERSON_PRESIDENT_MOHAMED_AMOUS,"Mr Mohamed Amous Président du conseil d'administration,"
Mohamed El Arem||Société Bâtiment +,Mohamed El Arem,Société Bâtiment +,,PERSON_AREM_MOHAMED,MOHAMED AREM,CO_BATIMENT,BATIMENT +,0.68,ambiguous,0.8,1.0,0.0,0.0,1.0,2,0.28,PERSON_ELAREM_MOHAMED,1,2010-07-07,2010-07-07,5,1,PERSON_ELAREM_MOHAMED,Gérance : Mr Mohamed El Arem est nommé gérant de la société avec tous les pouvoirs les plus étendus.
"Mohamed Habib Bouricha||Mohab International Trading Company, en abrégé M",Mohamed Habib Bouricha,"Mohab International Trading Company, en abrégé M",1218853B,PERSON_BOURICHA_MOHAMED_HABIB,MOHAMED HABIB BOURICHA,CO_INTERNATIONAL_TRADING_COMPANY,SOCIETE INTERNATIONAL TRADING COMPANY,0.5,ambiguous,1.0,0.0,1.0,0.0,1.0,19,0.0,PERSON_BOURICHA_MOHAMED,1,2011-10-19,2011-10-19,5,1,PERSON_BOURICHA_MOHAMED_HABIB,7. Gérant statutaire : Mr Mohamed Habib Bouricha est nommé gérant pour une durée illimitée avec les pouvoirs les plus étendus pour gérer la société.
Mohamed Habib Bouricha||Société d'Assistance et de Service S.A.S» - SARL,Mohamed Habib Bouricha,Société d'Assistance et de Service S.A.S» - SARL,,PERSON_BOURICHA_MOHAMED_HABIB,MOHAMED HABIB BOURICHA,,,0.55,ambiguous,1.0,0.0,0.0,1.0,1.0,17,0.15,PERSON_BOURICHA_MOHAMED,1,2010-07-21,2010-07-21,5,1,PERSON_BOURICHA_MOHAMED_HABIB,La démission de Mme Nedra M'kaouer épouse Bouricha de ses fonctions de Gérante de la société et la nomination de Mr Mohamed Habib Bouricha en tant que nouveau Gérant de la société pour une durée de tr
Mohamed Hichem Bouchamaoui||Salma Pièces Auto : S P A,Mohamed Hichem Bouchamaoui,Salma Pièces Auto : S P A,1059762M,PERSON_BOUCHAMAOUI_MOHAMED_HICHEM,MOHAMED HICHEM BOUCHAMAOUI,CO_AUTO_PIECES,AUTO PIECES,0.5,ambiguous,1.0,0.0,1.0,0.0,1.0,5,0.31,PERSON_BOUCHAMAOUI_MAHER,1,2008-06-26,2008-06-26,5,1,PERSON_BOUCHAMAOUI_MOHAMED_HICHEM,Gérance : Monsieur Mohamed Hichem Bouchamaoui a été nommé gérant de société pour un mandat illimité avec les pouvoirs les plus étendus.
Mohamed Walid Arem||Société Tunisienne d'Equipement STEQ,Mohamed Walid Arem,Société Tunisienne d'Equipement STEQ,,PERSON_AREM_WALID,WALID AREM,CO_TUNISIENNE_DEQUIPEMENT_STEQ,SOCIETE TUNISIENNE DEQUIPEMENT STEQ,0.887,ambiguous,1.0,0.963,0.0,1.0,1.0,14,0.0,PERSON_AREM_MOHAMED_WALID,1,2008-06-27,2008-06-27,5,1,PERSON_AREM_MOHAMED_WALID,"- la nomination de Mr Mohamed Walid Arem et Mr Mehdi Arem, en qualité d'administrateurs, et ce, pour une période de trois ans,"
Morsy Dimassi||Nomination d'un nouveau Directeur Général,Morsy Dimassi,Nomination d'un nouveau Directeur Général,908262Q,PERSON_DIMASI_MORSY,MORSY DIMASSI,,,0.475,ambiguous,1.0,0.0,0.0,0.5,1.0,5,0.26,PERSON_DIMASI_MORSI,1,2009-11-12,2009-11-12,5,1,PERSON_DIMASI_MORSY,- Nomination de Monsieur Bara Alaya directeur général de la société en remplacement de Monsieur Morsy Dimassi.
Riahi Leila||IRIS Cabinet de Formation Continue,Riahi Leila,IRIS Cabinet de Formation Continue,1103359H,PERSON_RIAHI_LEILA,LEILA RIAHI,CO_IRIS,SOCIETE IRIS,0.5,ambiguous,1.0,0.0,1.0,0.0,1.0,2,0.45,PERSON_KHADHRAOUI_MEHDI,1,2009-05-25,2009-05-25,5,1,PERSON_LEILA_RIAHI,"Gérance : Mme Riahi Leila, épouse Gaieb a été nommée gérante avec les pouvoirs les plus étendus."
SELLAMI TAREK||Société de transformation des Métaux,SELLAMI TAREK,Société de transformation des Métaux,1119338J,PERSON_SELAMI_TAREK,TAREK SELLAMI,CO_TRANSFORMATION_METAUX,SOCIETE TRANSFORMATION DES METAUX,0.5,ambiguous,1.0,0.0,1.0,0.0,1.0,4,0.5,PERSON_ZGHAL_AKRAM,1,2009-10-03,2009-10-03,5,1,PERSON_TAREK_SELAMI,Gérance : Mr SELLAMI TAREK a été nommé gérant pour une durée indéterminée avec tous les pouvoirs les plus étendus.
Salah OMRI||Renouvellement du mandat des Administrateurs,Salah OMRI,Renouvellement du mandat des Administrateurs,,PERSON_OMRI_SALAH,SALAH OMRI,,,0.475,ambiguous,1.0,0.0,0.0,0.5,1.0,2,0.335,PERSON_OMRI_SAMIRA,1,2010-06-18,2010-06-18,5,1,PERSON_OMRI_SALAH,"- Le renouvellement du mandat de M. Taoufik Chaibi, M.M'hamed Ali Souissi, M.Nabil Chaibi, M.Khelil Chaibi, M. Salah OMRI, M. Abderraouf Bouguerra et la société Al Maaden et ce en qualité d'administra"
Sallami Tarak||SOCIETE POLY - SOFT,Sallami Tarak,SOCIETE POLY - SOFT,,PERSON_SELAMI_TAREK,TAREK SELLAMI,CO_POLY_SOFT,SOCIETE POLY SOFT,0.68,ambiguous,0.8,1.0,0.0,0.0,1.0,1,0.68,,1,2011-12-12,2011-12-12,5,1,PERSON_TARAK_SALAMI,Gérance : Monsieur Sallami Tarak a été nommé gérant de la Société pour 3 ans.
Samir Bouricha||SOCIETE D'ARMEMENT ET DE CONSTRUCTION NAVALES SACNA,Samir Bouricha,SOCIETE D'ARMEMENT ET DE CONSTRUCTION NAVALES SACNA,537107Q,PERSON_BOURICHA_SAMIR,SAMIR BOURICHA,CO_DARMEMENT_CONSTRUCTION_NAVALES_SACNA,SOCIETE DARMEMENT ET DE CONSTRUCTION NAVALES SACNA,0.6952,ambiguous,1.0,0.986,0.0,0.0,0.0,10,0.3452,PERSON_BOURICHA_SAMI,1,2010-11-02,2010-11-02,5,1,PERSON_BOURICHA_SAMIR,"Suivant acte sous seing privé daté le 21 octobre 2010 enregistré à la recette de l'enregistrement des actes de sociétés à Sfax le 2 novembre 2010, sous le n° 10105983, quittance M006325, Mr Samir Bour"
Sonia Miled||Société Sinutex,Sonia Miled,Société Sinutex,,PERSON_MILED_SONIA,SONIA MILED,,,0.5,ambiguous,1.0,0.0,0.0,1.0,0.0,4,0.21,PERSON_MILED_SANDRA,1,2008-05-28,2008-05-28,5,1,PERSON_MILED_SONIA,"1/- Suivant contrat de cession de parts sociales en date du 28 mai 2008 enregistré à la recette de l'enregistrement des actes de sociétés premier bureau Tunis le 24 juillet 2008 sous le n° 8106960, qu"
Sonia Toumi||Société S2I,Sonia Toumi,Société S2I,,PERSON_SLAMA_SONIA_TOUMI,SONIA TOUMI SLAMA,CO_S2I,SOCIETE S2I,0.6975,ambiguous,0.85,1.0,0.0,0.0,1.0,4,0.5075,PERSON_TOUMI_SLAH,1,2008-02-19,2008-02-19,5,1,PERSON_TOUMI_SONIA,Gérant : M Mohamed Ali Slama et Mme Sonia Toumi.
Sonia Triki||Société ALLIANCE &amp; CO,Sonia Triki,Société ALLIANCE &amp; CO,,PERSON_TRIKI_SONIA,SONIA TRIKI,,,0.55,ambiguous,1.0,0.0,0.0,1.0,1.0,33,0.15,PERSON_TRIKI_SONIA_NATALIE_MICHELE,1,2012-02-14,2012-02-14,5,1,PERSON_TRIKI_SONIA,"La nomination de M. Sehil Triki, nouveau gérant de la société avec les pouvoirs les plus étendus, en remplacement de la gérante démissionnaire Mlle Sonia Triki. L'approbation de l'acte de cession daté"
Tahar El Materi||Société Nefissa Immobilière Nefissa,Tahar El Materi,Société Nefissa Immobilière Nefissa,,PERSON_MATERI_TAHER,TAHER MATERI,CO_NEFISSA_IMMOBILIERE,SOCIETE NEFISSA IMMOBILIERE,0.6806,ambiguous,0.857,0.944,0.0,0.0,1.0,1,0.6806,,1,2008-03-07,2008-03-07,5,1,PERSON_ELMATERI_TAHAR,"Gérance : Monsieur Tahar El Materi est nommé gérant de la société, avec pleins pouvoirs, et ce, pour une période indéterminée."
Yassine Guermazi||Société Huilerie d'olive Regueb,Yassine Guermazi,Société Huilerie d'olive Regueb,1201378J,PERSON_GUERMAZI_YASINE,YASSINE GUERMAZI,CO_HUILE_DOLIVE_REGUEB,HUILE DOLIVE REGUEB,0.5,ambiguous,1.0,0.0,0.0,1.0,0.0,1,0.5,,1,2012-10-02,2012-10-02,5,1,PERSON_GUERMAZI_YASINE,"Suivant actes sous-seing privé conclus le 18 Juin 2012 enregistré à la Recette des Finances Regueb le 28/6/2012 sous n° 12100973, quittance n°M011581. Mr Jamel Fendri a cédé 83 parts de ses parts soci"
Yassine Guermazi||Société Méditerranéenne de Sanitaire vente en détail SMS détail,Yassine Guermazi,Société Méditerranéenne de Sanitaire vente en détail SMS détail,1085092V,PERSON_GUERMAZI_YASINE,YASSINE GUERMAZI,CO_SANITAIRE,LE SANITAIRE,0.5,ambiguous,1.0,0.0,1.0,0.0,1.0,1,0.5,,1,2008-12-31,2008-12-31,5,1,PERSON_GUERMAZI_YASINE,Gérance : M. Yassine Guermazi est nommé gérant dans les statuts et ce pour une durée indéterminée.
Yosr Messadi||SNACKS TUNISIA,Yosr Messadi,SNACKS TUNISIA,1222843D,PERSON_MESADI_YOSR,YOSR MESSADI,CO_SNACKS_TUNISIA,SNACKS TUNISIA,0.575,ambiguous,1.0,0.0,1.0,0.5,1.0,2,0.525,PERSON_JAIDANE_RIADH,1,2011-10-31,2011-10-31,5,1,PERSON_MESADI_YOSR,Monsieur Riadh Jaidane représentant permanent de la société ATD-SICAR Mademoiselle Yosr Messadi.
Younes Ferchiou||Diverses résolutions,Younes Ferchiou,Diverses résolutions,850580N,PERSON_FERCHIOU_YOUNES,YOUNES FERCHIOU,,,0.55,ambiguous,1.0,0.0,0.0,1.0,1.0,1,0.55,,1,2009-12-02,2009-12-02,5,1,PERSON_FERCHIOU_YOUNES,"- Renouvellement du mandat des administrateurs qui sont Mr Slim Zarrouk, Mr Younes Ferchiou et Mr Patrick Findeling pour une durée de 3 ans."
Adly Bellagha||Sté Saida,Adly Bellagha,Sté Saida,433043S,PERSON_BELAGHA_ADLY,ADLY BELLAGHA,CO_SAIDA_GROUP_HOLDING,SAIDA GROUP HOLDING,0.5,ambiguous,1.0,0.0,1.0,0.0,1.0,13,0.31,PERSON_BELAGHA_AMEL,1,2012-06-16,2012-06-16,4,1,PERSON_BELAGHA_ADLY,5- Désigne comme administrateurs du conseil d'administration ; Monsieur Adly Bellagha
Ali MHIRI Président Directeur Général||Société ALKIMIA-Packaging,Ali MHIRI Président Directeur Général,Société ALKIMIA-Packaging,,PERSON_MHIRI_ALI,ALI MHIRI,CO_ALKIMIA_PACKAGING,ALKIMIA PACKAGING,0.6975,ambiguous,0.85,1.0,0.0,0.0,1.0,5,0.6475,PERSON_DOGHRI_HASINE,1,2012-05-10,2012-05-10,4,1,PERSON_GENERAL_ALI_MHIRI_PRESIDENT_DIRECTEUR,2) Suivant procès-verbal du conseil d'Administration du 10 Mai 2012 enregistré le 11 Mai 2012 sous le n° 12802796 quittance n° 34320 à la recette des Finances cité Mahrajène-Tunis et dont deux exempla
Ali MHIRI Président Directeur Général||Société Chimique ALKIMIA,Ali MHIRI Président Directeur Général,Société Chimique ALKIMIA,,PERSON_MHIRI_ALI,ALI MHIRI,CO_CHIMIQUE_ALKIMIA,SOCIETE CHIMIQUE ALKIMIA,0.6975,ambiguous,0.85,1.0,0.0,0.0,1.0,9,0.6475,PERSON_DRIS_HICHEM,1,2012-05-15,2012-05-15,4,1,PERSON_GENERAL_ALI_MHIRI_PRESIDENT_DIRECTEUR,2) Suivant procès-verbal du conseil d'administration du 15 Mai 2012 enregistré le 16 Mai 2012 sous le n° 12802921 quittance n° 35388 à la recette des Finances cité Mahrajène-Tunis et dont deux exempla
Amine Ben Ayed||Société Tunisienne Des Filtres MISFAT,Amine Ben Ayed,Société Tunisienne Des Filtres MISFAT,554190A,PERSON_BENAYED_AMIN,AMIN BEN-AYED,CO_TUNISIENNE_FILTRES_MISFAT,SOCIETE TUNISIENNE DES FILTRES MISFAT,0.85,ambiguous,1.0,1.0,1.0,0.0,1.0,27,0.0,PERSON_BENAYED_AMINE,1,2009-06-22,2009-06-22,4,1,PERSON_BENAYED_AMINE,Directeur Général: Monsieur Amine Ben Ayed de nationalité Tunisienne
Brahim Slama||Autorisation de la Création d'une filiale au Maroc,Brahim Slama,Autorisation de la Création d'une filiale au Maroc,,PERSON_SLAMA_BRAHIM,BRAHIM SLAMA,,,0.5,ambiguous,1.0,0.0,0.0,1.0,0.0,6,0.21,PERSON_SLAMA_BADRA,1,2011-01-18,2011-01-18,4,1,PERSON_SLAMA_BRAHIM,"4) Par acte sous seing privé en date du 7 Avril 2011 enregistré à la Recette des finances Bouargoub en date du 26 Avril 2011 sous le n°11100207, quittance n°M004033, Monsieur Chihebeddine Slama, Mr Gh"
Chamseddine Mehrez||ENNADHAFA 2,Chamseddine Mehrez,ENNADHAFA 2,1241507W,PERSON_MEHREZ_CHAMSEDINE,CHAMSEDDINE MEHREZ,,,0.475,ambiguous,1.0,0.0,0.0,0.5,1.0,1,0.475,,1,2012-03-07,2012-03-07,4,1,PERSON_MEHREZ_CHAMSEDINE,"Le Premier Conseil d'Administration réuni le 14/3/2012 et enregistré à la recette des finances de Nabeul le 19/3/2012 sous le n°12801734 Quittance n°27761, a nommé Monsieur Mohamed El Fehry Mehrez en "
Chamseddine Mehrez||Société CIBO 2000 SARL,Chamseddine Mehrez,Société CIBO 2000 SARL,40050H,PERSON_MEHREZ_CHAMSEDINE,CHAMSEDDINE MEHREZ,,,0.475,ambiguous,1.0,0.0,0.0,0.5,1.0,1,0.475,,1,2010-05-05,2010-05-05,4,1,PERSON_MEHREZ_CHAMSEDINE,- La nomination de Mr Chamseddine Mehrez en qualité de gérant pour un mandat de trois ans avec les pouvoirs les plus étendus.
Chamseddine Mehrez||Société Négoce &amp; Distribution SA N&amp;D,Chamseddine Mehrez,Société Négoce &amp; Distribution SA N&amp;D,572238B,PERSON_MEHREZ_CHAMSEDINE,CHAMSEDDINE MEHREZ,CO_NEGOCE_DISTRIBUTION,SOCIETE NEGOCE ET DISTRIBUTION,0.65,ambiguous,1.0,0.0,1.0,1.0,1.0,1,0.65,,1,2010-05-05,2010-05-05,4,1,PERSON_MEHREZ_CHAMSEDINE,- La nomination de Monsieur Chamseddine Mehrez en qualité de directeur Général de la société.
Chamseddine Mehrez||Société PRO CLEAN SARL,Chamseddine Mehrez,Société PRO CLEAN SARL,,PERSON_MEHREZ_CHAMSEDINE,CHAMSEDDINE MEHREZ,,,0.475,ambiguous,1.0,0.0,0.0,0.5,1.0,1,0.475,,1,2010-05-05,2010-05-05,4,1,PERSON_MEHREZ_CHAMSEDINE,- La nomination de Monsieur Chamseddine Mehrez en qualité de gérant pour une durée de trois ans avec les pouvoirs les plus étendus.
Damak Mohamed||Société Générale pour le Négoc et le Commerce en Gros,Damak Mohamed,Société Générale pour le Négoc et le Commerce en Gros,1131579B,PERSON_DAMAK_MOHAMED,MOHAMED DAMAK,CO_GENERALE,SOCIETE GENERALE,0.5,ambiguous,1.0,0.0,1.0,0.0,1.0,2,0.45,PERSON_KOOLI_ALI,1,2010-01-19,2010-01-19,4,1,PERSON_MOHAMED_DAMAK,Gérance : Monsieur Damak Mohamed est nommé gérant de la société pour une période illimitée avec les pouvoirs les plus étendus.
Dammak Mohamed||SODAC,Dammak Mohamed,SODAC,1099720Y,PERSON_DAMAK_MOHAMED,MOHAMED DAMAK,CO_DEVELOPPEMENT_AGRICOLE_CHOUIGUI_SODAC,SOCIETE DE DEVELOPPEMENT AGRICOLE CHOUIGUI SODAC,0.5,ambiguous,1.0,0.0,1.0,0.0,1.0,2,0.5,PERSON_HORCHANI_KAMEL,1,2009-05-15,2009-05-15,4,1,PERSON_MOHAMED_DAMAK,Gérance : Mr Dammak Mohamed est nommé gérant de la société pour une durée illimitée.
Dario Filippini||Société de gestion et d'Animation,Dario Filippini,Société de gestion et d'Animation,954729Q,PERSON_FILIPINI_DARIO,DARIO FILIPPINI,CO_GESTION_D_ANIMATION_TOURISTIQUE_ITALIA_SGATI,"SOCIETE DE GESTION ET D'ANIMATION TOURISTIQUE ITALIA ""SGATI""",0.525,ambiguous,1.0,0.0,1.0,0.5,0.0,3,0.45,PERSON_MATALO_MARIO,1,2008-01-29,2008-01-29,4,1,PERSON_FILIPINI_DARIO,"- La Démission de Monsieur Dario Filippini de la gérance,"
Farah Chaabane||Société Tunisienne de Recyclage des métaux STRM,Farah Chaabane,Société Tunisienne de Recyclage des métaux STRM,,PERSON_CHAABANE_FARAH,FARAH CHAABANE,CO_STRM,STRM +,0.475,ambiguous,1.0,0.0,0.0,0.5,1.0,18,0.26,PERSON_CHAABANE_FARES_BENABIL,1,2009-08-28,2009-08-28,4,1,PERSON_CHAABANE_FARAH,Suivant l'acte de cession de parts en date du 28/8/2009 enregistré le 2/9/2009 sous le n° 005348 ainsi que du PV d'AGE en date du 2/9/2009 enregistré à la recette des finances de la rue de liberté dép
Ferdaous Loulou Ep Hammami||Honey Moon,Ferdaous Loulou Ep Hammami,Honey Moon,,PERSON_HAMAMI_FERDAOUS_LOULOU,FERDAOUS LOULOU HAMMAMI,CO_HONEY_MOON,HONEY MOON,0.6975,ambiguous,0.85,1.0,0.0,0.0,1.0,2,0.6475,PERSON_KHEMAKHEM_MONCEF,1,2011-07-27,2011-07-27,4,1,PERSON_LOULOU_FERDAOUS,Gérance : Mme Ferdaous Loulou Ep Hammami est nommée gérante de la société pour un durée illimitée.
Hafedh Hemayed||Société IMPERIAL FISH,Hafedh Hemayed,Société IMPERIAL FISH,1214435T,PERSON_HEMAYED_HAFEDH,HAFEDH HEMAYED,CO_IMPERIAL_FISH,IMPERIAL FISH,0.5,ambiguous,1.0,0.0,1.0,0.0,1.0,2,0.36,PERSON_HEMAYED_HAMED_AMINE,1,2011-09-23,2011-09-23,4,1,PERSON_HEMAYED_HAFEDH,"Premier Conseil d'administration : en date du 23/9/2011, enregistré à la recette de l'enregistrement des actes de sociétés à Sousse le 26/9/2011 sous n°11801856 Quittance n°M001995, il a été mentionné"
Hafedh Hemayed||Société Novazur Distribution,Hafedh Hemayed,Société Novazur Distribution,1261535L,PERSON_HEMAYED_HAFEDH,HAFEDH HEMAYED,CO_NOVAZUR_DISTRIBUTION,NOVAZUR DISTRIBUTION,0.5,ambiguous,1.0,0.0,1.0,0.0,1.0,2,0.36,PERSON_HEMAYED_HAMED_AMINE,1,2012-08-06,2012-08-06,4,1,PERSON_HEMAYED_HAFEDH,- la nomination de M. Hafedh Hemayed en tant que Président Directeur Général de la société pour toute la durée de son mandat d'administrateur.
Hafedh Hemayed||Société ROYAL DRINKS,Hafedh Hemayed,Société ROYAL DRINKS,1181267P,PERSON_HEMAYED_HAFEDH,HAFEDH HEMAYED,CO_ROYAL_DRINKS,ROYAL DRINKS,0.5,ambiguous,1.0,0.0,1.0,0.0,1.0,3,0.36,PERSON_HEMAYED_HAMED_AMINE,1,2010-12-24,2010-12-24,4,1,PERSON_HEMAYED_HAFEDH,- la nomination de M. Hafedh Hemayed en tant que président directeur général de la société pour toute la durée de son mandat d'administrateur.
Hafedh Hemayed||Société ROYAL JUICE,Hafedh Hemayed,Société ROYAL JUICE,1184889L,PERSON_HEMAYED_HAFEDH,HAFEDH HEMAYED,CO_ROYAL_JUICE,ROYAL JUICE,0.5,ambiguous,1.0,0.0,1.0,0.0,1.0,2,0.36,PERSON_HEMAYED_HAMED_AMINE,1,2011-01-13,2011-01-13,4,1,PERSON_HEMAYED_HAFEDH,- la nomination de M. Hafedh Hemayed en tant que président directeur général de la société pour toute la durée de son mandat d'administrateur.
Hedia Ben Ayed||Société ANDY SARL,Hedia Ben Ayed,Société ANDY SARL,1200084S,PERSON_BENAYED_HEDI,HEDI BEN-AYED,CO_ANDY_ENGINEERING_TUNISIA,ANDY ENGINEERING TUNISIA,0.5,ambiguous,1.0,0.0,1.0,0.0,1.0,6,0.31,PERSON_BENAYED_HANEN_FEKI,1,2012-03-23,2012-03-23,4,1,PERSON_BENAYED_HEDIA,- acceptation des démissions des cogérantes de la société Ines Toumi et Hedia Ben Ayed et Nadia Zarrouk demeure l'unique gérante de la société.
Houeïda MEDDEB||SOCIET BOISSONS DU CAP BONSA SBC,Houeïda MEDDEB,SOCIET BOISSONS DU CAP BONSA SBC,783152T,PERSON_MEDEB_HOUEIDA,HOUEIDA MEDDEB,CO_STEEL_BULDING_CONCEPT_TUNISIE,STEEL BULDING CONCEPT TUNISIE SBC,0.475,ambiguous,1.0,0.0,0.0,0.5,1.0,3,0.0,PERSON_MEDEB_HOUEIDA_NASRA,1,2011-05-23,2011-05-23,4,1,PERSON_MEDEB_HOUEIDA,"7. Renouvellement du mandat des administrateurs à savoir Monsieur Mohamed MEDDEB, Madame Houeïda MEDDEB et la Centrale Laitière du Cap-Bon SA «CLC» pour une nouvelle période de trois ans."
Jallila Reguig||Société Bouricha de Promotion Immobilière,Jallila Reguig,Société Bouricha de Promotion Immobilière,,PERSON_BOURICHA_JALILA_REGUIG,JALILA REGUIG BOURICHA,CO_BOURICHA_PROMOTION_IMMOBILIERE,BOURICHA DE PROMOTION IMMOBILIERE,0.6975,ambiguous,0.85,1.0,0.0,0.0,1.0,1,0.6975,,1,2008-02-26,2008-02-26,4,1,PERSON_REGUIG_JALILA,Gérance : Mme Jallila Reguig épouse Bouricha est désignée gérante de la société pour une durée de vingt ans.
Karay Slim||SOCIETE 3D+,Karay Slim,SOCIETE 3D+,1069937Y,PERSON_KARAY_SLIM,SLIM KARRAY,CO_3D,3D,0.5,ambiguous,1.0,0.0,1.0,0.0,1.0,2,0.45,PERSON_DRIRA_MOHAMED,1,2009-06-30,2009-06-30,4,1,PERSON_SLIM_KARAY,- Nomination de Mr Karay Slim nouveau 1er gérant de la Société et Mr Khemekhem Mohamed reste 2ème gérant.
Khaled Taktak||Centrale Laitière de Sidi Bouzid -SA- CLSB,Khaled Taktak,Centrale Laitière de Sidi Bouzid -SA- CLSB,1201903H,PERSON_TAKTAK_KHALED,KHALED TAKTAK,CO_CENTRALE_LAITIERE_SIDI_BOUZID,CENTRALE LAITIERE DE SIDI BOUZID CLSB,0.5,ambiguous,1.0,0.0,1.0,0.0,1.0,8,0.375,PERSON_DJILANI_NEDIA_MEDEB,1,2011-05-10,2011-05-10,4,1,PERSON_TAKTAK_KHALED,"La Société Tuniso-Saoudienne de Participation et de Placement ""TSPP""-SA- Représentée par Mr. Khaled Taktak"
Kilani ZIADI||Société Comptoir des Produits d'Imprimerie CPI,Kilani ZIADI,Société Comptoir des Produits d'Imprimerie CPI,,PERSON_ZIEDI_KILANI,KILANI ZIEDI,CO_COMPTOIR_PRODUITS_DIMPRIMERIE_CPI,SOCIETE COMPTOIR DES PRODUITS DIMPRIMERIE CPI,0.6748,ambiguous,0.8,0.985,0.0,0.0,1.0,3,0.3248,PERSON_ZIADI_KILANI,1,2010-06-08,2010-06-08,4,1,PERSON_ZIADI_KILANI,Gérance : Mr Kilani ZIADI est nommé gérant.
Loumi Mohamed Moncef||Société SOTES Immobilière,Loumi Mohamed Moncef,Société SOTES Immobilière,,PERSON_ELOUMI_MONCEF,MONCEF ELLOUMI,CO_SOTES_IMMOBILIERE,SOTES IMMOBILIERE,0.7,ambiguous,1.0,1.0,0.0,0.0,0.0,3,0.0269,PERSON_ELOUMI_MOHAMED_MONCEF,1,2010-03-24,2010-03-24,4,1,PERSON_MONCEF_LOUMI_MOHAMED,"Il appert du contrat de cession des parts sociales en date du 11/02/2010 enregistré à Sfax le 5/3/2010 sous le n°10101240 quittance n° M001310, que la société Tunisienne d'Equipement Sanitaire S.O.T.E"
MOHAMED DKHILI||GROUPE DES ASSURANCES DE TUNISIE GAT,MOHAMED DKHILI,GROUPE DES ASSURANCES DE TUNISIE GAT,,PERSON_DKHILI_MOHAMED,MOHAMED DKHILI,CO_GROUPE_ASSURANCES_TUNISIE,GROUPE DES ASSURANCES DE TUNISIE,0.475,ambiguous,1.0,0.0,0.0,0.5,1.0,2,0.425,PERSON_MABROUK_MOHAMED_MARWEN,1,2008-02-29,2008-02-29,4,1,PERSON_DKHILI_MOHAMED,DIRECTEUR GENERAL : M. MOHAMED DKHILI
Mahfoudh Barouni||BANQUE ZITOUNA,Mahfoudh Barouni,BANQUE ZITOUNA,1120822H,PERSON_BAROUNI_MAHFOUDH,MAHFOUDH BAROUNI,CO_BANQUE_ZITOUNA,BANQUE ZITOUNA,0.5,ambiguous,1.0,0.0,1.0,0.0,1.0,17,0.36,PERSON_BAROUNI_MOHAMED_NEJIB,1,2009-09-07,2009-09-07,4,1,PERSON_BAROUNI_MAHFOUDH,- de nommer M. Mahfoudh Barouni en tant que Directeur Général pour une durée de trois ans;
Malek Ellouze||Société de Promotion Touristique Mohamed V,Malek Ellouze,Société de Promotion Touristique Mohamed V,982975L,PERSON_ELOUZE_MALEK,MALEK ELLOUZE,CO_PROMOTION_TOURISTIQUE_MOHAMED_V,SOCIETE DE PROMOTION TOURISTIQUE MOHAMED V,0.575,ambiguous,1.0,0.0,1.0,0.5,1.0,2,0.435,PERSON_ELOUZE_MOHAMED_RIDHA,1,2008-09-24,2008-09-24,4,1,PERSON_ELOUZE_MALEK,"- L'assemblée générale ordinaire ratifie la nomination de Monsieur Majed Ben Amor, Mr Malek Ellouze et Mr Ahmed Ben Saïd en qualité d'administrateurs."
Med Néjib Hamrouni||Société SOCOMER SARL,Med Néjib Hamrouni,Société SOCOMER SARL,,PERSON_HAMROUNI_MOHAMED_NEJIB,MOHAMED NEJIB HAMROUNI,CO_SOCOMER,SOCOMER,0.595,ambiguous,0.7,1.0,0.0,0.0,0.0,36,0.455,PERSON_HAMROUNI_MAJED,1,2008-08-25,2008-08-25,4,1,PERSON_HAMROUNI_MED_NEJIB,"Suivant procès-verbal sous seing privé du 25 août 2008, enregistré à la recette des finances de Mégrine le 6 octobre 2008, sous le n° 08702915, quittance n° M046836, dont deux exemplaires ont été dépo"
Moez Joudi||FORMAPRO,Moez Joudi,FORMAPRO,1116832F,PERSON_JOUDI_MOEZ,MOEZ JOUDI,,,0.55,ambiguous,1.0,0.0,0.0,1.0,1.0,1,0.55,,1,2009-07-13,2009-07-13,4,1,PERSON_JOUDI_MOEZ,(ii) Monsieur Moez Joudi comme Directeur Général de la société pour toute la durée de son mandat d'administrateur; et
Mohamed Amine Slama||Renouvellement du mandat des administrateurs,Mohamed Amine Slama,Renouvellement du mandat des administrateurs,,PERSON_SLAMA_MOHAMED_AMIN,MOHAMED AMIN SLAMA,,,0.55,ambiguous,1.0,0.0,0.0,1.0,1.0,29,0.15,PERSON_SLAMA_MOHAMED,1,2010-09-07,2010-09-07,4,1,PERSON_SLAMA_MOHAMED_AMINE,"- Le renouvellement du mandat de Mr Tarak Slama, Mr Abdelhakim Slama, Mr Mohamed Amine Slama, Mr Lassaad Slama, Société INTERNATIONAL SICAR, Société SLAMA FRERES, Société STAF et la Société GIAS et ce"
Mohamed DAMAK||Société United Contact Center UCC,Mohamed DAMAK,Société United Contact Center UCC,1133094S,PERSON_DAMAK_MOHAMED,MOHAMED DAMAK,CO_UNITED_CONTACT_CENTER,UNITED CONTACT CENTER UCC,0.525,ambiguous,1.0,0.0,1.0,0.5,0.0,6,0.385,PERSON_DAMAK_MOUNIR,1,2010-01-25,2010-01-25,4,1,PERSON_DAMAK_MOHAMED,"- Nomination en qualité de premiers Administrateurs pour une durée de trois ans de Mr Ridha SLAMA, Mr Mohamed Fethi El BAHRI, Mr Ahmed ELLOUMI, Mr Mohamed DAMAK et Mme Hanen GHORBEL."
Mohamed Dammak||Sté El Baraka Dammak et Cie,Mohamed Dammak,Sté El Baraka Dammak et Cie,1177573S,PERSON_DAMAK_MOHAMED,MOHAMED DAMAK,CO_EL_BARAKA,SOCIETE EL-BARAKA,0.5,ambiguous,1.0,0.0,1.0,0.0,1.0,7,0.31,PERSON_DAMAK_MOUNIR,1,2009-12-01,2009-12-01,4,1,PERSON_DAMAK_MOHAMED,Gérant: Mr Mohamed Dammak avec les pouvoirs étendus.
Mohamed Fourati||TRANSFORMATION DE SARL EN STE ANONYME,Mohamed Fourati,TRANSFORMATION DE SARL EN STE ANONYME,,PERSON_FOURATI_MOHAMED,MOHAMED FOURATI,,,0.475,ambiguous,1.0,0.0,0.0,0.5,1.0,3,0.125,PERSON_FOURATI_MOHAMED_HEDI,1,2010-04-26,2010-04-26,4,1,PERSON_FOURATI_MOHAMED,"- Audit acte ont été désignées: Administrateurs Mr Abdelkader Hamrouni, Mr Mohamed Fourati, Mr. Abdellatif Hamrouni et Mr. Kheireddine Hamrouni."
Mohamed Guermazi||Société de Bourse De Tunisie,Mohamed Guermazi,Société de Bourse De Tunisie,539126C,PERSON_GUERMAZI_MOHAMED,MOHAMED GUERMAZI,CO_BOURSE_TUNISIE,SOCIETE DE BOURSE DE TUNISIE,0.5,ambiguous,1.0,0.0,1.0,0.0,1.0,4,0.45,PERSON_JENDOUBI_KAMEL,1,2008-08-30,2008-08-30,4,1,PERSON_GUERMAZI_MOHAMED,"- le renouvellement du mandat de Mr Mohamed Guermazi, La Banque de Tunisie, La Compagnie d'Assurances et de Réassurances Astrée et la Générale de Participations de Tunisie SICAF en tant qu'administrat"
Mohamed Sahbi Ben Amor||Assemblée générale extraordinaire,Mohamed Sahbi Ben Amor,Assemblée générale extraordinaire,1119848C,PERSON_BENAMOR_MOHAMED,MOHAMED BEN-AMOR,CO_GENERALE,SOCIETE GENERALE,0.5,ambiguous,1.0,0.0,1.0,0.0,1.0,5,0.31,PERSON_BENAMOR_MAJED,1,2012-05-18,2012-05-18,4,1,PERSON_BENAMOR_MOHAMED_SAHBI,3) Nomination de Monsieur Mohamed Sahbi Ben Amor gérant.
Mohsen Boujbel||SOCIETE NOUVELLE DE BRASSERIE DISTRIBUTION SONOBRA-DISTRIBUTION,Mohsen Boujbel,SOCIETE NOUVELLE DE BRASSERIE DISTRIBUTION SONOBRA-DISTRIBUTION,1058118J,PERSON_BOUJBEL_MOHSEN,MOHSEN BOUJBEL,CO_MB_DISTRIBUTION,SOCIETE MB DISTRIBUTION,0.475,ambiguous,1.0,0.0,0.0,0.5,1.0,6,0.285,PERSON_BOUJBEL_MOHAMED_AMIN,1,2011-01-26,2011-01-26,4,1,PERSON_BOUJBEL_MOHSEN,- La démission de Monsieur Said Boujbel en sa qualité de Président du Conseil d'Administration de la société et la nomination de Monsieur Mohsen Boujbel en sa qualité de Président de Conseil d'Adminis
Mondher Slama||Nomination d'un gérant,Mondher Slama,Nomination d'un gérant,1008727C,PERSON_SLAMA_MONDHER,MONDHER SLAMA,,,0.475,ambiguous,1.0,0.0,0.0,0.5,1.0,29,0.125,PERSON_SLAMA_MONDHER_BENMOHAMED,1,2012-10-25,2012-10-25,4,1,PERSON_SLAMA_MONDHER,"- La nomination de Mr Mondher Slama, comme gérant de la société pour la période restante du mandat de l'ancien gérant."
Nabil B Hmida Trabelsi||société Trabelsi Palettes,Nabil B Hmida Trabelsi,société Trabelsi Palettes,1114831W,PERSON_TRABELSI_NABIL,NABIL TRABELSI,CO_TRABELSI,SOCIETE ENTREPRISE TRABELSI,0.5,ambiguous,1.0,0.0,1.0,0.0,1.0,4,0.31,PERSON_TRABELSI_MOHAMED,1,2009-09-29,2009-09-29,4,1,PERSON_TRABELSI_NABIL_B_HMIDA,Gérance : Mr. Nabil B Hmida Trabelsi est nommé gérant de la société avec les pouvoirs les plus étendus.
Nabil Trabelsi||SOCIETE DE CONGELATION DE TOUS PRODUITS DE MER ET AGRICOLE,Nabil Trabelsi,SOCIETE DE CONGELATION DE TOUS PRODUITS DE MER ET AGRICOLE,4179779R,PERSON_TRABELSI_NABIL,NABIL TRABELSI,CO_CONGELATION_TOUS_PRODUITS_PECHE_AGRICOLE_SOCEPA,SOCIETE DE CONGELATION DE TOUS PRODUITS DE PECHE ET AGRICOLE SOCEPA,0.6806,ambiguous,1.0,0.944,0.0,0.0,0.0,7,0.5406,PERSON_TRABELSI_NIDHAL,1,2011-02-10,2011-02-10,4,1,PERSON_TRABELSI_NABIL,- Nomination de Monsieur Nabil Trabelsi en tant que liquidateur.
Nedra Baizig||Amwell Capital Ventures,Nedra Baizig,Amwell Capital Ventures,,PERSON_BAIZIG_NEDRA,NEDRA BAIZIG,,,0.55,ambiguous,1.0,0.0,0.0,1.0,1.0,1,0.55,,1,2011-06-24,2011-06-24,4,1,PERSON_BAIZIG_NEDRA,"Le renouvellement du mandat de : M. Férid Abbas, M. Hamadi Abbas, M. Saddredine Abbas, Mlle Chiraz ABBAS et Mme Nedra Baizig en qualité d'administrateurs et ce pour un mandat de 3 ans qui se terminera"
Radhouane Chabene||SOCIETE IDEALE QUINCAILLERIE SIDEQ,Radhouane Chabene,SOCIETE IDEALE QUINCAILLERIE SIDEQ,,PERSON_CHAABANE_RADHOUANE,RADHOUANE CHAABANE,CO_SIDEQ,SIDEQ,0.63,ambiguous,0.8,1.0,0.0,0.0,0.0,1,0.63,,1,2010-03-02,2010-03-02,4,1,PERSON_CHABENE_RADHOUANE,"Suivant PV de l'AGE du 2/3/2010 enregistré à la recette des finances Cité Ettadhamen enregistrement n° 10800766, quittance n° M013615, et acte de cession du 2/3/2010 enregistré à la recette des financ"
SLIM KARRAY||Société TANIT EMBALLAGES .SA,SLIM KARRAY,Société TANIT EMBALLAGES .SA,1142038K,PERSON_KARAY_SLIM,SLIM KARRAY,CO_TANIT_EMBALLAGE,TANIT EMBALLAGE,0.6767,ambiguous,1.0,0.933,0.0,0.0,0.0,3,0.4867,PERSON_KARAY_SANA,1,2010-03-01,2010-03-01,4,1,PERSON_KARAY_SLIM,"**Nomination** des premiers administrateurs pour une durée de 3 Ans 2010, 2011, 2012 Monsieur SLIM KARRAY."
Sahbi Knani||Banque de Tunisie - SICAR,Sahbi Knani,Banque de Tunisie - SICAR,,PERSON_KNANI_SAHBI,SAHBI KNANI,CO_TUNISIE_SICAR,TUNISIE SICAR,0.55,ambiguous,1.0,0.0,0.0,1.0,1.0,3,0.5,PERSON_ANANE_BRAHIM,1,2008-12-25,2008-12-25,4,1,PERSON_KNANI_SAHBI,- désigne comme premiers administrateurs pour une durée qui prendra fin à l'Assemblée Générale Ordinaire qui délibérera sur l'approbation des comptes du premier exercice social et qui renouvellera le 
Sehil Triki||Société ALLIANCE &amp; CO,Sehil Triki,Société ALLIANCE &amp; CO,,PERSON_TRIKI_SEHIL,SEHIL TRIKI,,,0.55,ambiguous,1.0,0.0,0.0,1.0,1.0,33,0.21,PERSON_TRIKI_SONIA,1,2012-02-14,2012-02-14,4,1,PERSON_TRIKI_SEHIL,"La nomination de M. Sehil Triki, nouveau gérant de la société avec les pouvoirs les plus étendus, en remplacement de la gérante démissionnaire Mlle Sonia Triki. L'approbation de l'acte de cession daté"
Sellami Karim||Assemblée générale extraordinaire,Sellami Karim,Assemblée générale extraordinaire,1164300Z,PERSON_SELAMI_KARIM,KARIM SELLAMI,CO_GENERALE,SOCIETE GENERALE,0.5,ambiguous,1.0,0.0,1.0,0.0,1.0,2,0.45,PERSON_KOOLI_ALI,1,2012-05-02,2012-05-02,4,1,PERSON_KARIM_SELAMI,- démission de l'ancien gérant Mr Sellami Karim.
Slaheddine Ktari||Limitation des membres du conseil d'administrateurs à trois,Slaheddine Ktari,Limitation des membres du conseil d'administrateurs à trois,,PERSON_KTARI_SLAHEDINE,SLAHEDDINE KTARI,CO_TROIS,SOCIETE TROIS,0.475,ambiguous,1.0,0.0,0.0,0.5,1.0,1,0.475,,1,2011-07-15,2011-07-15,4,1,PERSON_KTARI_SLAHEDINE,"énoncée enregistré à la recette des finances de Grombalia le 29 septembre 2011 sous le numéro 11702739 et suivant quittance numéro 048568, les administrateurs qui ont été reconduits dans leurs fonctio"
Yassine Ben Ayed||Société MULTITECH,Yassine Ben Ayed,Société MULTITECH,1016011S,PERSON_BENAYED_YASINE,YASSINE BEN-AYED,CO_MULTITECH_PLUS,MULTITECH PLUS,0.5,ambiguous,1.0,0.0,1.0,0.0,1.0,6,0.0,PERSON_BENAYED_YASINE_BENHEDI,1,2011-04-06,2011-04-06,4,1,PERSON_BENAYED_YASINE,la société d'Audit &amp; Management Consulting Company représentée par monsieur Yassine Ben Ayed
Zeineb Aicha SFAR||SOCIETE COMMERCIALE ET INDUSTRIELLE M'HAMED SFAR,Zeineb Aicha SFAR,SOCIETE COMMERCIALE ET INDUSTRIELLE M'HAMED SFAR,5696S,PERSON_SFAR_ZEINEB_AICHA,ZEINEB AICHA SFAR,,,0.475,ambiguous,1.0,0.0,0.0,0.5,1.0,2,0.075,PERSON_SFAR_ZEINEB,1,2010-06-07,2010-06-07,4,1,PERSON_SFAR_ZEINEB_AICHA,"- Nomination des administrateurs, Mr Mohamed El Bechir SFAR, Mme Khadija Thouraya SFAR épouse Mejri et Mme Zeineb Aicha SFAR épouse Ben Tanfous, pour 3 ans soit jusqu'à l'assemblée qui statuera sur l'"
Abderrazak Cherait||PHILIPS TUNISIENNE D'ECLAIRAGE,Abderrazak Cherait,PHILIPS TUNISIENNE D'ECLAIRAGE,,PERSON_CHERAIT_ABDERAZEK,ABDERRAZEK CHERAIT,CO_PHILIPS_TUNISIENNE_DECLAIRAGE,SOCIETE PHILIPS TUNISIENNE DECLAIRAGE,0.6879,ambiguous,1.0,0.966,0.0,0.0,0.0,1,0.6879,,1,2011-06-29,2011-06-29,3,1,PERSON_CHERAIT_ABDERAZAK,6) Renouvellement du mandat d'Administrateur de Monsieur Abderrazak Cherait.
Abderrazak Cherait||Société Philipps Tunisienne d'Eclairage,Abderrazak Cherait,Société Philipps Tunisienne d'Eclairage,,PERSON_CHERAIT_ABDERAZEK,ABDERRAZEK CHERAIT,CO_PHILIPS_TUNISIENNE_DECLAIRAGE,SOCIETE PHILIPS TUNISIENNE DECLAIRAGE,0.6879,ambiguous,1.0,0.966,0.0,0.0,0.0,1,0.6879,,1,2008-06-30,2008-06-30,3,1,PERSON_CHERAIT_ABDERAZAK,- Le renouvellement du mandat d'administrateur de Monsieur Abderrazak Cherait pour une durée de trois ans.
Abid Nouri||Société Essalem,Abid Nouri,Société Essalem,1036121J,PERSON_ABID_NOURI,NOURI ABID,CO_ESSALEM,ESSALEM,0.5,ambiguous,1.0,0.0,1.0,0.0,1.0,5,0.31,PERSON_NOURI_AYMEN_ABDESAMAD,1,2007-10-04,2007-10-04,3,1,PERSON_NOURI_ABID,Gérance : Nomination de Monsieur Abid Nouri gérant de la société pouvoirs les plus étendus.
Adel AYED||Société de Développement Agricole et de Matières Transformées de Monoprix,Adel AYED,Société de Développement Agricole et de Matières Transformées de Monoprix,998925G,PERSON_AYED_ADEL,ADEL AYED,CO_DEVELOPPEMENT_AGRICOLE_MATIERES_TRANSFORMEES_MONOPRIX_MMT,SOCIETE DE DEVELOPPEMENT AGRICOLE ET DE MATIERES TRANSFORMEES DE MONOPRIX MMT,0.475,ambiguous,1.0,0.0,0.0,0.5,1.0,5,0.285,PERSON_AYED_ABDELJLIL,1,2010-04-07,2010-04-07,3,1,PERSON_AYED_ADEL,1. Nomination de Mr Adel AYED en tant que Gérant de la société.
Adel Goucha||Plastic Electromechanic Company,Adel Goucha,Plastic Electromechanic Company,806712F,PERSON_GOUCHA_ADEL,ADEL GOUCHA,CO_PLASTIC_ELECTROMECHANIC_COMPANY,PLASTIC ELECTROMECHANIC COMPANY PEC,0.575,ambiguous,1.0,0.0,1.0,0.5,1.0,1,0.575,,1,2012-06-18,2012-06-18,3,1,PERSON_GOUCHA_ADEL,"- Nomination de nouveaux administrateurs pour une durée de 3 ans courant 2012, 2013 et 2014 et qui sont Mr Adel Goucha et Mr Tarek Kabrit."
Adel Goucha||Plastic Electromechanic Company Plus,Adel Goucha,Plastic Electromechanic Company Plus,1046216W,PERSON_GOUCHA_ADEL,ADEL GOUCHA,CO_PLASTIC_ELECTROMECHANIC_COMPANY_PLUS,PLASTIC ELECTROMECHANIC COMPANY PLUS,0.575,ambiguous,1.0,0.0,1.0,0.5,1.0,1,0.575,,1,2012-06-18,2012-06-18,3,1,PERSON_GOUCHA_ADEL,"- Nomination de nouveaux administrateurs pour une durée de 3 ans courant 2012, 2013 et 2014 et qui sont Mr Adel Goucha et Mr Tarek Kabrit."
Adel Trabelsi||Cabinet Management Consulting SUARL,Adel Trabelsi,Cabinet Management Consulting SUARL,1045760M,PERSON_TRABELSI_ADEL,ADEL TRABELSI,CO_CONSULTING,LA CONSULTING,0.5,ambiguous,1.0,0.0,1.0,0.0,1.0,6,0.31,PERSON_TRABELSI_ABDELJELIL,1,2008-02-21,2008-02-21,3,1,PERSON_TRABELSI_ADEL,Gérance : Mr. Adel Trabelsi est nommé gérant avec les pouvoirs les plus étendus.
Adnen Zghidi||Société Contact,Adnen Zghidi,Société Contact,613851W,PERSON_ZGHIDI_ADNENE,ADNENE ZGHIDI,CO_CONTACT,SOCIETE CONTACT,0.5,ambiguous,1.0,0.0,1.0,0.0,1.0,2,0.5,PERSON_HELAL_HICHEM,1,2012-05-22,2012-05-22,3,1,PERSON_ZGHIDI_ADNEN,"1. La nomination de Monsieur Adnen Zghidi, qui accepte, en tant que commissaire aux comptes de la Société pour une durée de 3 ans s'achevant avec la tenue de l'Assemblée Générale statuant sur l'exerci"
Adnen Zghidi||Société Novazur Distribution,Adnen Zghidi,Société Novazur Distribution,1261535L,PERSON_ZGHIDI_ADNENE,ADNENE ZGHIDI,CO_NOVAZUR_DISTRIBUTION,NOVAZUR DISTRIBUTION,0.5,ambiguous,1.0,0.0,1.0,0.0,1.0,1,0.5,,1,2012-08-06,2012-08-06,3,1,PERSON_ZGHIDI_ADNEN,"- de nommer la Société «BDO», représentée par Monsieur Adnen Zghidi en qualité de Commissaire aux Comptes de la société pour une durée de trois ans s'achevant à l'issue de l'assemblée générale ordinai"
Adnene ZGHIDI||COMMERCIALE SPORTIVE SFAXIENNE,Adnene ZGHIDI,COMMERCIALE SPORTIVE SFAXIENNE,1204857H,PERSON_ZGHIDI_ADNENE,ADNENE ZGHIDI,CO_COMMERCIALE_SPORTIVE_SFAXIENNE,SOCIETE COMMERCIALE SPORTIVE SFAXIENNE,0.5,ambiguous,1.0,0.0,1.0,0.0,1.0,4,0.5,PERSON_DERGAA_AHMED,1,2010-04-22,2010-04-22,3,1,PERSON_ZGHIDI_ADNENE,"Le cabinet « BDO TUNISIE », membre de l'Ordre des Experts Comptables de Tunisie, représenté par son gérant Mr. Adnene ZGHIDI est désigné commissaire aux comptes de la société pour la durée de trois an"
Adnene Zghidi||Renouvellement du mandat des membres du conseil d'administration,Adnene Zghidi,Renouvellement du mandat des membres du conseil d'administration,834027Y,PERSON_ZGHIDI_ADNENE,ADNENE ZGHIDI,CO_CONSEIL,SOCIETE LE CONSEIL,0.5,ambiguous,1.0,0.0,1.0,0.0,1.0,2,0.5,PERSON_SAIDI_MOHAMED,1,2010-06-05,2010-06-05,3,1,PERSON_ZGHIDI_ADNENE,"- Renouvellement du mandat du commissaires aux comptes actuels, Messieurs, Youssef Ennouri et Adnene Zghidi, et ce pour une période de trois années (2009, 2010 et 2011), la durée de leur mandat expire"
Adnene Zghidi||Société IMPERIAL FISH,Adnene Zghidi,Société IMPERIAL FISH,1214435T,PERSON_ZGHIDI_ADNENE,ADNENE ZGHIDI,CO_IMPERIAL_FISH,IMPERIAL FISH,0.5,ambiguous,1.0,0.0,1.0,0.0,1.0,1,0.5,,1,2011-09-23,2011-09-23,3,1,PERSON_ZGHIDI_ADNENE,"Commissaire aux comptes : La Société «BDO», représentée par Mr Adnene Zghidi est nommée commissaire aux comptes pour les années 2011-2012 et 2013."
Adnene Zghidi||Sté GOLD FISH,Adnene Zghidi,Sté GOLD FISH,1188396D,PERSON_ZGHIDI_ADNENE,ADNENE ZGHIDI,CO_GOLD_FISH,GOLD FISH,0.5,ambiguous,1.0,0.0,1.0,0.0,1.0,2,0.5,PERSON_HEMAYED_HAFEDH,1,2011-02-14,2011-02-14,3,1,PERSON_ZGHIDI_ADNENE,Monsieur Adnene Zghidi est désigné commissaire aux comptes pour une durée de 3 ans.
Adnène Zghidi||ALHIFADH SICAV,Adnène Zghidi,ALHIFADH SICAV,1055155B,PERSON_ZGHIDI_ADNENE,ADNENE ZGHIDI,CO_ALHIFADH_SICAV,ALHIFADH SICAV,0.5,ambiguous,1.0,0.0,1.0,0.0,1.0,6,0.425,PERSON_AYED_RIDHA,1,2008-04-27,2008-04-27,3,1,PERSON_ZGHIDI_ADNENE,A nommé M. Adnène Zghidi commissaire aux comptes.
Adnène Zghidi||Business Intelligence Software Solutions» en abrégé BISS,Adnène Zghidi,Business Intelligence Software Solutions» en abrégé BISS,1282085K,PERSON_ZGHIDI_ADNENE,ADNENE ZGHIDI,CO_SOFTWARE,SOFTWARE SA,0.5,ambiguous,1.0,0.0,1.0,0.0,1.0,1,0.5,,1,2012-07-30,2012-07-30,3,1,PERSON_ZGHIDI_ADNENE,"De nommer la société BDO Tunisie, société d'expertise comptable inscrite au tableau de l'ordre des experts comptable de Tunisie et représentée par M. Adnène Zghidi, en qualité de commissaire aux compt"
Adnène Zghidi||Société SECOMET,Adnène Zghidi,Société SECOMET,11815T,PERSON_ZGHIDI_ADNENE,ADNENE ZGHIDI,CO_SECOMET,SECOMET,0.5,ambiguous,1.0,0.0,1.0,0.0,1.0,2,0.45,PERSON_SAIDANE_MOHAMED,1,2012-05-11,2012-05-11,3,1,PERSON_ZGHIDI_ADNENE,la société «BDO Tunisie représentée par Mr Adnène Zghidi
Afifa Chabchoub||RETEL,Afifa Chabchoub,RETEL,,PERSON_CHABCHOUB_AFIFA,AFIFA CHABCHOUB,CO_RETEL,RETEL,0.475,ambiguous,1.0,0.0,0.0,0.5,1.0,5,0.21,PERSON_CHABCHOUB_AMINE,1,2012-07-26,2012-07-26,3,1,PERSON_CHABCHOUB_AFIFA,"- Le renouvellement du mandat de Messieurs Mohamed Chabchoub, Mohamed Amine Chabchoub, Ahmed Chabchoub et Madame Afifa Chabchoub, en tant qu'administrateurs pour une période de trois (03) ans qui se t"
Ahmed CHERIF||SOCIETE LES ATELIERS MECANIQUES ET INDUSTRIELS S.A.M.I,Ahmed CHERIF,SOCIETE LES ATELIERS MECANIQUES ET INDUSTRIELS S.A.M.I,1785A,PERSON_CHERIF_AHMED,AHMED CHERIF,CO_ATELIERS_MECANIQUES_INDUSTRIELS,LES ATELIERS MECANIQUES INDUSTRIELS AMI,0.5,ambiguous,1.0,0.0,1.0,0.0,1.0,6,0.36,PERSON_CHERIF_ALI_BENSLAMA,1,2010-11-30,2010-11-30,3,1,PERSON_CHERIF_AHMED,- Renouvellement du mandat du Président Directeur Général Mr. Ahmed CHERIF.
Ahmed Cherif||SOCIETE TECHNIPLAST INDUSTRIE,Ahmed Cherif,SOCIETE TECHNIPLAST INDUSTRIE,869009J,PERSON_CHERIF_AHMED,AHMED CHERIF,CO_TECHNIPLAST_INDUSTRIE,TECHNIPLAST INDUSTRIE,0.65,ambiguous,1.0,0.0,1.0,1.0,1.0,7,0.45,PERSON_SELAMI_SLIM,1,2009-03-16,2009-03-16,3,1,PERSON_CHERIF_AHMED,"1- le renouvellement du mandat des administrateurs suivants pour une période de trois ans soit : Messieurs, Laurent Benoit, André Tavernier, Moncef Sellami, Slim Sellami, Ahmed Cherif, Kais Bellil;"
Alain Zouari||Société CREATION GRAPHIQUE DU PALMIER,Alain Zouari,Société CREATION GRAPHIQUE DU PALMIER,,PERSON_ZOUARI_ALAIN,ALAIN ZOUARI,CO_CREATIONS_GRAPHIQUES_PALMIER,CREATIONS GRAPHIQUES DU PALMIER,0.687,ambiguous,1.0,0.963,0.0,0.0,0.0,45,0.337,PERSON_ZOUARI_ALADIN_BENMEKI_MAHER,1,2010-11-24,2010-11-24,3,1,PERSON_ZOUARI_ALAIN,"1- Suivant acte sous seing privé enregistré à la recette des finances de Jerba le 18/10/2010 quittance n° M069550, enregistrement n° 10803200, dont deux exemplaires ont été déposés au greffe du tribun"
Ali Ismail||Nomination du Président Directeur Général,Ali Ismail,Nomination du Président Directeur Général,,PERSON_ISMAIL_ALI,ALI ISMAIL,,,0.475,ambiguous,1.0,0.0,0.0,0.5,1.0,2,0.335,PERSON_ISMAIL_AFIF,1,2011-05-25,2011-05-25,3,1,PERSON_ISMAIL_ALI,- La nomination de Monsieur Ali Ismail en qualité de Directeur Général Adjoint Administratif &amp; Financier.
Alia Abdallah||Banque de Tunisie - SICAR,Alia Abdallah,Banque de Tunisie - SICAR,,PERSON_ABDALAH_ALIA,ALIA ABDALLAH,CO_TUNISIE_SICAR,TUNISIE SICAR,0.5,ambiguous,1.0,0.0,0.0,1.0,0.0,4,0.36,PERSON_ABDALAH_ABDELWAHEB,1,2008-12-25,2008-12-25,3,1,PERSON_ABDALAH_ALIA,"Le Conseil d'Administration réuni le 2 Février 2009 et dont le procès verbal a été enregistré à Tunis, Recette de l'enregistrement des actes de sociétés, premier bureau, le 10 février 2009, quittance "
Allia Abdallah||Banque de Tunisie - SICAR,Allia Abdallah,Banque de Tunisie - SICAR,,PERSON_ABDALAH_ALIA,ALIA ABDALLAH,CO_TUNISIE_SICAR,TUNISIE SICAR,0.5,ambiguous,1.0,0.0,0.0,1.0,0.0,4,0.36,PERSON_ABDALAH_ABDELWAHEB,1,2008-12-25,2008-12-25,3,1,PERSON_ABDALAH_ALIA,- désigne comme premiers administrateurs pour une durée qui prendra fin à l'Assemblée Générale Ordinaire qui délibérera sur l'approbation des comptes du premier exercice social et qui renouvellera le 
Amira Zouari||Société Les Laboratoires Pharmaceutiques DORCAS SA,Amira Zouari,Société Les Laboratoires Pharmaceutiques DORCAS SA,938755Z,PERSON_ZOUARI_AMIRA,AMIRA ZOUARI,CO_LABORATOIRES_PHARMACEUTIQUES_DORCAS,LES LABORATOIRES PHARMACEUTIQUES DORCAS,0.575,ambiguous,1.0,0.0,1.0,0.5,1.0,47,0.125,PERSON_ZOUARI_AMIR,1,2008-05-05,2008-05-05,3,1,PERSON_ZOUARI_AMIRA,- Le renouvellement du mandat de Mlle Amira Zouari en tant que Président directeur général et ce pour la durée de son mandat d'administrateur.
Aymen Berrehouma||LOOKA E-BUSINESS,Aymen Berrehouma,LOOKA E-BUSINESS,1177068E,PERSON_BEREHOUMA_AYMEN,AYMEN BERREHOUMA,CO_LOOKA_E_BUSINESS,LOOKA E BUSINESS,0.575,ambiguous,1.0,0.0,1.0,0.5,1.0,2,0.525,PERSON_JAIDANE_RIADH,1,2010-10-01,2010-10-01,3,1,PERSON_BEREHOUMA_AYMEN,- Mr Aymen Berrehouma 2ème représentant de l'ATD -SICAR.
Aymen Berrehouma||Société MEDITERRANEAN FOOD COMPANY MFC,Aymen Berrehouma,Société MEDITERRANEAN FOOD COMPANY MFC,1198584L,PERSON_BEREHOUMA_AYMEN,AYMEN BERREHOUMA,CO_MEDITERRANEAN_FOOD_COMPANY,MEDITERRANEAN FOOD COMPANY MFC,0.575,ambiguous,1.0,0.0,1.0,0.5,1.0,2,0.525,PERSON_JAIDANE_RIADH,1,2011-04-08,2011-04-08,3,1,PERSON_BEREHOUMA_AYMEN,Société ATD SICAR représentée par Mr Aymen Berrehouma
Bechir Ben Sedrine||Société africaine des encres &amp; peintures,Bechir Ben Sedrine,Société africaine des encres &amp; peintures,,PERSON_BENSEDRINE_BECHIR,BECHIR BEN-SEDRINE,CO_AFRICAINE_ENCRES_PEINTURES_AFREN_E_P,SOCIETE AFRICAINE DES ENCRES ET PEINTURES AFREN E+P,0.675,ambiguous,1.0,0.929,0.0,0.0,0.0,1,0.675,,1,2010-02-17,2010-02-17,3,1,PERSON_BENSEDRINE_BECHIR,"En vertu de l'acte de cession de parts du 17 février 2010, enregistré à la recette des finances rue du Sahel Tunis le 18 février sous le n°10100372, n° de quittance M007280, Monsieur Larbi Bouziri cèd"
Belhassen Gherab||ARTEC,Belhassen Gherab,ARTEC,,PERSON_GHERAB_BELHASEN,BELHASSEN GHERAB,CO_ARAMYS_TECHNIQUES_ARTEC,ARAMYS TECHNIQUES ARTEC,0.475,ambiguous,1.0,0.0,0.0,0.5,1.0,1,0.475,,1,2012-04-13,2012-04-13,3,1,PERSON_GHERAB_BELHASEN,"- Démission de l'ancien gérant Monsieur Belhassen Gherab et nomination d'un nouveau gérant Monsieur Riadh Gherab pour un mandat de trois exercices (2012, 2013 et 2014)."
Chawki Ben Tanfous||CAP Taguermess,Chawki Ben Tanfous,CAP Taguermess,,PERSON_BENTANFOUS_CHAWKI,CHAWKI BEN-TANFOUS,,,0.475,ambiguous,1.0,0.0,0.0,0.5,1.0,2,0.21,PERSON_BENTANFOUS_CHOKRI,1,2009-03-28,2009-03-28,3,1,PERSON_BENTANFOUS_CHAWKI,- Le renouvellement du mandat de M. Chawki Ben Tanfous et le mandat de M. Mohamed Néjib Ben Tanfous en qualité de directeurs généraux adjoints de la société pour le reste de leur mandat en tant qu'adm
Chekib Debbabi||Diverses résolutions,Chekib Debbabi,Diverses résolutions,850580N,PERSON_DEBABI_CHEKIB,CHEKIB DEBBABI,,,0.55,ambiguous,1.0,0.0,0.0,1.0,1.0,1,0.55,,1,2009-12-02,2009-12-02,3,1,PERSON_DEBABI_CHEKIB,- Renouvellement du mandat du directeur général Mr Chekib Debbabi pour une durée de 3 ans.
Chekib Debbabi||Société INJECTION PLASTIQUES SYSTEMES I,Chekib Debbabi,Société INJECTION PLASTIQUES SYSTEMES I,,PERSON_DEBABI_CHEKIB,CHEKIB DEBBABI,,,0.475,ambiguous,1.0,0.0,0.0,0.5,1.0,1,0.475,,1,2010-04-10,2010-04-10,3,1,PERSON_DEBABI_CHEKIB,"Premier Conseil d'administration : en date du 10/04/2010, enregistré à la recette de l'enregistrement des Actes de Sociétés à Sousse le 21/04/2010 sous n° 10800672 Quittance n° M000728, il a été menti"
Claudio Cassini||SOCIETE CIESSE ITALIAN TRICOT C.I.T,Claudio Cassini,SOCIETE CIESSE ITALIAN TRICOT C.I.T,1032544M,PERSON_CASINI_CLAUDIO,CLAUDIO CASINI,,,0.475,ambiguous,1.0,0.0,0.0,0.5,1.0,1,0.475,,1,2010-05-20,2010-05-20,3,1,PERSON_CASINI_CLAUDIO,2- La Nomination de Mr Claudio Cassini comme nouveau gérant de la société.
Didier Charvet||Société Touristique Ed-Dkhila (Groupe STB),Didier Charvet,Société Touristique Ed-Dkhila (Groupe STB),601549D,PERSON_CHARVET_DIDIER,DIDIER CHARVET,CO_TOURISTIQUE,SOCIETE TOURISTIQUE,0.5,ambiguous,1.0,0.0,1.0,0.0,1.0,2,0.45,PERSON_DRIS_HICHEM,1,2012-09-06,2012-09-06,3,1,PERSON_CHARVET_DIDIER,"2- Nomination du nouveau Directeur Général, Monsieur Didier Charvet et fixation de ses prérogatives;"
Faouzi Dhemaied||AERO TUNISIA,Faouzi Dhemaied,AERO TUNISIA,1184617E,PERSON_DHEMAIED_FAOUZI,FAOUZI DHEMAIED,CO_AERO_TUNISIA,AERO TUNISIA,0.5,ambiguous,1.0,0.0,1.0,0.0,1.0,3,0.425,PERSON_HAMAMI_ANIS,1,2010-12-17,2010-12-17,3,1,PERSON_DHEMAIED_FAOUZI,"représentée par 2 administrateurs Monsieur Seif Eddine BJAOUI et Madame Ichraf Ben Sedrine Bouhafa, la société UNIVERS INVEST SICAR représentée par l'administrateur Monsieur Faouzi Dhemaied, la sociét"
Faouzi Said||Société d'inginiering et réalisation des projet,Faouzi Said,Société d'inginiering et réalisation des projet,33735P,PERSON_SAID_FAOUZI,FAOUZI SAID,CO_SIREP,SIREP,0.5,ambiguous,1.0,0.0,1.0,0.0,1.0,3,0.36,PERSON_SAID_FELA,1,2009-12-15,2009-12-15,3,1,PERSON_SAID_FAOUZI,- Est désigné Mr Anis SGHAIER comme Gérant de la société SIREP à la place de Mr Faouzi Said.
Fatma El Gharbi||SOCIETE NINTEX .SARL,Fatma El Gharbi,SOCIETE NINTEX .SARL,,PERSON_GHARBI_FATMA,FATMA GHARBI,CO_NINTEX,SOCIETE NINTEX,0.65,ambiguous,0.857,1.0,0.0,0.0,0.0,1,0.65,,1,2009-11-04,2009-11-04,3,1,PERSON_ELGHARBI_FATMA,En vertu d'un acte sous seing privé enregistré à la recette des finances de Boumhel le 4/11/2009 sous n° 09101857 quittance n° M024416 Mme Fatma El Gharbi a cédé a Mr Noureddine El Gharbi 20 parts soc
Fatma Salima Chaabane||Nomination d'un nouveau gérant,Fatma Salima Chaabane,Nomination d'un nouveau gérant,,PERSON_CHAABANE_FATMA,FATMA CHAABANE,,,0.475,ambiguous,1.0,0.0,0.0,0.5,1.0,17,0.0,PERSON_CHAABANE_FATMA_SLIMA,1,2012-05-11,2012-05-11,3,1,PERSON_CHAABANE_FATMA_SALIMA,- Nomination de Mr Ridha Ali Chaabane titulaire de CIN n°03246408 gérant avec les pouvoirs étendus au lieu de Mme Fatma Salima Chaabane titulaire de CIN n° 05909031 pour des raisons de santé.
Fersi Mohamed||SOCOMENIN -SA,Fersi Mohamed,SOCOMENIN -SA,,PERSON_FARSI_MOHAMED,MOHAMED FARSI,CO_SOCOMENIN,SOCOMENIN,0.63,ambiguous,0.8,1.0,0.0,0.0,0.0,6,0.518,PERSON_FARSI_NASR,1,2011-10-31,2011-10-31,3,1,PERSON_MOHAMED_FERSI,"il a été décidé la nomination de Mr FERSI Nasr, Mr Fersi Mohamed, Mr Fersi Ihsan, en tant que membres de conseil d'administration pour la période de trois ans s'achèvent avec la réunion de l'assemblée"
Gerardo Grilli||Nominations,Gerardo Grilli,Nominations,719170J,PERSON_GRILI_GERARDO,GERARDO GRILLI,CO_CONSEIL,SOCIETE LE CONSEIL,0.6,ambiguous,1.0,0.0,1.0,1.0,0.0,2,0.6,PERSON_SAIDI_MOHAMED,1,2009-12-30,2009-12-30,3,1,PERSON_GRILI_GERARDO,"Suivant P.V du conseil d'administration daté du 30/12/2009, et enregistré à la recette d'enregistrement des actes de sociétés 1er bureau Tunis (Guichet unique API) le 12/01/2010 sous le n° 10800296, q"
Habib Ben Hassine||ASSURANCES MAGHREBIA VIE,Habib Ben Hassine,ASSURANCES MAGHREBIA VIE,,PERSON_BENHASINE_HABIB,HABIB BEN-HASSINE,CO_ASSURANCES_MAGHREBIA_VIE,ASSURANCES MAGHREBIA VIE,0.55,ambiguous,1.0,0.0,0.0,1.0,1.0,1,0.55,,1,2009-09-23,2009-09-23,3,1,PERSON_BENHASINE_HABIB,"- Mr. Habib Ben Hassine, Directeur Général"
Hamed Karoui||Délibération de l'assemblée générale ordinaire,Hamed Karoui,Délibération de l'assemblée générale ordinaire,,PERSON_KAROUI_HAMED,HAMED KAROUI,CO_GENERALE,SOCIETE GENERALE,0.475,ambiguous,1.0,0.0,0.0,0.5,1.0,3,0.335,PERSON_KAROUI_HATEM,1,2012-06-24,2012-06-24,3,1,PERSON_KAROUI_HAMED,"4) Renouvellement du mandat d'administrateur de Monsieur Hamed Karoui et Mesdames Badra Driss, Zohra Driss et Aicha Driss Jenayah ceci pour une durée de trois années jusqu'à l'issue de l'assemblée gén"
Hamed Karoui||Délégération de l'assemblée générale ordinaire,Hamed Karoui,Délégération de l'assemblée générale ordinaire,,PERSON_KAROUI_HAMED,HAMED KAROUI,CO_GENERALE,SOCIETE GENERALE,0.55,ambiguous,1.0,0.0,0.0,1.0,1.0,3,0.41,PERSON_KAROUI_HATEM,1,2009-06-21,2009-06-21,3,1,PERSON_KAROUI_HAMED,"3) Renouvellement de mandat d'administrateur de Monsieur Hamed Karoui, Madame Zohra Driss et la nomination de Mesdames Badra Driss et Aïcha Jenayah en tant que nouveaux Administrateurs et ceci, pour u"
Hamrouni Mahdi||Immobilière Green Stone,Hamrouni Mahdi,Immobilière Green Stone,,PERSON_HAMROUNI_MEHDI,MEHDI HAMROUNI,CO_IMMOBILIERE_GREEN_STONE,IMMOBILIERE GREEN STONE,0.68,ambiguous,0.8,1.0,0.0,0.0,1.0,1,0.68,,1,2012-09-11,2012-09-11,3,1,PERSON_MAHDI_HAMROUNI,- Gérance : Mr Hamrouni Mahdi est nommé gérant.
Hassib Ellouz||Société Altran-Telnet Corporation,Hassib Ellouz,Société Altran-Telnet Corporation,,PERSON_ELOUZE_HASIB,HASSIB ELLOUZE,CO_ALTRAN_TELNET_CORPORATION,ALTRAN TELNET CORPORATION,0.6682,ambiguous,0.909,1.0,0.0,0.0,0.0,7,0.5409,PERSON_ELOUZE_HABIB,1,2008-07-02,2008-07-02,3,1,PERSON_ELOUZ_HASIB,"Réuni le 10 juillet 2008 et enregistré à Tunis, recette de l'enregistrement des actes de sociétés le 11 Juillet 2008 sous le n° 8806566 quittance 8087, a nommé Monsieur Yves de Chaisemartin Président "
Hatem Denguezli||Réalisation de l'augmentation de capital de la société International City Center S.A,Hatem Denguezli,Réalisation de l'augmentation de capital de la société International City Center S.A,,PERSON_DENGUEZLI_HATEM,HATEM DENGUEZLI,CO_INTERNATIONAL_CITY_CENTER,INTERNATIONAL CITY CENTER,0.55,ambiguous,1.0,0.0,0.0,1.0,1.0,1,0.55,,1,2009-11-17,2009-11-17,3,1,PERSON_DENGUEZLI_HATEM,- le renouvellement du mandat d'administrateur de Monsieur Hatem Denguezli et de Monsieur Hichem Ayed et la nomination de Monsieur Ridha Chouria nouvel administrateur pour une durée de trois exercices
Ibtissem MABROUK||ONUR,Ibtissem MABROUK,ONUR,,PERSON_TOMAC_IBTISEM_MABROUK,IBTISSEM MABROUK TOMAC,CO_ONUR,ONUR,0.6975,ambiguous,0.85,1.0,0.0,0.0,1.0,8,0.5075,PERSON_MABROUK_ISAM,1,2009-05-19,2009-05-19,3,1,PERSON_MABROUK_IBTISEM,Gérance : Madame Ibtissem MABROUK épouse TOMAC est désignée gérante de la société avec les pleins pouvoirs pour une durée indéterminée.
Idris Mehrez||Société AEROSOL du Cap Bon (AEROCAP) SARL,Idris Mehrez,Société AEROSOL du Cap Bon (AEROCAP) SARL,515520F,PERSON_MEHREZ_IDRIS,IDRIS MEHREZ,CO_AEROSOL_CAP_BON,SOCIETE AEROSOL DU CAP BON,0.575,ambiguous,1.0,0.0,1.0,0.5,1.0,1,0.575,,1,2010-05-05,2010-05-05,3,1,PERSON_MEHREZ_IDRIS,- La nomination de Monsieur Idris Mehrez en qualité de gérant pour un mandat de trois ans avec les pouvoirs les plus étendues.
Imed Fakhfakh||Société Italien Style Dress + Capital : 10.000 DT,Imed Fakhfakh,Société Italien Style Dress + Capital : 10.000 DT,,PERSON_FAKHFAKH_IMED,IMED FAKHFAKH,CO_STYLE_ITALIEN,STYLE ITALIEN,0.475,ambiguous,1.0,0.0,0.0,0.5,1.0,2,0.425,PERSON_REZGUI_AYOUB,1,2008-10-22,2008-10-22,3,1,PERSON_FAKHFAKH_IMED,Il a été décidé aussi de désigner Mr Mohamed Sabri Driss comme gérant en remplacement de Mr Imed Fakhfakh avec les mêmes pouvoirs en vertu de cette décision l'article 16 des statuts est amendé.
Jaouida Sellami||Société civile Agricole Selma » au capital de 20.000 D,Jaouida Sellami,Société civile Agricole Selma » au capital de 20.000 D,,PERSON_SELAMI_JAOUIDA,JAOUIDA SELLAMI,,,0.5,ambiguous,1.0,0.0,0.0,1.0,0.0,6,0.36,PERSON_SELAMI_JALEL,1,2009-08-04,2009-08-04,3,1,PERSON_SELAMI_JAOUIDA,"Suivant contrat de cession des parts sociales, daté le 24 juin 2009, enregistré à la recette des Finances Charguia I, le 23 juillet 2009 quittance n° 41313 dont deux exemplaires ont été déposés au gre"
Kais BELLIL||SOCIETE TECHNIPLAST INDUSTRIE,Kais BELLIL,SOCIETE TECHNIPLAST INDUSTRIE,869009J,PERSON_BELIL_KAIS,KAIS BELLIL,CO_TECHNIPLAST_INDUSTRIE,TECHNIPLAST INDUSTRIE,0.6,ambiguous,1.0,0.0,1.0,1.0,0.0,3,0.45,PERSON_SELAMI_SLIM,1,2009-03-16,2009-03-16,3,1,PERSON_BELIL_KAIS,- La nomination de M. Kais BELLIL en qualité d'Administrateur Délégué.
Kais Bellil||SOCIETE TECHNIPLAST INDUSTRIE,Kais Bellil,SOCIETE TECHNIPLAST INDUSTRIE,869009J,PERSON_BELIL_KAIS,KAIS BELLIL,CO_TECHNIPLAST_INDUSTRIE,TECHNIPLAST INDUSTRIE,0.65,ambiguous,1.0,0.0,1.0,1.0,1.0,3,0.45,PERSON_SELAMI_SLIM,1,2009-03-16,2009-03-16,3,1,PERSON_BELIL_KAIS,"1- le renouvellement du mandat des administrateurs suivants pour une période de trois ans soit : Messieurs, Laurent Benoit, André Tavernier, Moncef Sellami, Slim Sellami, Ahmed Cherif, Kais Bellil;"
Lassad Trigui||Société Sciences New Technology Matériel &amp; Services S,Lassad Trigui,Société Sciences New Technology Matériel &amp; Services S,1205023A,PERSON_TRIGUI_LASAAD,LASSAAD TRIGUI,CO_NEW_TECHNOLOGY_SERVICES,NEW TECHNOLOGY ET SERVICES,0.5,ambiguous,1.0,0.0,1.0,0.0,1.0,2,0.45,PERSON_AREM_HAYET,1,2011-07-06,2011-07-06,3,1,PERSON_TRIGUI_LASAD,- Gérance : Monsieur Lassad Trigui est désigné gérant de la société pour une durée indéterminée qui aura les pouvoirs les plus étendus pour agir au nom de la société. 2011B01044SRLB1
Laurent Tardif||Renouvellement du mandat des d'administrateurs,Laurent Tardif,Renouvellement du mandat des d'administrateurs,775059B,PERSON_TARDIF_LAURENT,LAURENT TARDIF,,,0.475,ambiguous,1.0,0.0,0.0,0.5,1.0,1,0.475,,1,2008-05-29,2008-05-29,3,1,PERSON_TARDIF_LAURENT,"- Le renouvellement du mandat de Monsieur Laurent Tardif comme président du conseil d'administration de la société, et ce, pour toute la durée de son mandat d'administrateur."
Liborio Antonelli||Nomination d'un nouveau gérant,Liborio Antonelli,Nomination d'un nouveau gérant,998888V,PERSON_ANTONELI_LIBORIO,LIBORIO ANTONELLI,,,0.475,ambiguous,1.0,0.0,0.0,0.5,1.0,1,0.475,,1,2008-11-25,2008-11-25,3,1,PERSON_ANTONELI_LIBORIO,- la nomination de Mr Liborio Antonelli nouveau gérant à la place de Mr Karim Ben Abdessalem gérant démissionnaire et dont on lui a donné quitus pour sa période de gérance.
Mehdi Ayadi||PROMED Int,Mehdi Ayadi,PROMED Int,1058670E,PERSON_AYADI_MEHDI,MEHDI AYADI,CO_PROMED,PROMED,0.5,ambiguous,1.0,0.0,1.0,0.0,1.0,5,0.31,PERSON_AYADI_MANSOUR,1,2008-06-18,2008-06-18,3,1,PERSON_AYADI_MEHDI,"Gérance : Monsieur Mehdi Ayadi est nommé gérant de la société avec les pouvoirs les plus étendus, énoncés au statut."
Mehdi Miled||Société Sinutex,Mehdi Miled,Société Sinutex,,PERSON_MILED_MEHDI,MEHDI MILED,,,0.5,ambiguous,1.0,0.0,0.0,1.0,0.0,6,0.21,PERSON_MILED_MOHAMED_AMINE,1,2008-05-28,2008-05-28,3,1,PERSON_MILED_MEHDI,- Approbation de la démission du gérant Mr Mehdi Miled.
Mehrez Riahi||Société AMEN - Capital A.C,Mehrez Riahi,Société AMEN - Capital A.C,1158084Y,PERSON_RIAHI_MEHREZ,MEHREZ RIAHI,CO_AMEN_CAPITAL,AMEN CAPITAL AC,0.525,ambiguous,1.0,0.0,1.0,0.5,0.0,7,0.335,PERSON_RIAHI_MOHAMED_AYMEN,1,2010-06-04,2010-06-04,3,1,PERSON_RIAHI_MEHREZ,- Monsieur Mehrez Riahi - Directeur Général de la société avec les pouvoirs les plus étendus.
Moez Khalfallah||Renouvellement du mandat des membres du conseil d'Administration,Moez Khalfallah,Renouvellement du mandat des membres du conseil d'Administration,14115J,PERSON_KHALFALAH_MOEZ,MOEZ KHALFALLAH,CO_CONSEIL,SOCIETE LE CONSEIL,0.5,ambiguous,1.0,0.0,1.0,0.0,1.0,11,0.31,PERSON_KHALFALAH_MONTACER,1,2010-10-30,2010-10-30,3,1,PERSON_KHALFALAH_MOEZ,"Khalfallah est désigné Président Directeur Général de la société des Emballages du Sud ""SES"" et, M. Moez Khalfallah est désigné Directeur Général Adjoint, ils ont les pouvoirs du conseil pour gérer la"
Mohamed Ali Elaouani Cherif||TUNISIE LEASING,Mohamed Ali Elaouani Cherif,TUNISIE LEASING,31440S,PERSON_CHERIF_MOHAMED_ALI_ELAOUANI,MOHAMED ALI ELAOUANI CHERIF,CO_TUNISIE_LEASING,TUNISIE LEASING,0.5,ambiguous,1.0,0.0,1.0,0.0,1.0,23,0.0,PERSON_CHERIF_MOHAMED,1,2012-10-04,2012-10-04,3,1,PERSON_CHERIF_MOHAMED_ALI_ELAOUANI,Société inscrite au tableau de l'Ordre des Experts Comptables de Tunisie représentée par M. Mohamed Ali Elaouani Cherif
Mohamed Ben Fadhel||Société OZALIS,Mohamed Ben Fadhel,Société OZALIS,,PERSON_BENFADHEL_MOHAMED,MOHAMED BEN-FADHEL,CO_OZALIS,OZALIS,0.475,ambiguous,1.0,0.0,0.0,0.5,1.0,3,0.35,PERSON_DJILANI_MOHAMED_HECHMI,1,2010-09-28,2010-09-28,3,1,PERSON_BENFADHEL_MOHAMED,Suivant acte sous seing privé en date du 28/9/2010 enregistré le 5/10/2010 à la recette des finances de El Alia sous le n°10100915 quittance n°M023170 dont deux copies ont été déposées au greffe du tr
Mohamed Daoued||Société OUR. CO. Tourism Services S.A,Mohamed Daoued,Société OUR. CO. Tourism Services S.A,943396E,PERSON_DAOUED_MOHAMED,MOHAMED DAOUED,CO_OUR_CO_TOURISM_SERVICES,OUR CO TOURISM SERVICES,0.5,ambiguous,1.0,0.0,1.0,0.0,1.0,2,0.05,PERSON_DAOUED_MOHAMED_MABROUK,1,2010-05-19,2010-05-19,3,1,PERSON_DAOUED_MOHAMED,Renouvellement du mandat de Mr Mohamed Daoued en tant que Président Directeur Général et ce pour la durée de son mandat d'administrateur et ce en application de l'article 22 des statuts de la société.
Mohamed El Aziz MILAD||TUNISIA AIRPORT SERVICES T,Mohamed El Aziz MILAD,TUNISIA AIRPORT SERVICES T,1127392M,PERSON_MILAD_MOHAMED_ELAZIZ,MOHAMED EL-AZIZ MILAD,CO_TUNISIA_AIRPORT_SERVICES,TUNISIA AIRPORT SERVICES TAS,0.5,ambiguous,1.0,0.0,1.0,0.0,1.0,1,0.5,,1,2011-04-15,2011-04-15,3,1,PERSON_MILAD_MOHAMED_ELAZIZ,- Nomination de Monsieur Mohamed El Aziz MILAD en qualité de nouveau membre du Conseil d'Administration de la Société pour une durée égale au restant de la durée du mandat des autres membres du Consei
Mohamed El Aziz Miled||Nomination de nouveaux membres du conseil d'administration,Mohamed El Aziz Miled,Nomination de nouveaux membres du conseil d'administration,804984W,PERSON_MILED_MOHAMED_AZIZ,MOHAMED AZIZ MILED,CO_CONSEIL,SOCIETE LE CONSEIL,0.47,ambiguous,0.7,0.0,1.0,0.5,1.0,7,0.075,PERSON_MILED_MOHAMED_AMIN,1,2009-09-30,2009-09-30,3,1,PERSON_MILED_MOHAMED_ELAZIZ,"En vertu du procès-verbal de l'assemblée générale ordinaire du 30 septembre 2009, enregistré à la recette de l'enregistrement des actes de sociétés 1er bureau - Tunis le 12 octobre 2009 sous le numéro"
Mohamed Fekih||SA au capital d'un million de Dinars,Mohamed Fekih,SA au capital d'un million de Dinars,1075713W,PERSON_FEKIH_MOHAMED,MOHAMED FEKIH,CO_UNITED_GULF_FINANCIAL_SERVICES,UNITED GULF FINANCIAL SERVICES,0.525,ambiguous,1.0,0.0,1.0,0.5,0.0,2,0.075,PERSON_FEKIH_MOHAMED_SALAH,1,2009-10-28,2009-10-28,3,1,PERSON_FEKIH_MOHAMED,En vertu du PV du conseil d'administration en date du 28/10/2009 enregistré auprès de la recette des finances du Lac le 9/11/2009 sous le n° 09705690 quittance n° 63938 et dont deux exemplaires ont ét
Mohamed Fersi||Société TOPNET,Mohamed Fersi,Société TOPNET,,PERSON_FARSI_MOHAMED,MOHAMED FARSI,CO_TOPNET,TOPNET,0.68,ambiguous,0.8,1.0,0.0,0.0,1.0,6,0.555,PERSON_KRAIEM_MOHAMED_FADHEL,1,2011-11-28,2011-11-28,3,1,PERSON_FERSI_MOHAMED,"La nomination de Mr. Mohamed Fersi en tant qu'administrateur, en remplacement de Mr. Slim Jarraya et ce pour le restant de la période du mandat de son prédécesseur qui prendra fin à la date de la tenu"
Mohamed Jebali||Société Maghreb consulting,Mohamed Jebali,Société Maghreb consulting,1168072Z,PERSON_JEBALI_MOHAMED,MOHAMED JEBALI,CO_ITALIAN_CONSULTING_MAGHREB,ITALIAN CONSULTING MAGHREB,0.5,ambiguous,1.0,0.0,1.0,0.0,1.0,4,0.05,PERSON_JEBALI_MOHAMED_ALI,1,2010-04-26,2010-04-26,3,1,PERSON_JEBALI_MOHAMED,Gérance : Mr Mohamed Jebali est nommé gérant avec tous les pouvoirs les plus étendus.
Mohamed Khalil Elloumi Expert||Société d'études et de travaux de forage et régénération SETFOR,Mohamed Khalil Elloumi Expert,Société d'études et de travaux de forage et régénération SETFOR,,PERSON_ELOUMI_MOHAMED_KHALIL,MOHAMED KHALIL ELLOUMI,CO_D_ETUDES_TRAVAUX_FORAGE_REGENERATION_SETFOR,SOCIETE D'ETUDES ET DE TRAVAUX DE FORAGE ET REGENERATION SETFOR,0.6475,ambiguous,0.85,1.0,0.0,0.0,0.0,1,0.6475,,1,2010-05-18,2010-05-18,3,1,PERSON_EXPERT_MOHAMED_KHALIL_ELOUMI,"- Nommée Monsieur Mohamed Khalil Elloumi Expert comptable, comme commissaires aux comptes pour les années 2010-2011-2012"
Mohamed Lahmar||DESIGN CUIR,Mohamed Lahmar,DESIGN CUIR,1053081R,PERSON_LAHMAR_MOHAMED,MOHAMED LAHMAR,CO_DESIGN,DESIGN,0.5,ambiguous,1.0,0.0,1.0,0.0,1.0,5,0.31,PERSON_LAHMAR_MOHSEN,1,2008-05-14,2008-05-14,3,1,PERSON_LAHMAR_MOHAMED,Gérance : Monsieur Mohamed Lahmar a été nommé gérant de la société avec les pouvoirs les plus étendus.
Mohamed Mehdi Gharbi||Société Utique de Promotion Agricole EL BARAKA,Mohamed Mehdi Gharbi,Société Utique de Promotion Agricole EL BARAKA,707302N,PERSON_GHARBI_MOHAMED,MOHAMED GHARBI,CO_UTIQUE_PROMOTION_AGRICOLE_EL_BARAKA,UTIQUE DE PROMOTION AGRICOLE EL-BARAKA,0.5,ambiguous,1.0,0.0,1.0,0.0,1.0,7,0.05,PERSON_GHARBI_MEHDI,1,2007-10-18,2007-10-18,3,1,PERSON_GHARBI_MOHAMED_MEHDI,"Selon le procès-verbal de l'assemblée générale ordinaire du 18 octobre 2007, enregistré à la recette des finances cité Mahrajène Tunis, le 19 octobre 2007, enregistrement n° 07805755, quittance n° 949"
Mohamed Mnif||Société Nour de Commerce - SARL,Mohamed Mnif,Société Nour de Commerce - SARL,1011690G,PERSON_MNIF_MOHAMED,MOHAMED MNIF,CO_NOUR_COMMERCE,NOUR DE COMMERCE,0.5,ambiguous,1.0,0.0,1.0,0.0,1.0,4,0.0,PERSON_MNIF_MOHAMED_NEJIB,1,2010-07-11,2010-07-11,3,1,PERSON_MNIF_MOHAMED,"- Le renouvellement du mandat du gérant Mr Mohamed Mnif pour les exercices 2010, 2011 et 2012."
Mohamed Mondher Khalfallah||Société Human Ressources Globe et en Abréviation HR GLOBE SUARL,Mohamed Mondher Khalfallah,Société Human Ressources Globe et en Abréviation HR GLOBE SUARL,1218995Q,PERSON_KHALFALAH_MOHAMED,MOHAMED KHALFALLAH,CO_GLOBE,SOCIETE GLOBE,0.5,ambiguous,1.0,0.0,1.0,0.0,1.0,11,0.105,PERSON_KHALFALAH_MOHAMED_YASINE,1,2011-10-25,2011-10-25,3,1,PERSON_KHALFALAH_MOHAMED_MONDHER,Gérance : Mr Mohamed Mondher Khalfallah est nommé gérant de la société pour une durée indéterminée et avec les pouvoirs les plus étendus.
Mohamed Rachid Jebali||Assistance Conseil Transport Maritime et Aérien (ACTMA),Mohamed Rachid Jebali,Assistance Conseil Transport Maritime et Aérien (ACTMA),1165912C,PERSON_JEBALI_MOHAMED,MOHAMED JEBALI,CO_CONSEIL,SOCIETE LE CONSEIL,0.5,ambiguous,1.0,0.0,1.0,0.0,1.0,3,0.155,PERSON_JEBALI_MOHAMED_ALI,1,2010-08-26,2010-08-26,3,1,PERSON_JEBALI_MOHAMED_RACHID,"Gérance : Mr Mohamed Rachid Jebali, qui accepte est nommé gérant de la société et investi des pouvoirs les plus étendus."
Mohamed Sahraoui||Société Tunisie Gaz Industries S.A,Mohamed Sahraoui,Société Tunisie Gaz Industries S.A,,PERSON_SAHRAOUI_MOHAMED,MOHAMED SAHRAOUI,CO_TUNISIE_GAZ_INDUSTRIES,TUNISIE GAZ INDUSTRIES TGI,0.475,ambiguous,1.0,0.0,0.0,0.5,1.0,1,0.475,,1,2008-04-10,2008-04-10,3,1,PERSON_SAHRAOUI_MOHAMED,"- Reconduction de Monsieur Hassine Doghri, de Monsieur Mohamed Sahraoui et de la société Cotif Sicar dans leurs fonctions d'administrateurs de la société et nomination de Messieurs Peter Stocks, Fabri"
Mohamed Sami Kooli||La Société Général Immobilière de l'Avenir » GIMA,Mohamed Sami Kooli,La Société Général Immobilière de l'Avenir » GIMA,,PERSON_KOOLI_MOHAMED_SAMI,MOHAMED SAMI KOOLI,CO_GENERAL_IMMOBILIERE_L_AVENIR,GENERAL IMMOBILIERE DE L'AVENIR,0.6767,ambiguous,1.0,0.933,0.0,0.0,0.0,8,0.2767,PERSON_KOOLI_MOHAMED,1,2009-03-27,2009-03-27,3,1,PERSON_KOOLI_MOHAMED_SAMI,Gérance : Monsieur Mohamed Sami Kooli est nommé gérant de la société avec les pouvoirs les plus étendus.
Mohamed Slim Ben Abdallah||Général Equipements et Distribution GED» Suarl,Mohamed Slim Ben Abdallah,Général Equipements et Distribution GED» Suarl,1220264F,PERSON_BENABDALAH_MOHAMED_SLIM,MOHAMED SLIM BEN-ABDALLAH,CO_GENERAL_DISTRIBUTION,SOCIETE GENERAL DISTRIBUTION,0.5,ambiguous,1.0,0.0,1.0,0.0,1.0,6,0.31,PERSON_BENABDALAH_MEHREZ,1,2011-11-02,2011-11-02,3,1,PERSON_BENABDALAH_MOHAMED_SLIM,Gérant : Mr Mohamed Slim Ben Abdallah.
Mohamed Trifa||RC : B12225200,Mohamed Trifa,RC : B12225200,533026Y,PERSON_TRIFA_MOHAMED,MOHAMED TRIFA,,,0.475,ambiguous,1.0,0.0,0.0,0.5,1.0,1,0.475,,1,2012-08-18,2012-08-18,3,1,PERSON_TRIFA_MOHAMED,"Suivant procès verbal de l'assemblée générale ordinaire des associés tenue à Tunis le 24 février 2010, enregistré le 26 mars 2010 sous le n° 10803477 à la Recette de l'enregistrement des actes de soci"
Naceur BEN GHORBAL||WIRENET Spécial Câble,Naceur BEN GHORBAL,WIRENET Spécial Câble,1107405N,PERSON_BENGHORBAL_NACEUR,NACEUR BEN-GHORBAL,,,0.5,ambiguous,1.0,0.0,0.0,1.0,0.0,3,0.285,PERSON_BENGHORBAL_NEBIL,1,2009-02-21,2009-02-21,3,1,PERSON_BENGHORBAL_NACEUR,"Il a été déposé au greffe du tribunal de 1ère instance de Tunis bureau unique en date du 08/07/2009, sous le n° D2415392009 deux exemplaires des statuts et deux exemplaires de la liste des souscripteu"
Naceur Ben Ghorbal||Nomination d'un Président,Naceur Ben Ghorbal,Nomination d'un Président,,PERSON_BENGHORBAL_NACEUR,NACEUR BEN-GHORBAL,,,0.475,ambiguous,1.0,0.0,0.0,0.5,1.0,3,0.26,PERSON_BENGHORBAL_NEBIL,1,2009-08-28,2009-08-28,3,1,PERSON_BENGHORBAL_NACEUR,En vertu du PV de la réunion du conseil d'administration du 28/8/2009 enregistré à la recette des finances la Charguia le 17/10/2009 sous le n° 9704977 quittance n° 54042 dont deux exemplaires ont été
Naceur Ben Ghorbal||Société MEDITERANIEENNE DE TRANSIT ET D'ENTREPOSAGE SMTE,Naceur Ben Ghorbal,Société MEDITERANIEENNE DE TRANSIT ET D'ENTREPOSAGE SMTE,,PERSON_BENGHORBAL_NACEUR,NACEUR BEN-GHORBAL,,,0.475,ambiguous,1.0,0.0,0.0,0.5,1.0,3,0.26,PERSON_BENGHORBAL_NEBIL,1,2009-01-16,2009-01-16,3,1,PERSON_BENGHORBAL_NACEUR,"En vertu du procès-verbal de l'assemblée générale Extraordinaire du 16/01/2009, enregistré à recette de l'enregistrement des actes de sociétés 1er bureau le 21/01/2009, sous le n° 9700640 quittance n°"
Naceur Ben Ghorbal||Société Papeterie du Belvédère,Naceur Ben Ghorbal,Société Papeterie du Belvédère,,PERSON_BENGHORBAL_NACEUR,NACEUR BEN-GHORBAL,,,0.475,ambiguous,1.0,0.0,0.0,0.5,1.0,3,0.26,PERSON_BENGHORBAL_NEBIL,1,2007-08-03,2007-08-03,3,1,PERSON_BENGHORBAL_NACEUR,"En vertu du procès-verbal de la réunion du conseil d'administration du 3 août 2007 enregistré à la recette des finances Nelson Mondella le 7 octobre 2008 sous le n° 08806235 quittance n° 51342, il a é"
Nadhir Rebai||SOCIETE GENERALE DE RECOUVREMENT DES CREANCES,Nadhir Rebai,SOCIETE GENERALE DE RECOUVREMENT DES CREANCES,788628G,PERSON_REBAI_NADHIR,NADHIR REBAI,CO_GENERALE_RECOUVREMENT_CREANCES,SOCIETE GENERALE DE RECOUVREMENT DES CREANCES,0.5,ambiguous,1.0,0.0,1.0,0.0,1.0,1,0.5,,1,2011-03-22,2011-03-22,3,1,PERSON_REBAI_NADHIR,"- le renouvellement du mandat de Mr Nadhir Rebai en sa qualité de Directeur Général de la société, pour une durée de trois ans prenant fin avec l'Assemblée Générale Ordinaire qui statuera sur les comp"
Najet Djaziri Bouhdida||SONDEE INTERNATIONAL,Najet Djaziri Bouhdida,SONDEE INTERNATIONAL,1119736V,PERSON_BOUHDIDA_NAJET,NAJET BOUHDIDA,CO_SONEDE_INTERNATIONAL,SONEDE INTERNATIONAL,0.5,ambiguous,1.0,0.0,1.0,0.0,1.0,3,0.5,PERSON_NOUICER_ABDERAOUF,1,2009-08-04,2009-08-04,3,1,PERSON_BOUHDIDA_NAJET_DJAZIRI,La société STE INVEST représentée par Madame Najet Djaziri Bouhdida
Nizar Zouari||Désignation du Président Directeur Général,Nizar Zouari,Désignation du Président Directeur Général,986926T,PERSON_ZOUARI_NIZAR,NIZAR ZOUARI,CO_CONSEIL,SOCIETE LE CONSEIL,0.5,ambiguous,1.0,0.0,1.0,0.0,1.0,17,0.0,PERSON_ZOUARI_NIZAR_BENHAMED,1,2012-02-28,2012-02-28,3,1,PERSON_ZOUARI_NIZAR,"1- La nomination de Monsieur Nizar Zouari, qui accepte, et ce en qualité d'un nouveau Directeur Général de la société et ce pour une durée d'un an à compter du 28 février 2012, et ce suite à la démiss"
Noureedine Skandrani||Société SPEED STYL,Noureedine Skandrani,Société SPEED STYL,809748G,PERSON_SKANDRANI_NOUREDINE,NOUREDDINE SKANDRANI,CO_SPEED,SPEED,0.525,ambiguous,1.0,0.0,1.0,0.5,0.0,2,0.525,PERSON_TRABELSI_MOHAMED,1,2008-12-30,2008-12-30,3,1,PERSON_SKANDRANI_NOUREEDINE,"3/ En vertu d'un acte de cession de parts sociales, enregistré à la Recette des Finances de La Marsa le 07/01/2009 sous le n° 9700100, quittance n° 1881, Mr Noureedine Skandrani a cédé 2500 parts soci"
Patrick Findeling||Diverses résolutions,Patrick Findeling,Diverses résolutions,850580N,PERSON_FINDELING_PATRICK,PATRICK FINDELING,,,0.55,ambiguous,1.0,0.0,0.0,1.0,1.0,1,0.55,,1,2009-12-02,2009-12-02,3,1,PERSON_FINDELING_PATRICK,"- Renouvellement du mandat des administrateurs qui sont Mr Slim Zarrouk, Mr Younes Ferchiou et Mr Patrick Findeling pour une durée de 3 ans."
Patrick Poupon||Union Bancaire Pour Le Commerce Et L'industrie,Patrick Poupon,Union Bancaire Pour Le Commerce Et L'industrie,,PERSON_POUPON_PATRICK,PATRICK POUPON,CO_UNION_BANCAIRE_POUR_COMMERCE_L_INDUSTRIE_UBCI,UNION BANCAIRE POUR LE COMMERCE ET L'INDUSTRIE UBCI,0.675,ambiguous,1.0,0.929,0.0,0.0,0.0,24,0.625,PERSON_BEREGOVOY_PIERE,1,2012-07-03,2012-07-03,3,1,PERSON_POUPON_PATRICK,- Suivant procès verbal du Conseil d'Administration du 4 juillet 2012 enregistré à la Recette d'enregistrement des actes des sociétés bureau n°1 - Tunis en date du 15/8/2012 sous le n°12807514 quittan
Rafiaa Driss||PROFIL METAL RACCORDS SARL,Rafiaa Driss,PROFIL METAL RACCORDS SARL,867039G,PERSON_DRIS_RAFIAA,RAFIAA DRISS,CO_PROFIL_METAL_RACCORDS,PROFIL METAL RACCORDS,0.525,ambiguous,1.0,0.0,1.0,0.5,0.0,10,0.075,PERSON_DRIS_RAFIAA_SFAYHI,1,2009-06-19,2009-06-19,3,1,PERSON_DRIS_RAFIAA,"Suivant PV de l'assemblée générale extraordinaire du 19 juin 2009, enregistré à la recette des finances rue de la gare Tunis le 14 juillet 2009 sous le n° 09803366, dont deux exemplaires ont été dépos"
Rafik Boussarsar||Nomination de nouveau membres du conseil d'administration de la société,Rafik Boussarsar,Nomination de nouveau membres du conseil d'administration de la société,1182189Y,PERSON_BOUSARSAR_RAFIK,RAFIK BOUSSARSAR,CO_CONSEIL,SOCIETE LE CONSEIL,0.5,ambiguous,1.0,0.0,1.0,0.0,1.0,3,0.31,PERSON_BOUSARSAR_RIDHA,1,2012-04-30,2012-04-30,3,1,PERSON_BOUSARSAR_RAFIK,"(ii) De donner quitus aux administrateurs démissionnaires messieurs Amine Ben Ayed, Sami Ellouze et Rafik Boussarsar."
Raoudha CHAABOUNI||SOCIETE SKY Tunisie,Raoudha CHAABOUNI,SOCIETE SKY Tunisie,,PERSON_DRIS_RAOUDHA_CHAABOUNI,RAOUDHA CHAABOUNI DRISS,CO_SKY_TUNISIE,SKY TUNISIE,0.6975,ambiguous,0.85,1.0,0.0,0.0,1.0,1,0.6975,,1,2009-07-20,2009-07-20,3,1,PERSON_CHAABOUNI_RAOUDHA,Gérance : Mme Raoudha CHAABOUNI épouse DRISS est nommée gérante de la société pour la durée de vingt ans renouvelables avec les pouvoirs les plus étendus.
Said Boujbel||Société Nouvelle de Brasserie Distribution,Said Boujbel,Société Nouvelle de Brasserie Distribution,1058118J,PERSON_BOUJBEL_SAID,SAID BOUJBEL,CO_MB_DISTRIBUTION,SOCIETE MB DISTRIBUTION,0.475,ambiguous,1.0,0.0,0.0,0.5,1.0,5,0.26,PERSON_BOUJBEL_SKANDER,1,2012-05-15,2012-05-15,3,1,PERSON_BOUJBEL_SAID,"- La nomination de Mr Mohsen Boujbel, Mr Said Boujbel, Mr Fethi Merdessi, Mr Jean Paul Van Hollebeke, Mr Guillaume Duverdier, Mr Hans Neven et Mr Habib Bouaziz en qualité des administrateurs pour une "
Salem Dahmani||ATTIJARI LEASING,Salem Dahmani,ATTIJARI LEASING,496311P,PERSON_DAHMANI_SALEM,SALEM DAHMANI,CO_ATTIJARI_LEASING,ATTIJARI LEASING,0.5,ambiguous,1.0,0.0,1.0,0.0,1.0,12,0.31,PERSON_DAHMANI_SONIA,1,2012-06-29,2012-06-29,3,1,PERSON_DAHMANI_SALEM,- Nomination de Mr Salem Dahmani administrateur représentant les actionnaires minoritaires et Mr Walid Kalbousi en tant qu'administrateur indépendant jusqu'à l'AGO statuant sur l'exercice 2012;
Salvatore DE CRISTOFARO||Changement de forme juridique et démission d'un gérant et nomination d'un nouveau gérant,Salvatore DE CRISTOFARO,Changement de forme juridique et démission d'un gérant et nomination d'un nouveau gérant,,PERSON_CRISTOFARO_SALVATORE_DE,SALVATORE DE CRISTOFARO,,,0.475,ambiguous,1.0,0.0,0.0,0.5,1.0,1,0.475,,1,2009-05-16,2009-05-16,3,1,PERSON_CRISTOFARO_SALVATORE_DE,"De même, cette assemblée a accepté la démission définitive de Monsieur Salvatore DE CRISTOFARO de la gérance de la société et la nomination de Mme Olga RUSSO gérante de la société « GM ITALIA » pour u"
Samia Ben Abdallah||Société MEGA PLANTES,Samia Ben Abdallah,Société MEGA PLANTES,1253337K,PERSON_BENABDALAH_SAMI,SAMI BEN-ABDALLAH,CO_MEGA,SOCIETE MEGA,0.5,ambiguous,1.0,0.0,1.0,0.0,1.0,6,0.31,PERSON_BENABDALAH_SAMIR,1,2012-06-04,2012-06-04,3,1,PERSON_BENABDALAH_SAMIA,Gérant : Mademoiselle Samia Ben Abdallah est nommée gérant de la société pour une période illimitée avec les pouvoirs les plus étendus.
Slim Somai||Société d'Assurances et de Réassurances Tuniso-Européenne Vie - Carte Vie,Slim Somai,Société d'Assurances et de Réassurances Tuniso-Européenne Vie - Carte Vie,,PERSON_SOMAI_SLIM,SLIM SOMAI,CO_CARTE_VIE,CARTE VIE,0.475,ambiguous,1.0,0.0,0.0,0.5,1.0,1,0.475,,1,2010-10-20,2010-10-20,3,1,PERSON_SOMAI_SLIM,La société COFITE SICAF représentée par Monsieur Slim Somai.
Tijani CHELLY||Renouvellement des mandats des administrateurs,Tijani CHELLY,Renouvellement des mandats des administrateurs,,PERSON_CHELY_TIJANI,TIJANI CHELLY,,,0.55,ambiguous,1.0,0.0,0.0,1.0,1.0,1,0.55,,1,2008-12-12,2008-12-12,3,1,PERSON_CHELY_TIJANI,"- le renouvellement du mandat des administrateurs : Mr Chékib NOUIRA, Mr Tijani CHELLY, La Banque de Tunisie, Mr Alain COLAS, Mr Norbert de GUILLERON et la nomination de Mr Pierre LEVI comme administr"
Youssef Sassi||Société Royale,Youssef Sassi,Société Royale,9900607K,PERSON_SASI_YOUSEF,YOUSSEF SASSI,CO_MARBRERIE_ROYALE_EL_ABED_KHALED,SOCIETE MARBRERIE ROYALE EL-ABED KHALED,0.5,ambiguous,1.0,0.0,1.0,0.0,1.0,5,0.31,PERSON_SASI_YAMINA_ALI,1,2007-10-05,2007-10-05,3,1,PERSON_SASI_YOUSEF,Gérant : Mr Youssef Sassi est désigné respectivement en qualité de gérant de la société pour une durée indéterminée avec les pouvoirs les plus étendus.
Abdelhafidh Sakroufi||Holding Tuniso-Lybien pour le Développement de l'Industrie et le Service,Abdelhafidh Sakroufi,Holding Tuniso-Lybien pour le Développement de l'Industrie et le Service,,PERSON_SAKROUFI_ABDELHAFIDH,ABDELHAFIDH SAKROUFI,CO_HOLDING_TUNISO_LIBYEN_POUR_DEVELOPPEMENT_INDUSTRIE_SERVICES,HOLDING TUNISO LIBYEN POUR LE DEVELOPPEMENT INDUSTRIE SERVICES,0.6763,ambiguous,1.0,0.932,0.0,0.0,0.0,2,0.6763,PERSON_TARHOUNI_ALI_MOHAMED,1,2009-05-25,2009-05-25,2,1,PERSON_SAKROUFI_ABDELHAFIDH,Gérance : Mr Abdelhafidh Sakroufi est nommé gérant de la société avec tous les pouvoirs énoncés aux statuts
Abdelhamid Bouguenna Président Directeur Général||Société Golden Export,Abdelhamid Bouguenna Président Directeur Général,Société Golden Export,,PERSON_BOUGUENA_ABDELHAMID,ABDELHAMID BOUGUENNA,CO_GOLDEN_EXPORT,GOLDEN EXPORT,0.6975,ambiguous,0.85,1.0,0.0,0.0,1.0,1,0.6975,,1,2012-08-30,2012-08-30,2,1,PERSON_GENERAL_ABDELHAMID_BOUGUENA_PRESIDENT_DIRECTEUR,Nomination de Mr Abdelhamid Bouguenna Président Directeur Général de la société.
Abdelhamid Zammel||Société HERBES DE TUNISIE,Abdelhamid Zammel,Société HERBES DE TUNISIE,296395Y,PERSON_ZAMEL_ABDELHAMID_AYACHI,ABDELHAMID AYACHI ZAMMEL,CO_HERBES_TUNISIE,HERBES DE TUNISIE,0.5,ambiguous,1.0,0.0,1.0,0.0,1.0,2,0.338,PERSON_ZAMAL_AYACHI,1,2008-01-07,2008-01-07,2,1,PERSON_ZAMEL_ABDELHAMID,Il a été décidé de renouveler la nomination de Mr Abdelhamid Zammel tant que Gérant de la société pour une période illimitée avec les pouvoirs les plus étendus.
"Abdelwaheb Essafi||Désignation du conseil d'administration, du commissaire aux comptes et de la direction",Abdelwaheb Essafi,"Désignation du conseil d'administration, du commissaire aux comptes et de la direction",373145N,PERSON_ESAFI_ABDELWAHEB,ABDELWAHEB ESSAFI,CO_CONSEIL,SOCIETE LE CONSEIL,0.525,ambiguous,1.0,0.0,1.0,0.5,0.0,3,0.385,PERSON_ESAFI_AMINE,1,2011-05-17,2011-05-17,2,1,PERSON_ESAFI_ABDELWAHEB,"Du procès-verbal de la réunion du conseil d'administration du 17 Mai 2011 enregistré à la même recette le 26 Mai 2011 enregistrement n° 11804940 quittance n° 6123, il a été désigné Monsieur Mahmoud Bo"
Abdelwaheb Essafi||Prologic Tunisie,Abdelwaheb Essafi,Prologic Tunisie,,PERSON_ESAFI_ABDELWAHEB,ABDELWAHEB ESSAFI,,,0.5,ambiguous,1.0,0.0,0.0,1.0,0.0,2,0.36,PERSON_ESAFI_AMINE,1,2012-01-20,2012-01-20,2,1,PERSON_ESAFI_ABDELWAHEB,Monsieur Abdelwaheb Essafi est désigné Directeur général Adjoint jusqu'à la même date en lui octroyant la signature séparée et ce jusqu'à la même date. La fonction de Directeur général Adjoint de Mons
Abdelwaheb Essafi||SMART TUNISIE,Abdelwaheb Essafi,SMART TUNISIE,544435X,PERSON_ESAFI_ABDELWAHEB,ABDELWAHEB ESSAFI,CO_INDUSTRIES_AGROALIMENTAIRES_FRUITS_TUNISIE_SMART_JUICE,SOCIETE INDUSTRIES AGROALIMENTAIRES DES FRUITS DE TUNISIE SMART JUICE,0.525,ambiguous,1.0,0.0,1.0,0.5,0.0,2,0.385,PERSON_ESAFI_AMINE,1,2008-04-22,2008-04-22,2,1,PERSON_ESAFI_ABDELWAHEB,"Par procès-verbal de la réunion du conseil d'administration du 23 avril 2008 enregistré à la recette des finances El Charguia le 2 mai 2008 enregistrement n° 8701826, Monsieur Abdelwaheb Essafi a été "
Abdelwaheb Sassi||Société Général Industrie,Abdelwaheb Sassi,Société Général Industrie,1075566D,PERSON_SASI_ABDELWAHEB,ABDELWAHEB SASSI,CO_MEDITERRANEAN_GENERAL_INDUSTRIE,SOCIETE MEDITERRANEAN GENERAL INDUSTRIE,0.5,ambiguous,1.0,0.0,1.0,0.0,1.0,33,0.31,PERSON_SASI_ANIS_BENBADREDINE,1,2008-11-13,2008-11-13,2,1,PERSON_SASI_ABDELWAHEB,Gérance : Monsieur Abdelwaheb Sassi est nommé gérant de la société avec tous les pouvoirs énoncés aux statuts.
Abdelweb Essafi||SMART HOST,Abdelweb Essafi,SMART HOST,1219330G,PERSON_ESAFI_ABDELWAHEB,ABDELWAHEB ESSAFI,,,0.475,ambiguous,1.0,0.0,0.0,0.5,1.0,2,0.335,PERSON_ESAFI_AMINE,1,2011-10-08,2011-10-08,2,1,PERSON_ESAFI_ABDELWEB,"- Nommé les premiers administrateurs pour une durée de trois ans : Messieurs Abdelweb Essafi, Mahmoud Bouden, Mohamed Taoufik Ben Khemis, Mohamed Boussora et Walid Khouja."
Abderrazaek Makhloufi||Nomination d'un nouveau gérant,Abderrazaek Makhloufi,Nomination d'un nouveau gérant,20573W,PERSON_MAKHLOUFI_ABDERAZEK,ABDDERAZEK MAKHLOUFI,,,0.5,ambiguous,1.0,0.0,0.0,1.0,0.0,2,0.36,PERSON_MAKHLOUFI_ABDELAZIZ,1,2011-03-23,2011-03-23,2,1,PERSON_MAKHLOUFI_ABDERAZAEK,"Suivant contrat de cession de parts sociales enregistré à la recette de Bouargoub le 15 Août 2011 sous le n°11100446 Quittance n°7653, M. Rachid Bouchaala (CIN n°1015371) a cédé 15 000 parts, de dix D"
Abderrazek Makhloufi||Nomination d'un nouveau gérant,Abderrazek Makhloufi,Nomination d'un nouveau gérant,20573W,PERSON_MAKHLOUFI_ABDERAZEK,ABDDERAZEK MAKHLOUFI,,,0.5,ambiguous,1.0,0.0,0.0,1.0,0.0,2,0.36,PERSON_MAKHLOUFI_ABDELAZIZ,1,2011-03-23,2011-03-23,2,1,PERSON_MAKHLOUFI_ABDERAZEK,"Suivant Procès Verbal de l'Assemblée Générale Ordinaire tenue le 6 Août 2011, et enregistré à la recette de Bouargoub le 8 Août 2011, sous le n°10700382, Quittance n°009295, les associés de la société"
Abdesslem Dhaifallah||Société Tritex International SARL,Abdesslem Dhaifallah,Société Tritex International SARL,,PERSON_DHIFALAH_ABDESALEM,ABDESSALEM DHIFALLAH,CO_TRITEX_INTERNATIONAL,SOCIETE TRITEX INTERNATIONAL,0.6794,ambiguous,0.941,1.0,0.0,0.0,0.0,6,0.5394,PERSON_DHAIFALAH_KHALED,1,2008-04-07,2008-04-07,2,1,PERSON_DHAIFALAH_ABDESLEM,Il a été décidé d'autoriser Monsieur Abdesslem Dhaifallah a cédé 15% de ses parts à Monsieur Abdeljaoued Sayadi.
Ahmed Fendri||Société Huilerie d'olive Regueb,Ahmed Fendri,Société Huilerie d'olive Regueb,1201378J,PERSON_FENDRI_AHMED,AHMED FENDRI,CO_HUILE_DOLIVE_REGUEB,HUILE DOLIVE REGUEB,0.5,ambiguous,1.0,0.0,0.0,1.0,0.0,3,0.36,PERSON_FENDRI_ABDERAHMAN,1,2012-10-02,2012-10-02,2,1,PERSON_FENDRI_AHMED,"Suivant actes sous-seing privé conclus le 18 Juin 2012 enregistré à la Recette des Finances Regueb le 28/6/2012 sous n° 12100973, quittance n°M011581. Mr Jamel Fendri a cédé 83 parts de ses parts soci"
Ahmed Fendri||Société de Développement Agricole Regueb SODAR,Ahmed Fendri,Société de Développement Agricole Regueb SODAR,940370F,PERSON_FENDRI_AHMED,AHMED FENDRI,CO_DEVELOPPEMENT_AGRICOLE_A_REGUEB_SODAR,SOCIETE DE DEVELOPPEMENT AGRICOLE A REGUEB SODAR,0.5,ambiguous,1.0,0.0,0.0,1.0,0.0,4,0.36,PERSON_FENDRI_ABDERAHMAN,1,2012-10-02,2012-10-02,2,1,PERSON_FENDRI_AHMED,"Suivant actes sous-seing privé conclus le 18 Juin 2012 enregistré à la Recette des Finances Regueb le 28/6/2012 sous N° 12100972, quittance N°M011580, M. Jamel Fendri a cédé 6666 parts en numérires de"
Ahmed Mansour||Société de Production Agricole Téboulba SOPAT,Ahmed Mansour,Société de Production Agricole Téboulba SOPAT,22671F,PERSON_MANSOUR_AHMED,AHMED MANSOUR,CO_PRODUCTION_AGRICOLE_TEBOULBA_SOPAT,SOCIETE DE PRODUCTION AGRICOLE TEBOULBA SOPAT,0.5,ambiguous,1.0,0.0,1.0,0.0,1.0,9,0.31,PERSON_MANSOUR_AICHA,1,2010-07-27,2010-07-27,2,1,PERSON_MANSOUR_AHMED,société inscrite au tableau de l'ordre des experts comptables de Tunisie représenté par Mr Ahmed Mansour
Amine ben Mohamed Elmoncef Kamoun||Sté de Développement Agricole MAADENE,Amine ben Mohamed Elmoncef Kamoun,Sté de Développement Agricole MAADENE,1092708X,PERSON_KAMOUN_MOHAMED_ELMONCEF,MOHAMED ELMONCEF KAMMOUN,CO_DEVELOPPEMENT_AGRICOLE_MAADENE,SOCIETE DE DEVELOPPEMENT AGRICOLE MAADENE,0.695,ambiguous,0.7,1.0,1.0,0.0,0.0,24,0.245,PERSON_KAMOUN_AMIN,1,2009-04-08,2009-04-08,2,1,PERSON_KAMOUN_AMINE_BENMOHAMED_ELMONCEF,"1) Par acte S.S.P en date du 8/4/2009 enregistré à la recette d'enregistrement des contrats de sociétés à Sfax le 4/5/2009, quittance M002333, enregistrement 09102229 pour la société de Développement "
"Amor Najai||SOCIETE NOUVELLE DE BRASSERIE SA au capital de 35 445 000,000 DT",Amor Najai,"SOCIETE NOUVELLE DE BRASSERIE SA au capital de 35 445 000,000 DT",940993H,PERSON_NAJAI_AMOR,AMOR NAJAI,CO_NOUVELLE_BRASSERIE,SOCIETE NOUVELLE DE BRASSERIE,0.5,ambiguous,1.0,0.0,1.0,0.0,1.0,11,0.45,PERSON_BEJAOUI_SAIFEDINE,1,2010-09-10,2010-09-10,2,1,PERSON_NAJAI_AMOR,- La démission de deux administrateurs; Monsieur Hans Neven et Mr Amor Najai.
Anis Ben Amor||Contrat de Cession de parts Sociales,Anis Ben Amor,Contrat de Cession de parts Sociales,,PERSON_BENAMOR_ANIS,ANIS BEN-AMOR,,,0.5,ambiguous,1.0,0.0,0.0,1.0,0.0,3,0.36,PERSON_BENAMOR_AHMED,1,2009-02-11,2009-02-11,2,1,PERSON_BENAMOR_ANIS,- M. Anis Ben Amor cède 294 parts sociales lui appartenant dans la société M3S à M. Mokhtar Meziou.
Anis El Khaldi||Société El Khaldi d'Entreposage et Distribution,Anis El Khaldi,Société El Khaldi d'Entreposage et Distribution,,PERSON_KHALDI_ANIS,ANIS KHALDI,CO_KHALDI_DENTREPOSAGE_DISTRIBUTION,SOCIETE KHALDI DENTREPOSAGE ET DISTRIBUTION,0.6794,ambiguous,0.857,0.941,0.0,0.0,1.0,1,0.6794,,1,2012-11-14,2012-11-14,2,1,PERSON_ELKHALDI_ANIS,Gérance : Mr Anis El Khaldi gérant de la société avec les pouvoirs étendus.
Anissa Mansour||SOCIETE TUNISIAN HIGH BUSINESS SCHOOL. UNIVERSITE PRIVEE (THBS - UP),Anissa Mansour,SOCIETE TUNISIAN HIGH BUSINESS SCHOOL. UNIVERSITE PRIVEE (THBS - UP),840060M,PERSON_MANSOUR_ANISA,ANISSA MANSOUR,CO_TUNISIAN_HIGH_BUSINESS_SCHOOL_UNIVERSITE_PRIVEE_THBS_UP,SOCIETE TUNISIAN HIGH BUSINESS SCHOOL UNIVERSITE PRIVEE THBS UP,0.575,ambiguous,1.0,0.0,1.0,0.5,1.0,5,0.385,PERSON_MANSOUR_AHMED,1,2009-09-14,2009-09-14,2,1,PERSON_MANSOUR_ANISA,"- Renouvellement du mandat des administrateurs Mr Ahmed Attia, Mme Anissa Mansour épouse Dimassi et Maître Nejha Ben Abdallah pour les exercices 2009, 2010 et 2011."
Anissa Mansour||Société Tunisian High Business School Université Privée (THBS - UP),Anissa Mansour,Société Tunisian High Business School Université Privée (THBS - UP),840060M,PERSON_MANSOUR_ANISA,ANISSA MANSOUR,CO_TUNISIAN_HIGH_BUSINESS_SCHOOL_UNIVERSITE_PRIVEE_THBS_UP,SOCIETE TUNISIAN HIGH BUSINESS SCHOOL UNIVERSITE PRIVEE THBS UP,0.575,ambiguous,1.0,0.0,1.0,0.5,1.0,5,0.385,PERSON_MANSOUR_AHMED,1,2009-08-27,2009-08-27,2,1,PERSON_MANSOUR_ANISA,"- Renouvellement du mandat des administrateurs, Mr Ahmed Attia, Mme Anissa Mansour épouse Dimassi et Mme Nejha Ben Abdallah pour les exercices 2006, 2007 et 2008."
Anissa Materi Hached||Tunisian international textile Industrie,Anissa Materi Hached,Tunisian international textile Industrie,,PERSON_MATERI_ANISA,ANISSA MATERI,CO_TUNISIAN_INTERNATIONAL_TEXTILE_INDUSTRIE,TUNISIAN INTERNATIONAL TEXTILE INDUSTRIE SA,0.6975,ambiguous,0.85,1.0,0.0,0.0,1.0,1,0.6975,,1,1989-12-22,1989-12-22,2,1,PERSON_HACHED_ANISA_MATERI,"Enregistré à Tunis au premier bureau de l'enregistrement des actes de sociétés, le 13 mars 1990 volume 4, série B, case 225, il apport que le conseil a nommé Madame Anissa Materi Hached, comme préside"
Bassem Slama||Nomination d'un gérant,Bassem Slama,Nomination d'un gérant,1008727C,PERSON_SLAMA_BASEM,BASSEM SLAMA,,,0.475,ambiguous,1.0,0.0,0.0,0.5,1.0,6,0.285,PERSON_SLAMA_BECHIR,1,2012-10-25,2012-10-25,2,1,PERSON_SLAMA_BASEM,- Acceptation de la démission du gérant Mr Bassem Slama.
Ben SLIMANE Hatem||Sté Atelier du Meuble,Ben SLIMANE Hatem,Sté Atelier du Meuble,47057W,PERSON_BENSLIMANE_HATEM,HATEM BEN-SLIMANE,,,0.55,ambiguous,1.0,0.0,0.0,1.0,1.0,1,0.55,,1,2009-10-16,2009-10-16,2,1,PERSON_HATEM_BENSLIMANE,"La Société le Mobilier Contemporain RC : B112632001, MF : 283512Q, Route Soukra km 13 Sidi FrajTunis représenté par son gérant Mr Ben SLIMANE Hatem, a cédé la totalité des parts qu'elle détient dans l"
Boujmil Raja||Compagnie Tunisienne de Fabrication de Peinture VALIREX,Boujmil Raja,Compagnie Tunisienne de Fabrication de Peinture VALIREX,,PERSON_BOUJMIL_RAJA,RAJA BOUJMIL,CO_CIE_TUNISIENNE_FABRICATION_PEINTURE_VALIREX,CIE TUNISIENNE DE FABRICATION DE PEINTURE VALIREX,0.6731,ambiguous,1.0,0.923,0.0,0.0,0.0,2,0.5331,PERSON_BOUJMIL_DHOUHA,1,2008-01-03,2008-01-03,2,1,PERSON_RAJA_BOUJMIL,"Monsieur Boujmil Rached a cédé la totalité des parts sociales (11688) qu'il détient dans le capital de la Compagnie Tunisienne de Fabrication de Peinture ""VALIREX"" à Monsieur Boujmil Raja."
Braham Habib||Société Borderie Sérigraphie Performance Plus,Braham Habib,Société Borderie Sérigraphie Performance Plus,,PERSON_BRAHEM_HABIB,HABIB BRAHEM,CO_BRODERIE_SRIGRAPHIE_PERFORMANCE_BSP_PLUS,BRODERIE SRIGRAPHIE PERFORMANCE BSP PLUS,0.6598,ambiguous,0.833,0.909,0.0,0.0,1.0,3,0.5432,PERSON_BRAHEM_IHEB,1,2010-12-03,2010-12-03,2,1,PERSON_HABIB_BRAHAM,Gérant : Monsieur Braham Habib avec les pouvoirs les plus étendus .
Béchir Boujdai||Réalisation de l'augmentation de capital de la,Béchir Boujdai,Réalisation de l'augmentation de capital de la,341544A,PERSON_BOUJDAI_BECHIR,BECHIR BOUJDAI,CO_INTERNATIONAL_CITY_CENTER,INTERNATIONAL CITY CENTER,0.5,ambiguous,1.0,0.0,1.0,0.0,1.0,1,0.5,,1,2011-06-24,2011-06-24,2,1,PERSON_BOUJDAI_BECHIR,- Le Conseil décide de designer Monsieur Béchir Boujdai en tant que Président Directeur Général de la Société pour les Exercices 2012-2013-2014.
CARRIERO Cosimo||CARTHAGE FRUITS ET LEGUMES,CARRIERO Cosimo,CARTHAGE FRUITS ET LEGUMES,1166305N,PERSON_COSIMO_CARIERO,CARRIERO COSIMO,CO_FRUITS_CARTHAGE,SOCIETE FRUITS DE CARTHAGE,0.5,ambiguous,1.0,0.0,1.0,0.0,1.0,2,0.45,PERSON_CHAIEB_FAOUZI,1,2010-08-28,2010-08-28,2,1,PERSON_COSIMO_CARIERO,Gérance : Monsieur CARRIERO Cosimo est nommé gérant avec les pouvoirs les plus étendus.
Carlo Matallo||Société de gestion et d'Animation,Carlo Matallo,Société de gestion et d'Animation,954729Q,PERSON_MATALO_CARLO,CARLO MATALLO,CO_GESTION_D_ANIMATION_TOURISTIQUE_ITALIA_SGATI,"SOCIETE DE GESTION ET D'ANIMATION TOURISTIQUE ITALIA ""SGATI""",0.525,ambiguous,1.0,0.0,1.0,0.5,0.0,3,0.31,PERSON_MATALO_MARIO,1,2008-01-29,2008-01-29,2,1,PERSON_MATALO_CARLO,- La nomination de Messieurs Carlo Matallo et Vitantonio Colucci en tant que co-gérants.
Chaabane Adel||Best,Chaabane Adel,Best,103539B,PERSON_CHAABANE_ADEL,ADEL CHAABANE,CO_BEST,BEST,0.5,ambiguous,1.0,0.0,1.0,0.0,1.0,2,0.5,PERSON_SELAMI_FAYCEL,1,2008-01-22,2008-01-22,2,1,PERSON_ADEL_CHAABANE,Gérance : Monsieur Chaabane Adel nommé gérant pour une période indéterminée avec tous les pouvoirs énoncés au statut les plus étendus.
Chantal Triki||Société ALLIANCE &amp; CO,Chantal Triki,Société ALLIANCE &amp; CO,,PERSON_TRIKI_CHANTAL,CHANTAL TRIKI,,,0.5,ambiguous,1.0,0.0,0.0,1.0,0.0,11,0.31,PERSON_TRIKI_CHEMA,1,2012-02-14,2012-02-14,2,1,PERSON_TRIKI_CHANTAL,"La nomination de M. Sehil Triki, nouveau gérant de la société avec les pouvoirs les plus étendus, en remplacement de la gérante démissionnaire Mlle Sonia Triki. L'approbation de l'acte de cession daté"
Chebbi Mekki||Divers résolutions,Chebbi Mekki,Divers résolutions,648392C,PERSON_CHEBI_MEKI,MEKKI CHEBBI,CO_CONFECTION,SA CONFECTION,0.5,ambiguous,1.0,0.0,1.0,0.0,1.0,2,0.45,PERSON_MELAOUAH_AHLEM,1,2008-10-20,2008-10-20,2,1,PERSON_MEKI_CHEBI,- Nomination de Mr Chebbi Mekki gérant Mr Ben Rhouma Salah et Mr Bouhani Adel des cogérants de la société.
Chokri Ben Mabrouk||Société Mohamed Ben Mabrouk et Fils SARL,Chokri Ben Mabrouk,Société Mohamed Ben Mabrouk et Fils SARL,385454N,PERSON_BENMABROUK_CHOKRI,CHOKRI BEN-MABROUK,CO_MABROUK,SOCIETE MABROUK,0.5,ambiguous,1.0,0.0,1.0,0.0,1.0,3,0.3347,PERSON_MABROUK_ABDESALEM,1,2008-08-11,2008-08-11,2,1,PERSON_BENMABROUK_CHOKRI,2/ nomination de Mr Chokri Ben Mabrouk gérant de la société en remplacement de Mr Mohamed Ben Mabrouk.
Chokri Ben Mustapha Rekik||Société ARRAWAFED OIL SERVICES AROS,Chokri Ben Mustapha Rekik,Société ARRAWAFED OIL SERVICES AROS,1226363R,PERSON_REKIK_CHOKRI,CHOKRI REKIK,CO_OIL_SERVICES,OIL SERVICES,0.5,ambiguous,1.0,0.0,1.0,0.0,1.0,2,0.45,PERSON_MABROUK_FARES,1,2011-11-01,2011-11-01,2,1,PERSON_REKIK_CHOKRI_BENMUSTAPHA,Gérance : Le premier Gérant est Monsieur Taha Mustapha Mohamed Ellafi le deuxième Gérant est Monsieur Chokri Ben Mustapha Rekik pour une durée de 3 Années avec les mêmes pouvoirs et avec signature Con
Faez Choyakh||Agrément d'un acte de cession des parts sociales et acceptation d'un nouvel associé,Faez Choyakh,Agrément d'un acte de cession des parts sociales et acceptation d'un nouvel associé,793109W,PERSON_CHOYAKH_FAEZ,FAEZ CHOYAKH,CO_CONSEIL_JURIDIQUE_FISCAL_COJEF,SOCIETE DE CONSEIL JURIDIQUE ET FISCAL COJEF,0.525,ambiguous,1.0,0.0,1.0,0.5,0.0,2,0.45,PERSON_ELOUMI_ANIS,1,2009-05-12,2009-05-12,2,1,PERSON_CHOYAKH_FAEZ,"2- Par acte sous seing privé en date du 25 mai 2009, enregistré à la recette de l'enregistrement des actes de sociétés 1er bureau en date du 19 juin 2009 quittance n° M7944 sous le n° 9106281, Mr Reje"
Fethi MOKHTAR||SOCIETE SACINOR,Fethi MOKHTAR,SOCIETE SACINOR,1155487B,PERSON_MOKHTAR_FETHI,FETHI MOKHTAR,CO_SACINOR,SACINOR,0.5,ambiguous,1.0,0.0,1.0,0.0,1.0,2,0.36,PERSON_MOKHTAR_KAIS,1,2010-06-11,2010-06-11,2,1,PERSON_MOKHTAR_FETHI,"Suivant PV du Conseil d'administration du 11 Juin 2010 enregistré à la Recette des finances de la Cité Administrative à ZAGHOUAN le 12 juin 2010 sous le n° 10701909, quittance n° 28764, Monsieur Fethi"
Fethi Mokhtar||Renouvellement du mandat des administrateurs,Fethi Mokhtar,Renouvellement du mandat des administrateurs,774253X,PERSON_MOKHTAR_FETHI,FETHI MOKHTAR,,,0.5,ambiguous,1.0,0.0,0.0,1.0,0.0,1,0.5,,1,2008-01-03,2008-01-03,2,1,PERSON_MOKHTAR_FETHI,"a décidé de désigner comme membres du conseil d'administration, pour la durée prévue par l'article 16 des statuts, c'est-à-dire pour une durée de trois ans : Monsieur Fethi Mokhtar, Madame Insaf Mokht"
Fethi Mokhtar||Société MINIERE DE TUNISIE SMT,Fethi Mokhtar,Société MINIERE DE TUNISIE SMT,1180705L,PERSON_MOKHTAR_FETHI,FETHI MOKHTAR,CO_MINIERE_TUNISIE_SMT,SOCIETE MINIERE DE TUNISIE SMT,0.5,ambiguous,1.0,0.0,1.0,0.0,1.0,2,0.36,PERSON_MOKHTAR_KAIS,1,2010-12-22,2010-12-22,2,1,PERSON_MOKHTAR_FETHI,"Suivant PV du Conseil d'administration du 22/12/2010 enregistré à la recette des finances de Zaghouan le 22/12/2010, sous le n°10704023, quittance n°55738, Monsieur Fethi Mokhtar a été désigné préside"
Fethi Mokhtar||Société TUNISIE PLATRE,Fethi Mokhtar,Société TUNISIE PLATRE,1216754Q,PERSON_MOKHTAR_FETHI,FETHI MOKHTAR,CO_TUNISIE_PLATRE,TUNISIE PLATRE,0.575,ambiguous,1.0,0.0,1.0,0.5,1.0,2,0.36,PERSON_MOKHTAR_KAIS,1,2011-10-01,2011-10-01,2,1,PERSON_MOKHTAR_FETHI,Monsieur Fethi Mokhtar a été désigné Président Directeur Général.
François ABRIAL Président||AIR LIQUIDE TUNISIE SERVICES,François ABRIAL Président,AIR LIQUIDE TUNISIE SERVICES,,PERSON_ABRIAL_FRANCOIS,FRANCOIS ABRIAL,CO_AIR_LIQUIDE_TUNISIE_SERVICES,AIR LIQUIDE TUNISIE SERVICES,0.6475,ambiguous,0.85,1.0,0.0,0.0,0.0,23,0.6475,PERSON_GRENACHE_NATHALIE,1,2009-04-27,2009-04-27,2,1,PERSON_PRESIDENT_FRANCOIS_ABRIAL,"Greffe du Tribunal de Première Instance de l'Ariana sous le N° D1127496, le Conseil d'administration a nommé M. François ABRIAL Président du Conseil d'administration pour une durée égale à celle de so"
Féthi Bézrati||Nomination de gérant et transfert de siège,Féthi Bézrati,Nomination de gérant et transfert de siège,,PERSON_BEZRATI_FETHI,FETHI BEZRATI,,,0.475,ambiguous,1.0,0.0,0.0,0.5,1.0,1,0.475,,1,2010-06-19,2010-06-19,2,1,PERSON_BEZRATI_FETHI,- Monsieur Mourad Bezrati a présenté sa démission en tant que gérant de la société et que Monsieur Féthi Bézrati est nommé nouveau gérant de la société et qu'il lui a été délégué les pouvoirs les plus
Giuseppe Zuccherelli||Nominations,Giuseppe Zuccherelli,Nominations,719170J,PERSON_ZUCHERELI_GIUSEPE,GIUSEPPE ZUCCHERELLI,CO_CONSEIL,SOCIETE LE CONSEIL,0.6,ambiguous,1.0,0.0,1.0,1.0,0.0,2,0.6,PERSON_SAIDI_MOHAMED,1,2009-12-30,2009-12-30,2,1,PERSON_ZUCHERELI_GIUSEPE,"Suivant P.V du conseil d'administration daté du 30/12/2009, et enregistré à la recette d'enregistrement des actes de sociétés 1er bureau Tunis (Guichet unique API) le 12/01/2010 sous le n° 10800296, q"
H'mida Hasni||Société de l'Environnement et Plantation de Moulares,H'mida Hasni,Société de l'Environnement et Plantation de Moulares,,PERSON_HASNI_HMIDA,HMIDA HASNI,CO_DENVIRONNEMENT_PLANTATION_MOULARES,SOCIETE DENVIRONNEMENT ET DE PLANTATION MOULARES,0.6794,ambiguous,1.0,0.941,0.0,0.0,0.0,2,0.6794,PERSON_ZOUARI_ABDELWAHEB,1,2011-12-29,2011-12-29,2,1,PERSON_HASNI_H_MIDA,- Monsieur H'mida Hasni a été nommé Président du Conseil d'Administration.
Habib Ben Mohamed Gloulou||Société CARRIERES EL GHALI ET GLOULOU,Habib Ben Mohamed Gloulou,Société CARRIERES EL GHALI ET GLOULOU,,PERSON_GLOULOU_HABIB,HABIB GLOULOU,,,0.475,ambiguous,1.0,0.0,0.0,0.5,1.0,2,0.285,PERSON_GLOULOU_HAJSALEM,1,2009-10-31,2009-10-31,2,1,PERSON_GLOULOU_HABIB_BENMOHAMED,- Nomination de Mr Habib Ben Mohamed Gloulou comme gérant pour une durée indéterminée et avec les pouvoirs les plus étendus.
Habib Miled||Société Sinutex,Habib Miled,Société Sinutex,,PERSON_MILED_HABIB_BENMOHAMED_AMIN,HABIB BEN-MOHAMED AMIN MILED,,,0.5,ambiguous,1.0,0.0,0.0,1.0,0.0,2,0.0,PERSON_MILED_HABIB,1,2008-05-28,2008-05-28,2,1,PERSON_MILED_HABIB,"1/- Suivant contrat de cession de parts sociales en date du 28 mai 2008 enregistré à la recette de l'enregistrement des actes de sociétés premier bureau Tunis le 24 juillet 2008 sous le n° 8106960, qu"
Habiba El Abed||Société ETS,Habiba El Abed,Société ETS,1232560A,PERSON_ELABED_HABIBA,HABIBA EL-ABED,CO_ETS,ETS,0.5,ambiguous,1.0,0.0,1.0,0.0,1.0,2,0.5,PERSON_MANSOUR_HELA_SASI,1,2012-01-02,2012-01-02,2,1,PERSON_ELABED_HABIBA,Gérant : Mme Habiba El Abed.
Hamdi Kacem||IRIS DISTRIBUTION,Hamdi Kacem,IRIS DISTRIBUTION,1213944G,PERSON_KACEM_HAMDI,HAMDI KACEM,CO_IRIS_DISTRIBUTION,SOCIETE IRIS DE DISTRIBUTION,0.5,ambiguous,1.0,0.0,1.0,0.0,1.0,3,0.05,PERSON_HAMDI_KACEM,1,2011-10-12,2011-10-12,2,1,PERSON_KACEM_HAMDI,Gérance : Monsieur Hamdi Kacem est nommé gérant de la société avec les pouvoirs les plus étendus tels que prévus dans les statuts.
Hammadi Mansour||Société Salma des Produits de Mer,Hammadi Mansour,Société Salma des Produits de Mer,1031764T,PERSON_MANSOUR_HAMADI,HAMADI MANSOUR,CO_SALMA,SOCIETE SALMA,0.5,ambiguous,1.0,0.0,1.0,0.0,1.0,4,0.31,PERSON_MANSOUR_HAMZA,1,2009-02-28,2009-02-28,2,1,PERSON_MANSOUR_HAMADI,Démission du gérant Mr Fathi Benmansour et nomination de Mr Hammadi Mansour en qualité de nouveau gérant pour la société.
Hammami Chafik||Société d'accessoires de cuisine d'équipement et dérivés (ACCESS),Hammami Chafik,Société d'accessoires de cuisine d'équipement et dérivés (ACCESS),,PERSON_HAMAMI_CHAFIK,CHAFIK HAMMAMI,CO_DACCESSOIRES_CUISINE_DEQUIPEMENT_DERIVES_ACCESS,SOCIETE DACCESSOIRES DE CUISINE DEQUIPEMENT ET DERIVES ACCESS,0.6772,ambiguous,1.0,0.935,0.0,0.0,0.0,1,0.6772,,1,2011-11-28,2011-11-28,2,1,PERSON_CHAFIK_HAMAMI,"Gérance : Monsieur Hammami Chafik est désigné gérant, Monsieur Moez Lassoued désigné cogérant."
Hassen Chaari||Sté Best Equipement,Hassen Chaari,Sté Best Equipement,1250321N,PERSON_CHAARI_HASEN,HASSEN CHAARI,CO_BEST,BEST,0.5,ambiguous,1.0,0.0,1.0,0.0,1.0,2,0.5,PERSON_SELAMI_FAYCEL,1,2012-05-10,2012-05-10,2,1,PERSON_CHAARI_HASEN,Gérant : Mr Hassen Chaari.
Hassen Sassi||Capital social : 5.000 D (cinq mille dinars),Hassen Sassi,Capital social : 5.000 D (cinq mille dinars),1203869H,PERSON_SASI_HASEN,HASSEN SASSI,CO_CINQ_CINQ_5_5,CINQ CINQ 5 5,0.5,ambiguous,1.0,0.0,1.0,0.0,1.0,24,0.31,PERSON_SASI_HELMI,1,2011-07-13,2011-07-13,2,1,PERSON_SASI_HASEN,Gérance : est nommé gérant Monsieur Hassen Sassi avec les pouvoirs les plus étendus pour la direction de la société et ce tout au long de son existence.
Hatem Bouricha||Société d'Assistance et de Service S.A.S» - SARL,Hatem Bouricha,Société d'Assistance et de Service S.A.S» - SARL,,PERSON_BOURICHA_HATEM,HATEM BOURICHA,,,0.5,ambiguous,1.0,0.0,0.0,1.0,0.0,10,0.36,PERSON_BOURICHA_HASEN,1,2010-07-21,2010-07-21,2,1,PERSON_BOURICHA_HATEM,- Mr Hatem Bouricha a cédé la totalité de 150 parts sociales qu'il détient dans le capital de la société à l'Agence Maritime MOHAB.SA ;
Hedia KCHOUIK||Société Adecco Tunisie,Hedia KCHOUIK,Société Adecco Tunisie,,PERSON_KCHOUK_HEDIA,HEDIA KCHOUK,CO_ADECCO_TUNISIE,ADECCO TUNISIE,0.6731,ambiguous,0.923,1.0,0.0,0.0,0.0,2,0.6231,PERSON_AYADI_MEHDI,1,2008-06-20,2008-06-20,2,1,PERSON_KCHOUIK_HEDIA,1 - le renouvellement du mandat de Madame Hedia KCHOUIK en qualité de Gérante de la société pour une
Hichem Ayed||Réalisation de l'augmentation de capital de la société International City Center S.A,Hichem Ayed,Réalisation de l'augmentation de capital de la société International City Center S.A,,PERSON_AYED_HICHEM,HICHEM AYED,CO_INTERNATIONAL_CITY_CENTER,INTERNATIONAL CITY CENTER,0.55,ambiguous,1.0,0.0,0.0,1.0,1.0,4,0.41,PERSON_AYED_HOUDA,1,2009-11-17,2009-11-17,2,1,PERSON_AYED_HICHEM,- le renouvellement du mandat d'administrateur de Monsieur Hatem Denguezli et de Monsieur Hichem Ayed et la nomination de Monsieur Ridha Chouria nouvel administrateur pour une durée de trois exercices
Hichem Ben M'hamed Driss||ESSALAMA - SICAF,Hichem Ben M'hamed Driss,ESSALAMA - SICAF,,PERSON_DRIS_HICHEM_BENMHAMED,HICHEM BEN-MHAMED DRISS,CO_ESSALAMA_SICAF,ESSALAMA SICAF,0.75,ambiguous,1.0,1.0,0.0,0.0,1.0,18,0.0,PERSON_DRIS_HICHEM,1,2008-04-15,2008-04-15,2,1,PERSON_DRIS_HICHEM_BENM_HAMED,"2- Et suivant procès-verbal de la réunion du conseil d'administration du 15 avril 2008, enregistré à Tunis, recette des finances cité Al Mahrajene le 16 avril 2008, sous le n° 08802008, quittance n° 4"
Hichem Boumallaougua||MINISTERE DES FINANCES,Hichem Boumallaougua,MINISTERE DES FINANCES,,PERSON_BOUMALOUKA_HICHEM,HICHEM BOUMALOUKA,GOV_MINISTERE_FINANCES,MINISTERE DES FINANCES,0.6364,ambiguous,0.818,1.0,0.0,0.0,0.0,6,0.6364,PERSON_KAROUI_RIADH,1,2012-12-04,2012-12-04,2,1,PERSON_BOUMALAOUGUA_HICHEM,"Monsieur Hichem Boumallaougua, inspecteur en chef des services financiers, est chargé des fonctions de directeur de la gestion des avantages financiers à l'unité d'incitation d'investissement et des i"
Hichem Boumallouga||MINISTERE DES FINANCES,Hichem Boumallouga,MINISTERE DES FINANCES,,PERSON_BOUMALOUKA_HICHEM,HICHEM BOUMALOUKA,GOV_MINISTERE_FINANCES,MINISTERE DES FINANCES,0.665,ambiguous,0.9,1.0,0.0,0.0,0.0,6,0.665,PERSON_KAROUI_RIADH,1,2008-06-05,2008-06-05,2,1,PERSON_BOUMALOUGA_HICHEM,"Monsieur Hichem Boumallouga, inspecteur central des services financiers au ministère des finances, est nommé sous-directeur des conventions et des régimes particuliers à la direction générale des avan"
Hichem Sellami||4. Avenue de Monastir El Menzah VII - Ariana,Hichem Sellami,4. Avenue de Monastir El Menzah VII - Ariana,847298P,PERSON_SELAMI_HICHEM,HICHEM SELLAMI,CO_TRANSFORMATION_METAUX_SOMTRAMET,SOCIETE DE TRANSFORMATION DES METAUX SOMTRAMET,0.65,ambiguous,1.0,0.0,1.0,1.0,1.0,20,0.435,PERSON_SELAMI_HEND,1,2010-03-30,2010-03-30,2,1,PERSON_SELAMI_HICHEM,"Le renouvellement du mandat de M. Mohamed Sellami, M. Mustapha Sellami, La société ""COGEHI"", et Mr. Hichem Sellami et ce en qualité d'administrateurs pour les exercices 2010, 2011 et 2012"
Houcine Soltani||Arab Tunisian Invest,Houcine Soltani,Arab Tunisian Invest,,PERSON_SOLTANI_HOUCINE,HOUCINE SOLTANI,CO_ARAB_TUNISIAN_INVEST,ARAB TUNISIAN INVEST,0.475,ambiguous,1.0,0.0,0.0,0.5,1.0,1,0.475,,1,2010-04-26,2010-04-26,2,1,PERSON_SOLTANI_HOUCINE,"- le renouvellement du mandat d'administrateur de messieurs Othmen Zahag, Jamel Jenana Lotfi Ayed, Houcine Soltani, l'Arab Tunisian Bank «ATB», SIP-SICAF, GIAN et CGM et ce, pour une durée de trois an"
Ibrahim Ben Ali Chaabane||Société Hôtel Palace,Ibrahim Ben Ali Chaabane,Société Hôtel Palace,447246A,PERSON_CHAABANE_NOURI_BENALI,NOURI BEN-ALI CHAABANE,CO_HOTEL_PALACE,SOCIETE HOTEL PALACE,0.695,ambiguous,0.7,1.0,1.0,0.0,0.0,9,0.245,PERSON_CHAABANE_IBRAHIM,1,2010-04-05,2010-04-05,2,1,PERSON_CHAABANE_IBRAHIM_BENALI,"Suivant acte sous seing privé en date du 5 avril 2010 enregistré à la recette de l'enregistrement des actes de sociétés 1er bureau à Tunis le 7 avril 2010, sous le n°10803944, quittance 5247. Monsieur"
Ibrahim Ben Ali Chaabane||Société Les Carrières L'ESSOR,Ibrahim Ben Ali Chaabane,Société Les Carrières L'ESSOR,,PERSON_CHAABANE_NOURI_BENALI,NOURI BEN-ALI CHAABANE,CO_CARRIERES_LESSOR,SOCIETE LES CARRIERES LESSOR,0.5611,ambiguous,0.7,0.903,0.0,0.0,0.0,9,0.2111,PERSON_CHAABANE_IBRAHIM,1,2010-04-05,2010-04-05,2,1,PERSON_CHAABANE_IBRAHIM_BENALI,"Suivant acte sous seing privé en date du 5 avril 2010 enregistré à la recette de l'enregistrement des actes de sociétés 1er bureau à Tunis le 7 avril 2010, sous le n°10803946, quittance 5249, Monsieur"
Ibtissem Ben Aljia||MINISTERE DES FINANCES,Ibtissem Ben Aljia,MINISTERE DES FINANCES,,PERSON_BENALGIA_IBTISEM,IBTISSEM BEN-ALGIA,GOV_MINISTERE_FINANCES,MINISTERE DES FINANCES,0.6562,ambiguous,0.875,1.0,0.0,0.0,0.0,6,0.6562,PERSON_KAROUI_RIADH,1,2010-11-02,2010-11-02,2,1,PERSON_BENALJIA_IBTISEM,"Madame Ibtissem Ben Aljia, inspecteur central des services financiers, est chargée des fonctions de sous-directeur des équilibres des finances publiques à la direction générale des ressources et des é"
Imed Eddine Mabrouk||Société Iramis,Imed Eddine Mabrouk,Société Iramis,433162Z,PERSON_MABROUK_IMED,IMED MABROUK,CO_IRAMIS,IRAMIS,0.5,ambiguous,1.0,0.0,1.0,0.0,1.0,7,0.31,PERSON_MABROUK_ISAM,1,2008-06-24,2008-06-24,2,1,PERSON_MABROUK_IMED_EDINE,1 - Nomination de Mr Imed Eddine Mabrouk en tant que 2ème gérant avec signature séparée et avec les pouvoirs les plus étendus.
Ines Slama||Société Immobilière Ines de Tunisie,Ines Slama,Société Immobilière Ines de Tunisie,,PERSON_BENAMOR_INES_SLAMA,INES SLAMA BEN-AMOR,CO_IMMOBILIERE_INES_TUNISIE,SOCIETE IMMOBILIERE INES DE TUNISIE,0.6475,ambiguous,0.85,1.0,0.0,0.0,0.0,12,0.2975,PERSON_SLAMA_INES,1,2010-04-13,2010-04-13,2,1,PERSON_SLAMA_INES,"finances d'El Menzah 6 le 27 juillet 2010 enregistrement n°10705326 quittance n°71176, dont 2 exemplaires ont été déposés au greffe du tribunal de Première Instance de l'Ariana le 12 août 2010 sous le"
Inès Slama||société Immobilière Inès de Tunisie,Inès Slama,société Immobilière Inès de Tunisie,,PERSON_BENAMOR_INES_SLAMA,INES SLAMA BEN-AMOR,CO_IMMOBILIERE_INES_TUNISIE,SOCIETE IMMOBILIERE INES DE TUNISIE,0.6475,ambiguous,0.85,1.0,0.0,0.0,0.0,12,0.2975,PERSON_SLAMA_INES,1,2007-03-22,2007-03-22,2,1,PERSON_SLAMA_INES,"Suivant procès-verbal du conseil d'administration de la Société immobilière Inès de Tunisie en date du 22 mars 2007, enregistré à la recette des finances El Menzah 6 le 7 février 2008, quittance 35839"
Kacem Mohamed||W M CONFECTION,Kacem Mohamed,W M CONFECTION,1130666V,PERSON_KACEM_MOHAMED,MOHAMED KACEM,CO_CONFECTION,SA CONFECTION,0.5,ambiguous,1.0,0.0,1.0,0.0,1.0,2,0.45,PERSON_MELAOUAH_AHLEM,1,2010-01-14,2010-01-14,2,1,PERSON_MOHAMED_KACEM,Gérant : Mr Kacem Mohamed.
Karim Ben Abdessalem||Nomination d'un nouveau gérant,Karim Ben Abdessalem,Nomination d'un nouveau gérant,998888V,PERSON_BENABDESALEM_KARIM,KARIM BEN-ABDESSALEM,,,0.475,ambiguous,1.0,0.0,0.0,0.5,1.0,1,0.475,,1,2008-11-25,2008-11-25,2,1,PERSON_BENABDESALEM_KARIM,- la nomination de Mr Liborio Antonelli nouveau gérant à la place de Mr Karim Ben Abdessalem gérant démissionnaire et dont on lui a donné quitus pour sa période de gérance.
Khaled Ben Driss||Oxia Business Solutions,Khaled Ben Driss,Oxia Business Solutions,,PERSON_BENDRIS_KHALED,KHALED BEN-DRISS,CO_OXIA_BUSINESS_SOLUTIONS,OXIA BUSINESS SOLUTIONS,0.475,ambiguous,1.0,0.0,0.0,0.5,1.0,4,0.35,PERSON_TEKAYA_HOUDA,1,2012-02-22,2012-02-22,2,1,PERSON_BENDRIS_KHALED,"- La nomination de Monsieur Mehdi Tekaya, Monsieur Imed Ayadi, Monsieur Rabii Jhinaoui, Monsieur Hatem Chebeane, Monsieur Khaled Ben Driss et la Société Oxia comme premiers administrateurs pour une du"
Khaled Trabelsi||Société Trabelsi de Confection S,Khaled Trabelsi,Société Trabelsi de Confection S,1173301B,PERSON_TRABELSI_KHALED,KHALED TRABELSI,CO_CONFECTION,SA CONFECTION,0.5,ambiguous,1.0,0.0,1.0,0.0,1.0,4,0.31,PERSON_TRABELSI_KAMEL,1,2010-08-12,2010-08-12,2,1,PERSON_TRABELSI_KHALED,Gérance : Mr Khaled Trabelsi est nommé gérant de la société pour une durée illimitée avec les pouvoirs et les autorisations nécessaires pour la direction de la société.
Kilani Rajeh||Société Maria Immobilier,Kilani Rajeh,Société Maria Immobilier,,PERSON_RAJAH_KILANI,KILANI RAJAH,CO_MARIA_IMMOBILIER,MARIA IMMOBILIER,0.68,ambiguous,0.8,1.0,0.0,0.0,1.0,1,0.68,,1,2007-10-24,2007-10-24,2,1,PERSON_RAJEH_KILANI,Gérance : Mr. Kilani Rajeh gérant de la société avec plein pouvoir.
Laaroussi Bayoudh||CARTHAGE CEMENT,Laaroussi Bayoudh,CARTHAGE CEMENT,1072172A,PERSON_BAYOUDH_LAROUSI,LAROUSSI BAYOUDH,CO_CARTHAGE_CEMENT,CARTHAGE CEMENT,0.5,ambiguous,1.0,0.0,1.0,0.0,1.0,13,0.375,PERSON_BOUCHAHOUA_KILANI,1,2010-11-22,2010-11-22,2,1,PERSON_BAYOUDH_LAAROUSI,"- Nomination de Mr Lotfi Hamrouni et Mr Laaroussi Bayoudh en qualité d'administrateurs représentant le public,"
Laroussi Bayoudh||AL BARAKA BANK TUNISIA,Laroussi Bayoudh,AL BARAKA BANK TUNISIA,31041F,PERSON_BAYOUDH_LAROUSI,LAROUSSI BAYOUDH,CO_AL_BARAKA_BANK_TUNISIA,AL BARAKA BANK TUNISIA,0.5,ambiguous,1.0,0.0,1.0,0.0,1.0,2,0.45,PERSON_BAKALI_WASILA_CHOUCHANE,1,2011-06-17,2011-06-17,2,1,PERSON_BAYOUDH_LAROUSI,"- Désigner Monsieur Fraj Zaag nouveau membre du Conseil d'Administration pour la période restante du mandat d'administrateur représentant le premier groupe des actionnaires et ce, en remplacement de M"
Lilia Meddeb||Nomination d'un administrateur,Lilia Meddeb,Nomination d'un administrateur,,PERSON_MEDEB_LILIA,LILIA MEDDEB,,,0.475,ambiguous,1.0,0.0,0.0,0.5,1.0,1,0.475,,1,2009-06-04,2009-06-04,2,1,PERSON_MEDEB_LILIA,- L'acceptation de la démission de Mme Lilia Meddeb de ses fonctions d'administrateur.
Lotfi Chaghal||Renouvellement de mandat d'administrateurs et nomination de nouveaux membres,Lotfi Chaghal,Renouvellement de mandat d'administrateurs et nomination de nouveaux membres,,PERSON_CHAGHAL_LOTFI,LOTFI CHAGHAL,,,0.475,ambiguous,1.0,0.0,0.0,0.5,1.0,1,0.475,,1,2008-07-22,2008-07-22,2,1,PERSON_CHAGHAL_LOTFI,"* Suivant procès-verbal du conseil d'administration réuni à l'issue de l'assemblée générale ci-dessus énoncée, enregistré à la recette de l'enregistrement des actes de sociétés à Tunis le 4 août 2008 "
MEZNI Jalila||Transformation de la S.A.R.L AZUR en Société Anonyme,MEZNI Jalila,Transformation de la S.A.R.L AZUR en Société Anonyme,1088572V,PERSON_MEZNI_JALILA,JALILA MEZNI,CO_AZUR,AZUR,0.5,ambiguous,1.0,0.0,1.0,0.0,1.0,3,0.45,PERSON_TRABELSI_LOTFI,1,2009-06-05,2009-06-05,2,1,PERSON_JALILA_MEZNI,Madame MEZNI Jalila est désignée Présidente Directrice Générale de la Société Anonyme AZUR.
Mahfoud Mdaghi||Société Italian Desiegn Mobili,Mahfoud Mdaghi,Société Italian Desiegn Mobili,1093881P,PERSON_MDAGHI_MAHFOUD,MAHFOUD MDAGHI,CO_ITALIEN_DESIGN_MOBILI,ITALIEN DESIGN MOBILI,0.6756,ambiguous,1.0,0.93,0.0,0.0,0.0,3,0.6756,PERSON_CORBETA_MARCO_CARLO,1,2012-12-10,2012-12-10,2,1,PERSON_MDAGHI_MAHFOUD,2 - Nomination de Mr Mahfoud Mdaghi liquidateur de la société.
Mahmoud Bouden||Prologic Tunisie,Mahmoud Bouden,Prologic Tunisie,,PERSON_BOUDEN_MAHMOUD,MAHMOUD BOUDEN,,,0.5,ambiguous,1.0,0.0,0.0,1.0,0.0,4,0.21,PERSON_BOUDEN_MOHAMED_SLIM,1,2012-01-20,2012-01-20,2,1,PERSON_BOUDEN_MAHMOUD,Monsieur Abdelwaheb Essafi est désigné Directeur général Adjoint jusqu'à la même date en lui octroyant la signature séparée et ce jusqu'à la même date. La fonction de Directeur général Adjoint de Mons
Mahmoud Bouden||SMART TUNISIE,Mahmoud Bouden,SMART TUNISIE,544435X,PERSON_BOUDEN_MAHMOUD,MAHMOUD BOUDEN,CO_INDUSTRIES_AGROALIMENTAIRES_FRUITS_TUNISIE_SMART_JUICE,SOCIETE INDUSTRIES AGROALIMENTAIRES DES FRUITS DE TUNISIE SMART JUICE,0.525,ambiguous,1.0,0.0,1.0,0.5,0.0,4,0.31,PERSON_BOUDEN_MOHAMED_SLIM,1,2008-04-22,2008-04-22,2,1,PERSON_BOUDEN_MAHMOUD,"Par procès-verbal de la réunion du conseil d'administration du 23 avril 2008 enregistré à la recette des finances El Charguia le 2 mai 2008 enregistrement n° 8701826, Monsieur Abdelwaheb Essafi a été "
Marwa Alhammami||Société Immobilière El Mahdhoudhine - SARL,Marwa Alhammami,Société Immobilière El Mahdhoudhine - SARL,,PERSON_HAMAMI_MARWA,MARWA HAMMAMI,CO_IMMOBILIERE_EL_MAHDHOUDHINE,SOCIETE IMMOBILIERE EL-MAHDHOUDHINE,0.68,ambiguous,0.8,1.0,0.0,0.0,1.0,1,0.68,,1,2012-10-25,2012-10-25,2,1,PERSON_ALHAMAMI_MARWA,La nomination de Mlle Sarra Labidi gérante en remplacement de Mlle Marwa Alhammami.
Med Aymen Riahi||Sté CREATIVITA DESIGN,Med Aymen Riahi,Sté CREATIVITA DESIGN,,PERSON_RIAHI_MOHAMED_AYMEN,MOHAMED AYMEN RIAHI,CO_CREATIVITA_DESIGN,CREATIVITA DESIGN,0.645,ambiguous,0.7,1.0,0.0,0.0,1.0,7,0.455,PERSON_RIAHI_MOHAMED,1,2011-05-01,2011-05-01,2,1,PERSON_RIAHI_MED_AYMEN,Gérant : Mr Med Aymen Riahi.
Moez Kooli||Société PORTO FARINA,Moez Kooli,Société PORTO FARINA,760924R,PERSON_KOOLI_MOEZ,MOEZ KOOLI,CO_PORTO_FARINA,PORTO FARINA,0.525,ambiguous,1.0,0.0,1.0,0.5,0.0,9,0.31,PERSON_KOOLI_MAHBOUBA,1,2009-04-10,2009-04-10,2,1,PERSON_KOOLI_MOEZ,Par acte S.S.P du 19/10/2009 enregistrée à la recette d'enregistrement des actes de sociétés 1er bureau Tunis le 21/10/2009 sous le n° 9110317 quittance n° 12562 dont 2 exemplaires ont été déposés au 
Mohamed Ben Jemâa||Yasmine pour le Commerce,Mohamed Ben Jemâa,Yasmine pour le Commerce,1069021K,PERSON_BENJEMAA_MOHAMED,MOHAMED BEN-JEMAA,CO_YASMINE,SOCIETE YASMINE,0.5,ambiguous,1.0,0.0,1.0,0.0,1.0,11,0.0,PERSON_BENJEMAA_MOHAMED_FETHI,1,2008-09-20,2008-09-20,2,1,PERSON_BENJEMAA_MOHAMED,Gérance : il a été nommé Monsieur Mohamed Ben Jemâa gérant de la société.
Mohamed Ben Salem Ben Mohamed||Société Générale de Meubles et Ameublement SO,Mohamed Ben Salem Ben Mohamed,Société Générale de Meubles et Ameublement SO,1207644J,PERSON_BENMOHAMED_MOHAMED,MOHAMED BEN-MOHAMED,CO_GENERALE,SOCIETE GENERALE,0.5,ambiguous,1.0,0.0,1.0,0.0,1.0,2,0.45,PERSON_KOOLI_ALI,1,2011-08-05,2011-08-05,2,1,PERSON_BENMOHAMED_MOHAMED_BENSALEM,Gérant : Mr Mohamed Ben Salem Ben Mohamed Brahem avec les pouvoirs les plus étendus
Mohamed Ben Taher Ben Mohamed||TUNIVET S,Mohamed Ben Taher Ben Mohamed,TUNIVET S,1032105R,PERSON_BENMOHAMED_MOHAMED,MOHAMED BEN-MOHAMED,CO_GENERALE,SOCIETE GENERALE,0.5,ambiguous,1.0,0.0,1.0,0.0,1.0,2,0.45,PERSON_KOOLI_ALI,1,2007-11-14,2007-11-14,2,1,PERSON_BENMOHAMED_MOHAMED_BENTAHER,"- Monsieur Mohamed Ben Taher Ben Mohamed Gara, directeur général de la société et délègue les pouvoirs les plus étendus pour lui permettre d'assurer une bonne gestion de la société."
Mohamed Chikhaoui||Société Universal Laboratoire Services ULS,Mohamed Chikhaoui,Société Universal Laboratoire Services ULS,982128C,PERSON_CHIKHAOUI_MOHAMED,MOHAMED CHIKHAOUI,CO_LABORATOIRE,SOCIETE LE LABORATOIRE,0.5,ambiguous,1.0,0.0,1.0,0.0,1.0,2,0.45,PERSON_KAMOUN_MOEZ,1,2007-12-14,2007-12-14,2,1,PERSON_CHIKHAOUI_MOHAMED,1 - Nomination de Mr Mohamed Chikhaoui en qualité de nouveau gérant pour une période de 3 ans avec délégation de pouvoirs.
Mohamed Fathi Belkahia||Société Maghrébine de Produits de Revêtement,Mohamed Fathi Belkahia,Société Maghrébine de Produits de Revêtement,496668S,PERSON_BELKAHIA_MOHAMED_FETHI,MOHAMED FETHI BELKAHIA,CO_MAGHREBINE_PRODUITS_REVETEMENT,SOCIETE MAGHREBINE DE PRODUITS DE REVETEMENT,0.695,ambiguous,0.7,1.0,1.0,0.0,0.0,3,0.555,PERSON_BELKAHIA_MARIEM,1,2008-02-14,2008-02-14,2,1,PERSON_BELKAHIA_MOHAMED_FATHI,"Par acte sous seing privé en date du 14 février 2008, enregistré à la recette des finances de Mégrine sous le n° 08100538 en date du 18 février 2008, dont deux exemplaires ont été déposés au greffe du"
Mohamed Gargouri||Société Gargouri Emballages,Mohamed Gargouri,Société Gargouri Emballages,,PERSON_GARGOURI_MOHAMED,MOHAMED GARGOURI,CO_GARGOURI_EMBALLAGE,SOCIETE GARGOURI EMBALLAGE,0.6806,ambiguous,1.0,0.944,0.0,0.0,0.0,2,0.6806,PERSON_ZAHAF_SLAHEDINE,1,2008-08-05,2008-08-05,2,1,PERSON_GARGOURI_MOHAMED,Il appert d'un acte sous seing privé daté du 16-07-2008 enregistré à la recette de l'enregistrement des actes de sociétés à Sfax le 21 juillet 2008 quittance N° M003392 enregistrement N° 08103341 dont
Mohamed Hamlili||Attijari Conseil,Mohamed Hamlili,Attijari Conseil,,PERSON_HAMLILI_MOHAMED,MOHAMMED HAMLILI,CO_CONSEIL,SOCIETE LE CONSEIL,0.475,ambiguous,1.0,0.0,0.0,0.5,1.0,2,0.425,PERSON_SAIDI_MOHAMED,1,2008-06-30,2008-06-30,2,1,PERSON_HAMLILI_MOHAMED,"Administrateurs : Attijari Bank, Attijari Intermédiation, M. Mohamed Chawki Abid, M. Mohsen Bouzid et M. Mohamed Hamlili ont été désignés comme administrateurs de la société pour une durée de trois an"
Mohamed Houssem Eddine Hammami||Best Life,Mohamed Houssem Eddine Hammami,Best Life,,PERSON_HAMAMI_MOHAMED_HOUCEM_EDINE,MOHAMED HOUCEM EDDINE HAMMAMI,CO_BEST_LIFE,BEST LIFE,0.68,ambiguous,0.8,1.0,0.0,0.0,1.0,58,0.28,PERSON_HAMAMI_MOHAMED,1,2010-06-08,2010-06-08,2,1,PERSON_HAMAMI_MOHAMED_HOUSEM_EDINE,Gérance : Monsieur Mohamed Houssem Eddine Hammami est nommé gérant avec tous les pouvoirs énoncés aux statuts.
Mohamed Kalai||MEDICEF,Mohamed Kalai,MEDICEF,381736D,PERSON_KALAI_MOHAMED,Mohamed Kalai,CO_MEDICEF,MEDICEF,0.5,ambiguous,1.0,0.0,1.0,0.0,1.0,3,0.45,PERSON_KAABACHE_ABDELKARIM,1,2008-05-22,2008-05-22,2,1,PERSON_KALAI_MOHAMED,"10- renouvellement du mandat du directeur général, Monsieur Mohamed Kalai pour une période de 3 ans, soient les exercices 2007, 2008 et 2009,"
Mohamed Larbi Rouis||Approbation des états financiers de l'exercice et remplacement d'un administrateur,Mohamed Larbi Rouis,Approbation des états financiers de l'exercice et remplacement d'un administrateur,587610D,PERSON_ROUIS_MOHAMED_ELARBI,MOHAMED ELARBI ROUIS,CO_LEONI,LEONI,0.5,ambiguous,1.0,0.0,1.0,0.0,1.0,3,0.105,PERSON_ROUIS_MOHAMED_AYA_ALRAHMEN,1,2010-04-23,2010-04-23,2,1,PERSON_ROUIS_MOHAMED_LARBI,2- Nomination de Monsieur Mohamed Larbi Rouis comme administrateur en remplacement de Monsieur Vincent Mercier pour la période restant du mandat de son prédécesseur.
Mohamed Lazhar DRIRA||Société Les Grands Travaux Du Sud - SARL,Mohamed Lazhar DRIRA,Société Les Grands Travaux Du Sud - SARL,766126T,PERSON_DRIRA_MOHAMED,MOHAMED DRIRA,CO_SUD_SUD_TRAVAUX,SUD SUD TRAVAUX,0.5,ambiguous,1.0,0.0,1.0,0.0,1.0,5,0.31,PERSON_DRIRA_MOUCIR,1,2009-03-18,2009-03-18,2,1,PERSON_DRIRA_MOHAMED_LAZHAR,"instance de Tunis le 31/03/2009, sous le numéro D1379201, il a été décidé le renouvellement du mandat du gérant Mr Mohamed Lazhar DRIRA pour une durée de cinq ans renouvelable et avec les pleins pouvo"
Mohamed Mellousse||Erryada de Promotion Immobilière,Mohamed Mellousse,Erryada de Promotion Immobilière,10611515T,PERSON_MELOUSE_MOHAMED,MOHAMED MELLOUSSE,CO_ERRYADA_PROMOTION_IMMOBILIERE,ERRYADA DE PROMOTION IMMOBILIERE,0.5,ambiguous,1.0,0.0,1.0,0.0,1.0,3,0.31,PERSON_MELOUSE_MOHARNED,1,2007-12-15,2007-12-15,2,1,PERSON_MELOUSE_MOHAMED,"Et suivant procès-verbal du 1er conseil d'administration en date du 12/06/2008, enregistré à la recette des finances rue de Syrie le 27/05/2008 sous le n° 8804788, il a été décidé de nommer Monsieur M"
Mohamed Rached Neifer||Société SOCIETE NEIFER GOLO,Mohamed Rached Neifer,Société SOCIETE NEIFER GOLO,,PERSON_ENEIFER_MOHAMED_RACHED,MOHAMED RACHED ENNEIFER,CO_ENNEIFER_GOLO,SOCIETE ENNEIFER GOLO,0.6939,ambiguous,0.923,0.917,0.0,0.0,1.0,1,0.6939,,1,2012-01-17,2012-01-17,2,1,PERSON_NEIFER_MOHAMED_RACHED,Gérance : Mr Mohamed Rached Neifer est nommé gérant statutaire de la société muni des pouvoirs les plus étendus et pour une période indéterminée.
Mohamed Rouis||SAGEMCOM Services Tunisie SARL,Mohamed Rouis,SAGEMCOM Services Tunisie SARL,1157458E,PERSON_ROUIS_MOHAMED_ELARBI,MOHAMED ELARBI ROUIS,CO_SAGEMCOM_SERVICES_TUNISIE,SAGEMCOM SERVICES TUNISIE,0.5,ambiguous,1.0,0.0,1.0,0.0,1.0,3,0.05,PERSON_ROUIS_MOHAMED_AYA_ALRAHMEN,1,2010-06-11,2010-06-11,2,1,PERSON_ROUIS_MOHAMED,- Gérance : Monsieur Mohamed Rouis est nommé gérant.
Mohamed SAHNOUN||Carthage Trading Company,Mohamed SAHNOUN,Carthage Trading Company,1025700N,PERSON_SAHNOUN_MOHAMED,MOHAMED SAHNOUN,CO_CARTHAGE_TRADING_COMPANY,CARTHAGE TRADING COMPANY,0.5,ambiguous,1.0,0.0,1.0,0.0,1.0,2,0.45,PERSON_TRABELSI_MOHAMED,1,2009-01-14,2009-01-14,2,1,PERSON_SAHNOUN_MOHAMED,Mohamed SAHNOUN et la nomination du nouveau gérant M.
Mohamed Sabri Driss||Société Italien Style Dress + Capital : 10.000 DT,Mohamed Sabri Driss,Société Italien Style Dress + Capital : 10.000 DT,,PERSON_DRIS_MOHAMED_SABRI,MOHAMED SABRI DRISS,CO_STYLE_ITALIEN,STYLE ITALIEN,0.475,ambiguous,1.0,0.0,0.0,0.5,1.0,25,0.075,PERSON_DRIS_MOHAMED,1,2008-10-22,2008-10-22,2,1,PERSON_DRIS_MOHAMED_SABRI,Il a été décidé aussi de désigner Mr Mohamed Sabri Driss comme gérant en remplacement de Mr Imed Fakhfakh avec les mêmes pouvoirs en vertu de cette décision l'article 16 des statuts est amendé.
Mohamed Salah Bettaieb||Nouvelles Messageries de la presse et du livre NMPL,Mohamed Salah Bettaieb,Nouvelles Messageries de la presse et du livre NMPL,1191479F,PERSON_BETAIEB_MOHAMED_SALAH,MOHAMED SALAH BETTAIEB,CO_LIVRE,SOCIETE LE LIVRE,0.5,ambiguous,1.0,0.0,1.0,0.0,1.0,6,0.105,PERSON_BETAIEB_MOHAMED_DHIA,1,2012-08-29,2012-08-29,2,1,PERSON_BETAIEB_MOHAMED_SALAH,Gérant : Mr Mohamed Salah Bettaieb avec les pouvoirs les plus étendus.
Mohamed Sassi||Société Ras Djebel d'Equipements de Confection SORECO,Mohamed Sassi,Société Ras Djebel d'Equipements de Confection SORECO,1075832C,PERSON_SASI_MOHAMED_MARWEN,MOHAMED MARWEN SASSI,CO_CONFECTION,SA CONFECTION,0.5,ambiguous,1.0,0.0,1.0,0.0,1.0,46,0.0,PERSON_SASI_MOHAMED_HABIB,1,2008-11-10,2008-11-10,2,1,PERSON_SASI_MOHAMED,Gérant : Mr. Mohamed Sassi.
Mohamed Taoufik Ghariani||SOCIETE INVESTISSEMENT ET DEVELOPPEMENT MECANIQUE S.A,Mohamed Taoufik Ghariani,SOCIETE INVESTISSEMENT ET DEVELOPPEMENT MECANIQUE S.A,710850N,PERSON_GHERIANI_MOHAMED_TAOUFIK,MOHAMED TAOUFIK GHERIANI,CO_INVESTISSEMENTS_DEVELOPPEMENT_MECANIQUE,INVESTISSEMENTS ET DEVELOPPEMENT MECANIQUE IDM,0.6341,ambiguous,0.875,0.937,0.0,0.0,0.0,7,0.2841,PERSON_GHARIANI_MOHAMED,1,2012-10-02,2012-10-02,2,1,PERSON_GHARIANI_MOHAMED_TAOUFIK,- Prend acte de la démission de Monsieur Mohamed Taoufik Ghariani de ses fonctions de Président Directeur Général de la Société.
Mohamed Taoufik Ghariani||Société Investissement et Développement Mécanique S.A,Mohamed Taoufik Ghariani,Société Investissement et Développement Mécanique S.A,710850N,PERSON_GHERIANI_MOHAMED_TAOUFIK,MOHAMED TAOUFIK GHERIANI,CO_INVESTISSEMENTS_DEVELOPPEMENT_MECANIQUE,INVESTISSEMENTS ET DEVELOPPEMENT MECANIQUE IDM,0.6341,ambiguous,0.875,0.937,0.0,0.0,0.0,7,0.2841,PERSON_GHARIANI_MOHAMED,1,2011-03-14,2011-03-14,2,1,PERSON_GHARIANI_MOHAMED_TAOUFIK,"Coopter Monsieur Mohamed Taoufik Ghariani en qualité d'administrateur et de lui confier le mandat de président directeur général de la société et ce, pour la durée restant à courir du mandat d'Adminis"
Mokhtar Ben Hadj Yahia||Société INTERPLASTIC S.A,Mokhtar Ben Hadj Yahia,Société INTERPLASTIC S.A,,PERSON_YAHIA_YASINE_BENHADJ,YASSINE BEN-HADJ YAHIA,CO_INTERPLASTIC,INTERPLASTIC,0.645,ambiguous,0.7,1.0,0.0,0.0,1.0,4,0.22,PERSON_YAHIA_MOKHTAR_BENHADJ,1,2010-11-27,2010-11-27,2,1,PERSON_YAHIA_MOKHTAR_BENHADJ,"- La nomination de Monsieur Yassine Ben Hadj Yahia, Président Directeur Général de la société en remplacement de Monsieur Mokhtar Ben Hadj Yahia pour le reste de l'exercice 2010 et pour l'exercice 201"
Mokhtar Ben Hadj Yahia||Société Interplastic,Mokhtar Ben Hadj Yahia,Société Interplastic,,PERSON_YAHIA_YASINE_BENHADJ,YASSINE BEN-HADJ YAHIA,CO_INTERPLASTIC,INTERPLASTIC,0.645,ambiguous,0.7,1.0,0.0,0.0,1.0,4,0.295,PERSON_YAHIA_MOKHTAR_BENHADJ,1,2008-10-18,2008-10-18,2,1,PERSON_YAHIA_MOKHTAR_BENHADJ,"Suivant P.V du conseil d'administration du 18 octobre 2008, enregistré à la recette d'enregistrement des actes de sociétés, 1er bureau Tunis, le 21 octobre 2008, sous le n° 8809320, quittance n° 11149"
Moncef Abdelmoula||Société Style Ameublement Jardin S.A.J,Moncef Abdelmoula,Société Style Ameublement Jardin S.A.J,620831J,PERSON_ABDELMOULA_MONCEF,MONCEF ABDELMOULA,CO_STYLE_AMEUBLEMENT_JARDIN,SOCIETE STYLE AMEUBLEMENT JARDIN SAJ,0.5,ambiguous,1.0,0.0,1.0,0.0,1.0,6,0.31,PERSON_ABDELMOULA_MOHAMED_ELYES,1,2012-09-17,2012-09-17,2,1,PERSON_ABDELMOULA_MONCEF,- Démission de gérant Mr Moncef Abdelmoula
Mongi Jelassi||---,Mongi Jelassi,---,11723Q,PERSON_JELASI_MONGI,MONGI JELASSI,,,0.475,ambiguous,1.0,0.0,0.0,0.5,1.0,2,0.285,PERSON_JELASI_MOHAMED_YASINE,1,2009-11-26,2009-11-26,2,1,PERSON_JELASI_MONGI,"1- La nomination de Monsieur Mongi Jelassi, qui accepte, en tant que Président Directeur général de la société ""SIAME"" et ce pour la durée de son mandat d'administrateur expirant avec la tenue de l'as"
Mongi Jelassi||SOCIETE CONTACT,Mongi Jelassi,SOCIETE CONTACT,613851W,PERSON_JELASI_MONGI,MONGI JELASSI,CO_CONTACT,SOCIETE CONTACT,0.575,ambiguous,1.0,0.0,1.0,0.5,1.0,3,0.385,PERSON_JELASI_MOHAMED_YASINE,1,2012-09-08,2012-09-08,2,1,PERSON_JELASI_MONGI,"2. La démission de Monsieur Mohamed zayani, en tant que gérant de la Société CONTACT et la nomination de Monsieur Mongi Jelassi, qui accepte en tant que nouveau gérant de la dite société pour une péri"
Mustapha Ben Hatira||Désignation d'un administrateur délégué,Mustapha Ben Hatira,Désignation d'un administrateur délégué,1139486G,PERSON_BENHATIRA_MUSTAPHA,MUSTAPHA BEN-HATIRA,CO_CONSEIL,SOCIETE LE CONSEIL,0.5,ambiguous,1.0,0.0,1.0,0.0,1.0,2,0.45,PERSON_SAIDI_MOHAMED,1,2011-06-06,2011-06-06,2,1,PERSON_BENHATIRA_MUSTAPHA,"En vertu du procès-verbal du conseil d'Administration du 6/6/2011 enregistré à la recette des Finances de Boumhel en date du 3/8/2011, sous le numéro 117022007 quittance n°M028893, dont deux exemplair"
Mustapha Maâlej||Société ACIA SUD EXPORT,Mustapha Maâlej,Société ACIA SUD EXPORT,985262W,PERSON_MAALEJ_MUSTAPHA,MUSTAPHA MAALEJ,,,0.5,ambiguous,1.0,0.0,0.0,1.0,0.0,6,0.21,PERSON_MAALEJ_MOURAD,1,2008-04-25,2008-04-25,2,1,PERSON_MAALEJ_MUSTAPHA,"Suivant acte sous seing privé conclu le 13 mars 2008, et enregistré à la recette des enregistrements des actes des sociétés de Sfax le 14 mars 2008, sous le n° 08101198 quittance n° M001233, la sociét"
Mustapha Sellami||4. Avenue de Monastir El Menzah VII - Ariana,Mustapha Sellami,4. Avenue de Monastir El Menzah VII - Ariana,847298P,PERSON_SELAMI_MUSTAPHA,MUSTAPHA SELLAMI,CO_TRANSFORMATION_METAUX_SOMTRAMET,SOCIETE DE TRANSFORMATION DES METAUX SOMTRAMET,0.65,ambiguous,1.0,0.0,1.0,1.0,1.0,30,0.385,PERSON_SELAMI_MOHAMED,1,2010-03-30,2010-03-30,2,1,PERSON_SELAMI_MUSTAPHA,"Le renouvellement du mandat de M. Mohamed Sellami, M. Mustapha Sellami, La société ""COGEHI"", et Mr. Hichem Sellami et ce en qualité d'administrateurs pour les exercices 2010, 2011 et 2012"
Naima Slama||Société Ahlem d'animation touristique,Naima Slama,Société Ahlem d'animation touristique,1116005B,PERSON_SLAMA_NAIMA,NAIMA SLAMA,CO_TOURISTIQUE,SOCIETE TOURISTIQUE,0.5,ambiguous,1.0,0.0,1.0,0.0,1.0,9,0.0,PERSON_SLAMA_NAIMA_BENTSALAH,1,2010-02-13,2010-02-13,2,1,PERSON_SLAMA_NAIMA,Gérance : Madame Naima Slama gérante de la société pour une durée indéterminée et avec les pouvoirs les plus étendus.
Nicolas Yatzimirsky||Renouvellement des mandats des administrateurs,Nicolas Yatzimirsky,Renouvellement des mandats des administrateurs,492565T,PERSON_YATZIMIRSKY_NICOLAS,NICOLAS YATZIMIRSKY,CO_PHILBERT_TUNISIE,PHILBERT TUNISIE,0.575,ambiguous,1.0,0.0,1.0,0.5,1.0,5,0.45,PERSON_LACLIDE_ANE_FRANCE,1,2012-05-04,2012-05-04,2,1,PERSON_YATZIMIRSKY_NICOLAS,La société BONNA SABLA représentée par M. Nicolas Yatzimirsky
Nihel Ben Yedder||Mise à jour des statuts,Nihel Ben Yedder,Mise à jour des statuts,1027107K,PERSON_BENYEDER_NIHEL_HAJROMDHANE,NIHEL HAJ ROMDHANE BEN-YEDDER,,,0.55,ambiguous,1.0,0.0,0.0,1.0,1.0,4,0.21,PERSON_BENYEDER_NABIL,1,2011-08-04,2011-08-04,2,1,PERSON_BENYEDER_NIHEL,"- La nomination des premiers Administrateurs suivants, pour un mandat de 3 ans prenant fin à l'issue de l'A.G.O statuant sur les comptes de l'exercice 2013 : Monsieur Béchir Ben Yedder - Monsieur Rach"
Noureddine Ben Ayed||COMPTOIR TUNISIEN DE BATIMENT,Noureddine Ben Ayed,COMPTOIR TUNISIEN DE BATIMENT,3755C,PERSON_BENAYED_NOUREDINE,NOUREDDINE BEN-AYED,CO_BATIMENT,BATIMENT +,0.5,ambiguous,1.0,0.0,1.0,0.0,1.0,6,0.36,PERSON_BENAYED_NAJOUA,1,2012-09-08,2012-09-08,2,1,PERSON_BENAYED_NOUREDINE,"B- Suivant procès-verbal de la réunion du conseil d'administration, en date du 8 septembre 2012, enregistré à la recette des finances de Gremda le 17 septembre 2012 sous le n° 12701011, il a été décid"
Olga RUSSO||Changement de forme juridique et démission d'un gérant et nomination d'un nouveau gérant,Olga RUSSO,Changement de forme juridique et démission d'un gérant et nomination d'un nouveau gérant,,PERSON_RUSO_OLGA,OLGA RUSSO,,,0.475,ambiguous,1.0,0.0,0.0,0.5,1.0,1,0.475,,1,2009-05-16,2009-05-16,2,1,PERSON_RUSO_OLGA,"De même, cette assemblée a accepté la démission définitive de Monsieur Salvatore DE CRISTOFARO de la gérance de la société et la nomination de Mme Olga RUSSO gérante de la société « GM ITALIA » pour u"
"Oussama Hamila||ESOS CONSULTING, Siège : 6 RUE",Oussama Hamila,"ESOS CONSULTING, Siège : 6 RUE",1151721Z,PERSON_HAMILA_OUSAMA,OUSSAMA HAMILA,CO_CONSULTING,LA CONSULTING,0.5,ambiguous,1.0,0.0,1.0,0.0,1.0,4,0.31,PERSON_HAMILA_OUISEM,1,2010-05-27,2010-05-27,2,1,PERSON_HAMILA_OUSAMA,"Gérance : Mr. Oussama Hamila, est nommé gérant de la société pour une durée de dix ans, renouvelable avec les pouvoirs les plus étendus."
Ridha Chouria||Réalisation de l'augmentation de capital de la société International City Center S.A,Ridha Chouria,Réalisation de l'augmentation de capital de la société International City Center S.A,,PERSON_CHOURIA_RIDHA,RIDHA CHOURIA,CO_INTERNATIONAL_CITY_CENTER,INTERNATIONAL CITY CENTER,0.55,ambiguous,1.0,0.0,0.0,1.0,1.0,1,0.55,,1,2009-11-17,2009-11-17,2,1,PERSON_CHOURIA_RIDHA,- le renouvellement du mandat d'administrateur de Monsieur Hatem Denguezli et de Monsieur Hichem Ayed et la nomination de Monsieur Ridha Chouria nouvel administrateur pour une durée de trois exercices
Saadaoui Abdelkader||Sté de Cablage Electrique Industriel et Bâtiment S,Saadaoui Abdelkader,Sté de Cablage Electrique Industriel et Bâtiment S,1268919E,PERSON_SAADAOUI_ABDELKADER,ABDELKADER SAADAOUI,CO_BATIMENT,BATIMENT +,0.5,ambiguous,1.0,0.0,1.0,0.0,1.0,2,0.45,PERSON_AREM_MOHAMED,1,2012-09-25,2012-09-25,2,1,PERSON_ABDELKADER_SAADAOUI,Gérance : Mr Saadaoui Abdelkader a été nommé gérant de la société en donnant tous les pouvoirs les plus étendus.
Sadok Attia||Arije,Sadok Attia,Arije,1056633Q,PERSON_ATIA_SADOK,SADOK ATTIA,CO_ARIJE_EL_MEDINA,ARIJE EL-MEDINA,0.5,ambiguous,1.0,0.0,1.0,0.0,1.0,3,0.45,PERSON_SELAMI_AMIN,1,2008-06-03,2008-06-03,2,1,PERSON_ATIA_SADOK,"Monsieur Sadok Attia est nommé représentant légal et directeur général de ce bureau de représentation, avec les pouvoirs nécessaires à l'exercice de ses fonctions et en vue de représenter le bureau de"
Salem Ben Romdhane||SOCIETE HOTELIERE MOURADI TOZEUR,Salem Ben Romdhane,SOCIETE HOTELIERE MOURADI TOZEUR,816361H,PERSON_BENROMDHANE_SALEM,SALEM BEN-ROMDHANE,CO_HOTELIERE_MOURADI_TOZEUR,SOCIETE HOTELIERE MOURADI TOZEUR,0.525,ambiguous,1.0,0.0,1.0,0.5,0.0,8,0.335,PERSON_BENROMDHANE_SADOK,1,2009-08-10,2009-08-10,2,1,PERSON_BENROMDHANE_SALEM,"3- Nomination de Monsieur Salem Ben Romdhane, Directeur Général Adjoint pour trois ans finissant avec l'assemblée qui aura à statuer sur les comptes 2010"
Salem Ben Romdhane||Société Balnéaire de Hammamet Sud,Salem Ben Romdhane,Société Balnéaire de Hammamet Sud,496170V,PERSON_BENROMDHANE_SALEM,SALEM BEN-ROMDHANE,CO_BALNEAIRE_HAMMAMET_SUD,SOCIETE BALNEAIRE DE HAMMAMET SUD,0.6,ambiguous,1.0,0.0,1.0,1.0,0.0,8,0.4,PERSON_MHIRI_NEJI,1,2010-06-23,2010-06-23,2,1,PERSON_BENROMDHANE_SALEM,"- Acceptation de la démission du directeur général adjoint, Monsieur Salem Ben Romdhane."
Salem Ben Romdhane||Société Clinique de Sousse,Salem Ben Romdhane,Société Clinique de Sousse,1055036V,PERSON_BENROMDHANE_SALEM,SALEM BEN-ROMDHANE,,,0.5,ambiguous,1.0,0.0,0.0,1.0,0.0,5,0.31,PERSON_BENROMDHANE_SADOK,1,2010-06-18,2010-06-18,2,1,PERSON_BENROMDHANE_SALEM,"- Acceptation de la démission du directeur général adjoint, Monsieur Salem Ben Romdhane."
Salem Ben Romdhane||Société El Kantaoui,Salem Ben Romdhane,Société El Kantaoui,381514Q,PERSON_BENROMDHANE_SALEM,SALEM BEN-ROMDHANE,CO_DEXPANSION_TOURISTIQUE_EL_KANTAOUI_HOTEL_KANTAOUI_BAY,SOCIETE DEXPANSION TOURISTIQUE EL-KANTAOUI HOTEL KANTAOUI BAY,0.525,ambiguous,1.0,0.0,1.0,0.5,0.0,6,0.335,PERSON_BENROMDHANE_SADOK,1,2008-06-18,2008-06-18,2,1,PERSON_BENROMDHANE_SALEM,"3 - Nomination de Monsieur Salem Ben Romdhane, Directeur Général Adjoint pour trois ans,"
Salem Ben Romdhane||Société Hôtelière El Kantaoui,Salem Ben Romdhane,Société Hôtelière El Kantaoui,381514Q,PERSON_BENROMDHANE_SALEM,SALEM BEN-ROMDHANE,CO_HOTELIERE_EL_KANTAOUI,SOCIETE HOTELIERE EL-KANTAOUI,0.525,ambiguous,1.0,0.0,1.0,0.5,0.0,8,0.335,PERSON_BENROMDHANE_SADOK,1,2010-06-21,2010-06-21,2,1,PERSON_BENROMDHANE_SALEM,"- Acceptation de la démission du directeur général adjoint, Mr Salem Ben Romdhane."
Salem Ben Romdhane||Société Hôtelière Mouradi Tozeur,Salem Ben Romdhane,Société Hôtelière Mouradi Tozeur,816361H,PERSON_BENROMDHANE_SALEM,SALEM BEN-ROMDHANE,CO_HOTELIERE_MOURADI_TOZEUR,SOCIETE HOTELIERE MOURADI TOZEUR,0.525,ambiguous,1.0,0.0,1.0,0.5,0.0,8,0.335,PERSON_BENROMDHANE_SADOK,1,2010-06-18,2010-06-18,2,1,PERSON_BENROMDHANE_SALEM,"- Acceptation de la démission du directeur général adjoint, Mr Salem Ben Romdhane."
Salem Ben Romdhane||Société Immobilière Meublatex,Salem Ben Romdhane,Société Immobilière Meublatex,,PERSON_BENROMDHANE_SALEM,SALEM BEN-ROMDHANE,CO_MEUBLATEX,MEUBLATEX,0.5,ambiguous,1.0,0.0,0.0,1.0,0.0,14,0.3,PERSON_YEZA_ABDELMAJID,1,2010-06-18,2010-06-18,2,1,PERSON_BENROMDHANE_SALEM,"- Acceptation de la démission du directeur général adjoint, Monsieur Salem Ben Romdhane."
Salem Ben Romdhane||Société Touristique et Thermale Kroumirie,Salem Ben Romdhane,Société Touristique et Thermale Kroumirie,411859H,PERSON_BENROMDHANE_SALEM,SALEM BEN-ROMDHANE,CO_TOURISTIQUE_THERMALE_KROUMIRIE,SOCIETE TOURISTIQUE ET THERMALE KROUMIRIE,0.525,ambiguous,1.0,0.0,1.0,0.5,0.0,8,0.335,PERSON_BENROMDHANE_SADOK,1,2010-06-21,2010-06-21,2,1,PERSON_BENROMDHANE_SALEM,"- Acceptation de la démission du directeur général adjoint, Mr Salem Ben Romdhane."
Salem Ben Romdhane||Société d'Investissement,Salem Ben Romdhane,Société d'Investissement,341715B,PERSON_BENROMDHANE_SALEM,SALEM BEN-ROMDHANE,CO_TOURISTIQUE,SOCIETE TOURISTIQUE,0.525,ambiguous,1.0,0.0,1.0,0.5,0.0,6,0.335,PERSON_BENROMDHANE_SADOK,1,2010-06-19,2010-06-19,2,1,PERSON_BENROMDHANE_SALEM,"- Acceptation de la démission du directeur général adjoint, Mr Salem Ben Romdhane."
Samir Najar||LA BELLE CONFECTION,Samir Najar,LA BELLE CONFECTION,1065513J,PERSON_NAJAR_SAMIR,SAMIR NAJJAR,CO_CONFECTION,SA CONFECTION,0.5,ambiguous,1.0,0.0,1.0,0.0,1.0,2,0.45,PERSON_MELAOUAH_AHLEM,1,2011-06-03,2011-06-03,2,1,PERSON_NAJAR_SAMIR,- Le renouvellement du mandat du gérant Mr Samir Najar.
Sassi Ben Mohamed Ben Hassen||Société Vetsun International,Sassi Ben Mohamed Ben Hassen,Société Vetsun International,,PERSON_SLAMA_SASI_BENMOHAMED_BENHASEN,SASSI BEN-MOHAMED BEN-HASSEN SLAMA,CO_VETSUN_INTERNATIONAL,VETSUN INTERNATIONAL,0.6975,ambiguous,0.85,1.0,0.0,0.0,1.0,4,0.5575,PERSON_BENHASEN_SALEM,1,2010-01-19,2010-01-19,2,1,PERSON_BENHASEN_SASI_BENMOHAMED,Gérance : Mr Sassi Ben Mohamed Ben Hassen Slama a été nommé gérant avec les pouvoirs les plus étendus.
Sassi Slama||Sté VETSUN INTERNATIONAL S.A.R.L,Sassi Slama,Sté VETSUN INTERNATIONAL S.A.R.L,,PERSON_SLAMA_SASI,SASSI SLAMA,CO_VETSUN_INTERNATIONAL,VETSUN INTERNATIONAL,0.7,ambiguous,1.0,1.0,0.0,0.0,0.0,23,0.0,PERSON_SLAMA_SASI_BENMOHAMED_BENHASEN,1,2011-11-29,2011-11-29,2,1,PERSON_SLAMA_SASI,1. Mr Abdelhamid Gammoudi cède la totalité de ses parts sociales (500) parts en équivalent au profit de Mr Sassi Slama et Mr Rayane b Sassi Slama
Saïda Boubaker||Capital social : 5.000 dinars,Saïda Boubaker,Capital social : 5.000 dinars,,PERSON_BOUBAKER_SAIDA,SAIDA BOUBAKER,,,0.475,ambiguous,1.0,0.0,0.0,0.5,1.0,3,0.285,PERSON_BOUBAKER_SARA,1,2008-07-23,2008-07-23,2,1,PERSON_BOUBAKER_SAIDA,"* Mlle Saïda Boubaker a cédé à Mr Hassen Bouabid vingt cinq parts sociales de la société Highest Clothes Making «H.C.M.» SARL, représentant cinquante pour cent (50%) des parts sociales détenues par le"
Sellami Sami||Tunisie confection,Sellami Sami,Tunisie confection,1060146J,PERSON_SELAMI_SAMI,SAMI SELLAMI,CO_TUNISIE_CONFECTION,SOCIETE TUNISIE CONFECTION,0.5,ambiguous,1.0,0.0,1.0,0.0,1.0,2,0.45,PERSON_MARQUIER_MARTINE,1,2008-06-24,2008-06-24,2,1,PERSON_SAMI_SELAMI,Gérance : Monsieur Sellami Sami est nommé gérant de la société avec les pouvoirs les plus étendus.
Slaheddine Ben Ayed||LA TUNISIE MECANIQUE,Slaheddine Ben Ayed,LA TUNISIE MECANIQUE,1143095Z,PERSON_BENAYED_SLAHEDINE,SLAHEDDINE BEN-AYED,CO_TUNISIE_MECANIQUE,LA TUNISIE MECANIQUE,0.575,ambiguous,1.0,0.0,1.0,0.5,1.0,10,0.36,PERSON_BENAYED_SKANDER,1,2009-12-22,2009-12-22,2,1,PERSON_BENAYED_SLAHEDINE,"- Messieurs Slaheddine Ben Ayed, Skander Ben Ayed, Riadh Ben Ayed, et Mourad Chaffai en tant qu'administrateurs pour 3 ans prenant fin lors de l'Assemblée Générale statuant sur l'exercice 2012,"
Slim Ben Nasr||Désignation des membres du conseil d'administration,Slim Ben Nasr,Désignation des membres du conseil d'administration,,PERSON_BENASR_SLIM,SLIM BEN-NASR,CO_CONSEIL,SOCIETE LE CONSEIL,0.475,ambiguous,1.0,0.0,0.0,0.5,1.0,3,0.21,PERSON_BENASR_SAMI,1,2010-12-27,2010-12-27,2,1,PERSON_BENASR_SLIM,"- Renouvellement du mandat de Mr Slim Ben Nasr, Mr Karim Ben Nasr, Mme Monique Ben Nasr et la société Naceur Immobilière en qualité d'administrateurs de la société pour les exercices 2010, 2011 et 201"
Slim Zarrouk||Diverses résolutions,Slim Zarrouk,Diverses résolutions,850580N,PERSON_ZAROUK_SLIM,SLIM ZARROUK,,,0.55,ambiguous,1.0,0.0,0.0,1.0,1.0,3,0.41,PERSON_ZAROUK_SARA,1,2009-12-02,2009-12-02,2,1,PERSON_ZAROUK_SLIM,"- Renouvellement du mandat des administrateurs qui sont Mr Slim Zarrouk, Mr Younes Ferchiou et Mr Patrick Findeling pour une durée de 3 ans."
Tahar Denguir||Société DELTA CUISINE DISTRIBUTION SARL,Tahar Denguir,Société DELTA CUISINE DISTRIBUTION SARL,450802G,PERSON_DENGUIR_TAHER,TAHER DENGUIR,CO_DELTA_DISTRIBUTION,DELTA DISTRIBUTION,0.5,ambiguous,1.0,0.0,1.0,0.0,1.0,2,0.45,PERSON_NEBLI_LOTFI,1,2011-03-21,2011-03-21,2,1,PERSON_DENGUIR_TAHAR,"1- Renouvellement du mandat du gérant Mr Tahar Denguir pour une période de deux ans, ce mandat prend date d'effet à partir du 4/01/2011."
Tahar Denguir||Société DELTA CUISINE S.A,Tahar Denguir,Société DELTA CUISINE S.A,601525V,PERSON_DENGUIR_TAHER,TAHER DENGUIR,CO_DELTA,DELTA,0.5,ambiguous,1.0,0.0,1.0,0.0,1.0,2,0.5,PERSON_ZOUARI_LEILA,1,2011-10-29,2011-10-29,2,1,PERSON_DENGUIR_TAHAR,- Nomination de Mr Tahar Denguir président directeur général et fixation de ses pouvoirs
Taoufik Chaibi||Renouvellement du mandat des Administrateurs,Taoufik Chaibi,Renouvellement du mandat des Administrateurs,,PERSON_CHAIBI_TAOUFIK,TAOUFIK CHAIBI,,,0.475,ambiguous,1.0,0.0,0.0,0.5,1.0,1,0.475,,1,2010-06-18,2010-06-18,2,1,PERSON_CHAIBI_TAOUFIK,"- Le renouvellement du mandat de M. Taoufik Chaibi, M.M'hamed Ali Souissi, M.Nabil Chaibi, M.Khelil Chaibi, M. Salah OMRI, M. Abderraouf Bouguerra et la société Al Maaden et ce en qualité d'administra"
Taoufik Elloumi||Société Accessoires Métalliques du Bâtiment et Menuiserie A,Taoufik Elloumi,Société Accessoires Métalliques du Bâtiment et Menuiserie A,1052225K,PERSON_ELOUMI_TAOUFIK,TAOUFIK ELLOUMI,CO_BATIMENT,BATIMENT +,0.5,ambiguous,1.0,0.0,1.0,0.0,1.0,3,0.31,PERSON_ELOUMI_TAREK,1,2008-05-07,2008-05-07,2,1,PERSON_ELOUMI_TAOUFIK,"Gérance : Mr Taoufik Elloumi est nommé gérant de la société pour cinq ans (5), avec les pouvoirs énoncés aux statuts."
Tarak Kamoun||Société Capital et Investissement CAPINVEST,Tarak Kamoun,Société Capital et Investissement CAPINVEST,26650S,PERSON_KAMOUN_TARAK,TARAK KAMOUN,CO_CAPITAL_INVESTISSEMENT_CAPINVEST,CAPITAL ET INVESTISSEMENT CAPINVEST,0.6,ambiguous,1.0,0.0,1.0,1.0,0.0,7,0.31,PERSON_KAMOUN_FEKRIA_FOURATI,1,2008-06-10,2008-06-10,2,1,PERSON_KAMOUN_TARAK,"- approbation des états financiers et du rapport du commissaire aux comptes pour l'exercice 2007, renouvellement du mandat du commissaire aux comptes pour les exercices 2008, 2009 et 2010, nomination "
Tarek Ben Ayed||OPTIMISATION,Tarek Ben Ayed,OPTIMISATION,1181779K,PERSON_BENAYED_TAREK,TAREK BEN-AYED,CO_OPTIMISATION,OPTIMISATION,0.5,ambiguous,1.0,0.0,1.0,0.0,1.0,4,0.31,PERSON_BENAYED_TAOUFIK,1,2011-07-28,2011-07-28,2,1,PERSON_BENAYED_TAREK,- Démission de M. Tarek Ben Ayed en tant que gérant statuaire de la société.
Tarek Ben Ayed||Société STM Consulting,Tarek Ben Ayed,Société STM Consulting,1159701E,PERSON_BENAYED_TAREK,TAREK BEN-AYED,CO_STM_CONSULTING,STM CONSULTING,0.5,ambiguous,1.0,0.0,1.0,0.0,1.0,4,0.31,PERSON_BENAYED_TAOUFIK,1,2012-03-01,2012-03-01,2,1,PERSON_BENAYED_TAREK,- Nomination de M. Tarek Ben Ayed nouveau gérant de la société pour une durée indéterminée.
Tarek Kabrit||Plastic Electromechanic Company,Tarek Kabrit,Plastic Electromechanic Company,806712F,PERSON_KABRIT_TAREK,TAREK KABRIT,CO_PLASTIC_ELECTROMECHANIC_COMPANY,PLASTIC ELECTROMECHANIC COMPANY PEC,0.575,ambiguous,1.0,0.0,1.0,0.5,1.0,1,0.575,,1,2012-06-18,2012-06-18,2,1,PERSON_KABRIT_TAREK,"- Nomination de nouveaux administrateurs pour une durée de 3 ans courant 2012, 2013 et 2014 et qui sont Mr Adel Goucha et Mr Tarek Kabrit."
Tarek Kabrit||Plastic Electromechanic Company Plus,Tarek Kabrit,Plastic Electromechanic Company Plus,1046216W,PERSON_KABRIT_TAREK,TAREK KABRIT,CO_PLASTIC_ELECTROMECHANIC_COMPANY_PLUS,PLASTIC ELECTROMECHANIC COMPANY PLUS,0.575,ambiguous,1.0,0.0,1.0,0.5,1.0,1,0.575,,1,2012-06-18,2012-06-18,2,1,PERSON_KABRIT_TAREK,"- Nomination de nouveaux administrateurs pour une durée de 3 ans courant 2012, 2013 et 2014 et qui sont Mr Adel Goucha et Mr Tarek Kabrit."
Thi-Mai TRAN||Changement de représentant légal,Thi-Mai TRAN,Changement de représentant légal,908793P,PERSON_TRAN_THI_MAI,THI MAI TRAN,,,0.475,ambiguous,1.0,0.0,0.0,0.5,1.0,1,0.475,,1,2012-09-01,2012-09-01,2,1,PERSON_TRAN_THI_MAI,"n°201246274, il a été décidé de désigner Mr Jean Loup Hedon en qualité de représentant légal de l'établissement stable en Tunisie de la société Française Alstom Transport SA en remplacement de Mme Thi"
Trabelsi Lassaad||SOCIETE TRABELSI DE RECYCLAGE DE METAUX STRM,Trabelsi Lassaad,SOCIETE TRABELSI DE RECYCLAGE DE METAUX STRM,1130066A,PERSON_TRABELSI_LASAAD,LASSAAD TRABELSI,CO_TRABELSI,SOCIETE ENTREPRISE TRABELSI,0.5,ambiguous,1.0,0.0,1.0,0.0,1.0,2,0.31,PERSON_TRABELSI_MOHAMED,1,2009-12-22,2009-12-22,2,1,PERSON_LASAAD_TRABELSI,Gérant : Mr Trabelsi Lassaad avec tous les pouvoirs.
Triki Kaouther||Société Triki Services - SARL,Triki Kaouther,Société Triki Services - SARL,,PERSON_TRIKI_KAWTHER,KAWTHER TRIKI,CO_TRIKI_SERVICES,SOCIETE TRIKI SERVICES,0.63,ambiguous,0.8,1.0,0.0,0.0,0.0,2,0.49,PERSON_TRIKI_ZINE_ELABIDINE,1,2009-03-28,2009-03-28,2,1,PERSON_KAOUTHER_TRIKI,- Monsieur Fathi Ben Abdelkader Maacha cède la totalité de ses parts sociales soit 500 parts à Mme Triki Kaouther.
Yahia Chaabouni||Société INOPLAST LOISIRS,Yahia Chaabouni,Société INOPLAST LOISIRS,741095X,PERSON_CHAABOUNI_YAHIA,YAHIA CHAABOUNI,CO_INOPLAST,INOPLAST,0.525,ambiguous,1.0,0.0,1.0,0.5,0.0,1,0.525,,1,2011-04-14,2011-04-14,2,1,PERSON_CHAABOUNI_YAHIA,"- Le renouvellement du mandat du commissaire aux comptes Mr Yahia Chaabouni, et ce pour une période de trois ans, soit 2010, 2011 et 2012."
Yassine Elloumi||Société Le COLLIER D'Or,Yassine Elloumi,Société Le COLLIER D'Or,883868G,PERSON_ELOUMI_YASINE,YASSINE ELLOUMI,CO_COLLIER_DOR,LE COLLIER DOR,0.6682,ambiguous,1.0,0.909,0.0,0.0,0.0,3,0.5282,PERSON_ELOUMI_YOUNES,1,2008-06-04,2008-06-04,2,1,PERSON_ELOUMI_YASINE,"Suivant assp du 4 juin 2008, enregistré à la recette des finances à Rue Ghandi le 17 juillet 2008, sous le n° 08103734, reçu n° 53777 et dont deux exemplaires ont été déposés au greffe du tribunal de "
Zaineb Ezzahra Zouari||Société STM Consulting,Zaineb Ezzahra Zouari,Société STM Consulting,,PERSON_ZOUARI_ZEINEB_ZAHRA,ZEINEB ZAHRA ZOUARI,CO_STM_CONSULTING,STM CONSULTING,0.645,ambiguous,0.7,1.0,0.0,0.0,1.0,7,0.455,PERSON_ZOUARI_ZOHRA_BOUKADIDA,1,2010-07-05,2010-07-05,2,1,PERSON_ZOUARI_ZAINEB_EZAHRA,Gérance : Madame Zaineb Ezzahra Zouari est nommée gérante de la société pour toute sa durée avec tous les pouvoirs énoncés au statut les plus étendus.
Zied Boukhris||Société MAERSK TUNISIE. SA,Zied Boukhris,Société MAERSK TUNISIE. SA,539326J,PERSON_BOUKHRIS_ZIED,ZIED BOUKHRIS,CO_MAERSK_TUNISIE,MAERSK TUNISIE,0.5,ambiguous,1.0,0.0,1.0,0.0,1.0,1,0.5,,1,2011-04-27,2011-04-27,2,1,PERSON_BOUKHRIS_ZIED,- La nomination de Monsieur Zied Boukhris en tant que nouveau Président Directeur Général de la société;
Zouari Farid||Société Tunisie Assistance,Zouari Farid,Société Tunisie Assistance,,PERSON_ZOUARI_FERID,FERID ZOUARI,CO_TUNISIE_ASSISTANCE,TUNISIE ASSISTANCE,0.68,ambiguous,0.8,1.0,0.0,0.0,1.0,1,0.68,,1,2008-12-11,2008-12-11,2,1,PERSON_FARID_ZOUARI,Gérance : Mr. Zouari Farid 1er gérant et Mr Jean Garcia 2ème gérant.
Abbassi Rafik||Société Briqueterie Moderne EL AMEL,Abbassi Rafik,Société Briqueterie Moderne EL AMEL,1125637F,PERSON_ABASI_RAFIK,RAFIK ABASSI,CO_EL_AMEL,EL AMEL,0.5,ambiguous,1.0,0.0,1.0,0.0,1.0,9,0.45,PERSON_SLAMA_WASILA,1,2009-12-08,2009-12-08,1,1,PERSON_RAFIK_ABASI,Gérant associé unique : Mr Abbassi Rafik.
Abdelaziz Ben Fredj Lahmar||Société Briqueterie Lahmar et Compagnie» BLC,Abdelaziz Ben Fredj Lahmar,Société Briqueterie Lahmar et Compagnie» BLC,318028Y,PERSON_LAHMAR_ABDELAZIZ,ABDELAZIZ LAHMAR,CO_BRIQUETERIE_LAHMAR_COMPAGNIE,BRIQUETERIE LAHMAR ET COMPAGNIE BLC,0.5,ambiguous,1.0,0.0,1.0,0.0,1.0,2,0.36,PERSON_LAHMAR_ABDELKARIM,1,2010-12-23,2010-12-23,1,1,PERSON_LAHMAR_ABDELAZIZ_BENFREDJ,4) La nomination de Monsieur Abdelaziz Ben Fredj Lahmar en tant que président directeur général de la société pour toute la durée de son mandat en tant qu'administrateur.
Abdelaziz Ben Saad||Sté Yesmine de Promotion Immobilière,Abdelaziz Ben Saad,Sté Yesmine de Promotion Immobilière,1084688P,PERSON_BENSAAD_ABDELAZIZ,ABDELAZIZ BEN-SAAD,CO_YESMINE,SOCIETE YESMINE,0.6,ambiguous,1.0,0.0,1.0,1.0,0.0,3,0.46,PERSON_BENSAAD_ABDELJELIL,1,2009-01-30,2009-01-30,1,1,PERSON_BENSAAD_ABDELAZIZ,Gérance : Mr Mohamed Ali Ben Saad est nommé gérant et Mr Abdelaziz Ben Saad et Mr Mohamed Habib Ben Saad comme cogérant avec les pouvoirs les plus étendus.
Abdelaziz Derbel||ASSURANCES MAGHREBIA VIE,Abdelaziz Derbel,ASSURANCES MAGHREBIA VIE,,PERSON_DERBEL_ABDELAZIZ,ABDELAZIZ DERBEL,CO_ASSURANCES_MAGHREBIA_VIE,ASSURANCES MAGHREBIA VIE,0.5,ambiguous,1.0,0.0,0.0,1.0,0.0,1,0.5,,1,2009-09-23,2009-09-23,1,1,PERSON_DERBEL_ABDELAZIZ,"- Mr. Abdelaziz Derbel, Administrateur délégué"
Abdelfattah Zayen||Textile Souassi Company,Abdelfattah Zayen,Textile Souassi Company,,PERSON_ZAYEN_ABDELFATEH,ABDELFATTEH ZAYEN,CO_TEXTILE_SOUASSI_COMPAGNY,TEXTILE SOUASSI COMPAGNY TSC,0.6848,ambiguous,1.0,0.957,0.0,0.0,0.0,2,0.5448,PERSON_ZAYEN_ALI,1,2011-04-18,2011-04-18,1,1,PERSON_ZAYEN_ABDELFATAH,Gérance : Monsieur Belhassen Gherab et Monsieur Abdelfattah Zayen sont nommés gérants de la société pour toute sa durée avec tous les pouvoirs énoncés au statut les plus étendus.
Abdelhak Kafsi||AL BARAKA BANK TUNISIA,Abdelhak Kafsi,AL BARAKA BANK TUNISIA,31041F,PERSON_KAFSI_ABDELHAK,ABDELHAK KAFSI,CO_AL_BARAKA_BANK_TUNISIA,AL BARAKA BANK TUNISIA,0.525,ambiguous,1.0,0.0,1.0,0.5,0.0,2,0.525,PERSON_BAKALI_WASILA_CHOUCHANE,1,2011-06-17,2011-06-17,1,1,PERSON_KAFSI_ABDELHAK,"- Désigner Monsieur Abdelhak Kafsi, membre indépendant au sein du conseil d'administration"
Abdelhakim Ben Cheikh Ahmed||SOCIETE BEN CHEIKH AHMED ABDELHAKIM SOBECA,Abdelhakim Ben Cheikh Ahmed,SOCIETE BEN CHEIKH AHMED ABDELHAKIM SOBECA,,PERSON_BENCHEIKH_ABDELHAKIM,ABDELHAKIM BEN-CHEIKH,CO_BEN_CHEIKH_ABDELHAKIM_SOBECA,SOCIETE BEN-CHEIKH ABDELHAKIM SOBECA,0.6975,ambiguous,0.85,1.0,0.0,0.0,1.0,1,0.6975,,1,2009-07-22,2009-07-22,1,1,PERSON_AHMED_ABDELHAKIM_BENCHEIKH,Gérance : Mr Abdelhakim Ben Cheikh Ahmed est désignée comme gérant unique pour une durée illimitée.
Abdelhamid Kassab||Eco Denim House SARL,Abdelhamid Kassab,Eco Denim House SARL,983660V,PERSON_KASAB_ABDELHAMID,ABDELHAMID KASSAB,CO_DENIM_HOUSE,DENIM HOUSE,0.525,ambiguous,1.0,0.0,1.0,0.5,0.0,2,0.525,PERSON_ZARAD_KAMEL,1,2010-07-08,2010-07-08,1,1,PERSON_KASAB_ABDELHAMID,"- La nomination de Monsieur Abdelhamid Kassab, cogérant de la société avec Monsieur Kamel Zarrad."
Abdeljelil Ben Saad||INOV,Abdeljelil Ben Saad,INOV,,PERSON_BENSAID_ABDELJELIL,ABDELJELIL BEN-SAID,CO_INOV,SOCIETE INOV,0.65,ambiguous,0.857,1.0,0.0,0.0,0.0,3,0.3,PERSON_BENSAAD_ABDELJELIL,1,2011-09-18,2011-09-18,1,1,PERSON_BENSAAD_ABDELJELIL,"1- Suivant acte sous seing privé daté du 18 Septembre 2011, enregistré à la recette des finances de Mégrine le 12 octobre 2011, sous le n° 11103584, quittance M058683, la société Compagnie Financière "
Abelhakim Slama||Renouvellement du mandat des administrateurs,Abelhakim Slama,Renouvellement du mandat des administrateurs,,PERSON_SLAMA_ABELHAKIM,ABELHAKIM SLAMA,,,0.55,ambiguous,1.0,0.0,0.0,1.0,1.0,27,0.0,PERSON_SLAMA_ABDELHAKIM,1,2011-07-22,2011-07-22,1,1,PERSON_SLAMA_ABELHAKIM,"- Le renouvellement du mandat de Mr Ridha Slama, Mr Abelhakim Slama, Mr Chihebeddine Slama, et la société Zita des Huiles Alimentaires en qualité d'Administrateurs pour les exercices 2011, 2012 et 201"
Adel Belmabrouk||Société de Mise en Valeur et de Développement Agricole,Adel Belmabrouk,Société de Mise en Valeur et de Développement Agricole,782319V,PERSON_BELMABROUK_ADEL,ADEL BELMABROUK,CO_MISE_EN_VALEUR_DEVELOPPEMENT_AGRICOLE,SOCIETE DE MISE EN VALEUR ET DE DEVELOPPEMENT AGRICOLE,0.525,ambiguous,1.0,0.0,1.0,0.5,0.0,3,0.385,PERSON_BELMABROUK_ABDALAH,1,2010-08-27,2010-08-27,1,1,PERSON_BELMABROUK_ADEL,Monsieur Adel Belmabrouk est désigné directeur général de la société et président du conseil d'administration.
Adelino DA Silva Matos||Société ASM Trailers-SA,Adelino DA Silva Matos,Société ASM Trailers-SA,1249335D,PERSON_MATOS_JOAO_PEDRO_COSTA_DA_SILVA,JOAO PEDRO COSTA DA SILVA MATOS,CO_ASM_TRAILERS,ASM TRAILERS,0.93,ambiguous,0.8,1.0,1.0,1.0,1.0,4,0.005,PERSON_MATOS_ADELINO_DA_SILVA,1,2012-04-30,2012-04-30,1,1,PERSON_MATOS_ADELINO_DA_SILVA,La société A. Silva Matos Sgps représentée par Adelino DA Silva Matos.
Adelino Da Silva Matos||Société ASM Trailers-SA,Adelino Da Silva Matos,Société ASM Trailers-SA,1249335D,PERSON_MATOS_JOAO_PEDRO_COSTA_DA_SILVA,JOAO PEDRO COSTA DA SILVA MATOS,CO_ASM_TRAILERS,ASM TRAILERS,0.88,ambiguous,0.8,1.0,1.0,1.0,0.0,4,0.005,PERSON_MATOS_ADELINO_DA_SILVA,1,2012-04-30,2012-04-30,1,1,PERSON_MATOS_ADELINO_DA_SILVA,"1- La nomination de Mr Adelino Da Silva Matos, en tant que président du conseil d'administration, pour une période de 3 ans."
Ahmed Attia||SOCIETE TUNISIAN HIGH BUSINESS SCHOOL. UNIVERSITE PRIVEE (THBS - UP),Ahmed Attia,SOCIETE TUNISIAN HIGH BUSINESS SCHOOL. UNIVERSITE PRIVEE (THBS - UP),840060M,PERSON_ATIA_AHMED,AHMED ATTIA,CO_TUNISIAN_HIGH_BUSINESS_SCHOOL_UNIVERSITE_PRIVEE_THBS_UP,SOCIETE TUNISIAN HIGH BUSINESS SCHOOL UNIVERSITE PRIVEE THBS UP,0.575,ambiguous,1.0,0.0,1.0,0.5,1.0,2,0.385,PERSON_ATIA_ANIS,1,2009-09-14,2009-09-14,1,1,PERSON_ATIA_AHMED,"- Renouvellement du mandat des administrateurs Mr Ahmed Attia, Mme Anissa Mansour épouse Dimassi et Maître Nejha Ben Abdallah pour les exercices 2009, 2010 et 2011."
Ahmed Attia||Société Tunisian High Business School Université Privée (THBS - UP),Ahmed Attia,Société Tunisian High Business School Université Privée (THBS - UP),840060M,PERSON_ATIA_AHMED,AHMED ATTIA,CO_TUNISIAN_HIGH_BUSINESS_SCHOOL_UNIVERSITE_PRIVEE_THBS_UP,SOCIETE TUNISIAN HIGH BUSINESS SCHOOL UNIVERSITE PRIVEE THBS UP,0.575,ambiguous,1.0,0.0,1.0,0.5,1.0,2,0.385,PERSON_ATIA_ANIS,1,2009-08-27,2009-08-27,1,1,PERSON_ATIA_AHMED,"- Renouvellement du mandat des administrateurs, Mr Ahmed Attia, Mme Anissa Mansour épouse Dimassi et Mme Nejha Ben Abdallah pour les exercices 2006, 2007 et 2008."
Ahmed Bassalah||Société Shell de Tunisie,Ahmed Bassalah,Société Shell de Tunisie,2343F,PERSON_BASALAH_AHMED,AHMED BASSALAH,CO_HABEL_TUNISIE,HABEL TUNISIE,0.5,ambiguous,1.0,0.0,1.0,0.0,1.0,2,0.45,PERSON_ELOUMI_HICHEM,1,2010-06-23,2010-06-23,1,1,PERSON_BASALAH_AHMED,- Nomination de M. Naoufel Aissa en qualité d'administrateur en remplacement de M. Ahmed Bassalah;
Ahmed Besbes||Société Générale des Additifs et Adjuvants Alimentaires SG3A,Ahmed Besbes,Société Générale des Additifs et Adjuvants Alimentaires SG3A,1142369C,PERSON_BESBES_AHMED,AHMED BESBES,CO_GENERALE,SOCIETE GENERALE,0.5,ambiguous,1.0,0.0,1.0,0.0,1.0,3,0.36,PERSON_BESBES_AZIZ,1,2010-04-07,2010-04-07,1,1,PERSON_BESBES_AHMED,Gérant : Monsieur Ahmed Besbes pour une durée de 3 ans.
Ahmed Chiheb Eddine DRISS||Industry General Trading,Ahmed Chiheb Eddine DRISS,Industry General Trading,,PERSON_DRIS_AHMED_CHIHEBEDINE,AHMED CHIHEBEDDINE DRISS,CO_INDUSTRY_GENERAL_TRADING,INDUSTRY GENERAL TRADING,0.645,ambiguous,0.7,1.0,0.0,0.0,1.0,13,0.245,PERSON_DRIS_AHMED,1,2009-02-02,2009-02-02,1,1,PERSON_DRIS_AHMED_CHIHEB_EDINE,Gérant : Mr Ahmed Chiheb Eddine DRISS est nommé gérant statutaire de la société pour une durée indéterminée avec les pouvoirs les plus étendus.
Ahmed El Arem||Société ELWIFAK MAROQUINERIE,Ahmed El Arem,Société ELWIFAK MAROQUINERIE,,PERSON_AREM_AHMED,AHMED AREM,CO_ELWIFAK_MAROQUINERIE,ELWIFAK MAROQUINERIE,0.68,ambiguous,0.8,1.0,0.0,0.0,1.0,1,0.68,,1,2010-12-09,2010-12-09,1,1,PERSON_ELAREM_AHMED,- Nomination d'un gérant : Mr Ahmed El Arem.
Alain COLAS||Renouvellement des mandats des administrateurs,Alain COLAS,Renouvellement des mandats des administrateurs,,PERSON_COLAS_ALAIN,ALAIN COLAS,,,0.55,ambiguous,1.0,0.0,0.0,1.0,1.0,1,0.55,,1,2008-12-12,2008-12-12,1,1,PERSON_COLAS_ALAIN,"- le renouvellement du mandat des administrateurs : Mr Chékib NOUIRA, Mr Tijani CHELLY, La Banque de Tunisie, Mr Alain COLAS, Mr Norbert de GUILLERON et la nomination de Mr Pierre LEVI comme administr"
Alain Mouterde||Société Immobilière du Nord de la Tunisie S.A.I.N.T» SA,Alain Mouterde,Société Immobilière du Nord de la Tunisie S.A.I.N.T» SA,6175A,PERSON_MOUTERDE_ALAIN,ALAIN MOUTERDE,,,0.55,ambiguous,1.0,0.0,0.0,1.0,1.0,1,0.55,,1,2009-08-11,2009-08-11,1,1,PERSON_MOUTERDE_ALAIN,"n° 9916, il a été décidé d'accepter les démissions de Mme Geneviève Querci et de Mr Alain Mouterde de leurs postes de membres du conseil d'administration et de nommer deux nouveaux administrateurs : L"
Ali Zinelabidine Haddad||Globale Artémis SARL,Ali Zinelabidine Haddad,Globale Artémis SARL,1049050E,PERSON_HADAD_ALI,ALI HADDAD,CO_ARTEMIS,ARTEMIS,0.5,ambiguous,1.0,0.0,1.0,0.0,1.0,4,0.36,PERSON_HADAD_ANIS,1,2010-02-18,2010-02-18,1,1,PERSON_HADAD_ALI_ZINELABIDINE,La nomination de Monsieur Mzoughi Mohamed en tant que gérant de la société et ce en remplacement de Monsieur Ali Zinelabidine Haddad et ce a partir du 18/2/2010.
Ameur Kalai||Maghreb Management Industries,Ameur Kalai,Maghreb Management Industries,,PERSON_KALAI_AMEUR,AMEUR KALAI,,,0.475,ambiguous,1.0,0.0,0.0,0.5,1.0,1,0.475,,1,2007-09-17,2007-09-17,1,1,PERSON_KALAI_AMEUR,- Le renouvellement de la nomination de Mr Ameur Kalai aux fonctions de président directeur général pour la durée de son mandat d'administrateur.
Ameur Kalai||Mesura Tunisie,Ameur Kalai,Mesura Tunisie,854360N,PERSON_KALAI_AMEUR,AMEUR KALAI,CO_MESURA_TUNISIE,MESURA TUNISIE,0.5,ambiguous,1.0,0.0,1.0,0.0,1.0,2,0.5,PERSON_CAVAGNA_RINO,1,2012-04-26,2012-04-26,1,1,PERSON_KALAI_AMEUR,Le renouvellement du mandat du directeur général Mr Ameur Kalai pour une nouvelle période de 3 ans.
Amor Bouchiba||Assemblée Générale Ordinaire,Amor Bouchiba,Assemblée Générale Ordinaire,,PERSON_BOUCHIBA_AMOR,AMOR BOUCHIBA,CO_GENERALE,SOCIETE GENERALE,0.55,ambiguous,1.0,0.0,0.0,1.0,1.0,2,0.5,PERSON_KOOLI_ALI,1,2009-11-07,2009-11-07,1,1,PERSON_BOUCHIBA_AMOR,"- Le renouvellement du mandat des Administrateurs : Monsieur Kamel Neji, l'Union Internationale de Banque, Monsieur Atef Ben Slimane, l'Arab International Lease, Monsieur Ali Slama, Monsieur Bassam Lo"
Amor Bouchiba||International SICAR,Amor Bouchiba,International SICAR,723542X,PERSON_BOUCHIBA_AMOR,AMOR BOUCHIBA,CO_INTERNATIONAL_SICAR,INTERNATIONAL SICAR,1.0,ambiguous,1.0,1.0,1.0,1.0,1.0,27,0.0437,PERSON_BOUCHIMA_AMOR,1,2012-09-05,2012-09-05,1,1,PERSON_BOUCHIBA_AMOR,"- Le renouvellement du mandat des Administrateurs: Monsieur Habib Benhadj Gouider, l'Union Internationale de Banques, Monsieur Atef Ben Slimane, l'Arab International Lease, Monsieur Ali Slama, Monsieu"
Amor Bouneb||Société Bouneb de Nutrition Animale S.B.N.A,Amor Bouneb,Société Bouneb de Nutrition Animale S.B.N.A,,PERSON_BOUNEB_AMOR,AMOR BOUNEB,CO_NUTRITION,SOCIETE DE NUTRITION,0.475,ambiguous,1.0,0.0,0.0,0.5,1.0,1,0.475,,1,2009-11-13,2009-11-13,1,1,PERSON_BOUNEB_AMOR,- La nomination de Monsieur Amor Bouneb gérant de la société avec pleins pouvoirs en remplacement de Monsieur Mourad Bouneb et ils ont été procédé à l'actualisation de l'article 15 des statuts.
Anis Ben Frej||Société AGROMED,Anis Ben Frej,Société AGROMED,,PERSON_BENFRADJ_ANIS,ANIS BEN-FRADJ,CO_AGROMED,AGROMED,0.68,ambiguous,0.8,1.0,0.0,0.0,1.0,4,0.63,PERSON_BENAYED_ABDELWAHEB,1,2012-04-24,2012-04-24,1,1,PERSON_BENFREJ_ANIS,- Gérance : Mr Anis Ben Frej est nommé gérant la société pour période de 3 ans avec tous les pouvoirs les plus étendus énoncés au statut.
Anis Ghorbel||SOCIETE SIGA,Anis Ghorbel,SOCIETE SIGA,724927Q,PERSON_GHORBEL_ANIS,ANIS GHORBEL,CO_D_INDUSTRIES_GENERALES_AGRICOLES_SIGA,SOCIETE D'INDUSTRIES GENERALES ET AGRICOLES SIGA,0.5,ambiguous,1.0,0.0,1.0,0.0,1.0,3,0.31,PERSON_GHORBEL_ABDELKADER_BENMOKHTAR_BENAMER,1,2010-06-01,2010-06-01,1,1,PERSON_GHORBEL_ANIS,- Nommer Mr Anis Ghorbel en tant que gérant pour la durée de la société en remplacement du gérant démissionnaire Mr Slim Ben Ayed et lui accorde les mêmes pouvoirs que ceux accordés au gérant démissio
Atef Ben Slimane||Assemblée Générale Ordinaire,Atef Ben Slimane,Assemblée Générale Ordinaire,,PERSON_BENSLIMANE_ATEF,ATEF BEN-SLIMANE,CO_GENERALE,SOCIETE GENERALE,0.55,ambiguous,1.0,0.0,0.0,1.0,1.0,4,0.21,PERSON_BENSLIMANE_ATAF,1,2009-11-07,2009-11-07,1,1,PERSON_BENSLIMANE_ATEF,"- Le renouvellement du mandat des Administrateurs : Monsieur Kamel Neji, l'Union Internationale de Banque, Monsieur Atef Ben Slimane, l'Arab International Lease, Monsieur Ali Slama, Monsieur Bassam Lo"
Awatef Mechri||UBCI DEVELOPPEMENT,Awatef Mechri,UBCI DEVELOPPEMENT,,PERSON_MECHRI_AWATEF,AWATEF MECHRI,,,0.5,ambiguous,1.0,0.0,0.0,1.0,0.0,1,0.5,,1,2011-06-12,2011-06-12,1,1,PERSON_MECHRI_AWATEF,"Sté UBCI SA, Sté UBCI FINANCE SA, M. Neil Khalladi, M. Nabil Gatti, Mme Awatef Mechri, M. Khalil Ben Salah, M. Alain BISCAYE. - Nomme Cabinet ECC- MAZARS SARL (Société d'expertise comptable), commissa"
BINA HOLDING||CARTHAGE CEMENT,BINA HOLDING,CARTHAGE CEMENT,1072172A,PERSON_HOLDING_BINA,BINA HOLDING,CO_CARTHAGE_CEMENT,CARTHAGE CEMENT,0.575,ambiguous,1.0,0.0,1.0,0.5,1.0,13,0.45,PERSON_BOUCHAHOUA_KILANI,1,2010-07-27,2010-07-27,1,1,PERSON_HOLDING_BINA,"- Renouvellement du mandat des administrateurs; BINA CORP, BINA HOLDING et Lazhar STA, pour une durée de 3 ans finissant avec l'AGO statuant sur l'exercice 2013."
Bara Alaya||Nomination d'un nouveau Directeur Général,Bara Alaya,Nomination d'un nouveau Directeur Général,908262Q,PERSON_ALAYA_BARA,BARA ALAYA,,,0.475,ambiguous,1.0,0.0,0.0,0.5,1.0,1,0.475,,1,2009-11-12,2009-11-12,1,1,PERSON_ALAYA_BARA,- Nomination de Monsieur Bara Alaya directeur général de la société en remplacement de Monsieur Morsy Dimassi.
Bassam Loukil||Assemblée Générale Ordinaire,Bassam Loukil,Assemblée Générale Ordinaire,,PERSON_LOUKIL_BASAM,BASSAM LOUKIL,CO_GENERALE,SOCIETE GENERALE,0.55,ambiguous,1.0,0.0,0.0,1.0,1.0,4,0.21,PERSON_LOUKIL_BASEM,1,2009-11-07,2009-11-07,1,1,PERSON_LOUKIL_BASAM,"- Le renouvellement du mandat des Administrateurs : Monsieur Kamel Neji, l'Union Internationale de Banque, Monsieur Atef Ben Slimane, l'Arab International Lease, Monsieur Ali Slama, Monsieur Bassam Lo"
Belgacem Mabrouki||Société Agroliva International,Belgacem Mabrouki,Société Agroliva International,,PERSON_MABROUK_BELGACEM,BELGACEM MABROUK,CO_AGROLIVA_INTERNATIONAL,AGROLIVA INTERNATIONAL,0.6767,ambiguous,0.933,1.0,0.0,0.0,0.0,1,0.6767,,1,2009-09-26,2009-09-26,1,1,PERSON_MABROUKI_BELGACEM,cédé 5000 parts de 100 dinars chacune qu'il détient dans la société Agroliva International à Mr. Belgacem Mabrouki.
Ben Ammar Salem||Société Construction Métallique Jbel Ouest C,Ben Ammar Salem,Société Construction Métallique Jbel Ouest C,,PERSON_BENAMARA_SALEM,SALEM BEN-AMMARA,CO_CONSTRUCTION_METALLIQUE_JEBEL_EL_OUEST,SOCIETE CONSTRUCTION METALLIQUE JEBEL EL-OUEST CMJ,0.676,ambiguous,1.0,0.932,0.0,0.0,0.0,1,0.676,,1,2012-04-18,2012-04-18,1,1,PERSON_SALEM_BENAMAR,- Gérance : Mr Ben Ammar Salem est nommé Gérant de la société pour période de trois ans avec tous pouvoirs les plus étendus énoncés au statut.
Ben Lamine Sami||Société MARCFI PRODUCT,Ben Lamine Sami,Société MARCFI PRODUCT,1276042W,PERSON_BENLAMINE_SAMI,SAMI BEN-LAMINE,CO_MARCFI_PRODUCT,MARCFI PRODUCT,0.5,ambiguous,1.0,0.0,1.0,0.0,1.0,1,0.5,,1,2012-11-29,2012-11-29,1,1,PERSON_SAMI_BENLAMINE,Gérance : Mr Ben Lamine Sami est nommé gérant de la société avec les pouvoirs les plus étendus.
Benhassen Zouaoui||SOCIETE D'APPAREILLAGE ET EQUIPEMENT SCIENTIFIQUE A.E.S,Benhassen Zouaoui,SOCIETE D'APPAREILLAGE ET EQUIPEMENT SCIENTIFIQUE A.E.S,,PERSON_ZOUAOUI_BELHASEN,BELHASSEN ZOUAOUI,CO_DAPPAREILLAGE_EQUIPEMENT_SCIENTIFIQUE_AES,SOCIETE DAPPAREILLAGE ET EQUIPEMENT SCIENTIFIQUE AES,0.662,ambiguous,1.0,0.892,0.0,0.0,0.0,4,0.522,PERSON_ZOUAOUI_AHMED,1,2010-01-27,2010-01-27,1,1,PERSON_ZOUAOUI_BENHASEN,"- L'assemblée Générale nomme Mr Faouzi Zaghouan, Gérant de la société avec les pouvoirs les plus étendus, pour une période de six mois à partir du 27 Janvier 2010, en remplacement de Mr Benhassen Zoua"
Bertrand Derazey||SOCIETE MEDITERRANNENNE DE TELESERVICES,Bertrand Derazey,SOCIETE MEDITERRANNENNE DE TELESERVICES,984713Y,PERSON_DERAZEY_BERTRAND,BERTRAND DERAZEY,CO_MEDITERRANEENNE_TELESERVICES,SOCIETE MEDITERRANEENNE DE TELESERVICES,0.5,ambiguous,1.0,0.0,1.0,0.0,1.0,2,0.45,PERSON_PROVILE_FREDERIC,1,2011-07-05,2011-07-05,1,1,PERSON_DERAZEY_BERTRAND,- La non nomination d'un nouveau Directeur Général Adjoint en remplacement de Mr Bertrand Derazey.
Boubaker Trabelsi||Nomination d'un nouveau gérant Société SBOKF,Boubaker Trabelsi,Nomination d'un nouveau gérant Société SBOKF,1205248R,PERSON_TRABELSI_BOUBAKER,BOUBAKER TRABELSI,CO_BATIMENT,BATIMENT +,0.5,ambiguous,1.0,0.0,1.0,0.0,1.0,3,0.36,PERSON_TRABELSI_BELHASEN,1,2012-08-22,2012-08-22,1,1,PERSON_TRABELSI_BOUBAKER,Suite au procès verbal du 22 août 2012 enregistré à la recette des finances Raoued sous le n°12102801 quittance M039069 dont deux exemplaires ont été déposés au greffe de première instance de l'Ariana
Bouraoui Ben Ahmed||Renouvellement du mandat de conseil d'administration et Nomination d'un PDG,Bouraoui Ben Ahmed,Renouvellement du mandat de conseil d'administration et Nomination d'un PDG,737758K,PERSON_BENAHMED_BOURAOUI,BOURAOUI BEN-AHMED,CO_CONSEIL,SOCIETE LE CONSEIL,0.5,ambiguous,1.0,0.0,1.0,0.0,1.0,2,0.5,PERSON_SAIDI_MOHAMED,1,2012-11-30,2012-11-30,1,1,PERSON_BENAHMED_BOURAOUI,"Ordinaire en date du 30/11/2012 enregistré à la recette des finances rue 3 septembre 1934 à Sousse le 7/12/2012 sous n° 12703199 - quittance 55779, il a été décidé le renouvellement du mandat de tous "
Bouraoui Zineddine||Contrat de Cession de parts Sociales,Bouraoui Zineddine,Contrat de Cession de parts Sociales,,PERSON_BOURAOUI_ZINEDINE,ZINEDDINE BOURAOUI,,,0.5,ambiguous,1.0,0.0,0.0,1.0,0.0,1,0.5,,1,2009-02-11,2009-02-11,1,1,PERSON_ZINEDINE_BOURAOUI,- M Mohamed Slim Ben Abdallah cède 295 parts sociales lui appartenant dans la société M3S à M. Bouraoui Zineddine.
Brahem Jamel||Société Royale,Brahem Jamel,Société Royale,9900607K,PERSON_BRAHEM_JAMEL,JAMEL BRAHEM,CO_MARBRERIE_ROYALE_EL_ABED_KHALED,SOCIETE MARBRERIE ROYALE EL-ABED KHALED,0.5,ambiguous,1.0,0.0,1.0,0.0,1.0,3,0.36,PERSON_JAMEL_BELAM,1,2007-10-05,2007-10-05,1,1,PERSON_JAMEL_BRAHEM,Gérant associé unique : Mr Brahem Jamel.
CHEKIR Najah||Société LA GLACE,CHEKIR Najah,Société LA GLACE,5584K,PERSON_CHEKIR_NAJAH,NAJAH CHEKIR,CO_COMPTOIR_GLACE_ALIMENTAIRE,COMPTOIR DE LA GLACE ALIMENTAIRE,0.5,ambiguous,1.0,0.0,1.0,0.0,1.0,1,0.5,,1,2009-03-10,2009-03-10,1,1,PERSON_NAJAH_CHEKIR,"Suivant Procès-verbal de l'Assemblée Générale Extraordinaire daté du 10/03/2009, et enregistré à la Recette des Finances Avenue de la Gare à Tunis le 14/04/2009, sous le n° 09801895, Quittance n° 1819"
Cattalini Riccarolo||Société Forum Livii,Cattalini Riccarolo,Société Forum Livii,,PERSON_CATALINI_RICARDO,RICCARDO CATTALINI,CO_FORUM_LIVII,FORUM LIVII,0.63,ambiguous,0.8,1.0,0.0,0.0,0.0,5,0.49,PERSON_CATALINI_GIACOMINO,1,2008-07-02,2008-07-02,1,1,PERSON_RICAROLO_CATALINI,"Suivant acte sous seing privé du 02-07-2008, enregistré au consultat de Tunisie à Genes - Italie, le 2 juillet 2008 sous numéros 1699 à 1704, Mr Cattalini Giacamino et Mr Cattalini Riccarolo et Mr Cat"
Chaabouni Houda Dalel||SOCIETE EL HOUDA CLINIQUE AVICENNE,Chaabouni Houda Dalel,SOCIETE EL HOUDA CLINIQUE AVICENNE,,PERSON_KAMOUN_HOUDA_DALEL_CHAABOUNI,HOUDA DALEL CHAABOUNI KAMMOUN,CO_EL_HOUDA_CLINIQUE_AVICENNE,SOCIETE EL-HOUDA CLINIQUE AVICENNE,0.6975,ambiguous,0.85,1.0,0.0,0.0,1.0,2,0.6475,PERSON_KAMOUN_SAMI,1,2011-10-07,2011-10-07,1,1,PERSON_DALEL_CHAABOUNI_HOUDA,- La démission du gérant Monsieur Kamoun Sami et la nomination de Madame Chaabouni Houda Dalel ép. Kamoun titulaire de la CIN n° 00432897 délivrée le 9-5-1998 en qualité de nouvelle gérante à compter 
Chaari Gihen Epouse Hammami||Société de Transaction et de Gestion Immobilière,Chaari Gihen Epouse Hammami,Société de Transaction et de Gestion Immobilière,,PERSON_HAMAMI_CHAARI_GIHEN,CHAARI GIHEN HAMMAMI,CO_TRANSACTION_GESTION_IMMOBILIERE,SOCIETE DE TRANSACTION ET DE GESTION IMMOBILIERE,0.6975,ambiguous,0.85,1.0,0.0,0.0,1.0,2,0.6475,PERSON_HAMAMI_RIDHA,1,2010-03-30,2010-03-30,1,1,PERSON_GIHEN_CHAARI,Gérance : Mme Chaari Gihen Epouse Hammami a été nommée gérante de la société avec les pouvoirs les plus étendus.
Chawki Trimeche||Société Tunisian Hardware &amp; Software Technologie,Chawki Trimeche,Société Tunisian Hardware &amp; Software Technologie,1259496B,PERSON_TRIMECHE_CHAWKI,CHAWKI TRIMECHE,CO_SOFTWARE,SOFTWARE SA,0.5,ambiguous,1.0,0.0,1.0,0.0,1.0,1,0.5,,1,2012-07-20,2012-07-20,1,1,PERSON_TRIMECHE_CHAWKI,Gérant : Mr Chawki Trimeche avec les pouvoirs les plus étendus.
Chaâbene Karim||Sté K.M.R. MODE,Chaâbene Karim,Sté K.M.R. MODE,,PERSON_CHAABANE_KARIM,KARIM CHAABANE,CO_KMR_MODE,KMR MODE,0.6611,ambiguous,1.0,0.889,0.0,0.0,0.0,1,0.6611,,1,2012-08-08,2012-08-08,1,1,PERSON_KARIM_CHAABENE,Monsieur Chaâbene Karim a été cédé la totalité de son parts à monsieur Maâraf Oussema
Chiraz ABBAS||Amwell Capital Ventures,Chiraz ABBAS,Amwell Capital Ventures,,PERSON_ABAS_CHIRAZ,CHIRAZ ABBAS,,,0.475,ambiguous,1.0,0.0,0.0,0.5,1.0,1,0.475,,1,2011-06-24,2011-06-24,1,1,PERSON_ABAS_CHIRAZ,"Le renouvellement du mandat de : M. Férid Abbas, M. Hamadi Abbas, M. Saddredine Abbas, Mlle Chiraz ABBAS et Mme Nedra Baizig en qualité d'administrateurs et ce pour un mandat de 3 ans qui se terminera"
Christophe CASTELLANO||Société Winncare Tunisia S.A.R.L,Christophe CASTELLANO,Société Winncare Tunisia S.A.R.L,1043837H,PERSON_CASTELANO_CHRISTOPHE,CHRISTOPHE CASTELLANO,CO_CONFECTION,SA CONFECTION,0.5,ambiguous,1.0,0.0,1.0,0.0,1.0,2,0.45,PERSON_MELAOUAH_AHLEM,1,2012-01-12,2012-01-12,1,1,PERSON_CASTELANO_CHRISTOPHE,2. La nomination de Monsieur Christophe CASTELLANO en qualité de nouveau gérant de la société
Chékib Garaali Président Directeur Général||Société des Techniques d'Injection de Plastique et d'Assemblage iplast » S,Chékib Garaali Président Directeur Général,Société des Techniques d'Injection de Plastique et d'Assemblage iplast » S,,PERSON_GARAALI_CHEKIB,CHEKIB GARAALI,CO_TECHNIQUES_DINJECTION_PLASTIQUE_DASSEMBLAGE_IPLAST,SOCIETE DES TECHNIQUES DINJECTION DE PLASTIQUE ET DASSEMBLAGE IPLAST,0.6305,ambiguous,0.85,0.951,0.0,0.0,0.0,2,0.5055,PERSON_GARALI_KAIS,1,2009-11-26,2009-11-26,1,1,PERSON_GENERAL_CHEKIB_GARAALI_PRESIDENT_DIRECTEUR,"Selon procès-verbal en date du 08 décembre 2009, enregistré à la recette de l'enregistrement des actes de sociétés 1er bureau - Tunis, le 11 décembre 2009 sous le n° 9812296, Quittance n° 14868, le Co"
Dakhlaom Kilani||World Car Prospecting,Dakhlaom Kilani,World Car Prospecting,,PERSON_DAKHLAOUI_KILANI,KILANI DAKHLAOUI,CO_WORLD_CAR_PROSPECTING,WORLD CAR PROSPECTING,0.6882,ambiguous,0.824,1.0,0.0,0.0,1.0,2,0.4982,PERSON_KILANI_DHEHIBI,1,2010-07-09,2010-07-09,1,1,PERSON_KILANI_DAKHLAOM,"Gérance : Suivant statuts de la société, Mr Dakhlaom Kilani, René, est nommé gérant de la société «World Car Prospecting» pour une durée indéterminée avec les pouvoirs les plus étendus."
Dalenda Hammami||SOCIETE SARA SERVICES,Dalenda Hammami,SOCIETE SARA SERVICES,,PERSON_KAMOUN_DALENDA_HAMAMI,DALENDA HAMMAMI KAMMOUN,CO_SARA_SERVICES,SARA SERVICES,0.6475,ambiguous,0.85,1.0,0.0,0.0,0.0,10,0.2975,PERSON_HAMAMI_DALENDA,1,2009-07-16,2009-07-16,1,1,PERSON_HAMAMI_DALENDA,"Suivant PV de l'AGE du 16 juillet 2009 enregistré à la recette d'enregistrement des contrats de sociétés à Sfax le 14 août 2009 sous le n° 09804015 n° quittance M004236, suivant acte de cession de par"
Daniele Dian||CONSEIL EXPERTISE ASSISTANCE CEA,Daniele Dian,CONSEIL EXPERTISE ASSISTANCE CEA,1192827K,PERSON_DIAN_DANIELE,DANIELE DIAN,CO_CONSEIL,SOCIETE LE CONSEIL,0.5,ambiguous,1.0,0.0,1.0,0.0,1.0,2,0.45,PERSON_SAIDI_MOHAMED,1,2011-04-08,2011-04-08,1,1,PERSON_DIAN_DANIELE,Gérance : Monsieur Daniele Dian est nommé gérant de la société pour une période de Trois (3) années renouvelables avec les pouvoirs les plus étendus.
David Combat||Société DMC Consulting,David Combat,Société DMC Consulting,1095622E,PERSON_COMBAT_DAVID,DAVID COMBAT,CO_CONSULTING,LA CONSULTING,0.525,ambiguous,1.0,0.0,1.0,0.5,0.0,3,0.475,PERSON_SELAMI_EMNA,1,2009-04-28,2009-04-28,1,1,PERSON_COMBAT_DAVID,Gérant : Monsieur Michel Combat et Monsieur David Combat.
Elyes Bahri||Sté SOTIPAPIER,Elyes Bahri,Sté SOTIPAPIER,,PERSON_BAHRI_ELYES,ELYES BAHRI,CO_TUNISIENNE_INDUSTRIELLE_PAPIER_CARTON_SOTIPAPIER,TUNISIENNE INDUSTRIELLE DU PAPIER ET DU CARTON SOTIPAPIER,0.475,ambiguous,1.0,0.0,0.0,0.5,1.0,9,0.275,PERSON_HAMROUNI_ABDELKADER,1,2012-05-25,2012-05-25,1,1,PERSON_BAHRI_ELYES,"- Nomination des Mrs Nabil Triki, Elyes Bahri et Jean-Guillaume Habay et Lotfi Ayed administrateurs."
Elyes Ben Hadj Yahia||Société La Nationale de Promotion Immobilière,Elyes Ben Hadj Yahia,Société La Nationale de Promotion Immobilière,33112M,PERSON_YAHIA_ELYES_BENHADJ,ELYES BEN-HADJ YAHIA,CO_GENERALE,SOCIETE GENERALE,0.575,ambiguous,1.0,0.0,1.0,0.5,1.0,2,0.575,PERSON_KOOLI_ALI,1,2010-11-27,2010-11-27,1,1,PERSON_YAHIA_ELYES_BENHADJ,"- La nomination de Monsieur Elyes Ben Hadj Yahia, Président Directeur Général de la société en remplacement de Monsieur Tahar Ben Hadj Yahia pour le reste de"
Elyes Ben Hadj Yahia||TARSIS - SA,Elyes Ben Hadj Yahia,TARSIS - SA,,PERSON_YAHIA_ELYES_BENHADJ,ELYES BEN-HADJ YAHIA,,,0.475,ambiguous,1.0,0.0,0.0,0.5,1.0,1,0.475,,1,2007-12-01,2007-12-01,1,1,PERSON_YAHIA_ELYES_BENHADJ,"- Monsieur Elyes Ben Hadj Yahia, Président Directeur Général de la société pour la durée de son mandat d'administrateur."
Emna Mzabi||Sté BC DIS,Emna Mzabi,Sté BC DIS,,PERSON_BENCHEIKH_EMNA_MZABI,EMNA MZABI BEN-CHEIKH,CO_BC_DIS,BC DIS,0.6975,ambiguous,0.85,1.0,0.0,0.0,1.0,1,0.6975,,1,2010-05-15,2010-05-15,1,1,PERSON_MZABI_EMNA,- L'acceptation de la démission de M. Tarek Ben Cheikh Boubaker de la gérance de la société et la désignation de Mme Emna Mzabi épouse Tarek Ben Cheikh Boubaker gérante de la société pour toute sa dur
Ezzeddine Bellagha||Société Agri Business Company ABCO Sidi Daoud,Ezzeddine Bellagha,Société Agri Business Company ABCO Sidi Daoud,633423P,PERSON_BELAGHA_EZEDINE,EZZEDDINE BELLAGHA,CO_AGRI_BUSINESS_COMPANY_ABCO_SIDI_DAOUD,SOCIETE AGRI BUSINESS COMPANY ABCO SIDI DAOUD,0.525,ambiguous,1.0,0.0,1.0,0.5,0.0,1,0.525,,1,2010-05-03,2010-05-03,1,1,PERSON_BELAGHA_EZEDINE,1)- la nomination de Monsieur Ezzeddine Bellagha en qualité de président du conseil d'administration directeur général pour la durée de son mandat d'administrateur pour les exercices 2010 - 2011- 2012
Faouzi Ben Ahmed Ben Salah||Société FLEX TUNIS,Faouzi Ben Ahmed Ben Salah,Société FLEX TUNIS,,PERSON_MABROUK_FAOUZI_BENAHMED_BENSALAH,FAOUZI BEN-AHMED BEN-SALAH MABROUK,CO_FLEX_TUNIS,FLEX TUNIS,0.6975,ambiguous,0.85,1.0,0.0,0.0,1.0,1,0.6975,,1,2008-11-20,2008-11-20,1,1,PERSON_BENSALAH_FAOUZI_BENAHMED,Gérance : Mr Faouzi Ben Ahmed Ben Salah Mabrouk a été nommée gérant.
Faouzi Blangi||Assemblée générale extraordinaire,Faouzi Blangi,Assemblée générale extraordinaire,1068501S,PERSON_BLANGI_FAOUZI,FAOUZI BLANGI,CO_GENERALE,SOCIETE GENERALE,0.5,ambiguous,1.0,0.0,1.0,0.0,1.0,2,0.45,PERSON_KOOLI_ALI,1,2012-08-30,2012-08-30,1,1,PERSON_BLANGI_FAOUZI,- La nomination de Mr Faouzi Blangi gérant de la société.
Faouzi Jemai||Société la Générale de Vente,Faouzi Jemai,Société la Générale de Vente,1015712M,PERSON_JEMAI_FAOUZI,FAOUZI JEMAI,CO_GENERALE_VENTE,SOCIETE GENERALE DE VENTE,0.5,ambiguous,1.0,0.0,1.0,0.0,1.0,1,0.5,,1,2009-04-14,2009-04-14,1,1,PERSON_JEMAI_FAOUZI,- Coopter Mr Mondher Rourou en qualité d'administrateur en remplacement de Mr Faouzi Jemai pour la durée restante de son mandat.
Faouzi Maarouf||Renouvellement du mandat des membres du conseil d'administration,Faouzi Maarouf,Renouvellement du mandat des membres du conseil d'administration,10452G,PERSON_MAAROUF_FAOUZI,FAOUZI MAAROUF,CO_CONSEIL,SOCIETE LE CONSEIL,0.65,ambiguous,1.0,0.0,1.0,1.0,1.0,3,0.385,PERSON_MAAROUF_FERIEL,1,2011-05-23,2011-05-23,1,1,PERSON_MAAROUF_FAOUZI,"Par P.V de l'AGO daté du 23/5/2011, enregistré à Akouda le 01/12/2011, Quittance n° M016526, enregistrement n°1180217, les actionnaires ont décidé à l'unanimité de renouveler le mandat des membres du "
Farouk Riahi||Sté Service Industrielle Riahi,Farouk Riahi,Sté Service Industrielle Riahi,,PERSON_RIAHI_FAROUK,FAROUK RIAHI,CO_SERVICE_INDUSTRIEL_RIAHI,SERVICE INDUSTRIEL RIAHI,0.6929,ambiguous,1.0,0.98,0.0,0.0,0.0,4,0.5029,PERSON_RIAHI_MOHAMED,1,2012-06-01,2012-06-01,1,1,PERSON_RIAHI_FAROUK,Gérance : Monsieur Farouk Riahi est nommé gérant de la société avec les pouvoirs les plus étendus.
Fathi Hachicha||Société Les Industries Alimentaires RANDA,Fathi Hachicha,Société Les Industries Alimentaires RANDA,,PERSON_HACHICHA_FATHI,FATHI HACHICHA,CO_INDUSTRIES_ALIMENTAIRES_RANDA,SOCIETE LES INDUSTRIES ALIMENTAIRES RANDA,0.55,ambiguous,1.0,0.0,0.0,1.0,1.0,6,0.21,PERSON_HACHICHA_SAMI,1,2010-10-02,2010-10-02,1,1,PERSON_HACHICHA_FATHI,"4- Renouvellement du mandat des administrateurs à savoir : Mr Mohsen Hachicha, Mr tijani Guermazi, Mr Fathi Hachicha, Mr Souhail Hachicha, Mr Sami Hachicha et Mr Mahdi Khouaja pour les exercices 2010,"
Fayçal Bouchlaghem||SOCIETE TUNISIAN PLASTIC GROUP SA,Fayçal Bouchlaghem,SOCIETE TUNISIAN PLASTIC GROUP SA,1189463B,PERSON_BOUCHLAGHEM_FAYCEL,FAYCEL BOUCHLAGHEM,CO_TUNISIAN_PLASTIC_GROUP,TUNISIAN PLASTIC GROUP,0.5,ambiguous,1.0,0.0,1.0,0.0,1.0,2,0.45,PERSON_BENAMOR_INES_SLAMA,1,2011-02-26,2011-02-26,1,1,PERSON_BOUCHLAGHEM_FAYCAL,"- La nomination et rémunération des premiers administrateurs pour une durée de 3 ans, il s'agit de MM: Ines Slama Ben Amor, Ikbel Ben Amor, Mohamed Rassaa, Fayçal Bouchlaghem, Bilel Ben Amor, la socié"
Faïçal Zayani C.I.N||Société SILMA,Faïçal Zayani C.I.N,Société SILMA,,PERSON_ZAYANI_FAYCAL,FAYCAL ZAYANI,CO_SILMA_DALIMENT_POUR_BETAILS_SOSAB_SILMA,SOCIETE SILMA DALIMENT POUR BETAILS SOSAB SILMA,0.6975,ambiguous,0.85,1.0,0.0,0.0,1.0,1,0.6975,,1,2011-03-09,2011-03-09,1,1,PERSON_N_FAICAL_ZAYANI_C_I,Mr Faïçal Zayani C.I.N. n° 05998418 est nommé gérante de la société pour une période de 03 ans renouvelable.
Ferdaous Zaguia||TECHNICOM,Ferdaous Zaguia,TECHNICOM,372930C,PERSON_ZAGUIA_FERDAOUS,FERDAOUS ZAGUIA,CO_TECHNICOM,TECHNICOM,0.525,ambiguous,1.0,0.0,1.0,0.5,0.0,2,0.475,PERSON_TRIKI_JIHEN,1,2009-07-24,2009-07-24,1,1,PERSON_ZAGUIA_FERDAOUS,4- Nomination de Madame Ferdaous Zaguia en qualité de gérante de la société TECHNOCOM en remplacement du gérant démissionnaire Monsieur Sahbi Ouertani. Madame Ferdaous Zaguia exercera ses fonctions co
Fraj Zaag||AL BARAKA BANK TUNISIA,Fraj Zaag,AL BARAKA BANK TUNISIA,31041F,PERSON_ZAAG_FRAJ,FRAJ ZAAG,CO_AL_BARAKA_BANK_TUNISIA,AL BARAKA BANK TUNISIA,0.575,ambiguous,1.0,0.0,1.0,0.5,1.0,2,0.525,PERSON_BAKALI_WASILA_CHOUCHANE,1,2011-06-17,2011-06-17,1,1,PERSON_ZAAG_FRAJ,"- Désigner Monsieur Fraj Zaag nouveau membre du Conseil d'Administration pour la période restante du mandat d'administrateur représentant le premier groupe des actionnaires et ce, en remplacement de M"
Fériel Maarouf||Renouvellement du mandat des membres du conseil d'administration,Fériel Maarouf,Renouvellement du mandat des membres du conseil d'administration,10452G,PERSON_MAAROUF_FERIEL,FERIEL MAAROUF,CO_CONSEIL,SOCIETE LE CONSEIL,0.65,ambiguous,1.0,0.0,1.0,1.0,1.0,3,0.385,PERSON_MAAROUF_FAOUZI,1,2011-05-23,2011-05-23,1,1,PERSON_MAAROUF_FERIEL,"Par P.V de l'AGO daté du 23/5/2011, enregistré à Akouda le 01/12/2011, Quittance n° M016526, enregistrement n°1180217, les actionnaires ont décidé à l'unanimité de renouveler le mandat des membres du "
Gallas Massoud||Société Piazza Italia,Gallas Massoud,Société Piazza Italia,1247818K,PERSON_GALAS_MASOUD,MASSOUD GALLAS,CO_PIAZZA_ITALIA,PIAZZA ITALIA,0.85,ambiguous,1.0,1.0,1.0,0.0,1.0,4,0.0,PERSON_MASOUD_GALAS,1,2012-04-27,2012-04-27,1,1,PERSON_MASOUD_GALAS,Gérant : Mr Gallas Massoud avec les pouvoirs les plus étendus.
Gara Chekib||SOCIETE GARA JUNIOR TEXTILE GJTEX,Gara Chekib,SOCIETE GARA JUNIOR TEXTILE GJTEX,1155802R,PERSON_GARA_CHEKIB,CHEKIB GARA,CO_JUNIOR,JUNIOR,0.5,ambiguous,1.0,0.0,1.0,0.0,1.0,3,0.0,PERSON_GARA_CHAKIB,1,2010-06-07,2010-06-07,1,2,PERSON_CHEKIB_GARA,Gérance : Monsieur Gara Chekib est nommé gérant de la société pour toute sa durée avec tous les pouvoirs énoncés au statut les plus étendus.
Geneviève Querci||Société Immobilière du Nord de la Tunisie S.A.I.N.T» SA,Geneviève Querci,Société Immobilière du Nord de la Tunisie S.A.I.N.T» SA,6175A,PERSON_QUERCI_GENEVIEVE,GENEVIEVE QUERCI,,,0.55,ambiguous,1.0,0.0,0.0,1.0,1.0,1,0.55,,1,2009-08-11,2009-08-11,1,1,PERSON_QUERCI_GENEVIEVE,"n° 9916, il a été décidé d'accepter les démissions de Mme Geneviève Querci et de Mr Alain Mouterde de leurs postes de membres du conseil d'administration et de nommer deux nouveaux administrateurs : L"
Georges Michel Ratle||Démission d'un directeur général &amp; nomination d'un nouveau directeur général,Georges Michel Ratle,Démission d'un directeur général &amp; nomination d'un nouveau directeur général,434156F,PERSON_RATLE_GEORGES_MICHEL,GEORGES MICHEL RATLE,CO_GENERALE,SOCIETE GENERALE,0.575,ambiguous,1.0,0.0,1.0,0.5,1.0,2,0.525,PERSON_KOOLI_ALI,1,2008-01-01,2008-01-01,1,1,PERSON_RATLE_GEORGES_MICHEL,"Suivant procès-verbal du conseil d'administration du 30 novembre 2007, enregistré à la recette de l'enregistrement des actes de sociétés 1er bureau de Tunis le 16 mars 2008, enregistrement 8802072, qu"
Habib Chérif||Compagnie générale d'Investissement Touristique COGIT,Habib Chérif,Compagnie générale d'Investissement Touristique COGIT,633731Z,PERSON_CHERIF_HABIB,HABIB CHERIF,CO_GENERALE,SOCIETE GENERALE,0.5,ambiguous,1.0,0.0,1.0,0.0,1.0,4,0.31,PERSON_CHERIF_HEDI,1,2003-03-10,2003-03-10,1,1,PERSON_CHERIF_HABIB,"Monsieur Habib Chérif comme administrateur,"
Hajer Bouricha||Société Afrique Travaux,Hajer Bouricha,Société Afrique Travaux,1600Z,PERSON_BOURICHA_HAJER,HAJER BOURICHA,CO_AFRIQUE_TRAVAUX,AFRIQUE TRAVAUX,0.525,ambiguous,1.0,0.0,1.0,0.5,0.0,14,0.235,PERSON_BOURICHA_HAGER,1,2008-01-08,2008-01-08,1,1,PERSON_BOURICHA_HAJER,"1- Suivant acte sous seing privé, en date du 8 janvier 2008, enregistré à la recette des finances de la Charguia - Tunis, le 14 mars 2008, quittance n° 16311, enregistrement n° 8101121, Monsieur Abdel"
Hamdi Jamel||Société Générale Engineering &amp; Industrial Constructions G.E.I.C,Hamdi Jamel,Société Générale Engineering &amp; Industrial Constructions G.E.I.C,580336Z,PERSON_HAMDI_JAMEL,JAMEL HAMDI,CO_GENERALE,SOCIETE GENERALE,0.5,ambiguous,1.0,0.0,1.0,0.0,1.0,2,0.45,PERSON_KOOLI_ALI,1,2009-11-09,2009-11-09,1,1,PERSON_JAMEL_HAMDI,- Le renouvellement du mandat du gérant «Mr Hamdi Jamel» à partir du 15/7/2009 au 15/7/2012 avec les pouvoirs de nantir le fonds commerce de la société en faveur des banques.
Hamdi Makhloufi||Nomination d'un nouveau gérant,Hamdi Makhloufi,Nomination d'un nouveau gérant,20573W,PERSON_MAKHLOUFI_HAMDI,HAMDI MAKHLOUFI,,,0.5,ambiguous,1.0,0.0,0.0,1.0,0.0,2,0.21,PERSON_MAKHLOUFI_HENDA,1,2011-03-23,2011-03-23,1,1,PERSON_MAKHLOUFI_HAMDI,"Suivant contrat de cession de parts sociales enregistré à la recette de Bouargoub le 15 Août 2011 sous le n°11100447 Quittance n°7675, M. Rachid Bouchaala (CIN n°1015371) a cédé 2375 parts, de dix Din"
Hamed Bayoudh||Société METALLURGIQUE DU CENTRE S.A,Hamed Bayoudh,Société METALLURGIQUE DU CENTRE S.A,,PERSON_BAYOUDH_HAMED,HAMED BAYOUDH,CO_METALLURGIQUE_CENTRE_SMC,SOCIETE METALLURGIQUE DU CENTRE SMC,0.6628,ambiguous,1.0,0.894,0.0,0.0,0.0,1,0.6628,,1,2009-01-05,2009-01-05,1,1,PERSON_BAYOUDH_HAMED,"Objet : Nomination d'un nouveau conseil d'administration composée de Mr Khaled Bayoudh, Mr Mohamed Salah Bayoudh et Mr Hamed Bayoudh."
"Hamida Ben Rejeb Farjallah||Société Mohamed, Amor et Hamida FARJALLAH",Hamida Ben Rejeb Farjallah,"Société Mohamed, Amor et Hamida FARJALLAH",,PERSON_FARJALAH_HMIDA,HMIDA FARJALLAH,CO_FARJALLAH_MOHAMED_HAMIDA_AMOR,FARJALLAH MOHAMED HAMIDA ET AMOR,0.6939,ambiguous,1.0,0.982,0.0,0.0,0.0,1,0.6939,,1,2009-02-22,2009-02-22,1,1,PERSON_FARJALAH_HAMIDA_BENREJEB,- La nomination de Messieurs Hamida Ben Rejeb Farjallah et Sabri Ben Amor Farjallah gérants de la société pour une durée illimitée.
Hamimed Hachmi||Société Anis Confection II,Hamimed Hachmi,Société Anis Confection II,,PERSON_HMIMED_HECHMI,HECHMI HMIMED,CO_ANIS_CONFECTION,ANIS CONFECTION,0.6917,ambiguous,0.833,1.0,0.0,0.0,1.0,1,0.6917,,1,2007-01-24,2007-01-24,1,1,PERSON_HACHMI_HAMIMED,Gérant : Mr Hamimed Hachmi avec les pouvoirs les plus étendus.
Hammouda Mohamed||Nomination d'un Nouveau Gérant,Hammouda Mohamed,Nomination d'un Nouveau Gérant,1130552K,PERSON_HAMOUDA_MOHAMED,MOHAMED HAMMOUDA,CO_MOTEUR,LE MOTEUR,0.5,ambiguous,1.0,0.0,1.0,0.0,1.0,5,0.31,PERSON_BENAMAR_MOHAMED_LASAAD,1,2012-05-23,2012-05-23,1,1,PERSON_MOHAMED_HAMOUDA,"L'acceptation de la démission de la gérante Mademoiselle Hammouda Afef, la nomination d'un nouveau gérant, Monsieur Hammouda Mohamed pour une durée indéterminée et de lui accorder les pouvoirs les plu"
Hanène Bettaleb||Société PLACOPLAST,Hanène Bettaleb,Société PLACOPLAST,,PERSON_BETAIEB_HANEN,HANEN BETTAIEB,CO_PLACOPLAST,PLACOPLAST,0.65,ambiguous,0.857,1.0,0.0,0.0,0.0,3,0.53,PERSON_BETAIEB_MOHAMED_DHIA,1,2011-07-21,2011-07-21,1,1,PERSON_BETALEB_HANENE,"1- En vertu du procès-verbal de l'Assemblée Générale ordinaire des associés, réunie en date du 21 juillet 2011, enregistré à la Recette des finances Fouchana le 8 août 2011, sous le numéro 11800487, d"
Hassen Bouabid||Capital social : 5.000 dinars,Hassen Bouabid,Capital social : 5.000 dinars,,PERSON_BOUABID_HASEN,HASSEN BOUABID,,,0.475,ambiguous,1.0,0.0,0.0,0.5,1.0,1,0.475,,1,2008-07-23,2008-07-23,1,1,PERSON_BOUABID_HASEN,"* Mlle Saïda Boubaker a cédé à Mr Hassen Bouabid vingt cinq parts sociales de la société Highest Clothes Making «H.C.M.» SARL, représentant cinquante pour cent (50%) des parts sociales détenues par le"
Hassib Zghal||TELESTAR SA,Hassib Zghal,TELESTAR SA,,PERSON_ZGHAL_HASIB,HASSIB ZGHAL,,,0.475,ambiguous,1.0,0.0,0.0,0.5,1.0,2,0.285,PERSON_ZGHAL_HICHEM,1,2011-02-15,2011-02-15,1,1,PERSON_ZGHAL_HASIB,"- Nomination de directeur général adjoint, Mr. Hassib Zghal pour les exercices 2010, 2011 et 2012."
Hatem Ben Hédi Kilani||ENTREPRISE DES TRAVAUX PUBLICS KILANI,Hatem Ben Hédi Kilani,ENTREPRISE DES TRAVAUX PUBLICS KILANI,,PERSON_KILANI_HATEM_BENHEDI,HATEM BEN-HEDI KILANI,CO_TRAVAUX_PUBLICS_KILANI,ENTREPRISE DES TRAVAUX PUBLICS KILANI,0.775,ambiguous,1.0,1.0,0.0,0.5,0.0,17,0.0,PERSON_KILANI_HATEM,1,2012-06-06,2012-06-06,1,1,PERSON_KILANI_HATEM_BENHEDI,"Il appert de l'acte SSP en dates du 14 et 16 Avril 2012 enregistré à Gabès le 08/05/2012 sous le n° 12102920 quittance n° 20045, que Mme Sihem Bent Boubaker Kilani épouse Ben Ghozia titulaire de la ci"
Hichem Berriche||Société L'ORIENT BRODERIE SARL,Hichem Berriche,Société L'ORIENT BRODERIE SARL,963030L,PERSON_BERICHE_HICHEM,HICHEM BERRICHE,CO_ORIENT_BRODERIE,ORIENT BRODERIE,0.6781,ambiguous,1.0,0.938,0.0,0.0,0.0,2,0.5489,PERSON_BERICH_JAMIL,1,2011-03-08,2011-03-08,1,1,PERSON_BERICHE_HICHEM,- L'octroi quitus à Monsieur Jamil Berriche pour toute la période de sa gérance et restera gérant de la société et la nomination de Monsieur Hichem Berriche cogérant de la
Hichem Hammami||Société Espace El Mehri Afrah,Hichem Hammami,Société Espace El Mehri Afrah,,PERSON_HAMAMI_HICHEM_BENMOULDI,HICHEM BEN-MOULDI HAMMAMI,CO_ESPACE_EL_MEHRI_LAFRAH,SOCIETE ESPACE EL-MEHRI LAFRAH,0.6919,ambiguous,1.0,0.977,0.0,0.0,0.0,41,0.3419,PERSON_HAMAMI_HICHEM,1,2011-01-28,2011-01-28,1,1,PERSON_HAMAMI_HICHEM,- la nomination de Monsieur Ridha Mehri en qualité de gérants au lieu de Monsieur Hichem Hammami.
Hichem Trigui||Générale Société Industrie Divers GENERALE SID,Hichem Trigui,Générale Société Industrie Divers GENERALE SID,1223232K,PERSON_TRIGUI_HICHEM,HICHEM TRIGUI,CO_GENERALE,SOCIETE GENERALE,0.5,ambiguous,1.0,0.0,1.0,0.0,1.0,2,0.45,PERSON_KOOLI_ALI,1,2011-11-13,2011-11-13,1,1,PERSON_TRIGUI_HICHEM,Gérance : Mr Hichem Trigui est nommé gérant de la société pour une durée illimitée.
Houssem Eddine Bou Ali||SOCIETE ANDALOUCIA S.A,Houssem Eddine Bou Ali,SOCIETE ANDALOUCIA S.A,,PERSON_BOUALI_HOUCEM_EDINE,HOUCEM EDDINE BOUALI,CO_ANDALOUCIA,SOCIETE ANDALOUCIA,0.595,ambiguous,0.7,1.0,0.0,0.0,0.0,2,0.595,PERSON_HADJAHMED_HASEN_BEL,1,2012-08-15,2012-08-15,1,1,PERSON_BOUALI_HOUSEM_EDINE,IV - Premier Conseil d'Administration : Du Procès verbal de la première réunion du conseil d'administration en date du 18/9/2012 enregistré à la recette de l'enregistrement des actes des sociétés 1er 
Hédi Kammoun||Sté Huile El Amal SARL,Hédi Kammoun,Sté Huile El Amal SARL,620899F,PERSON_KAMOUN_HEDI_BENMOKATAR,HEDI BEN-MOKATAR KAMMOUN,CO_EL_AMAL,SOCIETE EL-AMAL,0.5,ambiguous,1.0,0.0,1.0,0.0,1.0,22,0.0,PERSON_KAMOUN_HEDIA,1,2008-11-26,2008-11-26,1,1,PERSON_KAMOUN_HEDI,- La démission de Mr Hédi Kammoun deuxième gérant de la société.
Idriss Kraiem||STE Immobilière Medicar,Idriss Kraiem,STE Immobilière Medicar,833996M,PERSON_IDRIS_KRAIEM,KRAIEM IDRISS,CO_IMMOBILIERE_MEDICAR,IMMOBILIERE MEDICAR,0.5,ambiguous,1.0,0.0,1.0,0.0,1.0,2,0.5,PERSON_HORCHANI_NAILA_BSIRI,1,2009-01-28,2009-01-28,1,1,PERSON_KRAIEM_IDRIS,Nomination de Mr Idriss Kraiem nouveau gérant de la société pour une durée d'une année.
Imed Ben Sadok Kanoun||Nomination d'un nouveau gérant,Imed Ben Sadok Kanoun,Nomination d'un nouveau gérant,1051292S,PERSON_KANOUN_IMED,IMED KANOUN,CO_SEMOBAT_MEUBLES,SEMOBAT MEUBLES,0.5,ambiguous,1.0,0.0,1.0,0.0,1.0,2,0.45,PERSON_ZOUARI_NIZAR_BENHAMED,1,2011-06-30,2011-06-30,1,1,PERSON_KANOUN_IMED_BENSADOK,"Suivant PV de l'AGE Ordinaire en date du 30/06/2011, enregistré à la recette des finances de Manouba le 05/07/2011 sous les N° 11802748 Quittance N° M042440 dont deux copies ont été déposées au greffe"
Imed El Bahi||Société PROMOCUISINE,Imed El Bahi,Société PROMOCUISINE,,PERSON_ELBEHI_IMED,IMED EL-BEHI,CO_PROMOCUISINE,SOCIETE PROMOCUISINE,0.6417,ambiguous,0.833,1.0,0.0,0.0,0.0,2,0.6417,PERSON_SAADALAH_SOFIEN,1,2010-07-27,2010-07-27,1,1,PERSON_ELBAHI_IMED,- Nomination de Monsieur Imed El Bahi en qualité de cogérant.
Ines Kammoun||STE PRO METAL,Ines Kammoun,STE PRO METAL,1137395W,PERSON_KAMOUN_INES,INES KAMMOUN,CO_METAL,SOCIETE LE METAL,0.5,ambiguous,1.0,0.0,1.0,0.0,1.0,7,0.31,PERSON_KAMOUN_IBTISEM,1,2010-02-11,2010-02-11,1,1,PERSON_KAMOUN_INES,Gérance : Mme Ines Kammoun a été nommée gérante de la société en donnant tous les pouvoirs les plus étendus.
Ismail Aroui||Société de Tiffany International,Ismail Aroui,Société de Tiffany International,,PERSON_ELAROUI_ISMAIL,ISMAIL EL-AROUI,CO_TIFFANY_INTERNATIONAL,TIFFANY INTERNATIONAL,0.6917,ambiguous,0.833,1.0,0.0,0.0,1.0,1,0.6917,,1,2010-12-16,2010-12-16,1,1,PERSON_AROUI_ISMAIL,Gérance : Monsieur Ismail Aroui est nommé gérant de la société pour une durée indéterminée avec les pouvoirs les plus étendus.
Issam Abdennadher||Société Aziz de Confort Menager S,Issam Abdennadher,Société Aziz de Confort Menager S,1043856L,PERSON_ABDENADHER_ISAM,ISSAM ABDENNADHER,CO_CONFORT,LE CONFORT,0.5,ambiguous,1.0,0.0,1.0,0.0,1.0,1,0.5,,1,2008-03-06,2008-03-06,1,1,PERSON_ABDENADHER_ISAM,Gérant : Mr Issam Abdennadher est nommé gérant de la société avec les pouvoirs les plus étendus.
Issam Seghaier||Société Meubles Sghaier et Cie,Issam Seghaier,Société Meubles Sghaier et Cie,774808L,PERSON_SEGHAIER_ISAM,ISSAM SEGHAIER,,,0.475,ambiguous,1.0,0.0,0.0,0.5,1.0,1,0.475,,1,2012-09-03,2012-09-03,1,1,PERSON_SEGHAIER_ISAM,1. L'acceptation de la démission du gérant Mr Talel Seghaier à partir du 3/9/2012 et la Nomination du nouveau gérant Mr Issam Seghaier à partir du 4/9/2012.
Jafer KHATTACHE||Nomination d'un nouveau Président du Conseil d'Administration,Jafer KHATTACHE,Nomination d'un nouveau Président du Conseil d'Administration,587800H,PERSON_KHATACHE_JAAFER,JAAFER KHATTACHE,CO_CONSEIL,SOCIETE LE CONSEIL,0.525,ambiguous,1.0,0.0,1.0,0.5,0.0,3,0.31,PERSON_KHATACHE_JAAFAR,1,2011-05-25,2011-05-25,1,1,PERSON_KHATACHE_JAFER,"Suivant le procès-verbal du Conseil d'Administration en date du 25/05/2011 enregistré à la recette des finances de la rue d'Autriche Tunis le 22 août 2011, quittance n° M055753, n° d'enregistrement 11"
Jalel Ben Fahem Touati||Sté des Moulins Sidi Tlil,Jalel Ben Fahem Touati,Sté des Moulins Sidi Tlil,,PERSON_TOUATI_GHODHBANI_BENFAHEM,GHODHBANI BEN-FAHEM TOUATI,CO_MOULINS_SIDI_TLIL,LES MOULINS SIDI TLIL,0.595,ambiguous,0.7,1.0,0.0,0.0,0.0,10,0.455,PERSON_TOUATI_CHALA,1,2010-02-09,2010-02-09,1,1,PERSON_TOUATI_JALEL_BENFAHEM,3- La nomination de Mr Jalel Ben Fahem Touati directeur général possédant le droit de signature.
Jalel El Arem||Sté El Arem d'Equipement Métallique Safem,Jalel El Arem,Sté El Arem d'Equipement Métallique Safem,,PERSON_AREM_JALEL,JALEL AREM,CO_AREM_DEQUIPEMENT_METALLIQUE_SAFEM,AREM DEQUIPEMENT METALLIQUE SAFEM,0.6546,ambiguous,0.8,0.928,0.0,0.0,1.0,1,0.6546,,1,2009-06-26,2009-06-26,1,1,PERSON_ELAREM_JALEL,Gérance : Mr Jalel El Arem est nommé gérant de la Sté pour une durée illimitée et pouvoir les plus étendus.
Jamel Fendri||Société Huilerie d'olive Regueb,Jamel Fendri,Société Huilerie d'olive Regueb,1201378J,PERSON_FENDRI_JAMEL,JAMEL FENDRI,CO_HUILE_DOLIVE_REGUEB,HUILE DOLIVE REGUEB,0.5,ambiguous,1.0,0.0,0.0,1.0,0.0,1,0.5,,1,2012-10-02,2012-10-02,1,1,PERSON_FENDRI_JAMEL,"Suivant actes sous-seing privé conclus le 18 Juin 2012 enregistré à la Recette des Finances Regueb le 28/6/2012 sous n° 12100973, quittance n°M011581. Mr Jamel Fendri a cédé 83 parts de ses parts soci"
Jamel Fendri||Société de Développement Agricole Regueb SODAR,Jamel Fendri,Société de Développement Agricole Regueb SODAR,940370F,PERSON_FENDRI_JAMEL,JAMEL FENDRI,CO_DEVELOPPEMENT_AGRICOLE_A_REGUEB_SODAR,SOCIETE DE DEVELOPPEMENT AGRICOLE A REGUEB SODAR,0.5,ambiguous,1.0,0.0,0.0,1.0,0.0,2,0.425,PERSON_GUERMAZI_YASINE,1,2012-10-02,2012-10-02,1,1,PERSON_FENDRI_JAMEL,"Suivant actes sous-seing privé conclus le 18 Juin 2012 enregistré à la Recette des Finances Regueb le 28/6/2012 sous N° 12100972, quittance N°M011580, M. Jamel Fendri a cédé 6666 parts en numérires de"
Jamel Jenana Lotfi Ayed||Arab Tunisian Invest,Jamel Jenana Lotfi Ayed,Arab Tunisian Invest,,PERSON_AYED_JAMEL_JENANA_LOTFI,JAMEL JENANA LOTFI AYED,CO_ARAB_TUNISIAN_INVEST,ARAB TUNISIAN INVEST,0.475,ambiguous,1.0,0.0,0.0,0.5,1.0,2,0.285,PERSON_AYED_JALOUL,1,2010-04-26,2010-04-26,1,1,PERSON_AYED_JAMEL_JENANA_LOTFI,"- le renouvellement du mandat d'administrateur de messieurs Othmen Zahag, Jamel Jenana Lotfi Ayed, Houcine Soltani, l'Arab Tunisian Bank «ATB», SIP-SICAF, GIAN et CGM et ce, pour une durée de trois an"
Jean Loup Hedon||Changement de représentant légal,Jean Loup Hedon,Changement de représentant légal,908793P,PERSON_HEDON_JEAN_LOUP,JEAN LOUP HEDON,,,0.475,ambiguous,1.0,0.0,0.0,0.5,1.0,1,0.475,,1,2012-09-01,2012-09-01,1,1,PERSON_HEDON_JEAN_LOUP,"n°201246274, il a été décidé de désigner Mr Jean Loup Hedon en qualité de représentant légal de l'établissement stable en Tunisie de la société Française Alstom Transport SA en remplacement de Mme Thi"
Jerbi Mohamed||Société de Confection JERBI et DRIRA SOCOJED,Jerbi Mohamed,Société de Confection JERBI et DRIRA SOCOJED,1199742L,PERSON_JERBI_MOHAMED,MOHAMED JERBI,CO_CONFECTION,SA CONFECTION,0.5,ambiguous,1.0,0.0,1.0,0.0,1.0,2,0.45,PERSON_MELAOUAH_AHLEM,1,2011-06-02,2011-06-02,1,1,PERSON_MOHAMED_JERBI,Gérance : M. Jerbi Mohamed a été nommé gérant de la société.
Jouda Ben SLIMANE||Sté Atelier du Meuble,Jouda Ben SLIMANE,Sté Atelier du Meuble,47057W,PERSON_BENSLIMANE_JOUDA,JOUDA BEN-SLIMANE,,,0.5,ambiguous,1.0,0.0,0.0,1.0,0.0,1,0.5,,1,2009-10-16,2009-10-16,1,1,PERSON_BENSLIMANE_JOUDA,"Suite à cette cession des parts sociales, la nouvelle structure de capitale de la société Atelier du Meuble se présente comme suit : Mr Hatem Ben SLIMANE 15520 parts, Mr Mohamed Aziz Ben SLIMANE 7990 "
Jouda Ben SLIMANE Née||Sté Atelier du Meuble,Jouda Ben SLIMANE Née,Sté Atelier du Meuble,47057W,PERSON_BENSLIMANE_JOUDA,JOUDA BEN-SLIMANE,,,0.5,ambiguous,1.0,0.0,0.0,1.0,0.0,1,0.5,,1,2009-10-16,2009-10-16,1,1,PERSON_BENSLIMANE_JOUDA,"La Société le Mobilier Contemporain RC : B112632001, MF : 283512Q, Route Soukra km 13 Sidi FrajTunis représenté par son gérant Mr Ben SLIMANE Hatem, a cédé la totalité des parts qu'elle détient dans l"
Kaies Ben Ali||Société ADAM,Kaies Ben Ali,Société ADAM,1179379B,PERSON_BENALI_KAIS,KAIS BEN-ALI,CO_ADAM_GAMES,ADAM GAMES,0.5,ambiguous,1.0,0.0,1.0,0.0,1.0,2,0.45,PERSON_SASI_MARIEM,1,2010-12-11,2010-12-11,1,1,PERSON_BENALI_KAIES,Gérance : Mr Kaies Ben Ali est nommé gérant de la société.
Kais Guiga||Singapore Tunisian Investment Company STIC,Kais Guiga,Singapore Tunisian Investment Company STIC,3123351F,PERSON_GUIGA_KAIS,KAIS GUIGA,CO_TUNISIAN_INVESTMENT_COMPANY,TUNISIAN INVESTMENT COMPANY,0.5,ambiguous,1.0,0.0,1.0,0.0,1.0,1,0.5,,1,2012-03-08,2012-03-08,1,1,PERSON_GUIGA_KAIS,"administrateurs : Mr Henri NGO, Mr Laroussi Guiga, Mr Kais Guiga, la société GOLDPRIME Pte Ltd, la société BHL Investments Pte Ltd et la société COOP International Pte Ltd et ce, pour les exercices 20"
Kais Jomaâ||Renouvellement de mandat d'administrateurs,Kais Jomaâ,Renouvellement de mandat d'administrateurs,,PERSON_JOMAA_KAIS,KAIS JOMAA,,,0.475,ambiguous,1.0,0.0,0.0,0.5,1.0,1,0.475,,1,2008-08-15,2008-08-15,1,1,PERSON_JOMAA_KAIS,"1 - le renouvellement du mandat de Mr Abderrazak Jomaâ, Mme Basma Ben Amor, Mr Kais Jomaâ et Melle Soumaya Jomaâ en qualité d'administrateurs de la société pour une durée de trois ans correspondant au"
Kamel Ben Younes||STE EL WIFAK MAROQUINERIE,Kamel Ben Younes,STE EL WIFAK MAROQUINERIE,1087708N,PERSON_BENYOUNES_KAMEL,KAMEL BEN-YOUNES,CO_EL_WIFAK,SOCIETE EL-WIFAK,0.5,ambiguous,1.0,0.0,1.0,0.0,1.0,2,0.45,PERSON_NEBLI_LOTFI,1,2009-02-20,2009-02-20,1,1,PERSON_BENYOUNES_KAMEL,"Gérance : Mr Kamel Ben Younes, est nommé gérant de la société avec les pouvoirs les plus étendus."
Kamel Dedech||CODECAB PLUS NORTH AFRICA,Kamel Dedech,CODECAB PLUS NORTH AFRICA,,PERSON_DEDECH_KAMEL,KAMEL DEDDECH,CO_CODECAP_PLUS_NORTH_AFRICA,CODECAP PLUS NORTH AFRICA,0.686,ambiguous,1.0,0.96,0.0,0.0,0.0,1,0.686,,1,2011-08-23,2011-08-23,1,1,PERSON_DEDECH_KAMEL,Gérant : Mr Kamel Dedech.
Kamel Khalfallah||Société CTK COMPAGNY» SARL,Kamel Khalfallah,Société CTK COMPAGNY» SARL,1102054N,PERSON_KHALFALAH_KAMEL,KAMEL KHALFALLAH,CO_GENERALE,SOCIETE GENERALE,0.5,ambiguous,1.0,0.0,1.0,0.0,1.0,2,0.45,PERSON_KOOLI_ALI,1,2009-06-04,2009-06-04,1,1,PERSON_KHALFALAH_KAMEL,Gérant : Monsieur Kamel Khalfallah.
Kamel Walha||Société Etablissements WALHA ABDELKARIM KAMEL ET CHOKRI,Kamel Walha,Société Etablissements WALHA ABDELKARIM KAMEL ET CHOKRI,758456N,PERSON_WALHA_KAMEL,KAMEL WALHA,CO_ETS_WALHA_ABDELKARIM_KAMEL_CHOKRI_COQ,ETS WALHA ABDELKARIM KAMEL ET CHOKRI COQ+,0.5,ambiguous,1.0,0.0,1.0,0.0,1.0,2,0.31,PERSON_WALHA_CHOKRI,1,2011-04-18,2011-04-18,1,1,PERSON_WALHA_KAMEL,- La nomination de M. Kamel Walha en tant que gérant de la société pour les exercices 2011; 2012 et 2013;
Karim Ghorbel||Nomination du président directeur général et du directeur général adjoint,Karim Ghorbel,Nomination du président directeur général et du directeur général adjoint,,PERSON_GHORBEL_KARIM,KARIM GHORBEL,,,0.475,ambiguous,1.0,0.0,0.0,0.5,1.0,1,0.475,,1,2010-03-27,2010-03-27,1,1,PERSON_GHORBEL_KARIM,- Nomination de M. Karim Ghorbel en qualité de Directeur Général Adjoint.
Karim NASR Président Directeur Général||HELP BY TEL,Karim NASR Président Directeur Général,HELP BY TEL,,PERSON_NASR_KARIM,KARIM NASR,CO_HELP_BY_TEL,HELP BY TEL,0.6475,ambiguous,0.85,1.0,0.0,0.0,0.0,3,0.5975,PERSON_ENAIFAR_AICHA,1,2011-05-09,2011-05-09,1,1,PERSON_GENERAL_KARIM_NASR_PRESIDENT_DIRECTEUR,"Suivant procès verbal du Conseil d'Administration du 03/05/2011 enregistré le même jour à la même recette sous le n° 11704069, quittance n° 5069, le conseil a élu M. Karim NASR Président Directeur Gén"
Kaïs Jomaâ||Société des Minoteries et des Industries Diverses SMID,Kaïs Jomaâ,Société des Minoteries et des Industries Diverses SMID,,PERSON_JOMAA_KAIS,KAIS JOMAA,CO_MINOTERIES_INDUSTRIES_DIVERSES_SIMID,SOCIETE DES MINOTERIES ET DES INDUSTRIES DIVERSES SIMID,0.6951,ambiguous,1.0,0.986,0.0,0.0,0.0,6,0.5551,PERSON_JOMAA_MARIEM,1,2011-05-17,2011-05-17,1,1,PERSON_JOMAA_KAIS,"a- le renouvellement du mandat de Mr Abderrazak Jomâa, Mme Basma Ben Amor, Mr Kaïs Jomaâ, Mlle Soumaya"
Khaled Ayedi||SOCIETE FLEXO PRINT,Khaled Ayedi,SOCIETE FLEXO PRINT,,PERSON_AYADI_KHALED,KHALED AYADI,CO_FLEXO_PRINT,FLEXO PRINT,0.68,ambiguous,0.8,1.0,0.0,0.0,1.0,3,0.63,PERSON_BELKHIRIA_KAMEL,1,2010-06-29,2010-06-29,1,1,PERSON_AYEDI_KHALED,- Mr Khaled Ayedi est nommé Directeur Général de la Société à partir du 1 Juillet 2010 et pour une durée qui viendra à expiration à l'issue de l'assemblée générale ordinaire qui statuera sur les compt
Khelifa Nouasria||SOCIETE EZDIHAR AGRICOLE,Khelifa Nouasria,SOCIETE EZDIHAR AGRICOLE,916856J,PERSON_NOUASRIA_KHELIFA,KHELIFA NOUASRIA,CO_EZDIHAR,SOCIETE EZDIHAR,0.5,ambiguous,1.0,0.0,1.0,0.0,1.0,2,0.45,PERSON_MABROUK_NAIEM,1,2010-06-17,2010-06-17,1,1,PERSON_NOUASRIA_KHELIFA,- Monsieur Khelifa Nouasria est désigné en qualité de deuxième gérant pour une période illimitée.
Kley Visentin||MKC,Kley Visentin,MKC,,PERSON_VISENTIN_KLEY,KLEY VISENTIN,CO_MKC,MKC,0.5,ambiguous,1.0,0.0,0.0,1.0,0.0,2,0.425,PERSON_FEHRI_NOOMANE,1,2010-04-14,2010-04-14,1,1,PERSON_VISENTIN_KLEY,- Monsieur Kley Visentin cède les 1260 parts qu'ils détiennent dans la société M.K.C - M.F : 741424 T - R.C : B16642200 à Monsieur Noomane Fehri qui accepte l'achat des 4500 parts.
Lamia Hdidene||Pâtisseries Hachicha,Lamia Hdidene,Pâtisseries Hachicha,,PERSON_HDIDENE_LAMIA,LAMIA HDIDENE,CO_PATISSERIE_HACHICHA,PATISSERIE HACHICHA,0.6816,ambiguous,1.0,0.947,0.0,0.0,0.0,2,0.6316,PERSON_HACHICHA_SKANDER,1,2012-01-30,2012-01-30,1,1,PERSON_HDIDENE_LAMIA,Gérance : Madame Lamia Hdidene épouse Hachicha est nommée gérante de la société avec tous les pouvoirs énoncés aux statuts.
Lamia Zribi||BANQUE DE FINANCEMENT DES PETITES ET MOYENNES ENTREPRISES,Lamia Zribi,BANQUE DE FINANCEMENT DES PETITES ET MOYENNES ENTREPRISES,908910A,PERSON_ZRIBI_LAMIA_BOUJENAH,LAMIA BOUJENAH ZRIBI,CO_BANQUE_FINANCEMENT_PETITES_MOYENNES_ENTREPRISES,BANQUE DE FINANCEMENT DES PETITES ET MOYENNES ENTREPRISES BFPME,0.925,ambiguous,1.0,1.0,1.0,0.5,1.0,21,0.0,PERSON_ZRIBI_LAMIA,1,2010-06-28,2010-06-28,1,1,PERSON_ZRIBI_LAMIA,"L'Assemblée Générale Ordinaire, décide la nomination de Madame Lamia Zribi en tant qu'Administrateur représentant l'Etat au Conseil d'Administration de la banque en remplacement de Monsieur Nejib Bous"
Lassâad Boujbel||Décisions de l'assemblée générale ordinaire,Lassâad Boujbel,Décisions de l'assemblée générale ordinaire,1032105R,PERSON_BOUJBEL_LASAAD,LASSAAD BOUJBEL,CO_GENERALE,SOCIETE GENERALE,0.5,ambiguous,1.0,0.0,1.0,0.0,1.0,2,0.45,PERSON_KOOLI_ALI,1,2010-05-07,2010-05-07,1,1,PERSON_BOUJBEL_LASAAD,"Nomination de Messieurs Lassâad Boujbel, Mohamed Gara, Mohsen Boujbel, Saïd Boujbel, Abdellatifben Meddeb et Hassen Ben Fadhel en qualité d'administrateurs pour trois ans soit les exercices clos le 31"
Leila Ben Chedly Ben Bouzid||Société L'Abrasif Industriel» SARL,Leila Ben Chedly Ben Bouzid,Société L'Abrasif Industriel» SARL,,PERSON_BENBOUZID_LEILA_TOUNSI,LEILA TOUNSI BEN-BOUZID,CO_LABRASIF_INDUSTRIEL,LABRASIF INDUSTRIEL,0.636,ambiguous,0.7,0.974,0.0,0.0,1.0,7,0.446,PERSON_BENBOUZID_OTHMAN,1,2012-10-04,2012-10-04,1,1,PERSON_BENBOUZID_LEILA_BENCHEDLY,"Par acte sous seing privé enregistré à la recette des finances de Fouchana en date du 4/10/2012, sous le numéro 12103957 quittance M047707, Madame Habiba Ben Bouzid née Khalfet a cédé à Madame Leila B"
Leila Ben Cheikh Amor||Agrément d'un acte de cession des parts sociales et acceptation d'un nouvel associé,Leila Ben Cheikh Amor,Agrément d'un acte de cession des parts sociales et acceptation d'un nouvel associé,793109W,PERSON_AMOR_LEILA_BENCHEIKH,LEILA BEN-CHEIKH AMOR,CO_CONSEIL_JURIDIQUE_FISCAL_COJEF,SOCIETE DE CONSEIL JURIDIQUE ET FISCAL COJEF,0.525,ambiguous,1.0,0.0,1.0,0.5,0.0,2,0.45,PERSON_ELOUMI_ANIS,1,2009-05-12,2009-05-12,1,1,PERSON_AMOR_LEILA_BENCHEIKH,"2- Par acte sous seing privé en date du 25 mai 2009, enregistré à la recette de l'enregistrement des actes de sociétés 1er bureau en date du 19 juin 2009 quittance n° M7944 sous le n° 9106281, Mr Reje"
Lotfi Maâlej||Société ACIA SUD EXPORT,Lotfi Maâlej,Société ACIA SUD EXPORT,985262W,PERSON_MAALEJ_LOTFI,LOTFI MAALEJ,,,0.5,ambiguous,1.0,0.0,0.0,1.0,0.0,1,0.5,,1,2008-04-25,2008-04-25,1,1,PERSON_MAALEJ_LOTFI,"Suivant acte sous seing privé conclu le 13 mars 2008, et enregistré à la recette des enregistrements des actes des sociétés de Sfax le 14 mars 2008, sous le n° 08101198 quittance n° M001233, la sociét"
Lucien Jacques Joseph RONCO||TELNET Electronics,Lucien Jacques Joseph RONCO,TELNET Electronics,1105484W,PERSON_RONCO_LUCIEN,LUCIEN RONCO,CO_TELNET_ELECTRONICS,TELNET ELECTRONICS,0.5,ambiguous,1.0,0.0,1.0,0.0,1.0,2,0.45,PERSON_FRIKHA_MOHAMED,1,2009-08-06,2009-08-06,1,1,PERSON_RONCO_LUCIEN_JACQUES_JOSEPH,L'Acceptation de la démission du co-gérant Mr. Lucien Jacques Joseph RONCO et la nomination de Mr. Mohamed FRIKHA en qualité de gérant unique de la société.
M Mohamed Mourad Fradi||GMI Tunisie SARL - Off Shore,M Mohamed Mourad Fradi,GMI Tunisie SARL - Off Shore,1022528G,PERSON_FRADI_MOHAMED,MOHAMED FRADI,CO_GMI_TUNISIE,GMI TUNISIE,0.5,ambiguous,1.0,0.0,1.0,0.0,1.0,5,0.0,PERSON_FRADI_MOURAD,1,2007-10-30,2007-10-30,1,1,PERSON_FRADI_MOHAMED_MOURAD,la société SBCI Mazars représentée par M Mohamed Mourad Fradi
Maamoun Ben Hadj Yahia||Inside,Maamoun Ben Hadj Yahia,Inside,,PERSON_YAHIA_HOUDA_BENHADJ,HOUDA BEN-HADJ YAHIA,CO_INSIDE,SOCIETE INSIDE,0.595,ambiguous,0.7,1.0,0.0,0.0,0.0,10,0.0,PERSON_YAHIA_LEILA_BENHADJ,1,2008-03-24,2008-03-24,1,1,PERSON_YAHIA_MAAMOUN_BENHADJ,- Gérance : Il a été nommé Mr Maamoun Ben Hadj Yahia gérant de la société avec tous les pouvoirs.
Mahdi Khouaja||Société Les Industries Alimentaires RANDA,Mahdi Khouaja,Société Les Industries Alimentaires RANDA,,PERSON_KHOUAJA_MAHDI,MAHDI KHOUAJA,CO_INDUSTRIES_ALIMENTAIRES_RANDA,SOCIETE LES INDUSTRIES ALIMENTAIRES RANDA,0.5,ambiguous,1.0,0.0,0.0,1.0,0.0,5,0.16,PERSON_KHOUAJA_MEHDI,1,2010-10-02,2010-10-02,1,1,PERSON_KHOUAJA_MAHDI,"4- Renouvellement du mandat des administrateurs à savoir : Mr Mohsen Hachicha, Mr tijani Guermazi, Mr Fathi Hachicha, Mr Souhail Hachicha, Mr Sami Hachicha et Mr Mahdi Khouaja pour les exercices 2010,"
Malek Ben Yedder||Société de Participation de Gestion et d'Investissement PGI Holding,Malek Ben Yedder,Société de Participation de Gestion et d'Investissement PGI Holding,,PERSON_BENYEDER_MALEK_SKANDRANI,MALEK SKANDRANI BEN-YEDDER,CO_PGI_HOLDING,PGI HOLDING,0.475,ambiguous,1.0,0.0,0.0,0.5,1.0,17,0.21,PERSON_BENYEDER_WASIM,1,2012-06-07,2012-06-07,1,1,PERSON_BENYEDER_MALEK,"- La nomination de Messieurs Rachid Ben Yedder, Béchir Ben Yedder, Ismail Ben Yedder, Wassim Ben Yedder et Madame Malek Ben Yedder épouse Skandrani en qualité d'Administrateurs pour un mandat de trois"
Malih Maraachi||SOCIETE NOBLESS ALUMINUM COMPANY,Malih Maraachi,SOCIETE NOBLESS ALUMINUM COMPANY,,PERSON_MARAACHI_MALIH,MALIH MARAACHI,CO_NOBLESS_ALUMINIUM_COMPANY,NOBLESS ALUMINIUM COMPANY,0.6854,ambiguous,1.0,0.958,0.0,0.0,0.0,2,0.6854,PERSON_KARAY_SLIM,1,2010-04-29,2010-04-29,1,1,PERSON_MARAACHI_MALIH,"Suivant acte de cession de parts sociales en date du 29/04/2010, enregistré à la recette des finances cité Ezzouhour le 03/05/2010 quittance n° M016749 enregistrement n° 10100679 dont deux copies ont "
Marc Schintgen||Société PIC SARL,Marc Schintgen,Société PIC SARL,,PERSON_SCHINTGEN_MARC,MARC SCHINTGEN,,,0.5,ambiguous,1.0,0.0,0.0,1.0,0.0,1,0.5,,1,2010-04-15,2010-04-15,1,1,PERSON_SCHINTGEN_MARC,"En vertu d'un procès-verbal de l'AGE en date du 27 avril 2010, enregistré à la recette des finances Ras Ejbel le 3 mai 2010 sous le n°10801560 avec une quittance n°19585 dont deux exemplaires ont été "
Mariem Hammami||Société de Quincailleries Mariem Mhirsi SQMM,Mariem Hammami,Société de Quincailleries Mariem Mhirsi SQMM,,PERSON_HAMAMI_MARIEM,MARIEM HAMMAMI,CO_QUINCAILLERIES_MHIRSI_MARIEM_SQMM,SOCIETE DE QUINCAILLERIES MHIRSI MARIEM SQMM,0.6891,ambiguous,1.0,0.969,0.0,0.0,0.0,58,0.5491,PERSON_HAMAMI_MOHAMED_ANES,1,2011-09-19,2011-09-19,1,1,PERSON_HAMAMI_MARIEM,- Mme Mariem Hammami éps Mhirsi a cédé ses 190 parts sociales à Monsieur Houssem dine El Amri
Mariem Zouari Ep Siala||Economique Distribution ECODIS,Mariem Zouari Ep Siala,Economique Distribution ECODIS,,PERSON_SIALA_MARIEM_ZOUARI,MARIEM ZOUARI SIALA,CO_ECONOMIQUE_DISTRIBUTION_ECODIS,ECONOMIQUE DISTRIBUTION ECODIS,0.6975,ambiguous,0.85,1.0,0.0,0.0,1.0,47,0.2975,PERSON_ZOUARI_MARIEM,1,2012-06-18,2012-06-18,1,1,PERSON_ZOUARI_MARIEM,Gérance : Mme Mariem Zouari Ep Siala est nommée gérante pour une période indéterminée.
Massari Ruben Oscar||EUROWIND TUNISIA sarl,Massari Ruben Oscar,EUROWIND TUNISIA sarl,,PERSON_OSCAR_RUBEN,RUBEN OSCAR,CO_EUROWIND_TUNISLA,EUROWIND TUNISLA,0.6781,ambiguous,1.0,0.938,0.0,0.0,0.0,3,0.6281,PERSON_HAMZA_MOHAMED,1,2008-09-09,2008-09-09,1,1,PERSON_OSCAR_MASARI_RUBEN,Gérance : Mr Massari Ruben Oscar a été nommé gérant de la société avec les pouvoirs les plus étendus.
Massimo ARCOLIN||Société PRINTING,Massimo ARCOLIN,Société PRINTING,908489J,PERSON_ARCOLIN_MASIMO,MASSIMO ARCOLIN,CO_TUNISIAN_PRINTING_ARTS,TUNISIAN PRINTING ARTS,0.5,ambiguous,1.0,0.0,1.0,0.0,1.0,2,0.45,PERSON_BENSEDRINE_HEDI_LAAROUSI,1,2011-06-27,2011-06-27,1,1,PERSON_ARCOLIN_MASIMO,il a été décidé le renouvellement du mandat de Monsieur Massimo ARCOLIN en qualité de gérant de la Société pour une durée de trois (3) années.
Mehdi Eleuch||(Ex Intermédiaire International),Mehdi Eleuch,(Ex Intermédiaire International),,PERSON_ELEUCH_MEHDI,MEHDI ELEUCH,,,0.475,ambiguous,1.0,0.0,0.0,0.5,1.0,2,0.335,PERSON_ELEUCH_MOHAMED,1,2012-06-28,2012-06-28,1,1,PERSON_ELEUCH_MEHDI,1) De prendre acte de la démission de M. Mehdi Eleuch en tant que Président du Conseil d'Administration.
Mehdi Sami Bouricha||Démission et nomination des administrateurs,Mehdi Sami Bouricha,Démission et nomination des administrateurs,849034Z,PERSON_BOURICHA_MEHDI_SAMI,MEHDI SAMI BOURICHA,CO_GENERALE,SOCIETE GENERALE,0.5,ambiguous,1.0,0.0,1.0,0.0,1.0,18,0.05,PERSON_BOURICHA_MEHDI,1,2010-06-28,2010-06-28,1,1,PERSON_BOURICHA_MEHDI_SAMI,"Suivant procès-verbal de l'assemblée générale ordinaire du 28/6/2010 et enregistré à la recette de l'enregistrement des actes de sociétés 1er bureau Tunis le 17/8/2010 sous le n° 10809838, quittance n"
Messieurs SYBILLAIN Alexandre Raphael||Société France Tunisie Industrie,Messieurs SYBILLAIN Alexandre Raphael,Société France Tunisie Industrie,,PERSON_SYBILAIN_ALEXANDRE_RAPHAEL,ALEXANDRE RAPHAEL SYBILLAIN,CO_FRANCE_TUNISIE_INDUSTRIE,FRANCE TUNISIE INDUSTRIE,0.6475,ambiguous,0.85,1.0,0.0,0.0,0.0,2,0.6475,PERSON_MABILE_ERIC,1,2009-04-23,2009-04-23,1,1,PERSON_RAPHAEL_MESIEURS_SYBILAIN_ALEXANDRE,Gérance : Mr Messieurs SYBILLAIN Alexandre Raphael &amp; MABILLE Eric sont nommés gérants de la Société pour une période illimitée avec tous les pouvoirs les plus étendus.
Michel Combat||Société DMC Consulting,Michel Combat,Société DMC Consulting,1095622E,PERSON_COMBAT_MICHEL,MICHEL COMBAT,CO_CONSULTING,LA CONSULTING,0.525,ambiguous,1.0,0.0,1.0,0.5,0.0,3,0.475,PERSON_SELAMI_EMNA,1,2009-04-28,2009-04-28,1,1,PERSON_COMBAT_MICHEL,Gérant : Monsieur Michel Combat et Monsieur David Combat.
Michel Monzani||Société Divona TELECOM SA,Michel Monzani,Société Divona TELECOM SA,868024D,PERSON_MONZANI_MICHEL,MICHEL MONZANI,CO_DIVONA_TELECOM,DIVONA TELECOM,0.5,ambiguous,1.0,0.0,1.0,0.0,1.0,2,0.45,PERSON_MABROUK_MOHAMED_MARWEN,1,2009-07-24,2009-07-24,1,1,PERSON_MONZANI_MICHEL,La société Orange Participations représentée par Monsieur Michel Monzani.
Michel Monzani||Société Planet Tunisie SA,Michel Monzani,Société Planet Tunisie SA,601549D,PERSON_MONZANI_MICHEL,MICHEL MONZANI,CO_PLANET_TUNISIE,PLANET TUNISIE,0.5,ambiguous,1.0,0.0,1.0,0.0,1.0,2,0.45,PERSON_MABROUK_MOHAMED_MARWEN,1,2010-02-01,2010-02-01,1,1,PERSON_MONZANI_MICHEL,La société Orange Participations représentée par Monsieur Michel Monzani.
Moez Ben Salah Troudi||Société Industrie &amp; Montage de Cables I.CE.M tn,Moez Ben Salah Troudi,Société Industrie &amp; Montage de Cables I.CE.M tn,,PERSON_TROUDI_MOEZ,MOEZ TROUDI,CO_INDUSTRIE_MONTAGE_CABLES_ICEM,INDUSTRIE ET MONTAGE DE CABLES ICEM,0.667,ambiguous,1.0,0.906,0.0,0.0,0.0,3,0.527,PERSON_TROUDI_MOHAMED,1,2009-06-22,2009-06-22,1,1,PERSON_TROUDI_MOEZ_BENSALAH,1- La Société « COPIT » cède à Mr Moez Ben Salah Troudi 150 parts sociales lui appartenant dans la société I.Ce.M tn;
Moez Maâlej||Société ACIA SUD EXPORT,Moez Maâlej,Société ACIA SUD EXPORT,985262W,PERSON_MAALEJ_MOEZ,MOEZ MAALEJ,,,0.5,ambiguous,1.0,0.0,0.0,1.0,0.0,6,0.21,PERSON_MAALEJ_MUSTAPHA,1,2008-04-25,2008-04-25,1,1,PERSON_MAALEJ_MOEZ,"Suivant acte sous seing privé conclu le 13 mars 2008, et enregistré à la recette des enregistrements des actes des sociétés de Sfax le 14 mars 2008, sous le n° 08101198 quittance n° M001233, la sociét"
Moez Trabelsi||Société Essalem,Moez Trabelsi,Société Essalem,1036121J,PERSON_TRABELSI_MOEZ,MOEZ TRABELSI,CO_ESSALEM,ESSALEM,0.5,ambiguous,1.0,0.0,1.0,0.0,1.0,12,0.31,PERSON_TRABELSI_MOHAMED_ALI,1,2007-10-04,2007-10-04,1,1,PERSON_TRABELSI_MOEZ,Gérance : La société est administrée par Monsieur Moez Trabelsi comme gérant statutaire de la société et il dispose des pouvoirs les plus étendus.
Mohamed Abdallah||Assemblée générale extraordinaire,Mohamed Abdallah,Assemblée générale extraordinaire,999010Z,PERSON_ABDALAH_MOHAMED,MOHAMED ABDALLAH,CO_GENERALE,SOCIETE GENERALE,0.5,ambiguous,1.0,0.0,1.0,0.0,1.0,4,0.0,PERSON_ABDALAH_MOHAMED_ERKIKI,1,2009-04-16,2009-04-16,1,1,PERSON_ABDALAH_MOHAMED,5- Nomination de Monsieur Mohamed Abdallah le seul gérant de la société avec les pouvoirs les plus étendus.
Mohamed Abdallah Derbel||Noor Oil Company,Mohamed Abdallah Derbel,Noor Oil Company,,PERSON_ABDALAH_MOHAMED,MOHAMED ABDALLAH,CO_NOOR_OIL_COMPANY,NOOR OIL COMPANY,0.6975,ambiguous,0.85,1.0,0.0,0.0,1.0,3,0.4025,PERSON_DERBEL_MOHAMED_ALI,1,2010-08-26,2010-08-26,1,1,PERSON_DERBEL_MOHAMED_ABDALAH,Gérant : Mr Mohamed Abdallah Derbel.
Mohamed Ali Abid||POINT,Mohamed Ali Abid,POINT,1211804L,PERSON_ABID_MOHAMED_ALI,MOHAMED ALI ABID,CO_POINT_COM,POINT COM,0.5,ambiguous,1.0,0.0,1.0,0.0,1.0,5,0.0,PERSON_ABID_MOHAMED,1,2011-08-25,2011-08-25,1,1,PERSON_ABID_MOHAMED_ALI,Gérance : Monsieur Mohamed Ali Abid est nommé Gérant de la société avec les pouvoirs les plus étendus.
Mohamed Ali Ben Saad||Sté Yesmine de Promotion Immobilière,Mohamed Ali Ben Saad,Sté Yesmine de Promotion Immobilière,1084688P,PERSON_BENSAAD_MOHAMED_ALI,MOHAMED ALI BEN-SAAD,CO_YESMINE,SOCIETE YESMINE,0.6,ambiguous,1.0,0.0,1.0,1.0,0.0,5,0.18,PERSON_BENSAAD_MOHAMED_HABIB,1,2009-01-30,2009-01-30,1,1,PERSON_BENSAAD_MOHAMED_ALI,Gérance : Mr Mohamed Ali Ben Saad est nommé gérant et Mr Abdelaziz Ben Saad et Mr Mohamed Habib Ben Saad comme cogérant avec les pouvoirs les plus étendus.
Mohamed Ali Hammami||Le Tapissier,Mohamed Ali Hammami,Le Tapissier,,PERSON_HAMAMI_MOHAMED_AII,MOHAMED AII HAMMAMI,CO_TAPISSIER,LE TAPISSIER,0.645,ambiguous,0.7,1.0,0.0,0.0,1.0,58,0.245,PERSON_HAMAMI_MOHAMED,1,2009-06-06,2009-06-06,1,1,PERSON_HAMAMI_MOHAMED_ALI,"Raison sociale : Le Tapissier. Siège social : 10, rue Bel Hassen Ben Châabane Hammam-Lif. Capital social : Mille Dinars (1.000,000 D). Objet social : Tapisserie des salons. Durée : 99 ans. Gérance : M"
Mohamed Ali Jomaâ||Renouvellement de mandat d'administrateurs,Mohamed Ali Jomaâ,Renouvellement de mandat d'administrateurs,,PERSON_JOMAA_MOHAMED_ALI,MOHAMED ALI JOMAA,,,0.475,ambiguous,1.0,0.0,0.0,0.5,1.0,4,0.125,PERSON_JOMAA_MOHAMED,1,2008-08-15,2008-08-15,1,1,PERSON_JOMAA_MOHAMED_ALI,2 - la nomination de Mr Mohamed Ali Jomaâ en qualité du nouvel Administrateur pour la même durée.
Mohamed Ali Zaouali||AQUATUN,Mohamed Ali Zaouali,AQUATUN,,PERSON_ZAOUALI_MOHAMED_SALAH,MOHAMED SALAH ZAOUALI,CO_AQUATUN,AQUATUN,0.595,ambiguous,0.7,1.0,0.0,0.0,0.0,1,0.595,,1,2011-09-22,2011-09-22,1,1,PERSON_ZAOUALI_MOHAMED_ALI,Gérance : Mr Mohamed Ali Zaouali et Mme Donia Zgolli sont nommés gérants de la société avec les pouvoirs les plus étendus énoncés aux statuts.
Mohamed Bahloul||Société Les Carrières El Baraka,Mohamed Bahloul,Société Les Carrières El Baraka,10328740S,PERSON_BAHLOUL_MOHAMED,MOHAMED BAHLOUL,CO_EL_BARAKA,SOCIETE EL-BARAKA,0.5,ambiguous,1.0,0.0,1.0,0.0,1.0,4,0.5,PERSON_KHECHINE_SABRIA,1,2011-12-15,2011-12-15,1,1,PERSON_BAHLOUL_MOHAMED,"Suivant jugement en référé n° 5776/2011 en date du 15/12/2011 et de son jugement explicatif du 25/01/2012 rendus par le tribunal de première instance de Tunis, il a été décidé la nomination de Monsieu"
Mohamed Barrouka El Mejri||Sté El Baraka Shoes,Mohamed Barrouka El Mejri,Sté El Baraka Shoes,,PERSON_MEJRI_MOHAMED_BAROUKA,MOHAMED BAROUKA MEJRI,CO_EL_BARAKA_SHOES,EL BARAKA SHOES,0.6917,ambiguous,0.833,1.0,0.0,0.0,1.0,3,0.6417,PERSON_GADER_MOHAMED,1,2009-01-19,2009-01-19,1,1,PERSON_ELMEJRI_MOHAMED_BAROUKA,Gérance : Monsieur Mohamed Barrouka El Mejri est nommé gérant de la société pour une durée de trois ans renouvelables.
Mohamed Bejaoui||Société Bizerte Loisirs Tourisme,Mohamed Bejaoui,Société Bizerte Loisirs Tourisme,1229793R,PERSON_BEJAOUI_MOHAMED_ELHEDI,MOHAMED EL-HEDI BEJAOUI,CO_TOURISME_LOISIRS,SOCIETE TOURISME ET LOISIRS,0.5,ambiguous,1.0,0.0,1.0,0.0,1.0,4,0.05,PERSON_BEJAOUI_MOHAMED,1,2012-01-09,2012-01-09,1,1,PERSON_BEJAOUI_MOHAMED,Gérance : Mr Mohamed Bejaoui est nommé gérant de la société avec les pouvoirs les plus étendus.
Mohamed Belguith||Sté Générale de Distribution,Mohamed Belguith,Sté Générale de Distribution,1250085W,PERSON_BELGUITH_MOHAMED,MOHAMED BELGUITH,CO_GENERALE_DISTRIBUTION,LA GENERALE DE DISTRIBUTION,0.5,ambiguous,1.0,0.0,1.0,0.0,1.0,6,0.45,PERSON_DJILANI_HEDI,1,2012-10-06,2012-10-06,1,1,PERSON_BELGUITH_MOHAMED,Toutes les parts sociales de Mr Mohamed Belguith et de Mme Wafa Boukadi sont vendus à Monsieur Monder Elhani qui est nommé gérant avec les pouvoirs les plus étendus ont été déposées deux copies de cha
Mohamed Ben AMMAR||Ste ZMZ Confection,Mohamed Ben AMMAR,Ste ZMZ Confection,980200J,PERSON_BENAMAR_MOHAMED_LASAAD,MOHAMED LASSAAD BEN-AMMAR,CO_CONFECTION,SA CONFECTION,0.5,ambiguous,1.0,0.0,1.0,0.0,1.0,8,0.0,PERSON_BENAMAR_MOHAMED_SALAH,1,2010-03-06,2010-03-06,1,1,PERSON_BENAMAR_MOHAMED,La nomination de Mr Mohamed Ben AMMAR gérant de la société au lieu de Mme Sihem Harbaoui.
Mohamed Ben Ali Grissa||SOCIETE BRAVO TOUR SERVICES,Mohamed Ben Ali Grissa,SOCIETE BRAVO TOUR SERVICES,42995K,PERSON_GRISA_MOHAMED,MOHAMED GRISSA,CO_BRAVO,BRAVO,0.5,ambiguous,1.0,0.0,1.0,0.0,1.0,2,0.45,PERSON_ABDENADHER_ANAS,1,2009-03-26,2009-03-26,1,1,PERSON_GRISA_MOHAMED_BENALI,3- Nomination de Monsieur Mohamed Ben Ali Grissa gérant de la société suite à la démission de l'ancien gérant.
Mohamed Ben Béchir Ben Ali||Société El Imtiaz,Mohamed Ben Béchir Ben Ali,Société El Imtiaz,1103169D,PERSON_BENALI_MOHAMED,MOHAMED BEN-ALI,CO_EL_IMTIAZ_PECHE,SOCIETE EL-IMTIAZ PECHE,0.5,ambiguous,1.0,0.0,1.0,0.0,1.0,3,0.105,PERSON_BENALI_MOHAMED_IYADH,1,2008-03-07,2008-03-07,1,1,PERSON_BENALI_MOHAMED_BENBECHIR,6) Gérance : Monsieur Mohamed Ben Béchir Ben Ali Achour est nommé gérant de la société avec les pouvoirs les plus étendus et pour une durée indéterminée.
Mohamed Ben Hamida||BHM,Mohamed Ben Hamida,BHM,1137518N,PERSON_BENHAMIDA_MOHAMED,MOHAMED BEN-HAMIDA,CO_BHM,BHM,0.5,ambiguous,1.0,0.0,1.0,0.0,1.0,4,0.31,PERSON_BENHAMIDA_MONCEF,1,2010-01-13,2010-01-13,1,1,PERSON_BENHAMIDA_MOHAMED,Gérance : Monsieur Mohamed Ben Hamida est nommé gérant de la société avec les pouvoirs les plus étendus par une durée illimitée.
Mohamed Ben Med Ben Ayed||AGRAL TRITURATION,Mohamed Ben Med Ben Ayed,AGRAL TRITURATION,1104976H,PERSON_BENAYED_MOHAMED,MOHAMED BEN-AYED,CO_AGRAL,AGRAL,0.5,ambiguous,1.0,0.0,1.0,0.0,1.0,20,0.105,PERSON_BENAYED_MOHAMED_SALAH,1,2009-06-15,2009-06-15,1,1,PERSON_BENAYED_MOHAMED_BENMED,"Gérance : Monsieur Mohamed Ben Med Ben Ayed est désigné gérant de la société, investi de tous les pouvoirs pour toute la durée de la société."
Mohamed Ben Youssef||GROUPEMENT STUDI-LAHMAYER INTERNATIONAL,Mohamed Ben Youssef,GROUPEMENT STUDI-LAHMAYER INTERNATIONAL,1133154M,PERSON_BENYOUSEF_MOHAMED_NABIL,MOHAMED NABIL BEN-YOUSSEF,CO_STUDI_INTERNATIONAL,STUDI INTERNATIONAL,0.5,ambiguous,1.0,0.0,1.0,0.0,1.0,4,0.05,PERSON_BENYOUSEF_MOHAMED,1,2010-01-27,2010-01-27,1,1,PERSON_BENYOUSEF_MOHAMED,"Gérance : M. Mohamed Ben Youssef est nommé gérant du groupement, il a tous les pouvoirs pour agir au nom du groupement."
Mohamed Bouzid||Société Lumière Conseil,Mohamed Bouzid,Société Lumière Conseil,1217951Y,PERSON_BOUZID_MOHAMED,MOHAMED BOUZID,CO_CONSEIL,SOCIETE LE CONSEIL,0.5,ambiguous,1.0,0.0,1.0,0.0,1.0,3,0.36,PERSON_BOUZID_MOHSEN,1,2011-10-17,2011-10-17,1,1,PERSON_BOUZID_MOHAMED,Gérance : Mr Mohamed Bouzid est nommé gérant de la société pour la durée de vingt ans renouvelables avec les pouvoirs les plus étendus.
Mohamed EL OUEKES||Nomination d'un gérant unique,Mohamed EL OUEKES,Nomination d'un gérant unique,889850X,PERSON_ELOUEKES_MOHAMED,MOHAMED EL-OUEKES,CO_UNIQUE,SOCIETE UNIQUE,0.5,ambiguous,1.0,0.0,1.0,0.0,1.0,2,0.45,PERSON_TOUNSI_SLIM,1,2011-12-08,2011-12-08,1,1,PERSON_ELOUEKES_MOHAMED,"Suivant P.V, enregistré à la recette des finances d'Akouda le 21/11/2011 sous le n° 11801180 quittance n° 16086, dont deux exemplaires ont été déposés au greffe du tribunal de 1ère instance de Sousse "
Mohamed El Bechir SFAR||SOCIETE COMMERCIALE ET INDUSTRIELLE M'HAMED SFAR,Mohamed El Bechir SFAR,SOCIETE COMMERCIALE ET INDUSTRIELLE M'HAMED SFAR,5696S,PERSON_SFAR_MOHAMED_ELBECHIR,MOHAMED EL-BECHIR SFAR,,,0.475,ambiguous,1.0,0.0,0.0,0.5,1.0,4,0.075,PERSON_SFAR_MOHAMED_BECHIR,1,2010-06-07,2010-06-07,1,1,PERSON_SFAR_MOHAMED_ELBECHIR,"- Nomination des administrateurs, Mr Mohamed El Bechir SFAR, Mme Khadija Thouraya SFAR épouse Mejri et Mme Zeineb Aicha SFAR épouse Ben Tanfous, pour 3 ans soit jusqu'à l'assemblée qui statuera sur l'"
Mohamed El Fehry Mehrez||Société AEROSOL du Cap Bon (AEROCAP) SARL,Mohamed El Fehry Mehrez,Société AEROSOL du Cap Bon (AEROCAP) SARL,515520F,PERSON_MEHREZ_MOHAMED_ELFEHRY,MOHAMED EL-FEHRY MEHREZ,CO_AEROSOL_CAP_BON,SOCIETE AEROSOL DU CAP BON,0.525,ambiguous,1.0,0.0,1.0,0.5,0.0,3,0.055,PERSON_MEHREZ_MOHAMED_FEHRI,1,2010-05-05,2010-05-05,1,1,PERSON_MEHREZ_MOHAMED_ELFEHRY,- L'acceptation de la démission de Monsieur Mohamed El Fehry Mehrez de ses fonctions de gérant.
Mohamed El Fehry Mehrez||Société Agrichimie,Mohamed El Fehry Mehrez,Société Agrichimie,9418N,PERSON_MEHREZ_MOHAMED_ELFEHRY,MOHAMED EL-FEHRY MEHREZ,,,0.5,ambiguous,1.0,0.0,0.0,1.0,0.0,3,0.105,PERSON_MEHREZ_MOHAMED_FEHRI,1,2012-06-17,2012-06-17,1,1,PERSON_MEHREZ_MOHAMED_ELFEHRY,"- La nomination de Monsieur Mohamed El Fehry Mehrez en qualité de Président du conseil d'administration pour une durée de trois années et ce pour les exercices 2013, 2014, 2015."
Mohamed El Fehry Mehrez||Société Négoce &amp; Distribution SA N&amp;D,Mohamed El Fehry Mehrez,Société Négoce &amp; Distribution SA N&amp;D,572238B,PERSON_MEHREZ_MOHAMED_ELFEHRY,MOHAMED EL-FEHRY MEHREZ,CO_NEGOCE_DISTRIBUTION,SOCIETE NEGOCE ET DISTRIBUTION,0.6,ambiguous,1.0,0.0,1.0,1.0,0.0,3,0.105,PERSON_MEHREZ_MOHAMED_FEHRI,1,2010-05-05,2010-05-05,1,1,PERSON_MEHREZ_MOHAMED_ELFEHRY,- L'acceptation de la démission de Monsieur Mohamed El Fehry Mehrez de ses postes de président du conseil d'administration et administrateur de la société.
Mohamed El Fehry Mehrez||Société PLASTICAP,Mohamed El Fehry Mehrez,Société PLASTICAP,40052K,PERSON_MEHREZ_MOHAMED_ELFEHRY,MOHAMED EL-FEHRY MEHREZ,CO_PLASTICAP,PLASTICAP,0.525,ambiguous,1.0,0.0,1.0,0.5,0.0,6,0.105,PERSON_MEHREZ_MOHAMED_FEHRI,1,2010-05-05,2010-05-05,1,1,PERSON_MEHREZ_MOHAMED_ELFEHRY,- L'acceptation de la démission de Monsieur Mohamed El Fehry Mehrez de ses postes de président du conseil d'administration et d'administrateur de la société.
Mohamed Fadhel Abdelkefi||Société Integra Immobilière,Mohamed Fadhel Abdelkefi,Société Integra Immobilière,1076930H,PERSON_ABDELKEFI_MOHAMED_FADHEL,MOHAMED FADHEL ABDELKEFI,CO_INTEGRA_IMMOBILIERE,INTEGRA IMMOBILIERE,0.5,ambiguous,1.0,0.0,1.0,0.0,1.0,3,0.05,PERSON_ABDELKEFI_MOHAMED,1,2008-07-21,2008-07-21,1,1,PERSON_ABDELKEFI_MOHAMED_FADHEL,6- Gérance : Monsieur Mohamed Fadhel Abdelkefi a été nommé gérant de la société pour une durée de trois années renouvelables par décision de l'assemblée générale extraordinaire.
Mohamed Gdoura||Comptoir des Pièces de Rechange Japonaises - CPRJ,Mohamed Gdoura,Comptoir des Pièces de Rechange Japonaises - CPRJ,1102638H,PERSON_GDOURA_MOHAMED_AMINE,MOHAMED AMINE GDOURA,CO_COMPTOIR_PIECES_RECHANGE,SOCIETE COMPTOIR PIECES DE RECHANGE,0.5,ambiguous,1.0,0.0,1.0,0.0,1.0,3,0.0,PERSON_GDOURA_MOHAMED,1,2009-05-20,2009-05-20,1,1,PERSON_GDOURA_MOHAMED,Gérant : Monsieur Mohamed Gdoura et Monsieur Zaher Fakhfakh sont nommés deux gérants pour une durée indéterminée.
Mohamed Gdoura||Société Emna De Travaux Fluide (S,Mohamed Gdoura,Société Emna De Travaux Fluide (S,1084087T,PERSON_GDOURA_MOHAMED_AMINE,MOHAMED AMINE GDOURA,CO_EMNA,EMNA,0.5,ambiguous,1.0,0.0,1.0,0.0,1.0,3,0.0,PERSON_GDOURA_MOHAMED,1,2009-02-03,2009-02-03,1,1,PERSON_GDOURA_MOHAMED,"Gérant : Monsieur Mohamed Gdoura est nommé gérant pour une durée indéterminée, avec les pouvoirs les plus étendus."
Mohamed Graiet||M,Mohamed Graiet,M,1154938D,PERSON_GRAIET_MOHAMED,MOHAMED GRAIET,CO_M,SOCIETE M,0.5,ambiguous,1.0,0.0,1.0,0.0,1.0,2,0.45,PERSON_CHAABANE_KAMEL,1,2010-05-29,2010-05-29,1,1,PERSON_GRAIET_MOHAMED,Gérance : Mr Mohamed Graiet est nommé gérant de la société avec tous les pouvoirs les plus étendus.
Mohamed Hédi Béjaoui||IDÉAL COMPANY,Mohamed Hédi Béjaoui,IDÉAL COMPANY,1029875E,PERSON_BEJAOUI_MOHAMED_ELHEDI,MOHAMED EL-HEDI BEJAOUI,CO_IDEAL_CONSTRUCTION_COMPANY,IDEAL CONSTRUCTION COMPANY,0.5,ambiguous,1.0,0.0,1.0,0.0,1.0,4,0.05,PERSON_BEJAOUI_MOHAMED,1,2009-04-10,2009-04-10,1,1,PERSON_BEJAOUI_MOHAMED_HEDI,"Suivant PV de l'A.G.E du 10 avril 2009 enregistré à la recette de l'enregistrement des actes de société 1er bureau Tunis le 21 avril 2009 sous le n° 9503824, quittance n° 5163 dont deux exemplaires on"
Mohamed Hédi Béjaoui||Sociales Ideal Company,Mohamed Hédi Béjaoui,Sociales Ideal Company,1029875E,PERSON_BEJAOUI_MOHAMED_ELHEDI,MOHAMED EL-HEDI BEJAOUI,CO_IDEAL_CONSTRUCTION_COMPANY,IDEAL CONSTRUCTION COMPANY,0.5,ambiguous,1.0,0.0,1.0,0.0,1.0,4,0.05,PERSON_BEJAOUI_MOHAMED,1,2009-04-06,2009-04-06,1,1,PERSON_BEJAOUI_MOHAMED_HEDI,"Suivant acte SSP en date du 6 avril 2009 enregistré à la recette des finances de Bizerte, le 10 avril 2009 sous le n° 09102204 quittance n° 23907 dont deux exemplaires ont été déposés au greffe du tri"
Mohamed Hédi Jebnoun||Société Nouvelle Oued Rihane,Mohamed Hédi Jebnoun,Société Nouvelle Oued Rihane,,PERSON_JEBNOUN_MOHAMED_HEDI,MOHAMED HEDI JEBNOUN,,,0.475,ambiguous,1.0,0.0,0.0,0.5,1.0,1,0.475,,1,2008-04-23,2008-04-23,1,1,PERSON_JEBNOUN_MOHAMED_HEDI,- La nomination de Monsieur Mohamed Hédi Jebnoun en qualité de gérant de la société pour une durée de 3 ans avec les pouvoirs les plus étendus.
Mohamed Imed Malek Chta||SOCIETE TANNERIE DU NORD,Mohamed Imed Malek Chta,SOCIETE TANNERIE DU NORD,7166D,PERSON_CHTA_MOHAMED_IMED_MALEK,MOHAMED IMED MALEK CHTA,CO_TANNERIE_NORD,TANNERIE DU NORD,0.8,ambiguous,1.0,1.0,1.0,0.0,0.0,9,0.0,PERSON_CHTA_MALEK,1,2011-10-20,2011-10-20,1,1,PERSON_CHTA_MOHAMED_IMED_MALEK,"greffe du tribunal de première instance de Bizerte le 29/11/2011 sous le n° 201158684, il a été décidé de détacher Mr SABRI MALEK CHTA de ces fonctions en tant que gérant et la nomination de Mr Mohame"
Mohamed Jerbi||Société Agro-Nature Export,Mohamed Jerbi,Société Agro-Nature Export,1038364L,PERSON_JERBI_MOHAMED,MOHAMED JERBI,CO_AGRO_EXPORT,AGRO EXPORT,0.5,ambiguous,1.0,0.0,1.0,0.0,1.0,5,0.31,PERSON_JERBI_MOUFIDA,1,2008-04-10,2008-04-10,1,1,PERSON_JERBI_MOHAMED,- La nomination de Mr Mohamed Jerbi gérant unique pour une durée indéterminée et avec les pouvoirs les plus étendus.
Mohamed Jerbi||Société LA BONTE,Mohamed Jerbi,Société LA BONTE,1071233R,PERSON_JERBI_MOHAMED,MOHAMED JERBI,CO_FRUIT_BONTE_AGROALIMENTAIRE,FRUIT DE BONTE AGROALIMENTAIRE,0.5,ambiguous,1.0,0.0,1.0,0.0,1.0,4,0.31,PERSON_JERBI_MOUFIDA,1,2008-10-16,2008-10-16,1,1,PERSON_JERBI_MOHAMED,Gérance : Monsieur Mohamed Jerbi est nommé gérant de la société pour une durée indéterminée avec les pouvoirs les plus étendus.
Mohamed Lassaad Ben AMMAR||SOCIETE ITALCAR S.A,Mohamed Lassaad Ben AMMAR,SOCIETE ITALCAR S.A,937892D,PERSON_BENAMAR_MOHAMED_LASAAD,MOHAMED LASSAAD BEN-AMMAR,CO_ITALCAR,ITALCAR,0.5,ambiguous,1.0,0.0,1.0,0.0,1.0,8,0.105,PERSON_BENAMAR_MOHAMED_SALAH,1,2012-07-31,2012-07-31,1,1,PERSON_BENAMAR_MOHAMED_LASAAD,"- Désigne Monsieur Mohamed Lassaad Ben AMMAR, en tant que Directeur Général de la société ""ITALCAR S.A."" pour une durée de trois ans, et lui délègue les pouvoirs qui lui étaient précédemment confiés."
Mohamed Lassaad Ben Ammar||SOCIETE ITALCAR GROS S.A,Mohamed Lassaad Ben Ammar,SOCIETE ITALCAR GROS S.A,1061387E,PERSON_BENAMAR_MOHAMED_LASAAD,MOHAMED LASSAAD BEN-AMMAR,CO_ITALCAR,ITALCAR,0.5,ambiguous,1.0,0.0,1.0,0.0,1.0,8,0.105,PERSON_BENAMAR_MOHAMED_SALAH,1,2011-08-22,2011-08-22,1,1,PERSON_BENAMAR_MOHAMED_LASAAD,"Désigne Monsieur Mohamed Lassaad Ben Ammar, en tant que Directeur Général de la société «ITALCAR GROS S.A.» pour une durée de trois ans, et lui délègue les pouvoirs qui lui étaient précédemment confié"
Mohamed Mahjoub||SELECT FR UITS S,Mohamed Mahjoub,SELECT FR UITS S,,PERSON_MAHJOUB_MOHAMED_SAHBI,MOHAMED SAHBI MAHJOUB,,,0.5,ambiguous,1.0,0.0,0.0,1.0,0.0,4,0.025,PERSON_MAHJOUB_MOHAMED,1,2009-01-22,2009-01-22,1,1,PERSON_MAHJOUB_MOHAMED,La Société Agricole Sidi Saad « SADIRA » représentée par Monsieur Mohamed Mahjoub
Mohamed Malek Triki||HEMERA,Mohamed Malek Triki,HEMERA,,PERSON_TRIKI_MOHAMED_MALEK,MOHAMED MALEK TRIKI,CO_HEMERA,HEMERA,0.75,ambiguous,1.0,1.0,0.0,0.0,1.0,63,0.0,PERSON_TRIKI_MALEK,1,2012-07-02,2012-07-02,1,1,PERSON_TRIKI_MOHAMED_MALEK,Gérance : Monsieur Mohamed Malek Triki est nommé gérant de la société avec tous pouvoirs énoncés au statut.
Mohamed Masmoudi||Société idéale de bâtiments modernes SIBM,Mohamed Masmoudi,Société idéale de bâtiments modernes SIBM,1198084V,PERSON_MASMOUDI_MOHAMED_RACHOINE,MOHAMED RACHOINE MASMOUDI,CO_BATIMENTS_MODERNES,LES BATIMENTS MODERNES,0.5,ambiguous,1.0,0.0,1.0,0.0,1.0,7,0.0,PERSON_MASMOUDI_MOHAMED_RAOUF,1,2011-05-05,2011-05-05,1,1,PERSON_MASMOUDI_MOHAMED,Gérance : Monsieur Mohamed Masmoudi est désigné gérant de la société pour une durée indéterminée qui aura les pouvoirs les plus étendus pour agir au nom de la société.
Mohamed Mehdi Khmiri||INNOVEST SICAR,Mohamed Mehdi Khmiri,INNOVEST SICAR,1228731X,PERSON_KHMIRI_MEHDI,MEHDI KHMIRI,CO_INNOVEST_SICAR,INNOVEST SICAR,0.5,ambiguous,1.0,0.0,1.0,0.0,1.0,1,0.5,,1,2011-12-23,2011-12-23,1,1,PERSON_KHMIRI_MOHAMED_MEHDI,"IV - Premier conseil d'administration réuni en date du 26/12/2011 et enregistré en date du 28/12/2011 à la recette de l'enregistrement des actes de sociétés commerciales de Tunis sous le n°118130024, "
Mohamed Moncef Belhadj Mbarek||Société Immobilière du Nord de la Tunisie S.A.I.N.T» SA,Mohamed Moncef Belhadj Mbarek,Société Immobilière du Nord de la Tunisie S.A.I.N.T» SA,6175A,PERSON_MBAREK_MOHAMED_MONCEF_BELHADJ,MOHAMED MONCEF BELHADJ MBAREK,,,0.55,ambiguous,1.0,0.0,0.0,1.0,1.0,7,0.15,PERSON_MBAREK_MOHAMED_MONCEF_BENHADJ,1,2009-08-11,2009-08-11,1,1,PERSON_MBAREK_MOHAMED_MONCEF_BELHADJ,"n° 9916, il a été décidé d'accepter les démissions de Mme Geneviève Querci et de Mr Alain Mouterde de leurs postes de membres du conseil d'administration et de nommer deux nouveaux administrateurs : L"
Mohamed Moncef Ben Hamida||Fournitures Internationales,Mohamed Moncef Ben Hamida,Fournitures Internationales,,PERSON_BENHAMIDA_MONCEF,MONCEF BEN-HAMIDA,CO_FOURNITURES_INTERNATIONALES,FOURNITURES INTERNATIONALES,0.475,ambiguous,1.0,0.0,0.0,0.5,1.0,4,0.075,PERSON_BENHAMIDA_MOHAMED,1,2011-05-03,2011-05-03,1,1,PERSON_BENHAMIDA_MOHAMED_MONCEF,"Par procès-verbal de l'assemblée générale extraordinaire du 3 mai 2011 enregistré à la recette de l'enregistrement des actes des sociétés commerciales de Tunis, le 9 mai 2011 sous le n° 11800529 Quit."
Mohamed Moncef Ben Hamida||SOCIETE TUNISIE CONFECTION,Mohamed Moncef Ben Hamida,SOCIETE TUNISIE CONFECTION,,PERSON_BENHAMIDA_MONCEF,MONCEF BEN-HAMIDA,CO_TUNISIE_CONFECTION,SOCIETE TUNISIE CONFECTION,0.475,ambiguous,1.0,0.0,0.0,0.5,1.0,4,0.075,PERSON_BENHAMIDA_MOHAMED,1,2011-05-03,2011-05-03,1,1,PERSON_BENHAMIDA_MOHAMED_MONCEF,"Par PV d'Assemblée Générale Extraordinaire du 3 Mai 2011, enregistré à la Recette d'enregistrement des actes des sociétés commerciales -Tunis le 9 Mai 2011, quittance n° 563, enregistrement n° 1180053"
Mohamed Moncef Ben Hamida||Société De Fabrication Accessoires,Mohamed Moncef Ben Hamida,Société De Fabrication Accessoires,,PERSON_BENHAMIDA_MONCEF,MONCEF BEN-HAMIDA,,,0.475,ambiguous,1.0,0.0,0.0,0.5,1.0,3,0.075,PERSON_BENHAMIDA_MOHAMED,1,2011-05-03,2011-05-03,1,1,PERSON_BENHAMIDA_MOHAMED_MONCEF,"Par procès-verbal de l'assemblée générale extraordinaire du 3 mai 2011, enregistré à la recette d'enregistrement des actes des sociétés commerciales de Tunis, le 9 mai 2011, sous le n° 11800519 Quit 5"
Mohamed Moncef Ben Hamida||Société De Fabrication Textiles,Mohamed Moncef Ben Hamida,Société De Fabrication Textiles,,PERSON_BENHAMIDA_MONCEF,MONCEF BEN-HAMIDA,,,0.475,ambiguous,1.0,0.0,0.0,0.5,1.0,3,0.075,PERSON_BENHAMIDA_MOHAMED,1,2011-05-03,2011-05-03,1,1,PERSON_BENHAMIDA_MOHAMED_MONCEF,"Par procès-verbal de l'assemblée générale extraordinaire du 3 mai 2011, enregistré à la recette d'enregistrement des actes des sociétés commerciales de Tunis, le 9 mai 2011, sous le n° 11800520 Quit 5"
Mohamed Moncef Ben Hamida||Société Megrinoise de Lingerie,Mohamed Moncef Ben Hamida,Société Megrinoise de Lingerie,,PERSON_BENHAMIDA_MONCEF,MONCEF BEN-HAMIDA,,,0.475,ambiguous,1.0,0.0,0.0,0.5,1.0,3,0.075,PERSON_BENHAMIDA_MOHAMED,1,2011-05-03,2011-05-03,1,1,PERSON_BENHAMIDA_MOHAMED_MONCEF,"Par procès-verbal de l'assemblée générale extraordinaire du 3 mai 2011, enregistré à la recette de l'enregistrement des actes des sociétés commerciales de Tunis, le 9 mai 2011, sous le n° 11800522 Qui"
Mohamed Moncef Ben Hamida||Société TUNISINNE DE LINGERIE,Mohamed Moncef Ben Hamida,Société TUNISINNE DE LINGERIE,,PERSON_BENHAMIDA_MONCEF,MONCEF BEN-HAMIDA,CO_TUNISIENNE_LINGERIE,SOCIETE TUNISIENNE DE LINGERIE,0.475,ambiguous,1.0,0.0,0.0,0.5,1.0,4,0.075,PERSON_BENHAMIDA_MOHAMED,1,2011-05-03,2011-05-03,1,1,PERSON_BENHAMIDA_MOHAMED_MONCEF,"Par procès-verbal de l'assemblée générale extraordinaire du 3 mai 2011, enregistré à la Recette de l'Enregistrement des Actes de Sociétés Commerciales de Tunis, le 9 mai 2011, sous le n° 11800518 Quit"
Mohamed Moncef Ben Hamida||Société Tunisienne De Textile,Mohamed Moncef Ben Hamida,Société Tunisienne De Textile,,PERSON_BENHAMIDA_MONCEF,MONCEF BEN-HAMIDA,CO_TUNISIE_TEXTILE,TUNISIE TEXTILE,0.475,ambiguous,1.0,0.0,0.0,0.5,1.0,8,0.075,PERSON_BENHAMIDA_MOHAMED,1,2011-05-03,2011-05-03,1,1,PERSON_BENHAMIDA_MOHAMED_MONCEF,"548, et dont deux exemplaires ont été déposés au greffe du tribunal de 1ère instance de Ben Arous, le 11 mai 2011 sous le n° D 24577098, il a été décidé l'acceptation de la démission du gérant Monsieu"
Mohamed Moncef Ben Hamida||Tunisie Tricotage et Finition,Mohamed Moncef Ben Hamida,Tunisie Tricotage et Finition,,PERSON_BENHAMIDA_MONCEF,MONCEF BEN-HAMIDA,,,0.475,ambiguous,1.0,0.0,0.0,0.5,1.0,3,0.075,PERSON_BENHAMIDA_MOHAMED,1,2011-05-03,2011-05-03,1,1,PERSON_BENHAMIDA_MOHAMED_MONCEF,"Par procès-verbal de l'assemblée générale extraordinaire du 3 mai 2011, enregistré à la recette des finances de Mégrine, le 7 mai 2011, sous le n°11701425 Quit.M027346 + 27347, et dont deux exemplaire"
Mohamed Moumni||MS CONCEPT SURL,Mohamed Moumni,MS CONCEPT SURL,1063172Z,PERSON_MOUMNI_MOHAMED,MOHAMED MOUMNI,CO_CONCEPT,CONCEPT,0.5,ambiguous,1.0,0.0,1.0,0.0,1.0,6,0.45,PERSON_ZANAD_MOKHTAR,1,2008-06-24,2008-06-24,1,1,PERSON_MOUMNI_MOHAMED,Gérance : Monsieur Mohamed Moumni est nommé gérant de la société avec tous les pouvoirs énoncés aux statuts.
Mohamed Nafaa Naifer||Tuniso-Française du Commerce International,Mohamed Nafaa Naifer,Tuniso-Française du Commerce International,1157182V,PERSON_NAIFER_MOHAMED_NAFAA,MOHAMED NAFAA NAIFER,CO_TUNISO_FRANCAISE_COMMERCE_INTERNATIONAL,TUNISO FRANCAISE DU COMMERCE INTERNATIONAL,0.5,ambiguous,1.0,0.0,1.0,0.0,1.0,2,0.45,PERSON_ENEIFER_MOHAMED_NEFAA,1,2010-06-15,2010-06-15,1,1,PERSON_NAIFER_MOHAMED_NAFAA,Gérance : Monsieur Mohamed Nafaa Naifer est désigné gérant avec les pouvoirs stipulés aux statuts.
Mohamed Nebil Ben Youssef||Imprimerie L'orient,Mohamed Nebil Ben Youssef,Imprimerie L'orient,,PERSON_BENYOUSEF_MOHAMED_NABIL,MOHAMED NABIL BEN-YOUSSEF,CO_IMPRIMERIE_LORIENT,IMPRIMERIE DE LORIENT,0.6355,ambiguous,0.7,0.973,0.0,0.0,1.0,4,0.2855,PERSON_BENYOUSEF_MOHAMED,1,2012-01-07,2012-01-07,1,1,PERSON_BENYOUSEF_MOHAMED_NEBIL,- nomination de Mr Mohamed Nebil Ben Youssef entant que gérant avec les pouvoirs les plus étendus.
Mohamed Nejib Ben Hassen Atia||Maghreb Food,Mohamed Nejib Ben Hassen Atia,Maghreb Food,774431X,PERSON_ATIA_MOHAMED_NEJIB,MOHAMED NEJIB ATTIA,CO_MAGHREB_FOOD,SOCIETE MAGHREB FOOD,0.5,ambiguous,1.0,0.0,1.0,0.0,1.0,6,0.155,PERSON_ATIA_MOHAMED_AMIN,1,2011-10-18,2011-10-18,1,1,PERSON_ATIA_MOHAMED_NEJIB_BENHASEN,- Monsieur Mohamed Nejib Ben Hassen Atia démissionne de ses fonctions de directeur général.
Mohamed Néjib Ben Tanfous||CAP Taguermess,Mohamed Néjib Ben Tanfous,CAP Taguermess,,PERSON_BENTANFOUS_MOHAMED_NEJIB,MOHAMED NEJIB BEN-TANFOUS,,,0.475,ambiguous,1.0,0.0,0.0,0.5,1.0,1,0.475,,1,2009-03-28,2009-03-28,1,1,PERSON_BENTANFOUS_MOHAMED_NEJIB,- Le renouvellement du mandat de M. Chawki Ben Tanfous et le mandat de M. Mohamed Néjib Ben Tanfous en qualité de directeurs généraux adjoints de la société pour le reste de leur mandat en tant qu'adm
Mohamed Ridha Gharbi||Société Bio Fassy,Mohamed Ridha Gharbi,Société Bio Fassy,,PERSON_GHARBI_MOHAMED_RIDHA,MOHAMED RIDHA GHARBI,,,0.475,ambiguous,1.0,0.0,0.0,0.5,1.0,6,0.075,PERSON_GHARBI_MOHAMED,1,2009-08-15,2009-08-15,1,1,PERSON_GHARBI_MOHAMED_RIDHA,"- Messieurs Mohamed Ridha Gharbi, Mondher Almia et Khaled Almia sont nommés comme administrateurs pour la même période."
Mohamed Ridha Gharbi||Société DE TRANSFORMATION DU VERRE PLAT,Mohamed Ridha Gharbi,Société DE TRANSFORMATION DU VERRE PLAT,,PERSON_GHARBI_MOHAMED_RIDHA,MOHAMED RIDHA GHARBI,,,0.475,ambiguous,1.0,0.0,0.0,0.5,1.0,6,0.075,PERSON_GHARBI_MOHAMED,1,2009-07-16,2009-07-16,1,1,PERSON_GHARBI_MOHAMED_RIDHA,"- Messieurs Mohamed Ridha Gharbi, Mondher Almia et Khaled Almia sont nommés comme administrateurs pour la même période."
Mohamed Ridha Hedi Zerzeri||Société CEREALES COLLECTE,Mohamed Ridha Hedi Zerzeri,Société CEREALES COLLECTE,,PERSON_ZERZERI_RIDHA_HEDI,RIDHA HEDI ZERZERI,CO_CEREALES_COLLECTE,CEREALES COLLECTE,0.75,ambiguous,1.0,1.0,0.0,0.0,1.0,17,0.0,PERSON_ZERZERI_MOHAMED_RIDHA_HEDI,1,2009-04-15,2009-04-15,1,1,PERSON_ZERZERI_MOHAMED_RIDHA_HEDI,"Gérance : Monsieur Mohamed Ridha Hedi Zerzeri, est nommé gérant de la société pour une durée indéterminée avec les pouvoirs les plus étendus."
Mohamed Sahbi Mahjoub||SELECT FR UITS S,Mohamed Sahbi Mahjoub,SELECT FR UITS S,,PERSON_MAHJOUB_MOHAMED_SAHBI,MOHAMED SAHBI MAHJOUB,,,0.55,ambiguous,1.0,0.0,0.0,1.0,1.0,4,0.125,PERSON_MAHJOUB_MOHAMED,1,2009-01-22,2009-01-22,1,1,PERSON_MAHJOUB_MOHAMED_SAHBI,- Monsieur Mohamed Sahbi Mahjoub a été nommé Président Directeur Général pour toute la durée de son mandat d'administrateur avec les pouvoirs les plus étendus dans le cadre de la loi et des statuts.
Mohamed Sahbi Mahjoub||Société Nouvelle Oued Rihane,Mohamed Sahbi Mahjoub,Société Nouvelle Oued Rihane,,PERSON_MAHJOUB_MOHAMED_SAHBI,MOHAMED SAHBI MAHJOUB,,,0.475,ambiguous,1.0,0.0,0.0,0.5,1.0,4,0.075,PERSON_MAHJOUB_MOHAMED,1,2008-04-23,2008-04-23,1,1,PERSON_MAHJOUB_MOHAMED_SAHBI,"- Le renouvellement du mandat du directeur général, Monsieur Mohamed Sahbi Mahjoub pour une durée de 3 ans."
Mohamed Sami El Feki||Société Italo Tunisienne d'Acessoires d'Aluminium SITAL,Mohamed Sami El Feki,Société Italo Tunisienne d'Acessoires d'Aluminium SITAL,1075912B,PERSON_ELFEKI_MOHAMED_SAMI,MOHAMED SAMI EL-FEKI,CO_ITALO_TUNISIENNE_DACCESSOIRES_DALUMINIUM_SITAL,SOCIETE ITALO TUNISIENNE DACCESSOIRES DALUMINIUM SITAL,0.6808,ambiguous,1.0,0.945,0.0,0.0,0.0,1,0.6808,,1,2008-09-29,2008-09-29,1,1,PERSON_ELFEKI_MOHAMED_SAMI,"Quittance n° M040934, les associés décident de nommer Monsieur Mohamed Sami El Feki avec les pouvoirs les plus étendus."
Mohamed Saïd Jaouadi||Formalités de publicité subséquentes à l'AGO,Mohamed Saïd Jaouadi,Formalités de publicité subséquentes à l'AGO,6194D,PERSON_JAOUADI_MOHAMED,MOHAMED JAOUADI,CO_RECHERCHE_D_EXPLOITATION_PETROLES_EN_TUNISIE_SEREPT,SOCIETE DE RECHERCHE ET D’EXPLOITATION DES PETROLES EN TUNISIE SEREPT,0.5,ambiguous,1.0,0.0,1.0,0.0,1.0,2,0.45,PERSON_AGREBI_MOHAMED,1,2012-01-30,2012-01-30,1,1,PERSON_JAOUADI_MOHAMED_SAID,"- Ratifier la nomination de Monsieur Mohamed Saïd Jaouadi aux fonctions d'administrateur en remplacement de Monsieur Tarek Hamzaoui, et ce, pour la durée restante du mandat de son prédécesseur."
Mohamed Taoufik Ben Khemis||Prologic Tunisie,Mohamed Taoufik Ben Khemis,Prologic Tunisie,,PERSON_BENKHEMIS_MOHAMED_TAOUFIK,MOHAMED TAOUFIK BEN-KHEMIS,,,0.5,ambiguous,1.0,0.0,0.0,1.0,0.0,1,0.5,,1,2012-01-20,2012-01-20,1,1,PERSON_BENKHEMIS_MOHAMED_TAOUFIK,Du procès-verbal de la réunion du conseil d'administration du 20 Janvier 2012 enregistré à la Recette des Finances Le Lac Tunis le 26 Janvier 2012 enregistrement n°12700946 Monsieur Mohamed Taoufik Be
Mohamed Taoufik GHARIANI||SOCIETE LES INDUSTRIES DE CARROSSAGE AUTOMOBILE SA,Mohamed Taoufik GHARIANI,SOCIETE LES INDUSTRIES DE CARROSSAGE AUTOMOBILE SA,,PERSON_GHARJANI_MOHAMED_TAOUFIK,MOHAMED TAOUFIK GHARJANI,CO_INDUSTRIES_CARROSSAGE_AUTOMOBILES,SOCIETE LES INDUSTRIES DE CARROSSAGE AUTOMOBILES,0.6396,ambiguous,0.875,0.952,0.0,0.0,0.0,5,0.2896,PERSON_GHARIANI_MOHAMED,1,2010-05-21,2010-05-21,1,1,PERSON_GHARIANI_MOHAMED_TAOUFIK,"- La démission de Monsieur Mohamed Taoufik GHARIANI de ses fonctions de Président Directeur Général de la société,"
Mohamed Trabelsi||Assemblée Générale Extraordinaire,Mohamed Trabelsi,Assemblée Générale Extraordinaire,1267200Q,PERSON_TRABELSI_MOHAMED_ALI,MOHAMED ALI TRABELSI,CO_GENERALE,SOCIETE GENERALE,0.5,ambiguous,1.0,0.0,1.0,0.0,1.0,10,0.0,PERSON_TRABELSI_MOHAMED_RIDHA,1,2012-11-06,2012-11-06,1,1,PERSON_TRABELSI_MOHAMED,"- Approbation de la démission du gérant monsieur, Mohamed Trabelsi."
Mohamed Trabelsi||ITALIAN FASHION,Mohamed Trabelsi,ITALIAN FASHION,1178091H,PERSON_TRABELSI_MOHAMED_ALI,MOHAMED ALI TRABELSI,CO_ITALIAN_FASHION,ITALIAN FASHION,0.5,ambiguous,1.0,0.0,1.0,0.0,1.0,11,0.0,PERSON_TRABELSI_MOHAMED_RIDHA,1,2010-12-09,2010-12-09,1,1,PERSON_TRABELSI_MOHAMED,Gérance : Monsieur Mohamed Trabelsi est désigné gérant de la société. Pour une durée indéterminée avec les pouvoirs les plus étendus.
Mohamed Walid El Arem||Société AUTOTEC,Mohamed Walid El Arem,Société AUTOTEC,433154Z,PERSON_ELAREM_MOHAMED,MOHAMED ELAREM,CO_AUTOTEC,AUTOTEC,0.5,ambiguous,1.0,0.0,1.0,0.0,1.0,2,0.45,PERSON_SASI_AHMED_SAMIR,1,2008-04-01,2008-04-01,1,1,PERSON_ELAREM_MOHAMED_WALID,- Nomination de Monsieur Mohamed Walid El Arem comme nouveau gérant de la société pour une période de trois ans.
Mohamed Zaguia||TECHNICOM,Mohamed Zaguia,TECHNICOM,372930C,PERSON_ZAGUIA_MOHAMED,MOHAMED ZAGUIA,CO_TECHNICOM,TECHNICOM,0.525,ambiguous,1.0,0.0,1.0,0.5,0.0,2,0.525,PERSON_TRIKI_JIHEN,1,2009-07-24,2009-07-24,1,1,PERSON_ZAGUIA_MOHAMED,"- Contrat de cession de parts en date du 24 juillet 2009 enregistré à la REAS le 12 août 2009 sous le numéro 9108026 quittance 9946, en vertu du quel, Madame Samira Ouertani a cédé la totalité des par"
Mohamed Zayani||SOCIETE CONTACT,Mohamed Zayani,SOCIETE CONTACT,613851W,PERSON_ZAYANI_MOHAMED,MOHAMED ZAYANI,CO_CONTACT,SOCIETE CONTACT,0.575,ambiguous,1.0,0.0,1.0,0.5,1.0,2,0.525,PERSON_HELAL_HICHEM,1,2012-09-08,2012-09-08,1,1,PERSON_ZAYANI_MOHAMED,"1. La démission de Monsieur Jamel El Arem, en tant que gérant de la Société CONTACT et la nomination de Monsieur Mohamed Zayani, en tant que gérant unique de la dite société."
Mohamed Zied Ben Ayed||AFRI NUTRITION,Mohamed Zied Ben Ayed,AFRI NUTRITION,1249897K,PERSON_BENAYED_MOHAMED,MOHAMED BEN-AYED,CO_NUTRITION,SOCIETE DE NUTRITION,0.5,ambiguous,1.0,0.0,1.0,0.0,1.0,20,0.105,PERSON_BENAYED_MOHAMED_SALAH,1,2012-05-10,2012-05-10,1,1,PERSON_BENAYED_MOHAMED_ZIED,Gérance : Monsieur Mohamed Zied Ben Ayed est désigné gérant de la société investi de tous les pouvoirs pour toute la durée de la société.
Mohamed ben Brahim CHAIBI||Société Magasin Général de Commerce S,Mohamed ben Brahim CHAIBI,Société Magasin Général de Commerce S,479976E,PERSON_CHAIBI_MOHAMED,MOHAMED CHAIBI,CO_MAGASIN_GENERAL,MAGASIN GENERAL,0.5,ambiguous,1.0,0.0,1.0,0.0,1.0,19,0.45,PERSON_BAKOUR_HEDI,1,2009-02-04,2009-02-04,1,1,PERSON_CHAIBI_MOHAMED_BENBRAHIM,- Gérance : Mr Mohamed ben Brahim CHAIBI a été nommé gérant de la société avec les pouvoirs les plus étendus
Mokhtar Meziou||Contrat de Cession de parts Sociales,Mokhtar Meziou,Contrat de Cession de parts Sociales,,PERSON_MEZIOU_MOKHTAR,MOKHTAR MEZIOU,,,0.5,ambiguous,1.0,0.0,0.0,1.0,0.0,1,0.5,,1,2009-02-11,2009-02-11,1,1,PERSON_MEZIOU_MOKHTAR,- M. Rochdi Chakroun cède 148 parts sociales lui appartenant dans la société M3S à M. Mokhtar Meziou.
Moncef Guirat||MACOFLEX S.A,Moncef Guirat,MACOFLEX S.A,28603T,PERSON_GUIRAT_MONCEF,MONCEF GUIRAT,CO_MACOFLEX,MACOFLEX,0.525,ambiguous,1.0,0.0,1.0,0.5,0.0,1,0.525,,1,2012-08-02,2012-08-02,1,1,PERSON_GUIRAT_MONCEF,"- Renouvellement du mandat des administrateurs (Mr Moncef Guirat, Mr Taher Aouinti, Mr Abderazek Chouk et Mme Emna Guirat pour les exercices 2012 et 2013 et 2014."
Moncef Guirat||Nomination du PDG et DGA,Moncef Guirat,Nomination du PDG et DGA,19954P,PERSON_GUIRAT_MONCEF,MONCEF GUIRAT,CO_CONSEIL,SOCIETE LE CONSEIL,0.575,ambiguous,1.0,0.0,1.0,0.5,1.0,2,0.575,PERSON_SAIDI_MOHAMED,1,2011-04-12,2011-04-12,1,1,PERSON_GUIRAT_MONCEF,- Nomination de Mr Moncef Guirat en qualité de DGA pour la même période.
Moncef Guirat||SOFEMED INTERNATIONAL S.A,Moncef Guirat,SOFEMED INTERNATIONAL S.A,1029528M,PERSON_GUIRAT_MONCEF,MONCEF GUIRAT,CO_SOFEMED,SOFEMED,0.5,ambiguous,1.0,0.0,1.0,0.0,1.0,1,0.5,,1,2010-08-03,2010-08-03,1,1,PERSON_GUIRAT_MONCEF,- Démission de Mr Moncef Guirat du poste de PDG.
Moncef Guirat||Sofemed International S.A,Moncef Guirat,Sofemed International S.A,1029528M,PERSON_GUIRAT_MONCEF,MONCEF GUIRAT,CO_SOFEMED,SOFEMED,0.5,ambiguous,1.0,0.0,1.0,0.0,1.0,1,0.5,,1,2012-08-02,2012-08-02,1,1,PERSON_GUIRAT_MONCEF,"Nomination de Mr Moncef Guirat comme DGA pour les exercices 2012, 2013 et 2014."
Mondher Ben Hédi Kilani||ENTREPRISE DES TRAVAUX PUBLICS KILANI,Mondher Ben Hédi Kilani,ENTREPRISE DES TRAVAUX PUBLICS KILANI,,PERSON_KILANI_MONDHER_BENHEDI,MONDHER BEN-HEDI KILANI,CO_TRAVAUX_PUBLICS_KILANI,ENTREPRISE DES TRAVAUX PUBLICS KILANI,0.775,ambiguous,1.0,1.0,0.0,0.5,0.0,30,0.0,PERSON_KILANI_MONDHER,1,2012-06-06,2012-06-06,1,1,PERSON_KILANI_MONDHER_BENHEDI,"Il appert de l'acte SSP en date du 14 et 16 Avril 2012 enregistré à Gabès le 08/05/2012 sous le n° 12104919 quittance n° 20043, que Mme Sihem Bent Boubaker Kilani épouse Ben Ghozia titulaire de la CIN"
Mondher Rourou||Société la Générale de Vente,Mondher Rourou,Société la Générale de Vente,1015712M,PERSON_ROUROU_MONDHER,MONDHER ROUROU,CO_GENERALE_VENTE,SOCIETE GENERALE DE VENTE,0.5,ambiguous,1.0,0.0,1.0,0.0,1.0,1,0.5,,1,2009-04-14,2009-04-14,1,1,PERSON_ROUROU_MONDHER,- Coopter Mr Mondher Rourou en qualité d'administrateur en remplacement de Mr Faouzi Jemai pour la durée restante de son mandat.
Mongi Baich||Sté Africa Maglieria Cofezione,Mongi Baich,Sté Africa Maglieria Cofezione,,PERSON_BAICHE_MONGI,MONGI BAICHE,CO_AFRIKA_MAGLIERIA_CONFEZIONE,SOCIETE AFRIKA MAGLIERIA CONFEZIONE,0.6984,ambiguous,0.909,0.943,0.0,0.0,1.0,1,0.6984,,1,2010-12-18,2010-12-18,1,1,PERSON_BAICH_MONGI,Gérance : Mr Mongi Baich est nommé gérant de la société pour une durée indéterminée.
Mongi Naceur||Société MONACO-AGRO SMAG,Mongi Naceur,Société MONACO-AGRO SMAG,,PERSON_BENMOULDI_MONGI_NACEUR,MONGI NACEUR BEN-MOULDI,CO_MONACO_AGRO,MONACO AGRO,0.6975,ambiguous,0.85,1.0,0.0,0.0,1.0,3,0.5075,PERSON_NACEUR_MOHAMED_AMINE,1,2009-05-20,2009-05-20,1,1,PERSON_NACEUR_MONGI,Gérance : Monsieur Mongi Naceur est nommé gérant de la société pour toute sa durée avec tous les pouvoirs énoncés au statut les plus étendus.
Moukhatet Hamrouni Chedly||Sté des Industries Perfectionnées SIP,Moukhatet Hamrouni Chedly,Sté des Industries Perfectionnées SIP,,PERSON_CHEDLI_MOUKHATET_HAMROUNI,MOUKHATET HAMROUNI CHEDLI,CO_INDUSTRIES_PERFECTIONNES_SIP,SOCIETE DES INDUSTRIES PERFECTIONNES SIP,0.6792,ambiguous,0.833,0.964,0.0,0.0,1.0,5,0.425,PERSON_HAMROUNI_CHEDLI_MOKHATAT,1,2012-10-10,2012-10-10,1,1,PERSON_CHEDLY_MOUKHATET_HAMROUNI,- Renouvellement du mandat du gérant Mr Moukhatet Hamrouni Chedly pour 3 ans.
Mourad Bezrati||Nomination de gérant et transfert de siège,Mourad Bezrati,Nomination de gérant et transfert de siège,,PERSON_BEZRATI_MOURAD,MOURAD BEZRATI,,,0.475,ambiguous,1.0,0.0,0.0,0.5,1.0,1,0.475,,1,2010-06-19,2010-06-19,1,1,PERSON_BEZRATI_MOURAD,- Monsieur Mourad Bezrati a présenté sa démission en tant que gérant de la société et que Monsieur Féthi Bézrati est nommé nouveau gérant de la société et qu'il lui a été délégué les pouvoirs les plus
Mourad Bouneb||Société Bouneb de Nutrition Animale S.B.N.A,Mourad Bouneb,Société Bouneb de Nutrition Animale S.B.N.A,,PERSON_BOUNEB_MOURAD,MOURAD BOUNEB,CO_NUTRITION,SOCIETE DE NUTRITION,0.475,ambiguous,1.0,0.0,0.0,0.5,1.0,1,0.475,,1,2009-11-13,2009-11-13,1,1,PERSON_BOUNEB_MOURAD,- La nomination de Monsieur Amor Bouneb gérant de la société avec pleins pouvoirs en remplacement de Monsieur Mourad Bouneb et ils ont été procédé à l'actualisation de l'article 15 des statuts.
Mourad Caid Essebsi||Nomination d'un nouveau gérant,Mourad Caid Essebsi,Nomination d'un nouveau gérant,1038927A,PERSON_ESEBSI_MOURAD_CAID,MOURAD CAID-ESSEBSI,CO_NOUR,SOCIETE NOUR,0.5,ambiguous,1.0,0.0,1.0,0.0,1.0,6,0.105,PERSON_ESEBSI_MOHAMED_LARBI_CAID,1,2008-03-17,2008-03-17,1,1,PERSON_ESEBSI_MOURAD_CAID,"- Démission du gérant Mr Mohamed Ben Salem, et la nomination de Mr Mourad Caid Essebsi nouveau gérant de la société avec les pouvoirs les plus étendus."
Mourad Maâlej||Société ACIA SUD EXPORT,Mourad Maâlej,Société ACIA SUD EXPORT,985262W,PERSON_MAALEJ_MOURAD,MOURAD MAALEJ,,,0.5,ambiguous,1.0,0.0,0.0,1.0,0.0,6,0.21,PERSON_MAALEJ_MUSTAPHA,1,2008-04-25,2008-04-25,1,1,PERSON_MAALEJ_MOURAD,"Suivant acte sous seing privé conclu le 13 mars 2008, et enregistré à la recette des enregistrements des actes des sociétés de Sfax le 14 mars 2008, sous le n° 08101198 quittance n° M001233, la sociét"
"Mr Lotfi Slaheddine Erneza||SOCIETE CHROME DECOR, SARL",Mr Lotfi Slaheddine Erneza,"SOCIETE CHROME DECOR, SARL",,PERSON_ERNEZ_LOTFI,LOTFI ERNEZ,CO_CHROME_DECOR,CHROME DECOR,0.6682,ambiguous,0.909,1.0,0.0,0.0,0.0,1,0.6682,,1,2010-01-05,2010-01-05,1,1,PERSON_ERNEZA_LOTFI_SLAHEDINE,"2) En vertu d'un contrat du 21/11/2009 enregistré à la recette des finances Av. Mhammed Maarouf Sousse le 3/12/2009 sous le n° 09702373, quittance n° 066088, Mr Mr Lotfi Slaheddine Erneza cédé à Mme R"
Mzoughi Maher||Société YASSINE CONFECTION,Mzoughi Maher,Société YASSINE CONFECTION,1216079C,PERSON_MZOUGHI_MAHER,MAHER MZOUGHI,CO_YASSINE_CONFECTION,YASSINE CONFECTION,0.5,ambiguous,1.0,0.0,1.0,0.0,1.0,2,0.45,PERSON_ABID_NABIL,1,2011-09-10,2011-09-10,1,1,PERSON_MAHER_MZOUGHI,Gérance : Monsieur Mzoughi Maher est nommé gérant de la société avec les pouvoirs les plus étendus.
Nabil Belgacem||COULEURS OLIVE,Nabil Belgacem,COULEURS OLIVE,,PERSON_BELGUECEM_NABIL,NABIL BELGUECEM,CO_COULEURS_OLIVE,COULEURS OLIVE,0.6882,ambiguous,0.824,1.0,0.0,0.0,1.0,1,0.6882,,1,2010-12-27,2010-12-27,1,1,PERSON_BELGACEM_NABIL,Gérance : Monsieur Nabil Belgacem est nommé gérant de la société.
Nabil Ben Abdallah||Nomination du mandat des membres du conseil d'administration,Nabil Ben Abdallah,Nomination du mandat des membres du conseil d'administration,601563B,PERSON_BENABDALAH_NABIL,NABIL BEN-ABDALLAH,CO_CONSEIL,SOCIETE LE CONSEIL,0.5,ambiguous,1.0,0.0,1.0,0.0,1.0,2,0.45,PERSON_SAIDI_MOHAMED,1,2011-06-08,2011-06-08,1,1,PERSON_BENABDALAH_NABIL,- la nomination de Monsieur Nabil Ben Abdallah en qualité d'administrateur de la société pour une période de trois ans.
Nabil Gatti||UBCI DEVELOPPEMENT,Nabil Gatti,UBCI DEVELOPPEMENT,,PERSON_GATI_NABIL,NABIL GATTI,,,0.5,ambiguous,1.0,0.0,0.0,1.0,0.0,1,0.5,,1,2011-06-12,2011-06-12,1,1,PERSON_GATI_NABIL,"Sté UBCI SA, Sté UBCI FINANCE SA, M. Neil Khalladi, M. Nabil Gatti, Mme Awatef Mechri, M. Khalil Ben Salah, M. Alain BISCAYE. - Nomme Cabinet ECC- MAZARS SARL (Société d'expertise comptable), commissa"
Nadhir EL Kafi||Société PIC SARL,Nadhir EL Kafi,Société PIC SARL,,PERSON_ELKAFI_NADHIR,NADHIR EL-KAFI,,,0.5,ambiguous,1.0,0.0,0.0,1.0,0.0,1,0.5,,1,2010-04-15,2010-04-15,1,1,PERSON_ELKAFI_NADHIR,"En vertu d'un acte SSP en date du 26 avril 2010, enregistré à la recette des finances Ras Ejbel le 3 mai 2010 sous le n°10101562 avec une quittance n°19599 dont deux exemplaires ont été déposés au gre"
Najeh Sayés||Société International Textile,Najeh Sayés,Société International Textile,1190337M,PERSON_SAYES_NAJEH,NAJEH SAYES,CO_INTERNATIONAL_ATEF_TEXTILE,SOCIETE INTERNATIONAL ATEF TEXTILE IAT,0.525,ambiguous,1.0,0.0,1.0,0.5,0.0,2,0.525,PERSON_LARNAOUT_ATEF,1,2011-03-22,2011-03-22,1,1,PERSON_SAYES_NAJEH,Gérance : Mr Saber Karaoud et Mr Najeh Sayés sont nommés gérants de la société avec les pouvoirs les plus étendus
Nifar Habib||Procès verbal de l'assemblée générale ordinaire du 13/6/2012,Nifar Habib,Procès verbal de l'assemblée générale ordinaire du 13/6/2012,381833D,PERSON_NIFAR_HABIB,HABIB NIFAR,CO_GENERALE,SOCIETE GENERALE,0.5,ambiguous,1.0,0.0,1.0,0.0,1.0,2,0.45,PERSON_KOOLI_ALI,1,2012-06-13,2012-06-13,1,1,PERSON_HABIB_NIFAR,"- Renouvellement du mandat Monsieur Nifar Habib, comme administrateur pour une durée de trois ans 2012, 2013, 2014."
Noureddine Abbès||Société tout travaux industriels : S,Noureddine Abbès,Société tout travaux industriels : S,1075106C,PERSON_ABES_NOUREDINE,NOUREDDINE ABBES,CO_TRAVAUX_INDUSTRIELS,SOCIETE DE TRAVAUX INDUSTRIELS,0.5,ambiguous,1.0,0.0,1.0,0.0,1.0,3,0.36,PERSON_ABES_NAJLA,1,2008-11-11,2008-11-11,1,1,PERSON_ABES_NOUREDINE,Gérance: Mr Noureddine Abbès a été nommé gérant de la société avec les pouvoirs les plus étendus.
Noureddine Zouiten||Société ALMA,Noureddine Zouiten,Société ALMA,,PERSON_ZOUITEN_NOUREDINE,NOUREDDINE ZOUITEN,CO_ALMA,SOCIETE ALMA,0.5,ambiguous,1.0,0.0,0.0,1.0,0.0,2,0.425,PERSON_SAIDANE_MOHAMED,1,2010-12-03,2010-12-03,1,1,PERSON_ZOUITEN_NOUREDINE,"- Mr Mohamed Saidane et Mr Mohamed Hedi Ben Ayed ont cédé les parts qu'ils détiennent dans la Société ALMA à Mr Noureddine Zouiten, Mr Mohamed Moez Zouiten et Mme Hager Zouaoui Zouiten."
Noureddine Zouiten||Société ALULUX,Noureddine Zouiten,Société ALULUX,,PERSON_ZOUITEN_NOUREDINE,NOUREDDINE ZOUITEN,CO_ALULUX,ALULUX,0.5,ambiguous,1.0,0.0,0.0,1.0,0.0,2,0.425,PERSON_SAIDANE_MOHAMED,1,2010-12-10,2010-12-10,1,1,PERSON_ZOUITEN_NOUREDINE,"Mr Mohamed Saidane, Mr Mohamed Hedi Ben Ayed, Mme Salwa Elhif et Mme Salma Charfi ont cédé les parts qu'ils détiennent dans la Société ALULUX à Mr Noureddine Zouiten, Mr Mohamed Moez Zouiten et Mme Ha"
Nébil BEN GHORBAL||WIRENET Spécial Câble,Nébil BEN GHORBAL,WIRENET Spécial Câble,1107405N,PERSON_BENGHORBAL_NEBIL,NEBIL BEN-GHORBAL,,,0.5,ambiguous,1.0,0.0,0.0,1.0,0.0,3,0.285,PERSON_BENGHORBAL_NACEUR,1,2009-02-21,2009-02-21,1,1,PERSON_BENGHORBAL_NEBIL,"Il a été déposé au greffe du tribunal de 1ère instance de Tunis bureau unique en date du 08/07/2009, sous le n° D2415392009 deux exemplaires des statuts et deux exemplaires de la liste des souscripteu"
Olfa Idriss||PAINTEC TUNISIA,Olfa Idriss,PAINTEC TUNISIA,,PERSON_BENJEMAA_OLFA_DRIS,OLFA DRISS BEN-JEMAA,CO_PAINTEC_TUNISIA,PAINTEC TUNISIA,0.6475,ambiguous,0.85,1.0,0.0,0.0,0.0,1,0.6475,,1,2009-11-11,2009-11-11,1,1,PERSON_IDRIS_OLFA,"Suivant PV de l'AGE en date du 11/11/2009 enregistré à la REAS Sfax le 19/11/2009 quittance n° M005834, dont deux originaux ont été déposés au greffe du tribunal de première instance de Sfax sous le n"
Olivier Rigaudy||Société Mediterrannenne de Téléservices,Olivier Rigaudy,Société Mediterrannenne de Téléservices,984713Y,PERSON_RIGAUDY_OLIVIER,OLIVIER RIGAUDY,CO_MEDITERRANEENNE_TELESERVICES,SOCIETE MEDITERRANEENNE DE TELESERVICES,0.5,ambiguous,1.0,0.0,1.0,0.0,1.0,2,0.45,PERSON_PROVILE_FREDERIC,1,2012-07-31,2012-07-31,1,1,PERSON_RIGAUDY_OLIVIER,- La ratification de la cooptation de Mr. Olivier Rigaudy en tant qu'administrateur décidée par le conseil du 5 juillet 2011 en remplacement de M. Norberto Varas démissionnaire au 4 juillet 2011.
Olivier Rigaudy||Société Tunisienne de Télémarketing,Olivier Rigaudy,Société Tunisienne de Télémarketing,149634M,PERSON_RIGAUDY_OLIVIER,OLIVIER RIGAUDY,CO_TUNISIENNE_TELEMARKETING,SOCIETE TUNISIENNE DE TELEMARKETING,0.5,ambiguous,1.0,0.0,1.0,0.0,1.0,2,0.45,PERSON_PROVILE_FREDERIC,1,2012-03-27,2012-03-27,1,1,PERSON_RIGAUDY_OLIVIER,- La ratification de la cooptation de Mr. Olivier Rigaudy en tant qu'administrateur. décidée par le conseil du 5 Juillet 2011 en remplacement de M. Norberto Varas démissionnaire au 4 Juillet 2011.
Omar Abid||Nomination d'un membre du conseil d'administration,Omar Abid,Nomination d'un membre du conseil d'administration,817422H,PERSON_ABID_OMAR,OMAR ABID,CO_CONSEIL,SOCIETE LE CONSEIL,0.5,ambiguous,1.0,0.0,1.0,0.0,1.0,2,0.45,PERSON_SAIDI_MOHAMED,1,2008-12-06,2008-12-06,1,1,PERSON_ABID_OMAR,Il a été décidé la nomination de Mr Omar Abid en qualité d'administrateur de la Société Select Hardware pour une période de 3 ans.
Omar Abid||Renouvellement mandat d'administrateur,Omar Abid,Renouvellement mandat d'administrateur,817422H,PERSON_ABID_OMAR,OMAR ABID,CO_CONSEIL,SOCIETE LE CONSEIL,0.5,ambiguous,1.0,0.0,1.0,0.0,1.0,2,0.45,PERSON_SAIDI_MOHAMED,1,2011-10-12,2011-10-12,1,1,PERSON_ABID_OMAR,"Suivant procès d'assemblée générale ordinaire de la société Select Hardware tenue le 5 juillet 2011, enregistré à la recette des finances Rue Paradis - Ariana le 12 octobre 2011 sous le numéro 1170867"
Ons Bouthour||Rayan Events,Ons Bouthour,Rayan Events,,PERSON_ZOUARI_ONS_BOUTHOUR,ONS BOUTHOUR ZOUARI,CO_RAYAN_EVENTS,RAYAN EVENTS,0.6975,ambiguous,0.85,1.0,0.0,0.0,1.0,2,0.2975,PERSON_BOUTHOUR_ONS_ZOUARI,1,2009-01-17,2009-01-17,1,1,PERSON_BOUTHOUR_ONS,"Gérance : Mme Ons Bouthour née Zouari est nommée gérante de la société et investit des pouvoirs les plus étendus pour agir en toute circonstance, dans le cadre de la loi et des statuts, au nom de la s"
Patrick Le Buffe||Nomination d'un administrateur,Patrick Le Buffe,Nomination d'un administrateur,,PERSON_BUFE_PATRICK_LE,PATRICK LE BUFFE,,,0.475,ambiguous,1.0,0.0,0.0,0.5,1.0,1,0.475,,1,2009-06-04,2009-06-04,1,1,PERSON_BUFE_PATRICK_LE,- La nomination de Mr. Patrick Le Buffe en qualité d'administrateur jusqu'à l'approbation des comptes de l'exercice 2009.
Pierre Beaurepaire||(Ex Intermédiaire International),Pierre Beaurepaire,(Ex Intermédiaire International),,PERSON_BEAUREPAIRE_PIERE,PIERRE BEAUREPAIRE,,,0.475,ambiguous,1.0,0.0,0.0,0.5,1.0,1,0.475,,1,2012-06-28,2012-06-28,1,1,PERSON_BEAUREPAIRE_PIERE,"2) De coopter M. Pierre Beaurepaire pour le poste d'administrateur au sein du conseil d'administration de l'Intermédiaire International,"
Rachid Bouchaala||Nomination d'un nouveau gérant,Rachid Bouchaala,Nomination d'un nouveau gérant,20573W,PERSON_BOUCHAALA_RACHID,RACHID BOUCHAALA,,,0.5,ambiguous,1.0,0.0,0.0,1.0,0.0,1,0.5,,1,2011-03-23,2011-03-23,1,1,PERSON_BOUCHAALA_RACHID,"Suivant contrat de cession de parts sociales enregistré à la recette de Bouargoub le 15 Août 2011 sous le n°11100446 Quittance n°7653, M. Rachid Bouchaala (CIN n°1015371) a cédé 15 000 parts, de dix D"
Radouan Cherif||---,Radouan Cherif,---,306826H,PERSON_CHERIF_RAOUANE,RAOUANE CHERIF,CO_GALION,GALION,0.525,ambiguous,1.0,0.0,1.0,0.5,0.0,11,0.335,PERSON_CHERIF_RABIE,1,2010-04-16,2010-04-16,1,1,PERSON_CHERIF_RADOUAN,Cette assemblée a donné les pouvoirs les plus étendus au Président Directeur Général Monsieur Radouan Cherif ou à Monsieur Slim Elloumi ou à tout autre mandataire désigné par le Président Directeur Gé
Radouan Cherif||GALION INTERNATIONALE,Radouan Cherif,GALION INTERNATIONALE,1028928W,PERSON_CHERIF_RAOUANE,RAOUANE CHERIF,CO_GALION,GALION,0.5,ambiguous,1.0,0.0,1.0,0.0,1.0,11,0.31,PERSON_CHERIF_RABIAA,1,2010-04-16,2010-04-16,1,1,PERSON_CHERIF_RADOUAN,Société Galion Distribution représentée par Monsieur Radouan Cherif
Rafaa Ben Salem||Société Immobilière Tuntex SARL,Rafaa Ben Salem,Société Immobilière Tuntex SARL,1192448C,PERSON_BENSALEM_RAFIAA_DRIS,RAFIAA DRISS BEN-SALEM,CO_TUNTEX,TUNTEX,0.5,ambiguous,1.0,0.0,1.0,0.0,1.0,3,0.05,PERSON_BENSALEM_RAFAA,1,2012-06-20,2012-06-20,1,1,PERSON_BENSALEM_RAFAA,"Gérant : Monsieur Rafaa Ben Salem, est nommé gérant de la société pour une durée de 3 ans avec les pouvoirs les plus étendus."
Ramzi Kilani Jerad||LINCKIA,Ramzi Kilani Jerad,LINCKIA,,PERSON_JERAD_RAMZI_KILANI,RAMZI KILANI JERAD,CO_LINCKIA,LINCKIA,0.75,ambiguous,1.0,1.0,0.0,0.0,1.0,3,0.0389,PERSON_JRAD_RAMZI_KILANI,1,2011-09-13,2011-09-13,1,1,PERSON_JERAD_RAMZI_KILANI,La Gérance : M. Ramzi Kilani Jerad est nommé gérant de la société avec les pouvoirs les plus étendus pour toute la période de la société.
Ramzi Sandi||Renouvellement de la nomination du Président Directeur Général,Ramzi Sandi,Renouvellement de la nomination du Président Directeur Général,719175P,PERSON_SANDI_RAMZI,RAMZI SANDI,CO_SANOFI_AVENTIS_PHARMA_TUNISIE,SANOFI AVENTIS PHARMA TUNISIE,0.5,ambiguous,1.0,0.0,1.0,0.0,1.0,7,0.45,PERSON_LAMRANI_ADIL,1,2007-10-19,2007-10-19,1,1,PERSON_SANDI_RAMZI,- Acceptation de la démission de M. Ramzi Sandi en tant que ancien administrateur et acceptation de la nomination de M. Chokri Jribi en qualité de nouveau administrateur.
Ramzi Sandi||Winthrop Pharma Tunisie,Ramzi Sandi,Winthrop Pharma Tunisie,296179R,PERSON_SANDI_RAMZI,RAMZI SANDI,CO_WINTHROP_PHARMA_TUNISIE,WINTHROP PHARMA TUNISIE,0.5,ambiguous,1.0,0.0,1.0,0.0,1.0,2,0.5,PERSON_KAMOUN_WASIM,1,2010-06-15,2010-06-15,1,1,PERSON_SANDI_RAMZI,- Acceptation de la proposition de nomination de M. Ramzi Sandi en qualité de nouveau administrateur.
Raouf Zouri||Univers professionnel services (U,Raouf Zouri,Univers professionnel services (U,1097421F,PERSON_ZOUARI_RAOUF,RAOUF ZOUARI,CO_UNIVERS_PROFESSIONNEL_SERVICES,UNIVERS PROFESSIONNEL SERVICES UPS,0.6948,ambiguous,0.909,0.933,0.0,0.0,1.0,1,0.6948,,1,2009-04-20,2009-04-20,1,1,PERSON_ZOURI_RAOUF,Gérant : Monsieur Raouf Zouri est désigné gérant de la société avec les pouvoirs les plus étendus.
Riadh Ben Ahmed||Renouvellement du mandat du commissaire aux comptes,Riadh Ben Ahmed,Renouvellement du mandat du commissaire aux comptes,737758K,PERSON_BENAHMED_RIADH,RIADH BEN-AHMED,CO_CONSEIL,SOCIETE LE CONSEIL,0.6,ambiguous,1.0,0.0,1.0,1.0,0.0,2,0.6,PERSON_SAIDI_MOHAMED,1,2008-06-26,2008-06-26,1,1,PERSON_BENAHMED_RIADH,"- Le renouvellement du mandat des membres actuels du Conseil d'administration, Mr Bouraoui Ben Ahmed, Mr Sadri Ben Ahmed, Mr Riadh Ben Ahmed et Karim Ben Ahmed pour les exercices 2008, 2009 et 2010."
Ridha Belmabrouk||Société de Mise en Valeur et de Développement Agricole,Ridha Belmabrouk,Société de Mise en Valeur et de Développement Agricole,782319V,PERSON_BELMABROUK_RIDHA,RIDHA BELMABROUK,CO_MISE_EN_VALEUR_DEVELOPPEMENT_AGRICOLE,SOCIETE DE MISE EN VALEUR ET DE DEVELOPPEMENT AGRICOLE,0.575,ambiguous,1.0,0.0,1.0,0.5,1.0,2,0.575,PERSON_ABDENADHER_KARIM,1,2010-08-27,2010-08-27,1,1,PERSON_BELMABROUK_RIDHA,Monsieur Ridha Belmabrouk est désigné directeur général adjoint.
Ridha El Mabrouk||Société AMENI-TEX Confection,Ridha El Mabrouk,Société AMENI-TEX Confection,,PERSON_MABROUK_RIDHA,RIDHA MABROUK,CO_AMENI_TEX_CONFECTION,AMENI TEX CONFECTION,0.6562,ambiguous,0.875,1.0,0.0,0.0,0.0,1,0.6562,,1,2011-06-23,2011-06-23,1,1,PERSON_ELMABROUK_RIDHA,En vertu du procès verbal de l'AGE en date du 23/6/2011 enregistré à Ouardanine le 25/6/2011 n° quittance M005120 enregistrement n° 11500277 dont deux copies ont été déposées au greffe du tribunal de 
Ridha M'RAD||MARETAP SA,Ridha M'RAD,MARETAP SA,437877X,PERSON_M_RAD_RIDHA,RIDHA M'RAD,CO_MARETAP,MARETAP,0.5,ambiguous,1.0,0.0,1.0,0.0,1.0,2,0.5,PERSON_BENCHAABANE_NEJIB,1,2008-06-23,2008-06-23,1,1,PERSON_M_RAD_RIDHA,"- La nomination de Messieurs Ridha M'RAD et Jamel Eddine Kasbi comme nouveaux administrateurs représentant l'ETAP en remplacement de Messieurs Mokhtar Krissane et Ali Mahfoudhi et ce, pour un mandat d"
Ridha Zerzeri||Nomination des membres du conseil d'administration et du commissaire aux comptes,Ridha Zerzeri,Nomination des membres du conseil d'administration et du commissaire aux comptes,20427L,PERSON_ZERZERI_RIDHA_HEDI,RIDHA HEDI ZERZERI,CO_CONSEIL,SOCIETE LE CONSEIL,0.6,ambiguous,1.0,0.0,1.0,1.0,0.0,4,0.075,PERSON_ZERZERI_RIDHA,1,2011-11-20,2011-11-20,1,1,PERSON_ZERZERI_RIDHA,- De nommer les membres du conseil d'administration par le renouvellement des mandats de M. Mehdi Zerzeri et M. Hédi Zerzeri ainsi que la nomination de M. Ridha Zerzeri.
Rim Bouricha||Centre d'appareillage orthopédique AMANA,Rim Bouricha,Centre d'appareillage orthopédique AMANA,126222G,PERSON_BOURICHA_RIM,RIM BOURICHA,CO_AMANA,AMANA,0.5,ambiguous,1.0,0.0,1.0,0.0,1.0,8,0.31,PERSON_BOURICHA_RADHIA,1,2012-07-28,2012-07-28,1,1,PERSON_BOURICHA_RIM,Gérance : Mme Rim Bouricha est désignée gérante avec les pouvoirs pour une durée de trois ans.
Rocco Irene||Société AL.DO.VI. PELLETERIA ITALIA,Rocco Irene,Société AL.DO.VI. PELLETERIA ITALIA,,PERSON_IRENE_ROCO,ROCCO IRENE,CO_AL_DO_VI_PELLETERIA_ITALIA,AL.DO.VI. PELLETERIA ITALIA,0.5,ambiguous,1.0,0.0,0.0,1.0,0.0,5,0.35,PERSON_CENI_ALDEMARO,1,2008-10-20,2008-10-20,1,1,PERSON_IRENE_ROCO,- M. Domenico Ramunno (Initialement propriétaire de 40 parts) a cédé 10 parts à M. Rocco Irene.
Rochdi Chakroun||Contrat de Cession de parts Sociales,Rochdi Chakroun,Contrat de Cession de parts Sociales,,PERSON_CHAKROUN_ROCHDI,ROCHDI CHAKROUN,,,0.5,ambiguous,1.0,0.0,0.0,1.0,0.0,1,0.5,,1,2009-02-11,2009-02-11,1,1,PERSON_CHAKROUN_ROCHDI,- M. Rochdi Chakroun cède 147 parts sociales lui appartenant dans la société M3S à M. Bouraoui Zineddine.
SABRI MALEK CHTA||SOCIETE TANNERIE DU NORD,SABRI MALEK CHTA,SOCIETE TANNERIE DU NORD,7166D,PERSON_CHTA_SABRI,SABRI CHTA,CO_TANNERIE_NORD,TANNERIE DU NORD,0.875,ambiguous,1.0,1.0,1.0,0.5,0.0,9,0.0,PERSON_CHTA_MALEK,1,2011-10-20,2011-10-20,1,1,PERSON_CHTA_SABRI_MALEK,"greffe du tribunal de première instance de Bizerte le 29/11/2011 sous le n° 201158684, il a été décidé de détacher Mr SABRI MALEK CHTA de ces fonctions en tant que gérant et la nomination de Mr Mohame"
SEIF SALLAMI||Sté Groupement Agricole» S.A.R.L,SEIF SALLAMI,Sté Groupement Agricole» S.A.R.L,,PERSON_SELAMI_SEIF,SEIF SELLAMI,ORG_GROUPEMENT_AGRICOLE,GROUPEMENT AGRICOLE,0.6731,ambiguous,0.923,1.0,0.0,0.0,0.0,1,0.6731,,1,2011-03-26,2011-03-26,1,1,PERSON_SALAMI_SEIF,"La démission du deuxième gérant de la société, Monsieur SEIF SALLAMI, Tunisien, CIN n° 05641697."
SEIF Sallami Tuinisen||Sté Groupement Agricole» S.A.R.L,SEIF Sallami Tuinisen,Sté Groupement Agricole» S.A.R.L,,PERSON_SELAMI_SEIF,SEIF SELLAMI,ORG_GROUPEMENT_AGRICOLE,GROUPEMENT AGRICOLE,0.6475,ambiguous,0.85,1.0,0.0,0.0,0.0,1,0.6475,,1,2011-01-24,2011-01-24,1,1,PERSON_TUINISEN_SEIF_SALAMI,"- La démission du deuxième gérant de la société, Monsieur SEIF Sallami Tuinisen, CIN n° 05641697."
Saber Karaoud||Société AMIS MACHINE SARL,Saber Karaoud,Société AMIS MACHINE SARL,1179411H,PERSON_KARAOUD_SABER,SABER KARAOUD,CO_AMIS,SOCIETE LES AMIS,0.5,ambiguous,1.0,0.0,1.0,0.0,1.0,2,0.45,PERSON_ENEIFER_MARWA,1,2011-01-21,2011-01-21,1,1,PERSON_KARAOUD_SABER,Gérant : Mr Saber Karaoud avec les pouvoirs les plus étendus.
Saber Karaoud||Société International Textile,Saber Karaoud,Société International Textile,1190337M,PERSON_KARAOUD_SABER,SABER KARAOUD,CO_INTERNATIONAL_ATEF_TEXTILE,SOCIETE INTERNATIONAL ATEF TEXTILE IAT,0.525,ambiguous,1.0,0.0,1.0,0.5,0.0,2,0.525,PERSON_LARNAOUT_ATEF,1,2011-03-22,2011-03-22,1,1,PERSON_KARAOUD_SABER,Gérance : Mr Saber Karaoud et Mr Najeh Sayés sont nommés gérants de la société avec les pouvoirs les plus étendus
Sabta Ali Ben El Mabrouk||Société Unie d'Urbanism,Sabta Ali Ben El Mabrouk,Société Unie d'Urbanism,,PERSON_BENMABROUK_SABTA_ALI,SABTA ALI BEN-MABROUK,CO_UNIE_DURBANISM,SOCIETE UNIE DURBANISM,0.6762,ambiguous,0.824,0.966,0.0,0.0,1.0,21,0.4862,PERSON_MABROUK_SALAH,1,2012-03-12,2012-03-12,1,1,PERSON_MABROUK_SABTA_ALI_BENEL,Gérance : Mr Sabta Ali Ben El Mabrouk est nommé gérant de la société.
Saddredine Abbas||Amwell Capital Ventures,Saddredine Abbas,Amwell Capital Ventures,,PERSON_ABAS_SADEREDINE,SADERREDINE ABBAS,,,0.55,ambiguous,1.0,0.0,0.0,1.0,1.0,4,0.0,PERSON_ABAS_SADREDINE,1,2011-06-24,2011-06-24,1,1,PERSON_ABAS_SADREDINE,"Le renouvellement du mandat de : M. Férid Abbas, M. Hamadi Abbas, M. Saddredine Abbas, Mlle Chiraz ABBAS et Mme Nedra Baizig en qualité d'administrateurs et ce pour un mandat de 3 ans qui se terminera"
Sadreddine Abbas||Amwell Capital Ventures,Sadreddine Abbas,Amwell Capital Ventures,1044608A,PERSON_ABAS_SADEREDINE,SADERREDINE ABBAS,,,0.5,ambiguous,1.0,0.0,0.0,1.0,0.0,4,0.0,PERSON_ABAS_SADREDINE,1,2008-02-15,2008-02-15,1,1,PERSON_ABAS_SADREDINE,Directeur général adjoint : Monsieur Sadreddine Abbas.
Sadri Ben Ahmed||Renouvellement du mandat du commissaire aux comptes,Sadri Ben Ahmed,Renouvellement du mandat du commissaire aux comptes,737758K,PERSON_BENAHMED_SADRI,SADRI BEN-AHMED,CO_CONSEIL,SOCIETE LE CONSEIL,0.6,ambiguous,1.0,0.0,1.0,1.0,0.0,3,0.46,PERSON_BENAHMED_SLAHEDINE,1,2008-06-26,2008-06-26,1,1,PERSON_BENAHMED_SADRI,"- Le renouvellement du mandat des membres actuels du Conseil d'administration, Mr Bouraoui Ben Ahmed, Mr Sadri Ben Ahmed, Mr Riadh Ben Ahmed et Karim Ben Ahmed pour les exercices 2008, 2009 et 2010."
Sadri Mokhtar||Renouvellement du mandat des administrateurs,Sadri Mokhtar,Renouvellement du mandat des administrateurs,774253X,PERSON_MOKHTAR_SADRI,SADRI MOKHTAR,,,0.5,ambiguous,1.0,0.0,0.0,1.0,0.0,1,0.5,,1,2008-01-03,2008-01-03,1,1,PERSON_MOKHTAR_SADRI,"a décidé de désigner comme membres du conseil d'administration, pour la durée prévue par l'article 16 des statuts, c'est-à-dire pour une durée de trois ans : Monsieur Fethi Mokhtar, Madame Insaf Mokht"
Sadri Mokhtar||Société TUNISIE PLATRE,Sadri Mokhtar,Société TUNISIE PLATRE,1216754Q,PERSON_MOKHTAR_SADRI,SADRI MOKHTAR,CO_TUNISIE_PLATRE,TUNISIE PLATRE,0.525,ambiguous,1.0,0.0,1.0,0.5,0.0,2,0.31,PERSON_MOKHTAR_KAIS,1,2011-10-01,2011-10-01,1,1,PERSON_MOKHTAR_SADRI,Monsieur Sadri Mokhtar a été désigné Directeur Général Adjoint.
Salah AOUN||Société HAZOUA DATTES,Salah AOUN,Société HAZOUA DATTES,,PERSON_OUN_SALAH,SALAH OUN,CO_HAZOUA_DATTES,HAZOUA DATTES,0.65,ambiguous,0.857,1.0,0.0,0.0,0.0,1,0.65,,1,2009-06-08,2009-06-08,1,1,PERSON_AOUN_SALAH,"2- Nomination des administrateurs: Monsieur Hachem BELAIFA, Monsieur Salah AOUN, la société BOUDJEBEL SA VACPA et la société ATTUARI SICAR pour une période de trois ans soit les exercices 2009, 2010 &"
Salah Ftirich||Société Trading et Oilfield Services,Salah Ftirich,Société Trading et Oilfield Services,,PERSON_SALEH_FTIRICH,FTIRICH SALEH,CO_TRADING_OILFIELD_SERVICES,SOCIETE TRADING OILFIELD SERVICES,0.68,ambiguous,0.8,1.0,0.0,0.0,1.0,4,0.28,PERSON_FTIRICH_SALAH,1,2012-06-28,2012-06-28,1,1,PERSON_FTIRICH_SALAH,- Nomination de Mr Salah Ftirich comme second gérant.
Salem Ben Hassen Ben Ali||TUNISO - LYBIENNNE D'ETUDES,Salem Ben Hassen Ben Ali,TUNISO - LYBIENNNE D'ETUDES,,PERSON_KAMOUN_SALEM_BENHASEN_BENALI,SALEM BEN-HASSEN BEN-ALI KAMMOUN,CO_TUNISO_LYBIENNE_D_ETUDES,SOCIETE TUNISO LYBIENNE D'ETUDES,0.6975,ambiguous,0.85,1.0,0.0,0.0,1.0,3,0.5075,PERSON_BENALI_SIRINE,1,2011-12-13,2011-12-13,1,1,PERSON_BENALI_SALEM_BENHASEN,Gérance : Mr. Salem Ben Hassen Ben Ali Kamoun a été nommé gérant avec les pouvoirs les plus étendus.
Sami Ben Marzouk||Société Ehafra Tubes SARL,Sami Ben Marzouk,Société Ehafra Tubes SARL,9526R,PERSON_BENMARZOUK_SAMI,SAMI BEN-MARZOUK,CO_CHAFRA_TUBES,CHAFRA TUBES,0.6708,ambiguous,1.0,0.917,0.0,0.0,0.0,1,0.6708,,1,2008-08-08,2008-08-08,1,1,PERSON_BENMARZOUK_SAMI,greffe du tribunal de Tunis le 22 août 2008 sous le n° D1663097. Il a été décidé que l'associé Monsieur Sami Ben Marzouk est nommé Gérant de la dite société avec les pouvoirs les plus étendus.
Sami Guellouz||AMENA GENERAL SERVICES,Sami Guellouz,AMENA GENERAL SERVICES,1175219S,PERSON_GUELOUZ_SAMI,SAMI GUELLOUZ,CO_AMENA_GENERAL_SERVICES,AMENA GENERAL SERVICES,0.5,ambiguous,1.0,0.0,1.0,0.0,1.0,2,0.5,PERSON_KSANTINI_SOULEF,1,2010-10-08,2010-10-08,1,1,PERSON_GUELOUZ_SAMI,la société BEST RE(family) représenté par MR Sami Guellouz
Samia Chaabene||SAM MEDICAL,Samia Chaabene,SAM MEDICAL,,PERSON_CHAABANE_SAMIA,SAMIA CHAABANE,CO_SAM_MEDICAL,SAM MEDICAL,0.6562,ambiguous,0.875,1.0,0.0,0.0,0.0,2,0.4838,PERSON_CHAABANE_SONIA,1,2012-02-01,2012-02-01,1,1,PERSON_CHAABENE_SAMIA,Gérante : Mademoiselle Samia Chaabene.
Samir Zghal||AX SOLUTIONS SA,Samir Zghal,AX SOLUTIONS SA,1127003J,PERSON_ZGHAL_SAMIR,SAMIR ZGHAL,CO_AX_SOLUTIONS,AX SOLUTIONS,0.525,ambiguous,1.0,0.0,1.0,0.5,0.0,5,0.375,PERSON_TEKAYA_HOUDA,1,2009-10-16,2009-10-16,1,1,PERSON_ZGHAL_SAMIR,* La Société OXIA représentée par son président directeur général Mr Samir Zghal.
Samir Zghal||CASSIOPAE MEA,Samir Zghal,CASSIOPAE MEA,,PERSON_ZGHAL_SAMIR,SAMIR ZGHAL,,,0.475,ambiguous,1.0,0.0,0.0,0.5,1.0,2,0.285,PERSON_ZGHAL_SALMA,1,2009-11-02,2009-11-02,1,1,PERSON_ZGHAL_SAMIR,"- La nomination de OXIA, Monsieur Mehdi Tékaya, KSEOP Holding, Monsieur Emmanuel Gillet, Monsieur Jemil Ben Romdhane, Monsieur Franck Jacovlev et Monsieur Samir Zghal comme premiers administrateurs po"
Samira Chaabane||Société Mongi Chaari,Samira Chaabane,Société Mongi Chaari,44971K,PERSON_CHAABANE_SAMIR,SAMIR CHAABANE,CO_MONGI_CHAARI,ET MONGI CHAARI,0.5,ambiguous,1.0,0.0,1.0,0.0,1.0,22,0.0,PERSON_CHAABANE_SAMIA_SFAR,1,2009-01-30,2009-01-30,1,1,PERSON_CHAABANE_SAMIRA,- Accepter la démission de Madame Samira Chaabane de ses fonctions en tant que gérante de la société. Mr Mongi Chaari demeure le gérant pour une durée indéterminée avec tous les pouvoirs.
Samy Bellagha||Société Agri Business Company ABCO Sidi Daoud,Samy Bellagha,Société Agri Business Company ABCO Sidi Daoud,633423P,PERSON_BELAGHA_SAMY,SAMY BELLAGHA,CO_AGRI_BUSINESS_COMPANY_ABCO_SIDI_DAOUD,SOCIETE AGRI BUSINESS COMPANY ABCO SIDI DAOUD,0.525,ambiguous,1.0,0.0,1.0,0.5,0.0,5,0.335,PERSON_BELAGHA_SALMA,1,2010-05-03,2010-05-03,1,1,PERSON_BELAGHA_SAMY,"2)- la nomination de Monsieur Samy Bellagha en qualité de directeur général adjoint pour la durée de son mandat d'Administrateur pour les exercices 2010 - 2011 - 2012, et lui délègue les pouvoirs les "
"Sandro Scarpetti||sté S&amp;G Consulting, Objet : consulting, Siège : Borj El Khouja Sidi thabet Ariana 2020",Sandro Scarpetti,"sté S&amp;G Consulting, Objet : consulting, Siège : Borj El Khouja Sidi thabet Ariana 2020",1274694V,PERSON_SANDRO_SCARPETI,SCARPETTI SANDRO,CO_G_CONSULTING,G CONSULTING,0.525,ambiguous,1.0,0.0,1.0,0.5,0.0,2,0.525,PERSON_GASPARI_SERGIO,1,2012-11-23,2012-11-23,1,1,PERSON_SCARPETI_SANDRO,"Suivant statuts enregistré à la recette de l'enregistrement des actes de sociétés 1er bureau de Tunis, le 23/11/2012 sous le n° 12510623, quittance n° 12812, dont 02 copies ont été déposées au greffe "
Santarelli Marco||R&amp;M INDUSTRIE,Santarelli Marco,R&amp;M INDUSTRIE,1180755X,PERSON_MARCO_SANTARELI,SANTARELLI MARCO,CO_R_INDUSTRIE,R INDUSTRIE,0.5,ambiguous,1.0,0.0,1.0,0.0,1.0,1,0.5,,1,2010-12-21,2010-12-21,1,1,PERSON_MARCO_SANTARELI,Gérance : Mr Santarelli Marco est nommé Gérant avec les pouvoirs les plus étendus.
Saïd Ben Larbi Loumirem||Mediterranean Gypsum et Plaster Medgyp » - S.A,Saïd Ben Larbi Loumirem,Mediterranean Gypsum et Plaster Medgyp » - S.A,,PERSON_LOUMIREM_SAID_BENLARBI,SAID BEN-LARBI LOUMIREM,CO_MEDITERRANEAN_GYPSUM_PLASTER_MEDGYP,MEDITERRANEAN GYPSUM ET PLASTER MEDGYP,0.676,ambiguous,1.0,0.932,0.0,0.0,0.0,4,0.626,PERSON_BENRHOUMA_ABDERAHMAN,1,2008-02-04,2008-02-04,1,1,PERSON_LOUMIREM_SAID_BENLARBI,"Selon PV du premier conseil d'administration enregistré à la recette des finances de Tataouine, en date du 4 février 2008, sous le numéro 0880209, quittance n° M007350, le conseil d'administration a n"
Seiffedine Hammami Cogérant||SCAM PLUS,Seiffedine Hammami Cogérant,SCAM PLUS,,PERSON_HAMAMI_SEIFEDINE,SEIFFEDINE HAMMAMI,CO_SCAM_PLUS,SCAM PLUS,0.6475,ambiguous,0.85,1.0,0.0,0.0,0.0,1,0.6475,,1,2012-05-10,2012-05-10,1,1,PERSON_COGERANT_SEIFEDINE_HAMAMI,- Gérance : Monsieur Ahmed Dellagi est nommé Gérant de la société et Monsieur Seiffedine Hammami Cogérant pour une durée de 3 ans renouvelable.
Skander Driss||SOCIETE SEPA,Skander Driss,SOCIETE SEPA,,PERSON_DRIS_SKANDER_BENHEDI,SKANDER BEN-HEDI DRISS,CO_DELEVAGE_PRODUIT_AGRICOLES_SEPA,SOCIETE DELEVAGE ET DE PRODUIT AGRICOLES SEPA,0.75,ambiguous,1.0,1.0,0.0,0.0,1.0,18,0.0,PERSON_DRIS_SKANDER,1,2011-08-17,2011-08-17,1,1,PERSON_DRIS_SKANDER,IL appert le renouvellement du mandat du gérant Monsieur Skander Driss avec les pouvoirs les plus étendus.
Skander Rlahi||Société Industrielle d'Articles de Bureaux,Skander Rlahi,Société Industrielle d'Articles de Bureaux,,PERSON_RIAHI_SKANDER,SKANDER RIAHI,CO_INDUSTRIELLE_DARTICLES_BUREAUX_SIAB,SOCIETE INDUSTRIELLE DARTICLES DE BUREAUX SIAB,0.5923,ambiguous,0.8,0.892,0.0,0.0,0.0,1,0.5923,,1,2009-07-07,2009-07-07,1,1,PERSON_RLAHI_SKANDER,"1- Désigner Mme Najet Chelbi épouse feu Mongi Rlahi, Mr. Skander Rlahi, Mr. Anis Riahi et Madame Jihène Riahi épouse Zaafrani en tant qu'administrateur de la société pour les exercices 2009, 2010 et 2"
Slama Lilia||SOREC,Slama Lilia,SOREC,1052907F,PERSON_SLAMA_LILIA,LILIA SLAMA,CO_SOREC_TRADING,SOREC TRADING,0.5,ambiguous,1.0,0.0,1.0,0.0,1.0,2,0.45,PERSON_TRIKI_WALID,1,2008-04-08,2008-04-08,1,1,PERSON_LILIA_SLAMA,Gérance : Mme Slama Lilia est nommée gérante de la société pour une durée illimitée avec les pouvoirs les plus étendus.
Slama Nadia||Société KING DECOR,Slama Nadia,Société KING DECOR,,PERSON_SLAMA_NEDIA,NEDIA SLAMA,CO_KING_DECOR,KING DECOR,0.63,ambiguous,0.8,1.0,0.0,0.0,0.0,3,0.44,PERSON_SLAMA_GHASEN,1,2012-11-06,2012-11-06,1,1,PERSON_NADIA_SLAMA,Gérant : Mademoiselle Slama Nadia est nommé gérant de la société avec les pouvoirs étendus pour gérer la société.
Slim Bayoudh||SOCIETE BRIQUETERIE EL MOSTAKBAL TEBoulba,Slim Bayoudh,SOCIETE BRIQUETERIE EL MOSTAKBAL TEBoulba,,PERSON_BAYOUDH_SLIM,SLIM BAYOUDH,CO_BRIQUETERIE_EL_MOSTAKBEL_TEBOULBA_BMT,SOCIETE BRIQUETERIE EL-MOSTAKBEL TEBOULBA BMT,0.67,ambiguous,1.0,0.914,0.0,0.0,0.0,3,0.53,PERSON_BAYOUDH_SAFA,1,2010-06-03,2010-06-03,1,1,PERSON_BAYOUDH_SLIM,"Objet : - Nomination d'un nouveau conseil d'administration composé de Mr Khaled Bayoudh, Mr Slim Bayoudh, Mohamed Salah Bayoudh et Mr Hamed Bayoudh."
Slim Bayoudh||Société Briqueterie El Mostakbal Teboulba,Slim Bayoudh,Société Briqueterie El Mostakbal Teboulba,,PERSON_BAYOUDH_SLIM,SLIM BAYOUDH,CO_BRIQUETERIE_EL_MOSTAKBEL_TEBOULBA_BMT,SOCIETE BRIQUETERIE EL-MOSTAKBEL TEBOULBA BMT,0.67,ambiguous,1.0,0.914,0.0,0.0,0.0,3,0.53,PERSON_BAYOUDH_SAFA,1,2011-03-18,2011-03-18,1,1,PERSON_BAYOUDH_SLIM,"Nomination d'un nouveau conseil d'administration composé de Mr Khald Bayoudh, Mr Hamed Bayoudh, Mr Slim Bayoudh, et Mr Mouhamed Salah Bayoudh."
Slim Ben Khamis Chérif||El Amen de Commerce de Materiaux de Construction,Slim Ben Khamis Chérif,El Amen de Commerce de Materiaux de Construction,1088282M,PERSON_CHERIF_SLIM,SLIM CHERIF,CO_EL_AMEN_MATERIAUX_CONSTRUCTION,EL AMEN DE MATERIAUX DE CONSTRUCTION,0.5,ambiguous,1.0,0.0,1.0,0.0,1.0,8,0.05,PERSON_CHERIF_SLIMA,1,2009-02-04,2009-02-04,1,1,PERSON_CHERIF_SLIM_BENKHAMIS,Gérance : Mr Slim Ben Khamis Chérif est nommé gérant de la société avec les pouvoirs les plus étendus pour une période de trois ans renouvelable.
Slim Ben Salem Ben Hassen||Société Modern Petro-Chemical Trading Compagny,Slim Ben Salem Ben Hassen,Société Modern Petro-Chemical Trading Compagny,,PERSON_KAMOUN_SLIM_BENSALEM_BENHASEN,SLIM BEN-SALEM BEN-HASSEN KAMMOUN,CO_PETRO_CHEMICAL_TRADING_COMPAGNY,PETRO CHEMICAL TRADING COMPAGNY,0.6975,ambiguous,0.85,1.0,0.0,0.0,1.0,2,0.5575,PERSON_BENHASEN_SALEM,1,2011-12-27,2011-12-27,1,1,PERSON_BENHASEN_SLIM_BENSALEM,Gérance : Mr. Slim Ben Salem Ben Hassen Kamoun a été nommé gérant avec les pouvoirs les plus étendus.
Sonia MELLOULI||WIRENET Spécial Câble,Sonia MELLOULI,WIRENET Spécial Câble,1107405N,PERSON_MELOULI_SONIA,SONIA MELLOULI,,,0.5,ambiguous,1.0,0.0,0.0,1.0,0.0,1,0.5,,1,2009-02-21,2009-02-21,1,1,PERSON_MELOULI_SONIA,"Il a été déposé au greffe du tribunal de 1ère instance de Tunis bureau unique en date du 08/07/2009, sous le n° D2415392009 deux exemplaires des statuts et deux exemplaires de la liste des souscripteu"
Sonia Mellouli||Société Papeterie du Belvédère,Sonia Mellouli,Société Papeterie du Belvédère,,PERSON_MELOULI_SONIA,SONIA MELLOULI,,,0.475,ambiguous,1.0,0.0,0.0,0.5,1.0,1,0.475,,1,2007-08-03,2007-08-03,1,1,PERSON_MELOULI_SONIA,"La nomination de Monsieur Néjib Bouzaabia, Monsieur Khélifa Hattay et Madame Sonia Mellouli administrateurs pour les années 2007-2008 et 2009."
Soufienne Hadj Belgacem||Changement de gérant,Soufienne Hadj Belgacem,Changement de gérant,980318Y,PERSON_HADJBELGACEM_SOFIEN_EI,SOFIEN EI HADJ BELGACEM,,,0.475,ambiguous,1.0,0.0,0.0,0.5,1.0,2,0.285,PERSON_HADJBELGACEM_SAMI,1,2010-04-08,2010-04-08,1,1,PERSON_HADJBELGACEM_SOUFIENE,"Suivant PV de l'A.G.E. Ordinaire tenue le 8/4/2010, enregistré à la recette des finances de Souassi le 8/4/2010, sous le n° 10700364 - quittance n° 11011310, dont deux copies ont été déposées au greff"
Souhail Atrous||Software Intelligence Company - SA ou Softic S,Souhail Atrous,Software Intelligence Company - SA ou Softic S,,PERSON_ATROUS_SOUHEIL,SOUHEIL ATROUS,CO_SOFTWARE,SOFTWARE SA,0.5,ambiguous,1.0,0.0,0.0,1.0,0.0,3,0.21,PERSON_ATROUS_SLIMA,1,2012-11-30,2012-11-30,1,1,PERSON_ATROUS_SOUHAIL,"L'Assemblée Générale Constitutive du 15 Décembre 2012 enregistrée à la même recette le 17 Décembre 2012, sous le n°12811575, Quittance n°13883, a nommé sept administrateurs : La société EPPM SA, repré"
Souheil Nabli||Tunisie Recouvrement,Souheil Nabli,Tunisie Recouvrement,850588X,PERSON_NABLI_SOUHEIL,SOUHEIL NABLI,CO_TUNISIE_RECOUVREMENT,TUNISIE RECOUVREMENT,0.5,ambiguous,1.0,0.0,1.0,0.0,1.0,2,0.45,PERSON_KILANI_LASAAD,1,2010-02-15,2010-02-15,1,1,PERSON_NABLI_SOUHEIL,- La nomination de Monsieur Souheil Nabli en qualité de directeur général pour toute la durée de son mandat d'administrateur avec les pouvoirs les plus étendus pour agir en toutes circonstances au nom
Tahar Aouinti||Nomination du PDG et DGA,Tahar Aouinti,Nomination du PDG et DGA,19954P,PERSON_AOUINTI_TAHER,TAHER AOUINTI,CO_CONSEIL,SOCIETE LE CONSEIL,0.525,ambiguous,1.0,0.0,1.0,0.5,0.0,2,0.525,PERSON_SAIDI_MOHAMED,1,2011-04-12,2011-04-12,1,1,PERSON_AOUINTI_TAHAR,- Nomination de Mr Tahar Aouinti en qualité de PDG pour une durée de trois ans 2010 - 2011 - 2012.
Tahar Ben Hadj Yahia||Société La Nationale de Promotion Immobilière,Tahar Ben Hadj Yahia,Société La Nationale de Promotion Immobilière,33112M,PERSON_YAHIA_TAHER_BENHADJ,TAHER BEN-HADJ YAHIA,CO_GENERALE,SOCIETE GENERALE,0.575,ambiguous,1.0,0.0,1.0,0.5,1.0,2,0.575,PERSON_KOOLI_ALI,1,2010-11-27,2010-11-27,1,1,PERSON_YAHIA_TAHAR_BENHADJ,"- La nomination de Monsieur Elyes Ben Hadj Yahia, Président Directeur Général de la société en remplacement de Monsieur Tahar Ben Hadj Yahia pour le reste de"
Taher Ayadi||Société LINDA Sarl,Taher Ayadi,Société LINDA Sarl,1205418R,PERSON_AYADI_TAHER,TAHER AYADI,CO_LINDA_APPAREIL_FASHION_SOLAF,SOCIETE LINDA APPAREIL ET FASHION SOLAF,0.5,ambiguous,1.0,0.0,1.0,0.0,1.0,2,0.45,PERSON_NASRI_KAMEL,1,2012-10-01,2012-10-01,1,1,PERSON_AYADI_TAHER,- Accepter la démission de Mr Taher Ayadi du poste du gérant et désigne Mr Mohamed Ayadi en tant que nouvel gérant de la société.
Taieb Ghachem||Nomination du Président Directeur Général,Taieb Ghachem,Nomination du Président Directeur Général,,PERSON_GHACHEM_TAIEB,TAIEB GHACHEM,,,0.475,ambiguous,1.0,0.0,0.0,0.5,1.0,1,0.475,,1,2011-05-25,2011-05-25,1,1,PERSON_GHACHEM_TAIEB,- La nomination de Monsieur Taieb Ghachem en qualité de Directeur Général Adjoint Technique.
Talel Seghaier||Société Meubles Sghaier et Cie,Talel Seghaier,Société Meubles Sghaier et Cie,774808L,PERSON_SEGHAIER_TALEL,TALEL SEGHAIER,,,0.475,ambiguous,1.0,0.0,0.0,0.5,1.0,1,0.475,,1,2012-09-03,2012-09-03,1,1,PERSON_SEGHAIER_TALEL,1. L'acceptation de la démission du gérant Mr Talel Seghaier à partir du 3/9/2012 et la Nomination du nouveau gérant Mr Issam Seghaier à partir du 4/9/2012.
Tarek Abida||LAVASUD,Tarek Abida,LAVASUD,1200294B,PERSON_ABIDA_TAREK,TAREK ABIDA,CO_LAVASUD,SOCIETE LAVASUD,0.5,ambiguous,1.0,0.0,1.0,0.0,1.0,1,0.5,,1,2011-04-20,2011-04-20,1,1,PERSON_ABIDA_TAREK,"Du Procès verbal de la première réunion du conseil d'administration en date du 23/5/2011 enregistré à la recette de l'enregistrement des actes de sociétés de Tunis, le 01/6/2011 sous le n° 11705213 qu"
Touhami Zgoulli||Société Fonderie Moderne de Tunisie,Touhami Zgoulli,Société Fonderie Moderne de Tunisie,,PERSON_ZGOLI_TOUHAMI,TOUHAMI ZGOLLI,CO_FONDERIE_MODERNE_TUNISIE,FONDERIE MODERNE DE TUNISIE FMT,0.6682,ambiguous,0.909,1.0,0.0,0.0,0.0,4,0.5409,PERSON_ZGOLI_SALIM,1,2009-08-28,2009-08-28,1,1,PERSON_ZGOULI_TOUHAMI,- Mr. Touhami Zgoulli est désigné président du conseil et Mme Selma Zgoulli est désignée directeur général
Trabelsi Mohamed Ali||Société Comptoir Bois &amp; Aluminium,Trabelsi Mohamed Ali,Société Comptoir Bois &amp; Aluminium,1274650G,PERSON_TRABELSI_MOHAMED_ALI,MOHAMED ALI TRABELSI,CO_COMPTOIR_BOIS,SOCIETE COMPTOIR DE BOIS,0.5,ambiguous,1.0,0.0,1.0,0.0,1.0,5,0.31,PERSON_ALI_TAREK_BENHADJ,1,2012-11-26,2012-11-26,1,1,PERSON_ALI_TRABELSI_MOHAMED,Gérant : Mr Trabelsi Mohamed Ali avec les pouvoirs les plus étendus.
Triki Abdelghani||Nomination du président du conseil d'administration et nomination du directeur général,Triki Abdelghani,Nomination du président du conseil d'administration et nomination du directeur général,418027D,PERSON_TRIKI_ABDELGHANI,ABDELGHANI TRIKI,CO_CONSEIL,SOCIETE LE CONSEIL,0.5,ambiguous,1.0,0.0,1.0,0.0,1.0,2,0.45,PERSON_SAIDI_MOHAMED,1,2008-05-21,2008-05-21,1,1,PERSON_ABDELGHANI_TRIKI,- le renouvellement du mandat du directeur général de la société Monsieur Triki Abdelghani pour une durée de deux ans finissant avec la tenue de l'assemblée générale statuant sur les comptes de l'exer
Walid Amor||ABC Audit &amp; Conseil,Walid Amor,ABC Audit &amp; Conseil,751172Y,PERSON_AMOR_WALID_BENHAJ,WALID BEN-HAJ AMOR,CO_CONSEIL,SOCIETE LE CONSEIL,0.5,ambiguous,1.0,0.0,1.0,0.0,1.0,3,0.05,PERSON_AMOR_WALID_BELHAJ,1,2009-03-24,2009-03-24,1,1,PERSON_AMOR_WALID,- La nomination de M. Walid Amor gérant de la société en remplacement de M. Maher Gaida et ce pour la période allant du 1er avril 2009 au 31 mars 2011.
Walid Ben Salah||société Super Pneu,Walid Ben Salah,société Super Pneu,1255609Z,PERSON_BENSALAH_WALID,WALID BEN-SALAH,CO_PNEU,PNEU,0.5,ambiguous,1.0,0.0,1.0,0.0,1.0,3,0.45,PERSON_TAMARZISTE_MEHDI,1,2012-06-06,2012-06-06,1,1,PERSON_BENSALAH_WALID,Gérance : Mr Walid Ben Salah gérant de la société avec les pleins pouvoirs.
Walid ben Mohamed Ben Amor||Société Lotez confection,Walid ben Mohamed Ben Amor,Société Lotez confection,871612T,PERSON_BENAMOR_WALID,WALID BEN-AMOR,CO_LOTEZ_CONFECTION,SOCIETE LOTEZ CONFECTION,0.5,ambiguous,1.0,0.0,1.0,0.0,1.0,2,0.45,PERSON_FERJANI_EZEDINE,1,2009-09-23,2009-09-23,1,1,PERSON_BENAMOR_WALID_BENMOHAMED,En vertu d'un PV de l'assemblée générale de la société Lotez Confection soumise au contrôle des douanes enregistré à la recette des finances de Haouaria le 15 mai 2009 quittance n° M007341 enregistrem
Wassim Elloumi||Cabinet l'Horizon de Comptabilité,Wassim Elloumi,Cabinet l'Horizon de Comptabilité,,PERSON_ELOUMI_WASIM,WASSIM ELLOUMI,CO_CABINET_LHORIZON_COMPTABILITE,CABINET LHORIZON DE COMPTABILITE,0.6941,ambiguous,1.0,0.983,0.0,0.0,0.0,3,0.5541,PERSON_ELOUMI_WALID,1,2011-09-22,2011-09-22,1,1,PERSON_ELOUMI_WASIM,- Gérance : Mr Wassim Elloumi est nommé gérant et Mr Mohamed Abbes est nommé cogérant les deux pour une période illimitée avec les pouvoirs les plus étendus.
Yamina Hamdi||Société PIC SARL,Yamina Hamdi,Société PIC SARL,,PERSON_HAMDI_YAMINA,YAMINA HAMDI,,,0.5,ambiguous,1.0,0.0,0.0,1.0,0.0,2,0.36,PERSON_HAMDI_YOUSEF,1,2010-04-15,2010-04-15,1,1,PERSON_HAMDI_YAMINA,"En vertu d'un acte SSP en date du 26 avril 2010, enregistré à la recette des finances Ras Ejbel le 3 mai 2010 sous le n°10101563 avec une quittance n°19600 dont deux exemplaires ont été déposées au gr"
Youssef KAROUI||Société CAP DE SABLE,Youssef KAROUI,Société CAP DE SABLE,1002499J,PERSON_KAROUI_YOUSEF,YOUSSEF KAROUI,CO_CAP_SABLE,SOCIETE CAP DE SABLE,0.5,ambiguous,1.0,0.0,1.0,0.0,1.0,2,0.36,PERSON_KAROUI_YASINE,1,2008-05-10,2008-05-10,1,1,PERSON_KAROUI_YOUSEF,"II - Suivant procès-verbal de l'Assemblée générale constitutive en date du 12 mai 2008, enregistré à la Recette des Finances Rue Ghandi le 25 août 2008, sous le n° 08704305, Quittance n° 60166, il a é"
Zitouna Née Driss Nadia||PRIMO-PACK,Zitouna Née Driss Nadia,PRIMO-PACK,644838V,PERSON_ZITOUNA_NEDIA_DRIS,NEDIA DRISS ZITOUNA,CO_PRIMO_PACK,PRIMO PACK,0.695,ambiguous,0.7,1.0,1.0,0.0,0.0,2,0.695,PERSON_DRIS_NEDIA,1,2009-08-17,2009-08-17,1,1,PERSON_ZITOUNA,- Nomination d'une nouvelle gérance Mme Zitouna Née Driss Nadia.
Zouari Radhia||Société Chaima Negoce,Zouari Radhia,Société Chaima Negoce,1048157L,PERSON_ZOUARI_RADHIA,RADHIA ZOUARI,CO_CHAIMA,SOCIETE CHAIMA,0.5,ambiguous,1.0,0.0,1.0,0.0,1.0,2,0.45,PERSON_HAMAMI_HAKIMA,1,2008-05-17,2008-05-17,1,1,PERSON_RADHIA_ZOUARI,Gérance : Mme Zouari Radhia est nommé gérant de la société sans limitation de durée avec les pouvoirs les plus étendus.
Zouheir Marghli||Société Franco-tunisienne de logistique (SFTL),Zouheir Marghli,Société Franco-tunisienne de logistique (SFTL),1184578Q,PERSON_MARGHLI_ZOUHEIR,ZOUHEIR MARGHLI,CO_FRANCO_TUNISIENNE_LOGISTIQUE_SFTL,SOCIETE FRANCO TUNISIENNE DE LOGISTIQUE SFTL,0.525,ambiguous,1.0,0.0,1.0,0.5,0.0,6,0.45,PERSON_JUTEAU_GEROME,1,2010-11-23,2010-11-23,1,1,PERSON_MARGHLI_ZOUHEIR,Il a également désigné Monsieur Zouheir Marghli en qualité de commissaire aux comptes pour une durée de 3 ans.
