entity_id,canonical_name,year,channel,category,tenure,counterpart,counterpart_id,stake_pct,layer,detail,doc_type,doc_url,page,from_ocr
Ffd39baa803,"""HOTEL DALIA""",2019,public_bank,public_bank_equity,,STB,Fede9a2bb70,,group_participation,,document_de_reference,https://www.cmf.tn/sites/default/files/pdfs/emetteurs/informations/references/document_de_reference_emprunt_societe_tunisienne_de_banque2019-1_version_finale125092019_correction_finale_cfm_site_cmf.pdf,132,0
Ffe07937b57,"""THALASSA""",2019,public_bank,public_bank_equity,,STB,Fede9a2bb70,,group_participation,,document_de_reference,https://www.cmf.tn/sites/default/files/pdfs/emetteurs/informations/references/document_de_reference_emprunt_societe_tunisienne_de_banque2019-1_version_finale125092019_correction_finale_cfm_site_cmf.pdf,138,0
Fc72a970826,(Créé lors du CA du 02 octobre 2018),2015,public_bank,public_bank_seat,,STB,Fede9a2bb70,,board_seat_corporate,,rapport_annuel,https://www.cmf.tn/sites/default/files/pdfs/emetteurs/informations/rapports-societes/rapport_stb_2023.pdf,16,0
F857de2d5c6,(ESMERALDA),2019,public_bank,public_bank_equity,,STB,Fede9a2bb70,,group_participation,,document_de_reference,https://www.cmf.tn/sites/default/files/pdfs/emetteurs/informations/references/document_de_reference_emprunt_societe_tunisienne_de_banque2019-1_version_finale125092019_correction_finale_cfm_site_cmf.pdf,138,0
F27513dc710,(créé lors du CA du 12 décembre 2006),2006,public_bank,public_bank_seat,,STB,Fede9a2bb70,,board_seat_corporate,,rapport_annuel,https://www.cmf.tn/sites/default/files/pdfs/emetteurs/informations/rapports-societes/rapport_stb_2021.pdf,18,0
F510e33783f,/e Comité de Nomination,2012,public_bank,public_bank_seat,,BH BANK,F5038da9360,,board_seat_corporate,,rapport_annuel,https://www.cmf.tn/sites/default/files/pdfs/emetteurs/informations/rapports-societes/rapport_annuel_bh_2012.pdf,10,1
F11c48a0d6b,ADWYA,2013,state_ownership,state_shareholder,,État Tunisien,S0000000a01,,ownership,,rapport_annuel,https://www.cmf.tn/sites/default/files/pdfs/emetteurs/informations/rapports-societes/rapport_annuel_adwya_2014.pdf,8,1
F11c48a0d6b,ADWYA,2016,state_board,state_organ_seat,,État Tunisien,S0000000a01,,board_seat_corporate,,rapport_annuel,https://www.cmf.tn/sites/default/files/pdfs/emetteurs/informations/rapports-societes/rapport_annuel_adwya_2016.pdf,11,1
F11c48a0d6b,ADWYA,2018,state_board,state_organ_seat,,État Tunisien,S0000000a01,,board_seat_corporate,,rapport_annuel,https://www.cmf.tn/sites/default/files/pdfs/emetteurs/informations/rapports-societes/rapport_adwya_2018.pdf,18,0
F11c48a0d6b,ADWYA,2018,state_ownership,state_shareholder,,État Tunisien,S0000000a01,,ownership,,rapport_annuel,https://www.cmf.tn/sites/default/files/pdfs/emetteurs/informations/rapports-societes/rapport_adwya_2018.pdf,16,0
F11c48a0d6b,ADWYA,2021,officeholder,state_representative,current,Administrateurs - Representant l'Etat Tunisien **,,,board,Administrateurs - Representant l'Etat Tunisien **  Administrateurs - Representant l'Etat Tunisien ** board_seat 4.3 Rôle du Conseil d’Administration et de la Di,rapport_annuel,https://www.cmf.tn/sites/default/files/pdfs/emetteurs/informations/rapports-societes/rapport_adwya_2021.pdf,10,0
Fd81c43d168,AFRIQUE ASSISTANCE,2024,public_bank,public_bank_interlock,,STB,Fede9a2bb70,,board_interlock,,derived,,,
Fd81c43d168,AFRIQUE ASSISTANCE,2026,public_bank,public_bank_interlock,,STB,Fede9a2bb70,,board_interlock,,derived,,,
F8430f99c1c,"AGENCE TUNISIENNE D'INTERNET ""ATI""",2015,public_bank,public_bank_equity,,STB,Fede9a2bb70,,group_participation,,document_de_reference,https://www.cmf.tn/sites/default/files/pdfs/emetteurs/informations/references/doc_reference_%20STB_2015_0.pdf,120,0
F7cee7fd08c,AIL,2012,public_bank,public_bank_seat,,STB,Fede9a2bb70,,board_seat_corporate,,document_de_reference,https://www.cmf.tn/sites/default/files/pdfs/emetteurs/informations/references/doc_reference_AIL_2013.pdf,144,0
F7cee7fd08c,AIL,2013,public_bank,public_bank_seat,,STB,Fede9a2bb70,,board_seat_corporate,,document_de_reference,https://www.cmf.tn/sites/default/files/pdfs/emetteurs/informations/references/doc_reference_AIL_2014.pdf,177,0
F7cee7fd08c,AIL,2014,public_bank,public_bank_seat,,STB,Fede9a2bb70,,board_seat_corporate,,document_de_reference,https://www.cmf.tn/sites/default/files/pdfs/emetteurs/informations/references/doc_reference_%20AIL_2015.pdf,156,0
F13ef2f8028,AIR LIQUIDE,2011,public_bank,public_bank_seat,,Banque Nationale Agricole,Fc0d64a7eb6,,board_seat_corporate,,rapport_annuel,https://www.cmf.tn/sites/default/files/pdfs/emetteurs/informations/rapports-societes/rapport_annuel_air_liquide_2011.pdf,2,1
F13ef2f8028,AIR LIQUIDE,2017,public_bank,public_bank_seat,,Banque Nationale Agricole,Fc0d64a7eb6,,board_seat_corporate,,rapport_annuel,https://www.cmf.tn/sites/default/files/pdfs/emetteurs/informations/rapports-societes/rapport_annuel_airliquide_2017.pdf,2,0
F496f3c4662,ANDALOUS),2019,public_bank,public_bank_equity,,STB,Fede9a2bb70,,group_participation,,document_de_reference,https://www.cmf.tn/sites/default/files/pdfs/emetteurs/informations/references/document_de_reference_emprunt_societe_tunisienne_de_banque2019-1_version_finale125092019_correction_finale_cfm_site_cmf.pdf,138,0
Ffd0d4a99b7,"ANIMATION ET TOURISME SAHARIEN ""LES DUNES DE NEFZAOUA""",2015,public_bank,public_bank_equity,,STB,Fede9a2bb70,,group_participation,,document_de_reference,https://www.cmf.tn/sites/default/files/pdfs/emetteurs/informations/references/doc_reference_%20STB_2015_0.pdf,120,0
F799bff6093,ASSURANCES STAR,2015,public_bank,public_bank_equity,,STB,Fede9a2bb70,,ownership,,document_de_reference,https://www.cmf.tn/sites/default/files/pdfs/emetteurs/informations/references/doc_reference_%20STB_2015_0.pdf,47,0
F799bff6093,ASSURANCES STAR,2019,public_bank,public_bank_equity,,STB,Fede9a2bb70,,ownership,,document_de_reference,https://www.cmf.tn/sites/default/files/pdfs/emetteurs/informations/references/document_de_reference_emprunt_societe_tunisienne_de_banque2019-1_version_finale125092019_correction_finale_cfm_site_cmf.pdf,55,0
F799bff6093,ASSURANCES STAR,2021,public_bank,public_bank_equity,,STB,Fede9a2bb70,,ownership,,document_de_reference,https://www.cmf.tn/sites/default/files/pdfs/emetteurs/informations/references/doc_reference_stb_2021.pdf,44,0
Fc7d2c2ccea,ATI,2013,public_bank,public_bank_equity,,BH BANK,F5038da9360,,group_participation,,document_de_reference,https://www.cmf.tn/sites/default/files/pdfs/emetteurs/informations/references/doc_reference_BH_2015_1.pdf,129,0
Fc7d2c2ccea,ATI,2019,public_bank,public_bank_equity,,STB,Fede9a2bb70,,group_participation,,document_de_reference,https://www.cmf.tn/sites/default/files/pdfs/emetteurs/informations/references/document_de_reference_emprunt_societe_tunisienne_de_banque2019-1_version_finale125092019_correction_finale_cfm_site_cmf.pdf,149,0
Fcde110a85a,ATL,1993,public_bank,public_bank_equity,,Banque Nationale Agricole,Fc0d64a7eb6,,ownership,,document_de_reference,https://www.cmf.tn/sites/default/files/pdfs/emetteurs/informations/references/doc_reference_ATL2005.pdf,12,0
Fcde110a85a,ATL,2005,public_bank,public_bank_interlock,,BH BANK,F5038da9360,,board_interlock,,derived,,,
Fcde110a85a,ATL,2005,public_bank,public_bank_seat,,Banque Nationale Agricole,Fc0d64a7eb6,,board_seat_corporate,,document_de_reference,https://www.cmf.tn/sites/default/files/pdfs/emetteurs/informations/references/doc_reference2_ATL2005.pdf,57,0
Fcde110a85a,ATL,2005,public_bank,public_bank_seat,,Banque Nationale Agricole,Fc0d64a7eb6,,board_seat_corporate,,document_de_reference,https://www.cmf.tn/sites/default/files/pdfs/emetteurs/informations/references/doc_reference_ATL2005.pdf,78,0
Fcde110a85a,ATL,2005,public_bank,public_bank_seat,,Banque Nationale Agricole,Fc0d64a7eb6,,board_seat_corporate,,document_de_reference,https://www.cmf.tn/sites/default/files/pdfs/emetteurs/informations/references/doc_reference_ATL2005.pdf,79,0
Fcde110a85a,ATL,2007,public_bank,public_bank_equity,,Banque Nationale Agricole,Fc0d64a7eb6,,ownership,,prospectus,https://www.cmf.tn/sites/default/files/pdfs/emetteurs/informations/prospectus/prospectus_ATL_07.pdf,32,0
Fcde110a85a,ATL,2011,public_bank,public_bank_equity,,BNA,F5ccaee3c36,,ownership,,document_de_reference,https://www.cmf.tn/sites/default/files/pdfs/emetteurs/informations/references/doc_reference_ATL_2011.pdf,21,0
Fcde110a85a,ATL,2014,public_bank,public_bank_equity,,BNA,F5ccaee3c36,,ownership,,document_de_reference,https://www.cmf.tn/sites/default/files/pdfs/emetteurs/informations/references/doc_reference_ATL_2014.pdf,21,0
Fcde110a85a,ATL,2016,public_bank,public_bank_equity,,BNA,F5ccaee3c36,,ownership,,document_de_reference,https://www.cmf.tn/sites/default/files/pdfs/emetteurs/informations/references/doc_reference_doc_2016_atl.pdf,21,0
Fcde110a85a,ATL,2017,public_bank,public_bank_equity,,BNA,F5ccaee3c36,,ownership,,document_de_reference,https://www.cmf.tn/sites/default/files/pdfs/emetteurs/informations/references/actual_doc_ref_atl_2017.pdf,8,0
Fcde110a85a,ATL,2018,public_bank,public_bank_equity,,BNA,F5ccaee3c36,,ownership,,document_de_reference,https://www.cmf.tn/sites/default/files/pdfs/emetteurs/informations/references/doc_reference_2018-atl_scanne.pdf,22,0
Fcde110a85a,ATL,2020,public_bank,public_bank_equity,,BNA,F5ccaee3c36,,ownership,,document_de_reference,https://www.cmf.tn/sites/default/files/pdfs/emetteurs/informations/references/doc_reference_atl_2020.pdf,19,0
Fcde110a85a,ATL,2022,public_bank,public_bank_seat,,BNA,F5ccaee3c36,,board_seat_corporate,,rapport_annuel,https://www.cmf.tn/sites/default/files/pdfs/emetteurs/informations/rapports-societes/rapport_atl_2022.pdf,17,0
Fcde110a85a,ATL,2022,public_bank,public_bank_seat,,BNA,F5ccaee3c36,,board_seat_corporate,,rapport_annuel,https://www.cmf.tn/sites/default/files/pdfs/emetteurs/informations/rapports-societes/rapport_atl_2022.pdf,18,0
Fcde110a85a,ATL,2022,public_bank,public_bank_equity,,BNA,F5ccaee3c36,,ownership,,document_de_reference,https://www.cmf.tn/sites/default/files/pdfs/emetteurs/informations/references/doc_reference_atl_2022.pdf,18,0
Fcde110a85a,ATL,2023,public_bank,public_bank_equity,,BNA,F5ccaee3c36,,ownership,,document_de_reference,https://www.cmf.tn/sites/default/files/pdfs/emetteurs/informations/references/doc_ref_atl_2023.pdf,19,0
Fcde110a85a,ATL,2024,public_bank,public_bank_seat,,BNA,F5ccaee3c36,,board_seat_corporate,,rapport_annuel,https://www.cmf.tn/sites/default/files/pdfs/emetteurs/informations/rapports-societes/rapport_atl_2024.pdf,18,0
Fcde110a85a,ATL,2024,public_bank,public_bank_equity,,BNA,F5ccaee3c36,,ownership,,document_de_reference,https://www.cmf.tn/sites/default/files/pdfs/emetteurs/informations/references/doc_reference_atl_2024.pdf,20,0
Fcde110a85a,ATL,2025,public_bank,public_bank_seat,,BNA,F5ccaee3c36,,board_seat_corporate,,rapport_annuel,https://www.cmf.tn/sites/default/files/pdfs/emetteurs/informations/rapports-societes/rapport_atl_2005.pdf,18,0
Fcde110a85a,ATL,2025,public_bank,public_bank_equity,,BNA,F5ccaee3c36,,ownership,,document_de_reference,https://www.cmf.tn/sites/default/files/pdfs/emetteurs/informations/references/actual_doc_reference_atl_2025.pdf,8,0
Fed1163a466,ATL2004-1,2004,public_bank,public_bank_seat,,Banque Nationale Agricole,Fc0d64a7eb6,,board_seat_corporate,,prospectus,https://www.cmf.tn/sites/default/files/pdfs/emetteurs/informations/prospectus/3_prospectus_demission_et_dadmission_emprunt_obligataire_-atl_2004-1_-2004-.pdf,77,0
Ffed011d406,Agence et Engagements et a réussi leurs,2017,public_bank,public_bank_seat,,STB,Fede9a2bb70,,board_seat_corporate,,rapport_annuel,https://www.cmf.tn/sites/default/files/pdfs/emetteurs/informations/rapports-societes/rapport_annuel_stb_2017.pdf,8,1
F27e3e3c57f,Agricoles,2017,public_bank,public_bank_seat,,BNA,F5ccaee3c36,,board_seat_corporate,,rapport_annuel,https://www.cmf.tn/sites/default/files/pdfs/emetteurs/informations/rapports-societes/rapport_annuel_bna_2017.pdf,7,1
Fdc2a0f9ff6,Assurance,2023,public_bank,public_bank_seat,,STB,Fede9a2bb70,,board_seat_corporate,,rapport_annuel,https://www.cmf.tn/sites/default/files/pdfs/emetteurs/informations/rapports-societes/rapport_stb_2023.pdf,4,0
Ff81f5bf1cc,Assurances SALIM,2011,public_bank,public_bank_equity,,BH BANK,F5038da9360,,group_participation,,document_de_reference,https://www.cmf.tn/sites/default/files/pdfs/emetteurs/informations/references/doc_reference_BH_2013.pdf,36,0
Ff81f5bf1cc,Assurances SALIM,2013,public_bank,public_bank_equity,,BH BANK,F5038da9360,,group_participation,,document_de_reference,https://www.cmf.tn/sites/default/files/pdfs/emetteurs/informations/references/doc_reference_BH_2015_1.pdf,128,0
Faa2413a763,Au 31 décembre 2006,2006,public_bank,public_bank_seat,,STB,Fede9a2bb70,,board_seat_corporate,,rapport_annuel,https://www.cmf.tn/sites/default/files/pdfs/emetteurs/informations/rapports-societes/rapport_annuel_stb_2006.pdf,3,1
Fa2e5d584f6,B.E.A.T.L,2013,public_bank,public_bank_equity,,BH BANK,F5038da9360,,group_participation,,document_de_reference,https://www.cmf.tn/sites/default/files/pdfs/emetteurs/informations/references/doc_reference_BH_2015_1.pdf,129,0
F46299d17c1,BANQUE D’AFFAIRE DE TUNISIE,2009,public_bank,public_bank_equity,,STB,Fede9a2bb70,,group_participation,,document_de_reference,https://www.cmf.tn/sites/default/files/pdfs/emetteurs/informations/references/doc_reference_STB_2010.pdf,33,0
Fdd45516bc1,BCH *,2013,public_bank,public_bank_equity,,BH BANK,F5038da9360,,group_participation,,document_de_reference,https://www.cmf.tn/sites/default/files/pdfs/emetteurs/informations/references/doc_reference_BH_2015_1.pdf,129,0
Fc4daf78a69,BEL ART INDUSTRIES,2015,public_bank,public_bank_equity,,STB,Fede9a2bb70,,group_participation,,document_de_reference,https://www.cmf.tn/sites/default/files/pdfs/emetteurs/informations/references/doc_reference_%20STB_2015_0.pdf,120,0
Fa91553f43e,BEST LEASE,2024,public_bank,public_bank_interlock,,STB,Fede9a2bb70,,board_interlock,,derived,,,
Fa91553f43e,BEST LEASE,2026,public_bank,public_bank_interlock,,STB,Fede9a2bb70,,board_interlock,,derived,,,
Fb47e5f399c,BH /2,2015,public_bank,public_bank_interlock,,BH BANK,F5038da9360,,board_interlock,,derived,,,
F5038da9360,BH BANK,2006,officeholder,civil_servant,current,Etat,,,board,Fonctionnaire au Ministère des Finances  Mohamed Ridha Trabelsi board_seat 5.1.5 Fonction des représentants permanents des personnes morales membres du,document_de_reference,https://www.cmf.tn/sites/default/files/pdfs/emetteurs/informations/references/doc_reference_BH_2007-1.pdf,269,0
F5038da9360,BH BANK,2006,officeholder,civil_servant,current,Jalel Chouihi,,,board,Fonctionnaire au Premier Ministère mr Jalel Chouihi board_seat 5.1.5 Fonction des représentants permanents des personnes morales membres du,document_de_reference,https://www.cmf.tn/sites/default/files/pdfs/emetteurs/informations/references/doc_reference_BH_2007-1.pdf,269,0
F5038da9360,BH BANK,2006,officeholder,civil_servant,current,Souhir Taktak,,,board,Fonctionnaire au Ministère des Finances mme Souhir Taktak board_seat 5.1.5 Fonction des représentants permanents des personnes morales membres du,document_de_reference,https://www.cmf.tn/sites/default/files/pdfs/emetteurs/informations/references/doc_reference_BH_2007-1.pdf,269,0
F5038da9360,BH BANK,2006,officeholder,civil_servant,current,Tajouri Fatnasi,,,board,Fonctionnaire au Ministère de l'Equipement et de l'Habitat mr Tajouri Fatnasi board_seat 5.1.5 Fonction des représentants permanents des personnes morales membr,document_de_reference,https://www.cmf.tn/sites/default/files/pdfs/emetteurs/informations/references/doc_reference_BH_2007-1.pdf,269,0
F5038da9360,BH BANK,2006,officeholder,civil_servant,current,Faouzia Said Moussa,,,board,Fonctionnaire au Ministère des Finances mme Faouzia Said Moussa board_seat 5.1.5 Fonction des représentants permanents des personnes morales membres du,document_de_reference,https://www.cmf.tn/sites/default/files/pdfs/emetteurs/informations/references/doc_reference_BH_2007-1.pdf,269,0
F5038da9360,BH BANK,2006,state_board,state_organ_seat,,État Tunisien,S0000000a01,,board_seat_corporate,,document_de_reference,https://www.cmf.tn/sites/default/files/pdfs/emetteurs/informations/references/doc_reference_BH_2007-1.pdf,267,0
F5038da9360,BH BANK,2006,state_board,state_organ_seat,,État Tunisien,S0000000a01,,board_seat_corporate,,document_de_reference,https://www.cmf.tn/sites/default/files/pdfs/emetteurs/informations/references/doc_reference_BH_2007-1.pdf,269,0
F5038da9360,BH BANK,2007,officeholder,civil_servant,current,Etat Tunisien,,,board,Fonctionnaire au Premier Ministère  Habib Ettoumi board_seat 5.1.5 Fonctions des représentants permanents des personnes morales membres du,document_de_reference,https://www.cmf.tn/sites/default/files/pdfs/emetteurs/informations/references/doc_reference_BH_2007-2.pdf,258,0
F5038da9360,BH BANK,2007,officeholder,civil_servant,current,Jalel Chouihi,,,board,Fonctionnaire au Premier Ministère mr Jalel Chouihi board_seat 5.1.5 Fonctions des représentants permanents des personnes morales membres du,document_de_reference,https://www.cmf.tn/sites/default/files/pdfs/emetteurs/informations/references/doc_reference_BH_2007-2.pdf,258,0
F5038da9360,BH BANK,2007,officeholder,civil_servant,current,Souhir Taktak,,,board,Fonctionnaire au Ministère des Finances mme Souhir Taktak board_seat 5.1.5 Fonctions des représentants permanents des personnes morales membres du,document_de_reference,https://www.cmf.tn/sites/default/files/pdfs/emetteurs/informations/references/doc_reference_BH_2007-2.pdf,258,0
F5038da9360,BH BANK,2007,officeholder,civil_servant,current,Tajouri Fatnasi,,,board,Fonctionnaire au Ministère de l'Equipement et de l'Habitat mr Tajouri Fatnasi board_seat 5.1.5 Fonctions des représentants permanents des personnes morales memb,document_de_reference,https://www.cmf.tn/sites/default/files/pdfs/emetteurs/informations/references/doc_reference_BH_2007-2.pdf,258,0
F5038da9360,BH BANK,2007,officeholder,civil_servant,current,Faouzia Said Moussa,,,board,Fonctionnaire au Ministère des Finances mme Faouzia Said Moussa board_seat 5.1.5 Fonctions des représentants permanents des personnes morales membres du,document_de_reference,https://www.cmf.tn/sites/default/files/pdfs/emetteurs/informations/references/doc_reference_BH_2007-2.pdf,258,0
F5038da9360,BH BANK,2007,state_board,state_organ_seat,,État Tunisien,S0000000a01,,board_seat_corporate,,document_de_reference,https://www.cmf.tn/sites/default/files/pdfs/emetteurs/informations/references/doc_reference_BH_2007-2.pdf,256,0
F5038da9360,BH BANK,2007,state_board,state_organ_seat,,État Tunisien,S0000000a01,,board_seat_corporate,,document_de_reference,https://www.cmf.tn/sites/default/files/pdfs/emetteurs/informations/references/doc_reference_BH_2007-2.pdf,258,0
F5038da9360,BH BANK,2008,officeholder,state_representative,current,e Mme Fawzia Moussa Saayid,,,board,"Administrateur, représentant l’Etat   board_seat CONSEIL D'ADMINISTRATION",rapport_annuel,https://www.cmf.tn/sites/default/files/pdfs/emetteurs/informations/rapports-societes/rapport_annuel_bh_2008.pdf,5,1
F5038da9360,BH BANK,2008,officeholder,state_representative,current,e M. Jalel CHOUIHI,,,board,"Administrateur, représentant l’Etat   board_seat CONSEIL D'ADMINISTRATION",rapport_annuel,https://www.cmf.tn/sites/default/files/pdfs/emetteurs/informations/rapports-societes/rapport_annuel_bh_2008.pdf,5,1
F5038da9360,BH BANK,2008,officeholder,state_representative,current,Habib TOUMI,,,board,"Administrateur, représentant l’Etat m  board_seat CONSEIL D'ADMINISTRATION",rapport_annuel,https://www.cmf.tn/sites/default/files/pdfs/emetteurs/informations/rapports-societes/rapport_annuel_bh_2008.pdf,5,1
F5038da9360,BH BANK,2008,officeholder,state_representative,current,Ettajouri FATNASSI,,,board,"Administrateur, représentant l’Etat m  board_seat CONSEIL D'ADMINISTRATION",rapport_annuel,https://www.cmf.tn/sites/default/files/pdfs/emetteurs/informations/rapports-societes/rapport_annuel_bh_2008.pdf,5,1
F5038da9360,BH BANK,2009,officeholder,civil_servant,current,Etat Tunisien,,,board,Fonctionnaire au Premier Ministère  Habib Ettoumi board_seat 5.1.5 Fonctions des représentants permanents des personnes morales membres du,document_de_reference,https://www.cmf.tn/sites/default/files/pdfs/emetteurs/informations/references/doc_reference_BH_2009.pdf,229,0
F5038da9360,BH BANK,2009,officeholder,civil_servant,current,Jalel Chouihi,,,board,Fonctionnaire au Premier Ministère mr Jalel Chouihi board_seat 5.1.5 Fonctions des représentants permanents des personnes morales membres du,document_de_reference,https://www.cmf.tn/sites/default/files/pdfs/emetteurs/informations/references/doc_reference_BH_2009.pdf,229,0
F5038da9360,BH BANK,2009,officeholder,civil_servant,current,Souhir Taktak,,,board,Fonctionnaire au Ministère des Finances mme Souhir Taktak board_seat 5.1.5 Fonctions des représentants permanents des personnes morales membres du,document_de_reference,https://www.cmf.tn/sites/default/files/pdfs/emetteurs/informations/references/doc_reference_BH_2009.pdf,229,0
F5038da9360,BH BANK,2009,officeholder,civil_servant,current,Tajouri Fatnasi,,,board,Fonctionnaire au Ministère de l'Equipement et de l'Habitat mr Tajouri Fatnasi board_seat 5.1.5 Fonctions des représentants permanents des personnes morales memb,document_de_reference,https://www.cmf.tn/sites/default/files/pdfs/emetteurs/informations/references/doc_reference_BH_2009.pdf,229,0
F5038da9360,BH BANK,2009,officeholder,civil_servant,current,Faouzia Said Moussa,,,board,Fonctionnaire au Ministère des Finances mme Faouzia Said Moussa board_seat 5.1.5 Fonctions des représentants permanents des personnes morales membres du,document_de_reference,https://www.cmf.tn/sites/default/files/pdfs/emetteurs/informations/references/doc_reference_BH_2009.pdf,229,0
F5038da9360,BH BANK,2009,state_board,state_organ_seat,,État Tunisien,S0000000a01,,board_seat_corporate,,document_de_reference,https://www.cmf.tn/sites/default/files/pdfs/emetteurs/informations/references/doc_reference_BH_2009.pdf,227,0
F5038da9360,BH BANK,2009,state_board,state_organ_seat,,État Tunisien,S0000000a01,,board_seat_corporate,,document_de_reference,https://www.cmf.tn/sites/default/files/pdfs/emetteurs/informations/references/doc_reference_BH_2009.pdf,229,0
F5038da9360,BH BANK,2012,officeholder,civil_servant,current,Etat Tunisien,,,board,Fonctionnaire au Premier Ministère  Jalel Chouihi board_seat 5.1.5 Fonctions des représentants permanents des personnes morales membres du,document_de_reference,https://www.cmf.tn/sites/default/files/pdfs/emetteurs/informations/references/doc_reference_BH_2013.pdf,263,0
F5038da9360,BH BANK,2012,officeholder,civil_servant,current,Abdelaziz Mahfoudh,,,board,Fonctionnaire au Ministère des Finances mme Abdelaziz Mahfoudh board_seat 5.1.5 Fonctions des représentants permanents des personnes morales membres du,document_de_reference,https://www.cmf.tn/sites/default/files/pdfs/emetteurs/informations/references/doc_reference_BH_2013.pdf,263,0
F5038da9360,BH BANK,2012,officeholder,civil_servant,current,Mohamed Riadh Nakouri,,,board,Fonctionnaire au Ministère de l'Equipement mr Mohamed Riadh Nakouri board_seat 5.1.5 Fonctions des représentants permanents des personnes morales membres du,document_de_reference,https://www.cmf.tn/sites/default/files/pdfs/emetteurs/informations/references/doc_reference_BH_2013.pdf,263,0
F5038da9360,BH BANK,2012,officeholder,civil_servant,current,Faouzia Said Moussa,,,board,Fonctionnaire au Ministère des Finances mme Faouzia Said Moussa board_seat 5.1.5 Fonctions des représentants permanents des personnes morales membres du,document_de_reference,https://www.cmf.tn/sites/default/files/pdfs/emetteurs/informations/references/doc_reference_BH_2013.pdf,263,0
F5038da9360,BH BANK,2012,state_board,state_organ_seat,,État Tunisien,S0000000a01,,board_seat_corporate,,document_de_reference,https://www.cmf.tn/sites/default/files/pdfs/emetteurs/informations/references/doc_reference_BH_2013.pdf,261,0
F5038da9360,BH BANK,2012,state_board,state_organ_seat,,État Tunisien,S0000000a01,,board_seat_corporate,,document_de_reference,https://www.cmf.tn/sites/default/files/pdfs/emetteurs/informations/references/doc_reference_BH_2013.pdf,263,0
F5038da9360,BH BANK,2012,state_ownership,state_shareholder,,État Tunisien,S0000000a01,,ownership,,document_de_reference,https://www.cmf.tn/sites/default/files/pdfs/emetteurs/informations/references/doc_reference_BH_2013.pdf,35,0
F5038da9360,BH BANK,2012,state_ownership,state_shareholder,,Entreprise Tunisienne d'Activités Pétrolières (ETAP),S0000000e01,,ownership,,document_de_reference,https://www.cmf.tn/sites/default/files/pdfs/emetteurs/informations/references/doc_reference_BH_2013.pdf,35,0
F5038da9360,BH BANK,2015,state_board,state_organ_seat,,l'Etat ont été nommés et sélectionnés sur,S14f55d04ec,,board_seat_corporate,,rapport_annuel,https://www.cmf.tn/sites/default/files/pdfs/emetteurs/informations/rapports-societes/rapport_annuel_bh_bank_2015.pdf,19,1
F5038da9360,BH BANK,2015,state_ownership,state_shareholder,,État Tunisien,S0000000a01,,ownership,,document_de_reference,https://www.cmf.tn/sites/default/files/pdfs/emetteurs/informations/references/doc_reference_%20BH_2015_2_0.pdf,34,0
F5038da9360,BH BANK,2015,state_ownership,state_shareholder,,État Tunisien,S0000000a01,,ownership,,document_de_reference,https://www.cmf.tn/sites/default/files/pdfs/emetteurs/informations/references/doc_reference_BH_2015_1.pdf,39,0
F5038da9360,BH BANK,2015,state_ownership,state_shareholder,,Entreprise Tunisienne d'Activités Pétrolières (ETAP),S0000000e01,,ownership,,document_de_reference,https://www.cmf.tn/sites/default/files/pdfs/emetteurs/informations/references/doc_reference_%20BH_2015_2_0.pdf,34,0
F5038da9360,BH BANK,2015,state_ownership,state_shareholder,,Entreprise Tunisienne d'Activités Pétrolières (ETAP),S0000000e01,,ownership,,document_de_reference,https://www.cmf.tn/sites/default/files/pdfs/emetteurs/informations/references/doc_reference_BH_2015_1.pdf,39,0
F5038da9360,BH BANK,2017,officeholder,civil_servant,former,État Tunisien,,,board,Retraité ancien cadre au Ministère de l’Économie et des Finances  Abderraouf Klibi board_seat 5.1.5 Fonctions des représentants permanents des personnes morales,document_de_reference,https://www.cmf.tn/sites/default/files/pdfs/emetteurs/informations/references/doc_reference_bh_2017.pdf,285,0
F5038da9360,BH BANK,2017,state_board,state_organ_seat,,État Tunisien,S0000000a01,,board_seat_corporate,,document_de_reference,https://www.cmf.tn/sites/default/files/pdfs/emetteurs/informations/references/doc_reference_bh_2017.pdf,283,0
F5038da9360,BH BANK,2017,state_board,state_organ_seat,,État Tunisien,S0000000a01,,board_seat_corporate,,document_de_reference,https://www.cmf.tn/sites/default/files/pdfs/emetteurs/informations/references/doc_reference_bh_2017.pdf,285,0
F5038da9360,BH BANK,2018,officeholder,civil_servant,former,État Tunisien,,,board,"Retraité, ancien cadre au Ministère de l’Économie et des Finances  Abderraouf Klibi board_seat 5.1.5 Fonctions des représentants permanents des personnes morale",document_de_reference,https://www.cmf.tn/sites/default/files/pdfs/emetteurs/informations/references/doc_reference_bh_2018.pdf,297,0
F5038da9360,BH BANK,2018,officeholder,ministerial_adviser,current,État Tunisien,,,board,Universitaire Maitre assistant Habilité et Conseillé du ministre de l’enseignement supérieur  Aymen Raies board_seat 5.1.5 Fonctions des représentants permanent,document_de_reference,https://www.cmf.tn/sites/default/files/pdfs/emetteurs/informations/references/doc_reference_bh_2018.pdf,297,0
F5038da9360,BH BANK,2018,state_board,state_organ_seat,,État Tunisien,S0000000a01,,board_seat_corporate,,document_de_reference,https://www.cmf.tn/sites/default/files/pdfs/emetteurs/informations/references/doc_reference_bh_2018.pdf,294,0
F5038da9360,BH BANK,2018,state_board,state_organ_seat,,État Tunisien,S0000000a01,,board_seat_corporate,,document_de_reference,https://www.cmf.tn/sites/default/files/pdfs/emetteurs/informations/references/doc_reference_bh_2018.pdf,297,0
F5038da9360,BH BANK,2021,officeholder,ministerial_adviser,current,État Tunisien,,,board,Universitaire Maitre-assistant Habilité et Conseillé du ministre de l’enseignement supérieur  Aymen Raies board_seat 5.1.5 Fonctions des représentants permanent,document_de_reference,https://www.cmf.tn/sites/default/files/pdfs/emetteurs/informations/references/doc_reference_bh_bank_2021.pdf,268,0
F5038da9360,BH BANK,2021,state_board,state_organ_seat,,État Tunisien,S0000000a01,,board_seat_corporate,,document_de_reference,https://www.cmf.tn/sites/default/files/pdfs/emetteurs/informations/references/doc_reference_bh_bank_2021.pdf,265,0
F5038da9360,BH BANK,2021,state_board,state_organ_seat,,État Tunisien,S0000000a01,,board_seat_corporate,,document_de_reference,https://www.cmf.tn/sites/default/files/pdfs/emetteurs/informations/references/doc_reference_bh_bank_2021.pdf,268,0
F6e61ff4d56,BH BF *,2013,public_bank,public_bank_equity,,BH BANK,F5038da9360,,group_participation,,document_de_reference,https://www.cmf.tn/sites/default/files/pdfs/emetteurs/informations/references/doc_reference_BH_2015_1.pdf,129,0
F5d94d34b35,BH LEASING,2022,public_bank,public_bank_seat,,BH BANK,F5038da9360,,board_seat_corporate,,rapport_annuel,https://www.cmf.tn/sites/default/files/pdfs/emetteurs/informations/rapports-societes/rapport_bh_leasing_2023.pdf,32,0
F5d94d34b35,BH LEASING,2022,public_bank,public_bank_seat,,BH BANK,F5038da9360,,board_seat_corporate,,rapport_annuel,https://www.cmf.tn/sites/default/files/pdfs/emetteurs/informations/rapports-societes/rapport_bh_leasing_2023.pdf,33,0
F5d94d34b35,BH LEASING,2025,public_bank,public_bank_seat,,BH BANK,F5038da9360,,board_seat_corporate,,rapport_annuel,https://www.cmf.tn/sites/default/files/pdfs/emetteurs/informations/rapports-societes/rapport_bh_leasing_2025.pdf,12,0
F8576e881f3,BH TECHNOLOGIE,2019,public_bank,public_bank_equity,,BH BANK,F5038da9360,,group_participation,,document_de_reference,https://www.cmf.tn/sites/default/files/pdfs/emetteurs/informations/references/doc_reference_bh_bank_2021.pdf,119,0
F286e0a531c,BHO,2014,public_bank,public_bank_equity,,BH BANK,F5038da9360,,group_participation,,document_de_reference,https://www.cmf.tn/sites/default/files/pdfs/emetteurs/informations/references/doc_reference_%20BH_2015_2_0.pdf,36,0
F286e0a531c,BHO,2015,public_bank,public_bank_equity,,BH BANK,F5038da9360,,group_participation,,document_de_reference,https://www.cmf.tn/sites/default/files/pdfs/emetteurs/informations/references/doc_reference_BH_2015_1.pdf,40,0
F96ec05b9bb,BHP,2014,public_bank,public_bank_equity,,BH BANK,F5038da9360,,group_participation,,document_de_reference,https://www.cmf.tn/sites/default/files/pdfs/emetteurs/informations/references/doc_reference_%20BH_2015_2_0.pdf,36,0
F96ec05b9bb,BHP,2015,public_bank,public_bank_equity,,BH BANK,F5038da9360,,group_participation,,document_de_reference,https://www.cmf.tn/sites/default/files/pdfs/emetteurs/informations/references/doc_reference_BH_2015_1.pdf,40,0
F7997cc7202,BIAT,2019,officeholder,minister,former,Mohamed Afif Chelbi (**),,,board,Ex-ministre de l’industrie et de la technologie   board_seat 52 - Rapport sur la Gestion de la Banque Exercice 2019 - chapître 5,rapport_annuel,https://www.cmf.tn/sites/default/files/pdfs/emetteurs/informations/rapports-societes/rapport_biat_2019.pdf,53,0
F7997cc7202,BIAT,2019,officeholder,minister,former,Tahar Sioud (**),,,board,"Ex - vice–Gouverneur de la BCT, ex-SEAE4 et ex-ministre du com- merce   board_seat 52 - Rapport sur la Gestion de la Banque Exercice 2019 - chapître 5",rapport_annuel,https://www.cmf.tn/sites/default/files/pdfs/emetteurs/informations/rapports-societes/rapport_biat_2019.pdf,53,0
F7997cc7202,BIAT,2019,officeholder,secretary_of_state,current,Mohamed Afif Chelbi,,,board,4 board_seat 4 Secrétaire d’Etat aux affaires étrangères,rapport_annuel,https://www.cmf.tn/sites/default/files/pdfs/emetteurs/informations/rapports-societes/rapport_biat_2019.pdf,54,0
F7997cc7202,BIAT,2019,officeholder,secretary_of_state,current,Mehdi Sethom,,,board,4 board_seat 4 Secrétaire d’Etat aux affaires étrangères,rapport_annuel,https://www.cmf.tn/sites/default/files/pdfs/emetteurs/informations/rapports-societes/rapport_biat_2019.pdf,54,0
F7997cc7202,BIAT,2020,officeholder,minister,former,Mohamed Afif Chelbi (**),,,board,Ex-ministre de l’industrie et de la technologie   board_seat 50 - Rapport sur la gestion de la banque Exercice 2020 - chapître 5,rapport_annuel,https://www.cmf.tn/sites/default/files/pdfs/emetteurs/informations/rapports-societes/rapport_dactivite_2020_biat.pdf,52,0
F7997cc7202,BIAT,2020,officeholder,governor,former,Tahar Sioud (**),,,board,Ex - vice–Gouverneur de la BCT et ex-SEAE5   board_seat 50 - Rapport sur la gestion de la banque Exercice 2020 - chapître 5,rapport_annuel,https://www.cmf.tn/sites/default/files/pdfs/emetteurs/informations/rapports-societes/rapport_dactivite_2020_biat.pdf,52,0
F7997cc7202,BIAT,2020,officeholder,minister,former,Fadhel Abdelkefi (**),,,board,Ex-Ministre des Finances par intérim   board_seat 50 - Rapport sur la gestion de la banque Exercice 2020 - chapître 5,rapport_annuel,https://www.cmf.tn/sites/default/files/pdfs/emetteurs/informations/rapports-societes/rapport_dactivite_2020_biat.pdf,52,0
Ff23d50c4d4,BIO TECHNOPOLE SIDI THABET,2013,public_bank,public_bank_equity,,BH BANK,F5038da9360,,group_participation,,document_de_reference,https://www.cmf.tn/sites/default/files/pdfs/emetteurs/informations/references/doc_reference_BH_2015_1.pdf,129,0
F81e9d7dc1b,"BIZERTA RESORT""",2019,public_bank,public_bank_equity,,STB,Fede9a2bb70,,group_participation,,document_de_reference,https://www.cmf.tn/sites/default/files/pdfs/emetteurs/informations/references/document_de_reference_emprunt_societe_tunisienne_de_banque2019-1_version_finale125092019_correction_finale_cfm_site_cmf.pdf,138,0
F1be7caffd0,BM TECHNOLOGIE,2013,public_bank,public_bank_equity,,BH BANK,F5038da9360,,group_participation,,document_de_reference,https://www.cmf.tn/sites/default/files/pdfs/emetteurs/informations/references/doc_reference_BH_2015_1.pdf,128,0
F5ccaee3c36,BNA,2008,public_bank,public_bank_interlock,,STB,Fede9a2bb70,,board_interlock,,derived,,,
F5ccaee3c36,BNA,2008,state_board,state_organ_seat,,Caisse Nationale de Sécurité Sociale (CNSS),S0000000c01,,board_seat_corporate,,document_de_reference,https://www.cmf.tn/sites/default/files/pdfs/emetteurs/informations/references/doc_reference_BNA2009.pdf,177,0
F5ccaee3c36,BNA,2008,state_board,state_organ_seat,,Office du Commerce de Tunisie,S0000000f01,,board_seat_corporate,,document_de_reference,https://www.cmf.tn/sites/default/files/pdfs/emetteurs/informations/references/doc_reference_BNA2009.pdf,177,0
F5ccaee3c36,BNA,2008,state_ownership,state_shareholder,,État Tunisien,S0000000a01,,ownership,,document_de_reference,https://www.cmf.tn/sites/default/files/pdfs/emetteurs/informations/references/doc_reference_BNA2009.pdf,25,0
F5ccaee3c36,BNA,2008,state_ownership,state_shareholder,,Caisse Nationale de Sécurité Sociale (CNSS),S0000000c01,,ownership,,document_de_reference,https://www.cmf.tn/sites/default/files/pdfs/emetteurs/informations/references/doc_reference_BNA2009.pdf,25,0
F5ccaee3c36,BNA,2008,state_ownership,state_shareholder,,Entreprise Tunisienne d'Activités Pétrolières (ETAP),S0000000e01,,ownership,,document_de_reference,https://www.cmf.tn/sites/default/files/pdfs/emetteurs/informations/references/doc_reference_BNA2009.pdf,25,0
F5ccaee3c36,BNA,2008,state_ownership,state_shareholder,,Office du Commerce de Tunisie,S0000000f01,,ownership,,document_de_reference,https://www.cmf.tn/sites/default/files/pdfs/emetteurs/informations/references/doc_reference_BNA2009.pdf,25,0
F5ccaee3c36,BNA,2008,state_ownership,state_shareholder,,Caisse Nationale d'Assurance Maladie - CNAM,S81dd7e8d87,,ownership,,document_de_reference,https://www.cmf.tn/sites/default/files/pdfs/emetteurs/informations/references/doc_reference_BNA2009.pdf,25,0
F5ccaee3c36,BNA,2008,state_ownership,state_shareholder,,Office des Céréales,S9a5ed6d3c6,,ownership,,document_de_reference,https://www.cmf.tn/sites/default/files/pdfs/emetteurs/informations/references/doc_reference_BNA2009.pdf,25,0
F5ccaee3c36,BNA,2013,state_board,state_organ_seat,,Office du Commerce de Tunisie,S0000000f01,,board_seat_corporate,,rapport_annuel,https://www.cmf.tn/sites/default/files/pdfs/emetteurs/informations/rapports-societes/bna_2013.pdf,5,1
F5ccaee3c36,BNA,2013,state_board,state_organ_seat,,Ministère de,S547ac316f0,,board_seat_corporate,,rapport_annuel,https://www.cmf.tn/sites/default/files/pdfs/emetteurs/informations/rapports-societes/bna_2013.pdf,5,1
F5ccaee3c36,BNA,2013,state_board,state_organ_seat,,Office des Céréales,S9a5ed6d3c6,,board_seat_corporate,,rapport_annuel,https://www.cmf.tn/sites/default/files/pdfs/emetteurs/informations/rapports-societes/bna_2013.pdf,5,1
F5ccaee3c36,BNA,2013,state_board,state_organ_seat,,Ministère des Finances,Sa94f5bf94f,,board_seat_corporate,,rapport_annuel,https://www.cmf.tn/sites/default/files/pdfs/emetteurs/informations/rapports-societes/bna_2013.pdf,5,1
F5ccaee3c36,BNA,2014,state_board,state_organ_seat,,Office du Commerce de Tunisie,S0000000f01,,board_seat_corporate,,rapport_annuel,https://www.cmf.tn/sites/default/files/pdfs/emetteurs/informations/rapports-societes/rapport_annuel_bna_2014.pdf.pdf,5,1
F5ccaee3c36,BNA,2014,state_board,state_organ_seat,,Ministère de l’Agriculture,S8227147a40,,board_seat_corporate,,rapport_annuel,https://www.cmf.tn/sites/default/files/pdfs/emetteurs/informations/rapports-societes/rapport_annuel_bna_2014.pdf.pdf,5,1
F5ccaee3c36,BNA,2014,state_board,state_organ_seat,,Office des Céréales,S9a5ed6d3c6,,board_seat_corporate,,rapport_annuel,https://www.cmf.tn/sites/default/files/pdfs/emetteurs/informations/rapports-societes/rapport_annuel_bna_2014.pdf.pdf,5,1
F5ccaee3c36,BNA,2014,state_board,state_organ_seat,,Ministère des Finances,Sa94f5bf94f,,board_seat_corporate,,rapport_annuel,https://www.cmf.tn/sites/default/files/pdfs/emetteurs/informations/rapports-societes/rapport_annuel_bna_2014.pdf.pdf,5,1
F5ccaee3c36,BNA,2014,state_board,state_organ_seat,,Ministère du développement et de la coopération internationale,Sd079b4fe85,,board_seat_corporate,,rapport_annuel,https://www.cmf.tn/sites/default/files/pdfs/emetteurs/informations/rapports-societes/rapport_annuel_bna_2014.pdf.pdf,5,1
F5ccaee3c36,BNA,2015,officeholder,state_representative,current,Imed Turki,,,board,représentant l’Etat et les participations publiques m  board_seat COMPOSITION DU CONSEIL D’ADMINISTRATION,rapport_annuel,https://www.cmf.tn/sites/default/files/pdfs/emetteurs/informations/rapports-societes/rapport_annuel_bna_2015.pdf,4,1
F5ccaee3c36,BNA,2015,officeholder,state_representative,current,Sami Moulay,,,board,représentant l’Etat et les participations publiques m  board_seat COMPOSITION DU CONSEIL D’ADMINISTRATION,rapport_annuel,https://www.cmf.tn/sites/default/files/pdfs/emetteurs/informations/rapports-societes/rapport_annuel_bna_2015.pdf,4,1
F5ccaee3c36,BNA,2015,officeholder,state_representative,current,Mohamed Sadok Hosni,,,board,représentant l’Etat et les participations publiques m  board_seat COMPOSITION DU CONSEIL D’ADMINISTRATION,rapport_annuel,https://www.cmf.tn/sites/default/files/pdfs/emetteurs/informations/rapports-societes/rapport_annuel_bna_2015.pdf,4,1
F5ccaee3c36,BNA,2016,officeholder,state_representative,current,"Le conseil d'administration de la B.N.A est composé de 11 membres, six",,,board,"représentant l'Etat et les participants publics, trois   board_seat CONSEIL D’ADMINISTRATION",rapport_annuel,https://www.cmf.tn/sites/default/files/pdfs/emetteurs/informations/rapports-societes/rapport_annuel_bna_2016.pdf,8,1
F5ccaee3c36,BNA,2016,officeholder,state_representative,current,Mohamed Sadok Hosni,,,board,représentant l'Etat et les participants publics m  board_seat CONSEIL D’ADMINISTRATION,rapport_annuel,https://www.cmf.tn/sites/default/files/pdfs/emetteurs/informations/rapports-societes/rapport_annuel_bna_2016.pdf,8,1
F5ccaee3c36,BNA,2016,officeholder,state_representative,current,Sami Mouley,,,board,Administrateur représentant l'Etat et les participants publics m  board_seat CONSEIL D’ADMINISTRATION,rapport_annuel,https://www.cmf.tn/sites/default/files/pdfs/emetteurs/informations/rapports-societes/rapport_annuel_bna_2016.pdf,8,1
F5ccaee3c36,BNA,2016,officeholder,state_representative,current,Mohamed Mehdi Majdoub,,,board,Administrateur représentant l'Etat et les participants publics m  board_seat CONSEIL D’ADMINISTRATION,rapport_annuel,https://www.cmf.tn/sites/default/files/pdfs/emetteurs/informations/rapports-societes/rapport_annuel_bna_2016.pdf,8,1
F5ccaee3c36,BNA,2016,officeholder,state_representative,current,Mohamed Larbi,,,board,Administrateur représentant l'Etat et les participants publics m  board_seat CONSEIL D’ADMINISTRATION,rapport_annuel,https://www.cmf.tn/sites/default/files/pdfs/emetteurs/informations/rapports-societes/rapport_annuel_bna_2016.pdf,8,1
F5ccaee3c36,BNA,2016,officeholder,state_representative,current,Maamri Akremi,,,board,Administrateur représentant l'Etat et les participants publics m  board_seat CONSEIL D’ADMINISTRATION,rapport_annuel,https://www.cmf.tn/sites/default/files/pdfs/emetteurs/informations/rapports-societes/rapport_annuel_bna_2016.pdf,8,1
F5ccaee3c36,BNA,2017,officeholder,state_representative,current,Mohamed Salah CHEBBI LAHSAN,,,board,Administrateur représentant l'Etat et les actionnaires publics m  board_seat CONSEIL D'ADMINISTRATION,rapport_annuel,https://www.cmf.tn/sites/default/files/pdfs/emetteurs/informations/rapports-societes/rapport_annuel_bna_2017.pdf,7,1
F5ccaee3c36,BNA,2017,officeholder,state_representative,current,Mohamed Mehdi MAJDOUB,,,board,Administrateur représentant l'Etat et les actionnaires publics m  board_seat CONSEIL D'ADMINISTRATION,rapport_annuel,https://www.cmf.tn/sites/default/files/pdfs/emetteurs/informations/rapports-societes/rapport_annuel_bna_2017.pdf,7,1
F5ccaee3c36,BNA,2017,officeholder,state_representative,current,Mohamed LARBI,,,board,Administrateur représentant l'Etat et les actionnaires publics m  board_seat CONSEIL D'ADMINISTRATION,rapport_annuel,https://www.cmf.tn/sites/default/files/pdfs/emetteurs/informations/rapports-societes/rapport_annuel_bna_2017.pdf,7,1
F5ccaee3c36,BNA,2017,officeholder,state_representative,current,Mohamed Sadok HOSNI,,,board,Administrateur représentant l'Etat et les actionnaires publics m  board_seat CONSEIL D'ADMINISTRATION,rapport_annuel,https://www.cmf.tn/sites/default/files/pdfs/emetteurs/informations/rapports-societes/rapport_annuel_bna_2017.pdf,7,1
F5ccaee3c36,BNA,2017,state_ownership,state_shareholder,,État Tunisien,S0000000a01,,ownership,,document_de_reference,https://www.cmf.tn/sites/default/files/pdfs/emetteurs/informations/references/doc_reference_bna_2018.pdf,31,0
F5ccaee3c36,BNA,2017,state_ownership,state_shareholder,,Caisse Nationale de Sécurité Sociale (CNSS),S0000000c01,,ownership,,document_de_reference,https://www.cmf.tn/sites/default/files/pdfs/emetteurs/informations/references/doc_reference_bna_2018.pdf,31,0
F5ccaee3c36,BNA,2017,state_ownership,state_shareholder,,Entreprise Tunisienne d'Activités Pétrolières (ETAP),S0000000e01,,ownership,,document_de_reference,https://www.cmf.tn/sites/default/files/pdfs/emetteurs/informations/references/doc_reference_bna_2018.pdf,31,0
F5ccaee3c36,BNA,2017,state_ownership,state_shareholder,,Office du Commerce de Tunisie,S0000000f01,,ownership,,document_de_reference,https://www.cmf.tn/sites/default/files/pdfs/emetteurs/informations/references/doc_reference_bna_2018.pdf,31,0
F5ccaee3c36,BNA,2017,state_ownership,state_shareholder,,Caisse Nationale d'Assurance Maladie - CNAM,S81dd7e8d87,,ownership,,document_de_reference,https://www.cmf.tn/sites/default/files/pdfs/emetteurs/informations/references/doc_reference_bna_2018.pdf,31,0
F5ccaee3c36,BNA,2017,state_ownership,state_shareholder,,Office des Céréales,S9a5ed6d3c6,,ownership,,document_de_reference,https://www.cmf.tn/sites/default/files/pdfs/emetteurs/informations/references/doc_reference_bna_2018.pdf,31,0
Fc781527303,BNA ASSURANCE,2025,public_bank,public_bank_equity,,Banque Nationale Agricole,Fc0d64a7eb6,,ownership,,prospectus,https://www.cmf.tn/sites/default/files/pdfs/emetteurs/informations/prospectus/prospectus_bna_assurances_2025.pdf,29,0
Fe838dfaeec,BONNA Tunisie,2006,public_bank,public_bank_seat,,BH BANK,F5038da9360,,board_seat_corporate,,document_de_reference,https://www.cmf.tn/sites/default/files/pdfs/emetteurs/informations/references/doc_reference_BH_2007-1.pdf,267,0
Fe838dfaeec,BONNA Tunisie,2006,public_bank,public_bank_seat,,BH BANK,F5038da9360,,board_seat_corporate,,document_de_reference,https://www.cmf.tn/sites/default/files/pdfs/emetteurs/informations/references/doc_reference_BH_2007-1.pdf,269,0
Fe838dfaeec,BONNA Tunisie,2007,public_bank,public_bank_seat,,BH BANK,F5038da9360,,board_seat_corporate,,document_de_reference,https://www.cmf.tn/sites/default/files/pdfs/emetteurs/informations/references/doc_reference_BH_2007-2.pdf,256,0
Fe838dfaeec,BONNA Tunisie,2007,public_bank,public_bank_seat,,BH BANK,F5038da9360,,board_seat_corporate,,document_de_reference,https://www.cmf.tn/sites/default/files/pdfs/emetteurs/informations/references/doc_reference_BH_2007-2.pdf,258,0
Fd2d677736e,BT,2024,officeholder,governor,former,Mohamed REKIK,,,board,Vice gouverneur de la BCT à la retraite m  board_seat COMPOSITION DU CONSEIL D’ADMINISTRATION,rapport_annuel,https://www.cmf.tn/sites/default/files/pdfs/emetteurs/informations/rapports-societes/rapport_rapport_bt_2024.pdf,11,0
Fdfe226c860,BTE (ADP),2008,public_bank,public_bank_equity,,BNA,F5ccaee3c36,,ownership,,document_de_reference,https://www.cmf.tn/sites/default/files/pdfs/emetteurs/informations/references/doc_reference_BNA2009.pdf,25,0
Fdfe226c860,BTE (ADP),2010,officeholder,ministry_organ,current,MINISTERE DES FINANCES Directeur Général Mme Golsom JAZIRI 2010-2012 Tunis,,,board,MINISTERE DES FINANCES Directeur Général Mme Golsom JAZIRI 2010-2012 Tunis  MINISTERE DES FINANCES Directeur Général Mme Golsom JAZIRI 2010-2012 Tunis board_sea,document_de_reference,https://www.cmf.tn/sites/default/files/pdfs/emetteurs/informations/references/doc_reference_BTE_2010.pdf,134,0
Fdfe226c860,BTE (ADP),2010,officeholder,ministry_organ,current,MINISTERE DES FINANCES Membre M. ABDELLATIF CHAABENE 2010-2012 Tunis,,,board,MINISTERE DES FINANCES Membre M. ABDELLATIF CHAABENE 2010-2012 Tunis  MINISTERE DES FINANCES Membre M. ABDELLATIF CHAABENE 2010-2012 Tunis board_seat 5.1.1 Memb,document_de_reference,https://www.cmf.tn/sites/default/files/pdfs/emetteurs/informations/references/doc_reference_BTE_2010.pdf,134,0
Fdfe226c860,BTE (ADP),2010,officeholder,ministry_organ,current,PREMIER MINISTERE Membre M. MOHAMED TAYEB EL YOUSFI 2010-2012 Tunis,,,board,PREMIER MINISTERE Membre M. MOHAMED TAYEB EL YOUSFI 2010-2012 Tunis  PREMIER MINISTERE Membre M. MOHAMED TAYEB EL YOUSFI 2010-2012 Tunis board_seat 5.1.1 Membre,document_de_reference,https://www.cmf.tn/sites/default/files/pdfs/emetteurs/informations/references/doc_reference_BTE_2010.pdf,134,0
Fdfe226c860,BTE (ADP),2010,officeholder,ministry_organ,current,MINISTERE DU DEVELOPPEMENT ET DE LA,,,board,MINISTERE DU DEVELOPPEMENT ET DE LA  MINISTERE DU DEVELOPPEMENT ET DE LA board_seat 5.1.1 Membres du conseil d’Administration,document_de_reference,https://www.cmf.tn/sites/default/files/pdfs/emetteurs/informations/references/doc_reference_BTE_2010.pdf,134,0
Fdfe226c860,BTE (ADP),2010,officeholder,ministry_organ,current,MINISTERE DE L'INDUSTRIE ET DE L'ENERGIE Membre M. TAREK EZZINE 2010-2012 Tunis,,,board,MINISTERE DE L'INDUSTRIE ET DE L'ENERGIE Membre M. TAREK EZZINE 2010-2012 Tunis  MINISTERE DE L'INDUSTRIE ET DE L'ENERGIE Membre M. TAREK EZZINE 2010-2012 Tunis,document_de_reference,https://www.cmf.tn/sites/default/files/pdfs/emetteurs/informations/references/doc_reference_BTE_2010.pdf,134,0
Fdfe226c860,BTE (ADP),2010,officeholder,central_bank,current,BANQUE CENTRALE DE TUNISIE Membre M. AHMED TARCHI 2010-2012 Tunis,,,board,BANQUE CENTRALE DE TUNISIE Membre M. AHMED TARCHI 2010-2012 Tunis  BANQUE CENTRALE DE TUNISIE Membre M. AHMED TARCHI 2010-2012 Tunis board_seat 5.1.1 Membres du,document_de_reference,https://www.cmf.tn/sites/default/files/pdfs/emetteurs/informations/references/doc_reference_BTE_2010.pdf,134,0
Fdfe226c860,BTE (ADP),2010,officeholder,ministry_organ,current,MINISTERE DES FINANCES M. ABDELLATIF CHAABENE,,,board,MINISTERE DES FINANCES M. ABDELLATIF CHAABENE  MINISTERE DES FINANCES M. ABDELLATIF CHAABENE board_seat 5.1.5 Fonction des représentants permanents des personne,document_de_reference,https://www.cmf.tn/sites/default/files/pdfs/emetteurs/informations/references/doc_reference_BTE_2010.pdf,135,0
Fdfe226c860,BTE (ADP),2010,officeholder,cabinet_staff,current,PREMIER MINISTERE M. MOHAMED TAYEB EL YOUSFI Chef de cabinet du Premier Ministre,,,board,PREMIER MINISTERE M. MOHAMED TAYEB EL YOUSFI Chef de cabinet du Premier Ministre  PREMIER MINISTERE M. MOHAMED TAYEB EL YOUSFI Chef de cabinet du Premier Minist,document_de_reference,https://www.cmf.tn/sites/default/files/pdfs/emetteurs/informations/references/doc_reference_BTE_2010.pdf,135,0
Fdfe226c860,BTE (ADP),2010,officeholder,ministry_organ,current,MINISTERE DU DEVELOPPEMENT ET DE LA Directeur Général des services communs du Ministère du,,,board,MINISTERE DU DEVELOPPEMENT ET DE LA Directeur Général des services communs du Ministère du  MINISTERE DU DEVELOPPEMENT ET DE LA Directeur Général des services c,document_de_reference,https://www.cmf.tn/sites/default/files/pdfs/emetteurs/informations/references/doc_reference_BTE_2010.pdf,135,0
Fdfe226c860,BTE (ADP),2010,officeholder,cabinet_staff,current,MINISTERE DE L'INDUSTRIE ET DE L'ENERGIE M. TAREK EZZINE Chef de Cabinet du Ministre de l’industrie,,,board,MINISTERE DE L'INDUSTRIE ET DE L'ENERGIE M. TAREK EZZINE Chef de Cabinet du Ministre de l’industrie  MINISTERE DE L'INDUSTRIE ET DE L'ENERGIE M. TAREK EZZINE Ch,document_de_reference,https://www.cmf.tn/sites/default/files/pdfs/emetteurs/informations/references/doc_reference_BTE_2010.pdf,135,0
Fdfe226c860,BTE (ADP),2010,officeholder,central_bank,current,"BANQUE CENTRALE DE TUNISIE M. AHMED TARCHI Directeur Général des Etudes, Recherches et Statistiques",,,board,"BANQUE CENTRALE DE TUNISIE M. AHMED TARCHI Directeur Général des Etudes, Recherches et Statistiques  BANQUE CENTRALE DE TUNISIE M. AHMED TARCHI Directeur Généra",document_de_reference,https://www.cmf.tn/sites/default/files/pdfs/emetteurs/informations/references/doc_reference_BTE_2010.pdf,135,0
Fdfe226c860,BTE (ADP),2010,state_board,state_organ_seat,,État Tunisien,S0000000a01,,board_seat,,document_de_reference,https://www.cmf.tn/sites/default/files/pdfs/emetteurs/informations/references/doc_reference_BTE_2010.pdf,134,0
Fdfe226c860,BTE (ADP),2010,state_board,state_organ_seat,,État Tunisien,S0000000a01,,board_seat_corporate,,document_de_reference,https://www.cmf.tn/sites/default/files/pdfs/emetteurs/informations/references/doc_reference_BTE_2010.pdf,134,0
Fdfe226c860,BTE (ADP),2011,officeholder,ministry_organ,current,Ministère des Finances Membre Mme Golsom JAZIRI(1) 2010-2012 Tunis,,,board,Ministère des Finances Membre Mme Golsom JAZIRI(1) 2010-2012 Tunis  Ministère des Finances Membre Mme Golsom JAZIRI(1) 2010-2012 Tunis board_seat 5.1.1 Membres ,document_de_reference,https://www.cmf.tn/sites/default/files/pdfs/emetteurs/informations/references/doc_reference_BTE_2011.pdf,154,0
Fdfe226c860,BTE (ADP),2011,officeholder,ministry_organ,current,Ministère des Finances Membre M. ABDELLATIF CHAABENE 2010-2012 Tunis,,,board,Ministère des Finances Membre M. ABDELLATIF CHAABENE 2010-2012 Tunis  Ministère des Finances Membre M. ABDELLATIF CHAABENE 2010-2012 Tunis board_seat 5.1.1 Memb,document_de_reference,https://www.cmf.tn/sites/default/files/pdfs/emetteurs/informations/references/doc_reference_BTE_2011.pdf,154,0
Fdfe226c860,BTE (ADP),2011,officeholder,ministry_organ,current,Premier Ministère Membre M. MOHAMED TAYEB EL YOUSFI 2010-2012 Tunis,,,board,Premier Ministère Membre M. MOHAMED TAYEB EL YOUSFI 2010-2012 Tunis  Premier Ministère Membre M. MOHAMED TAYEB EL YOUSFI 2010-2012 Tunis board_seat 5.1.1 Membre,document_de_reference,https://www.cmf.tn/sites/default/files/pdfs/emetteurs/informations/references/doc_reference_BTE_2011.pdf,154,0
Fdfe226c860,BTE (ADP),2011,officeholder,ministry_organ,current,Ministère de Dévéloppement et de la Membre M. HEDI BEJAOUI 2010-2012 Tunis,,,board,Ministère de Dévéloppement et de la Membre M. HEDI BEJAOUI 2010-2012 Tunis  Ministère de Dévéloppement et de la Membre M. HEDI BEJAOUI 2010-2012 Tunis board_sea,document_de_reference,https://www.cmf.tn/sites/default/files/pdfs/emetteurs/informations/references/doc_reference_BTE_2011.pdf,154,0
Fdfe226c860,BTE (ADP),2011,officeholder,ministry_organ,current,Ministère des Finances Membre M. ABDELHAMID EL GHANMI(8) 2010-2012 Tunis,,,board,Ministère des Finances Membre M. ABDELHAMID EL GHANMI(8) 2010-2012 Tunis  Ministère des Finances Membre M. ABDELHAMID EL GHANMI(8) 2010-2012 Tunis board_seat 5.,document_de_reference,https://www.cmf.tn/sites/default/files/pdfs/emetteurs/informations/references/doc_reference_BTE_2011.pdf,154,0
Fdfe226c860,BTE (ADP),2011,officeholder,ministry_organ,current,Ministère des Finances M. ABDELLATIF CHAABENE,,,board,Ministère des Finances M. ABDELLATIF CHAABENE  Ministère des Finances M. ABDELLATIF CHAABENE board_seat 5.1.5 Fonction des représentants permanents des personne,document_de_reference,https://www.cmf.tn/sites/default/files/pdfs/emetteurs/informations/references/doc_reference_BTE_2011.pdf,155,0
Fdfe226c860,BTE (ADP),2011,officeholder,cabinet_staff,current,Premier Ministère M. MOHAMED TAYEB EL YOUSFI Chef de cabinet du Premier Ministre,,,board,Premier Ministère M. MOHAMED TAYEB EL YOUSFI Chef de cabinet du Premier Ministre  Premier Ministère M. MOHAMED TAYEB EL YOUSFI Chef de cabinet du Premier Minist,document_de_reference,https://www.cmf.tn/sites/default/files/pdfs/emetteurs/informations/references/doc_reference_BTE_2011.pdf,155,0
Fdfe226c860,BTE (ADP),2011,officeholder,ministry_organ,current,Ministère de Dévéloppement et de la,,,board,Ministère de Dévéloppement et de la  Ministère de Dévéloppement et de la board_seat 5.1.5 Fonction des représentants permanents des personnes morales membres du,document_de_reference,https://www.cmf.tn/sites/default/files/pdfs/emetteurs/informations/references/doc_reference_BTE_2011.pdf,155,0
Fdfe226c860,BTE (ADP),2011,officeholder,ministry_organ,current,HEDI BEJAOUI Directeur Général des services communs du Ministère du Développement et de la Coopération Internationale,,,board,M. HEDI BEJAOUI Directeur Général des services communs du Ministère du Développement et de la Coopération Internationale m HEDI BEJAOUI Directeur Général des se,document_de_reference,https://www.cmf.tn/sites/default/files/pdfs/emetteurs/informations/references/doc_reference_BTE_2011.pdf,155,0
Fdfe226c860,BTE (ADP),2011,officeholder,ministry_organ,current,"Ministère de l'Industrie et de l'Energie M. MOHAMED EL AGREBI PDG Sergar, PDG Sotugat",,,board,"Ministère de l'Industrie et de l'Energie M. MOHAMED EL AGREBI PDG Sergar, PDG Sotugat  Ministère de l'Industrie et de l'Energie M. MOHAMED EL AGREBI PDG Sergar,",document_de_reference,https://www.cmf.tn/sites/default/files/pdfs/emetteurs/informations/references/doc_reference_BTE_2011.pdf,155,0
Fdfe226c860,BTE (ADP),2011,officeholder,ministry_organ,current,Ministère des Finances M. ABDELHAMID EL GHANMI Directeur Général des participations,,,board,Ministère des Finances M. ABDELHAMID EL GHANMI Directeur Général des participations  Ministère des Finances M. ABDELHAMID EL GHANMI Directeur Général des partic,document_de_reference,https://www.cmf.tn/sites/default/files/pdfs/emetteurs/informations/references/doc_reference_BTE_2011.pdf,155,0
Fdfe226c860,BTE (ADP),2011,state_board,state_organ_seat,,État Tunisien,S0000000a01,,board_seat,,document_de_reference,https://www.cmf.tn/sites/default/files/pdfs/emetteurs/informations/references/doc_reference_BTE_2011.pdf,154,0
Fdfe226c860,BTE (ADP),2011,state_board,state_organ_seat,,État Tunisien,S0000000a01,,board_seat_corporate,,document_de_reference,https://www.cmf.tn/sites/default/files/pdfs/emetteurs/informations/references/doc_reference_BTE_2011.pdf,154,0
Fdfe226c860,BTE (ADP),2016,officeholder,cabinet_staff,current,Chef de cabinet du ministre auprès du chef,,,board,Chef de cabinet du ministre auprès du chef   board_seat 5.1.5. Fonctions des représentants permanents des personnes morales membres du,document_de_reference,https://www.cmf.tn/sites/default/files/pdfs/emetteurs/informations/references/doc_reference_bte_2016.pdf,226,0
Fdfe226c860,BTE (ADP),2016,officeholder,cabinet_staff,current,MINISTERE DU DEVELOPPEMENT DE,,,board,Chef de cabinet au ministère du   board_seat 5.1.5. Fonctions des représentants permanents des personnes morales membres du,document_de_reference,https://www.cmf.tn/sites/default/files/pdfs/emetteurs/informations/references/doc_reference_bte_2016.pdf,226,0
Fdfe226c860,BTE (ADP),2016,officeholder,cabinet_staff,current,Chef de cabinet au ministère de l’énergie et,,,board,Chef de cabinet au ministère de l’énergie et   board_seat 5.1.5. Fonctions des représentants permanents des personnes morales membres du,document_de_reference,https://www.cmf.tn/sites/default/files/pdfs/emetteurs/informations/references/doc_reference_bte_2016.pdf,226,0
Fdfe226c860,BTE (ADP),2016,state_board,state_organ_seat,,État Tunisien,S0000000a01,,board_seat_corporate,,document_de_reference,https://www.cmf.tn/sites/default/files/pdfs/emetteurs/informations/references/doc_reference_bte_2016.pdf,225,0
Fdfe226c860,BTE (ADP),2016,state_board,state_organ_seat,,Chef de cabinet au ministère de l’énergie et,Sa1a8173023,,board_seat_corporate,,document_de_reference,https://www.cmf.tn/sites/default/files/pdfs/emetteurs/informations/references/doc_reference_bte_2016.pdf,226,0
Fdfe226c860,BTE (ADP),2016,state_board,state_organ_seat,,MINISTERE DU DEVELOPPEMENT DE,Sdd462c34a2,,board_seat_corporate,,document_de_reference,https://www.cmf.tn/sites/default/files/pdfs/emetteurs/informations/references/doc_reference_bte_2016.pdf,226,0
Fdfe226c860,BTE (ADP),2016,state_ownership,state_shareholder,,État Tunisien,S0000000a01,,ownership,,document_de_reference,https://www.cmf.tn/sites/default/files/pdfs/emetteurs/informations/references/doc_reference_bte_2016.pdf,31,0
Fdfe226c860,BTE (ADP),2017,public_bank,public_bank_equity,,BNA,F5ccaee3c36,,ownership,,document_de_reference,https://www.cmf.tn/sites/default/files/pdfs/emetteurs/informations/references/doc_reference_bna_2018.pdf,31,0
Fe851154c1d,BTK,2009,public_bank,public_bank_equity,,Banque Nationale Agricole,Fc0d64a7eb6,,group_participation,,document_de_reference,https://www.cmf.tn/sites/default/files/pdfs/emetteurs/informations/references/doc_reference_BTK_2009.pdf,91,0
Fe851154c1d,BTK,2011,officeholder,ministry_organ,current,Ministère des Finances de l’Etat Tunisien   declared_executi,,,executives,Ministère des Finances de l’Etat Tunisien   declared_executive_role 5.1.3 - Principales activités exercées en dehors de la Banque au cours des trois dernières,document_de_reference,https://www.cmf.tn/sites/default/files/pdfs/emetteurs/informations/references/doc_reference_%20BTK_2012_FR.pdf,161,0
Fe851154c1d,BTK,2011,officeholder,ministry_organ,current,Ministère des Finances de l’Etat Tunisien   declared_executi,,,executives,Ministère des Finances de l’Etat Tunisien   declared_executive_role 5.1.3 - Principales activités exercées en dehors de la Banque au cours des trois dernières,document_de_reference,https://www.cmf.tn/sites/default/files/pdfs/emetteurs/informations/references/doc_reference_%20BTK_2012_FR.pdf,161,0
Fe851154c1d,BTK,2011,officeholder,ministry_organ,current,Ministère des Finances Koweitien   declared_executive_role 5,,,executives,Ministère des Finances Koweitien   declared_executive_role 5.1.3 - Principales activités exercées en dehors de la Banque au cours des trois dernières,document_de_reference,https://www.cmf.tn/sites/default/files/pdfs/emetteurs/informations/references/doc_reference_%20BTK_2012_FR.pdf,161,0
Fe851154c1d,BTK,2011,state_ownership,state_shareholder,,État Tunisien,S0000000a01,,ownership,,document_de_reference,https://www.cmf.tn/sites/default/files/pdfs/emetteurs/informations/references/doc_reference_%20BTK_2012_FR.pdf,15,0
Fe851154c1d,BTK,2014,officeholder,ministry_organ,current,Ali OUERGHI,,,board,Représentant le Ministère des Finances monsieur  board_seat LES MEMBRES DU CONSEIL D'ADMINISTRATION DE LA BANQUE,rapport_annuel,https://www.cmf.tn/sites/default/files/pdfs/emetteurs/informations/rapports-societes/rapport_annuel_btk_2014.pdf.pdf,3,1
Fe851154c1d,BTK,2014,officeholder,ministry_organ,current,Ministère des Finances de l’Etat Tunisien   declared_executi,,,executives,Ministère des Finances de l’Etat Tunisien   declared_executive_role 5.1.3 - Principales activités exercées en dehors de la Banque au cours des trois dernières,document_de_reference,https://www.cmf.tn/sites/default/files/pdfs/emetteurs/informations/references/doc_reference_BTK_2014.pdf,183,0
Fe851154c1d,BTK,2014,officeholder,ministry_organ,current,Ministère des Finances de l’Etat Tunisien   declared_executi,,,executives,Ministère des Finances de l’Etat Tunisien   declared_executive_role 5.1.3 - Principales activités exercées en dehors de la Banque au cours des trois dernières,document_de_reference,https://www.cmf.tn/sites/default/files/pdfs/emetteurs/informations/references/doc_reference_BTK_2014.pdf,183,0
Fe851154c1d,BTK,2014,officeholder,ministry_organ,current,Ministère des Finances Koweitien   declared_executive_role 5,,,executives,Ministère des Finances Koweitien   declared_executive_role 5.1.3 - Principales activités exercées en dehors de la Banque au cours des trois dernières,document_de_reference,https://www.cmf.tn/sites/default/files/pdfs/emetteurs/informations/references/doc_reference_BTK_2014.pdf,183,0
Fe851154c1d,BTK,2014,state_ownership,state_shareholder,,État Tunisien,S0000000a01,,ownership,,document_de_reference,https://www.cmf.tn/sites/default/files/pdfs/emetteurs/informations/references/doc_reference_BTK_2014.pdf,16,0
Fe851154c1d,BTK,2014,state_ownership,state_shareholder,,État Tunisien,S0000000a01,,ownership,,document_de_reference,https://www.cmf.tn/sites/default/files/pdfs/emetteurs/informations/references/doc_reference_BTK_2014.pdf,17,0
Fe851154c1d,BTK,2016,officeholder,ministry_organ,current,ZOGHLAMI,,,board,Représentant le Ministère  Finances -Tunisie board_seat 5.1.2 La Compasition du Conseil d'administration,rapport_annuel,https://www.cmf.tn/sites/default/files/pdfs/emetteurs/informations/rapports-societes/btk_2016.pdf,29,0
Fe851154c1d,BTK,2016,state_ownership,state_shareholder,,État Tunisien,S0000000a01,,ownership,,rapport_annuel,https://www.cmf.tn/sites/default/files/pdfs/emetteurs/informations/rapports-societes/rapport_btk_2024.pdf,4,0
Fe851154c1d,BTK,2016,state_ownership,state_shareholder,,État Tunisien,S0000000a01,,ownership,,rapport_annuel,https://www.cmf.tn/sites/default/files/pdfs/emetteurs/informations/rapports-societes/rapport_btk_2023.pdf,4,0
Fe851154c1d,BTK,2016,state_ownership,state_shareholder,,État Tunisien,S0000000a01,,ownership,,rapport_annuel,https://www.cmf.tn/sites/default/files/pdfs/emetteurs/informations/rapports-societes/btk_2022.pdf,5,0
Fe851154c1d,BTK,2016,state_ownership,state_shareholder,,État Tunisien,S0000000a01,,ownership,,rapport_annuel,https://www.cmf.tn/sites/default/files/pdfs/emetteurs/informations/rapports-societes/btk_2021.pdf,7,0
Fe851154c1d,BTK,2024,officeholder,ministry_organ,current,l’Etat Tunisien,,,board,Financement (DGF) -Ministère des Finances  BEN SAAD board_seat 5.1.5 - Fonctions des représentants permanents des personnes morales,document_de_reference,https://www.cmf.tn/sites/default/files/pdfs/emetteurs/informations/references/docref_btk_bank_2024_fr.pdf,209,0
Fe851154c1d,BTK,2024,state_board,state_organ_seat,,État Tunisien,S0000000a01,,board_seat_corporate,,document_de_reference,https://www.cmf.tn/sites/default/files/pdfs/emetteurs/informations/references/doc_reference_btk_2025.pdf,246,0
Fe851154c1d,BTK,2024,state_board,state_organ_seat,,État Tunisien,S0000000a01,,board_seat_corporate,,document_de_reference,https://www.cmf.tn/sites/default/files/pdfs/emetteurs/informations/references/docref_btk_bank_2024_fr.pdf,209,0
Fe851154c1d,BTK,2024,state_ownership,state_shareholder,,État Tunisien,S0000000a01,,ownership,,document_de_reference,https://www.cmf.tn/sites/default/files/pdfs/emetteurs/informations/references/docref_btk_bank_2024_fr.pdf,38,0
Fe851154c1d,BTK,2024,state_ownership,state_shareholder,,État Tunisien,S0000000a01,,ownership,,document_de_reference,https://www.cmf.tn/sites/default/files/pdfs/emetteurs/informations/references/docref_btk_bank_2024_fr.pdf,39,0
Fe851154c1d,BTK,2025,state_board,state_organ_seat,,État Tunisien,S0000000a01,,board_seat_corporate,,document_de_reference,https://www.cmf.tn/sites/default/files/pdfs/emetteurs/informations/references/doc_reference_btk_2025.pdf,243,0
Fe851154c1d,BTK,2025,state_ownership,state_shareholder,,État Tunisien,S0000000a01,,ownership,,document_de_reference,https://www.cmf.tn/sites/default/files/pdfs/emetteurs/informations/references/doc_reference_btk_2025.pdf,38,0
Fe11432a6d8,BTK LEASING,2021,public_bank,public_bank_seat,,STB,Fede9a2bb70,,board_seat_corporate,,document_de_reference,https://www.cmf.tn/sites/default/files/pdfs/emetteurs/informations/references/doc_reference_btk_leasing_ex_ail_2022.pdf,184,0
Fe11432a6d8,BTK LEASING,2021,public_bank,public_bank_seat,,STB,Fede9a2bb70,,board_seat_corporate,,document_de_reference,https://www.cmf.tn/sites/default/files/pdfs/emetteurs/informations/references/doc_reference_btk_leasing_ex_ail_2022.pdf,186,0
F16c513851c,BTQI,1997,officeholder,state_representative,current,Docteur NAJMEDDINE DAJJANI,,,board,Vice Président du Conseil   board_seat ADMINISTRATEURS REPRESENTANT L'ETAT DE QATAR,prospectus,https://www.cmf.tn/sites/default/files/pdfs/emetteurs/informations/prospectus/prospectus_demission_augmentation_de_capital_-_btqi_1997-.pdf,16,0
F0e6e83438c,BUAT,2024,public_bank,public_bank_interlock,,STB,Fede9a2bb70,,board_interlock,,derived,,,
F0e6e83438c,BUAT,2026,public_bank,public_bank_interlock,,STB,Fede9a2bb70,,board_interlock,,derived,,,
Fa1bfa4d335,"Bourse des Valeurs Mobilières N""gz/s4 du 29 avril lgg2",1990,public_bank,public_bank_seat,,STB,Fede9a2bb70,,board_seat_corporate,,prospectus,https://www.cmf.tn/sites/default/files/pdfs/emetteurs/informations/prospectus/prospectus_demission_augmentation_de_capital_-stb_1992-.pdf,18,0
F6fb284d35e,C.NS.S,2005,public_bank,public_bank_seat,,STB,Fede9a2bb70,,board_seat_corporate,,rapport_annuel,https://www.cmf.tn/sites/default/files/pdfs/emetteurs/informations/rapports-societes/rapport_annuel_stb_2005.pdf,5,1
F4998732b7b,CAPITALE -BS,1996,state_board,state_organ_seat,,État Tunisien,S0000000a01,,board_seat_corporate,,prospectus,https://www.cmf.tn/sites/default/files/pdfs/emetteurs/informations/prospectus/prospectus_demission_augmentation_de_capitale_-bs_1996-.pdf,11,0
F4998732b7b,CAPITALE -BS,1996,state_board,state_organ_seat,,Caisse Nationale de Sécurité Sociale (CNSS),S0000000c01,,board_seat_corporate,,prospectus,https://www.cmf.tn/sites/default/files/pdfs/emetteurs/informations/prospectus/prospectus_demission_augmentation_de_capitale_-bs_1996-.pdf,11,0
Ff9b9132a52,CARTHAGE CEMENT,2019,state_ownership,state_shareholder,,État Tunisien,S0000000a01,,ownership,,prospectus,https://www.cmf.tn/sites/default/files/pdfs/emetteurs/informations/prospectus/prospectus_cc_2019.pdf,34,0
F5c3d78cc15,CDC DEVELOPPEMENT,2013,public_bank,public_bank_equity,,BH BANK,F5038da9360,,group_participation,,document_de_reference,https://www.cmf.tn/sites/default/files/pdfs/emetteurs/informations/references/doc_reference_BH_2015_1.pdf,129,0
F2f31635f4f,"CHERAIET""",2019,public_bank,public_bank_equity,,STB,Fede9a2bb70,,group_participation,,document_de_reference,https://www.cmf.tn/sites/default/files/pdfs/emetteurs/informations/references/document_de_reference_emprunt_societe_tunisienne_de_banque2019-1_version_finale125092019_correction_finale_cfm_site_cmf.pdf,138,0
F36bd12b853,CIE HOTELIERE DES CENTRES VILLES ( HOTEL ANDALOUS),2009,public_bank,public_bank_equity,,STB,Fede9a2bb70,,group_participation,,document_de_reference,https://www.cmf.tn/sites/default/files/pdfs/emetteurs/informations/references/doc_reference_STB_2010.pdf,106,0
F696d1a681f,"CIE MED. DE TOURISME ""HOTEL DALIA""",2019,public_bank,public_bank_equity,,STB,Fede9a2bb70,,group_participation,,document_de_reference,https://www.cmf.tn/sites/default/files/pdfs/emetteurs/informations/references/document_de_reference_emprunt_societe_tunisienne_de_banque2019-1_version_finale125092019_correction_finale_cfm_site_cmf.pdf,138,0
Fd228d2488b,CIL,2010,public_bank,public_bank_equity,,Banque Nationale Agricole,Fc0d64a7eb6,,group_participation,,document_de_reference,https://www.cmf.tn/sites/default/files/pdfs/emetteurs/informations/references/doc_reference_BTK_2009.pdf,91,0
F0590bcb4f4,CLUB),2019,public_bank,public_bank_equity,,STB,Fede9a2bb70,,group_participation,,document_de_reference,https://www.cmf.tn/sites/default/files/pdfs/emetteurs/informations/references/document_de_reference_emprunt_societe_tunisienne_de_banque2019-1_version_finale125092019_correction_finale_cfm_site_cmf.pdf,138,0
F96c49b5f3a,CTAMA,2008,public_bank,public_bank_seat,,BNA,F5ccaee3c36,,board_seat_corporate,,document_de_reference,https://www.cmf.tn/sites/default/files/pdfs/emetteurs/informations/references/doc_reference_BNA2009.pdf,177,0
F901f29da5b,CTAMA IMMOBILIERE,2024,public_bank,public_bank_interlock,,STB,Fede9a2bb70,,board_interlock,,derived,,,
F901f29da5b,CTAMA IMMOBILIERE,2026,public_bank,public_bank_interlock,,STB,Fede9a2bb70,,board_interlock,,derived,,,
F8dbbc403f5,Caisse Tunisienne des Assurances Mutuelles Agricoles,2013,public_bank,public_bank_seat,,BNA,F5ccaee3c36,,board_seat_corporate,,rapport_annuel,https://www.cmf.tn/sites/default/files/pdfs/emetteurs/informations/rapports-societes/bna_2013.pdf,5,1
Fb5d11c2f49,"Ce comité, composé de 4 membres et de tout",2015,public_bank,public_bank_seat,,STB,Fede9a2bb70,,board_seat_corporate,,rapport_annuel,https://www.cmf.tn/sites/default/files/pdfs/emetteurs/informations/rapports-societes/rapport_stb_2023.pdf,16,0
F88b7950445,Cette amélioration s'est reflétée sur les indicateurs,2017,public_bank,public_bank_seat,,STB,Fede9a2bb70,,board_seat_corporate,,rapport_annuel,https://www.cmf.tn/sites/default/files/pdfs/emetteurs/informations/rapports-societes/rapport_annuel_stb_2017.pdf,8,1
Fa733927bd0,Cette cellule est chargée de coordonner,2012,public_bank,public_bank_seat,,BH BANK,F5038da9360,,board_seat_corporate,,rapport_annuel,https://www.cmf.tn/sites/default/files/pdfs/emetteurs/informations/rapports-societes/rapport_annuel_bh_2012.pdf,10,1
F8b4a3be494,Chef du Gouvernement chargé des dossiers,2012,public_bank,public_bank_seat,,BH BANK,F5038da9360,,board_seat_corporate,,rapport_annuel,https://www.cmf.tn/sites/default/files/pdfs/emetteurs/informations/rapports-societes/rapport_annuel_bh_2012.pdf,10,1
Fe123d28fed,Confidentialité,2015,public_bank,public_bank_seat,,STB,Fede9a2bb70,,board_seat_corporate,,rapport_annuel,https://www.cmf.tn/sites/default/files/pdfs/emetteurs/informations/rapports-societes/rapport_stb_2023.pdf,16,0
F2e9c2e7d99,Consignations,2015,public_bank,public_bank_interlock,,BH BANK,F5038da9360,,board_interlock,,derived,,,
F23211662e7,Consignations - DG de la CDC Gestion,2017,public_bank,public_bank_interlock,,BH BANK,F5038da9360,,board_interlock,,derived,,,
F23211662e7,Consignations - DG de la CDC Gestion,2018,public_bank,public_bank_interlock,,BH BANK,F5038da9360,,board_interlock,,derived,,,
F1317a5fc0c,Contribution aux travaux du Conseil,2015,public_bank,public_bank_seat,,STB,Fede9a2bb70,,board_seat_corporate,,rapport_annuel,https://www.cmf.tn/sites/default/files/pdfs/emetteurs/informations/rapports-societes/rapport_stb_2023.pdf,16,0
F6fa987c429,Créé par le Conseil,2016,public_bank,public_bank_seat,,BNA,F5ccaee3c36,,board_seat_corporate,,rapport_annuel,https://www.cmf.tn/sites/default/files/pdfs/emetteurs/informations/rapports-societes/rapport_annuel_bna_2018.pdf,16,1
F4ff651ad76,DGA de la Caisse des Dépôts,2015,public_bank,public_bank_interlock,,BH BANK,F5038da9360,,board_interlock,,derived,,,
F4ff651ad76,DGA de la Caisse des Dépôts,2017,public_bank,public_bank_interlock,,BH BANK,F5038da9360,,board_interlock,,derived,,,
F4ff651ad76,DGA de la Caisse des Dépôts,2018,public_bank,public_bank_interlock,,BH BANK,F5038da9360,,board_interlock,,derived,,,
F65d5c39b58,DIVA SICAR,2013,public_bank,public_bank_equity,,BH BANK,F5038da9360,,group_participation,,document_de_reference,https://www.cmf.tn/sites/default/files/pdfs/emetteurs/informations/references/doc_reference_BH_2015_1.pdf,129,0
Fd4ed8d9e06,"DRAHAM ""Col des Ruines""",2019,public_bank,public_bank_equity,,STB,Fede9a2bb70,,group_participation,,document_de_reference,https://www.cmf.tn/sites/default/files/pdfs/emetteurs/informations/references/document_de_reference_emprunt_societe_tunisienne_de_banque2019-1_version_finale125092019_correction_finale_cfm_site_cmf.pdf,132,0
Fce856fbce3,De même et en complément du noyau du nouveau,2017,public_bank,public_bank_seat,,STB,Fede9a2bb70,,board_seat_corporate,,rapport_annuel,https://www.cmf.tn/sites/default/files/pdfs/emetteurs/informations/rapports-societes/rapport_annuel_stb_2017.pdf,8,1
F33cc371a1f,ED-DKHILA,2009,public_bank,public_bank_equity,,STB,Fede9a2bb70,,group_participation,,document_de_reference,https://www.cmf.tn/sites/default/files/pdfs/emetteurs/informations/references/doc_reference_STB_2010.pdf,33,0
F33cc371a1f,ED-DKHILA,2018,public_bank,public_bank_equity,,STB,Fede9a2bb70,,group_participation,,document_de_reference,https://www.cmf.tn/sites/default/files/pdfs/emetteurs/informations/references/document_de_reference_emprunt_societe_tunisienne_de_banque2019-1_version_finale125092019_correction_finale_cfm_site_cmf.pdf,232,0
Fe7bf042e96,EL MADINA,2008,public_bank,public_bank_equity,,BNA,F5ccaee3c36,,group_participation,,document_de_reference,https://www.cmf.tn/sites/default/files/pdfs/emetteurs/informations/references/doc_reference_BNA2009.pdf,80,0
Fa6e7b6b51e,ELLOUHOUM,2008,public_bank,public_bank_equity,,BNA,F5ccaee3c36,,group_participation,,document_de_reference,https://www.cmf.tn/sites/default/files/pdfs/emetteurs/informations/references/doc_reference_BNA2009.pdf,82,0
F3cb8089cff,ESSOUKNA,2022,public_bank,public_bank_seat,,Banque Nationale Agricole,Fc0d64a7eb6,,board_seat_corporate,,rapport_annuel,https://www.cmf.tn/sites/default/files/pdfs/emetteurs/informations/rapports-societes/rapport_essoukna_2022.pdf,21,0
Ff9d724d949,El Wifack Leasing,2012,public_bank,public_bank_equity,,Société Tunisienne de Banque,F8f14ab19c2,,ownership,,document_de_reference,https://www.cmf.tn/sites/default/files/pdfs/emetteurs/informations/references/doc_reference_ELW_2013.pdf,17,0
Fe13e5061a0,En ce qui concerne les membres indépendants et le,2015,public_bank,public_bank_seat,,STB,Fede9a2bb70,,board_seat_corporate,,rapport_annuel,https://www.cmf.tn/sites/default/files/pdfs/emetteurs/informations/rapports-societes/rapport_stb_2021.pdf,14,0
F4a63e38474,"En conclusion, La STB est bien positionnée aujourd'hui",2017,public_bank,public_bank_seat,,STB,Fede9a2bb70,,board_seat_corporate,,rapport_annuel,https://www.cmf.tn/sites/default/files/pdfs/emetteurs/informations/rapports-societes/rapport_annuel_stb_2017.pdf,8,1
F6b0de7603a,Enseignant à l’école Nationale d’Administration de Tunis,2021,public_bank,public_bank_interlock,,BH BANK,F5038da9360,,board_interlock,,derived,,,
Fe6bcb7b1a5,Epargne Invest SICAF,2011,public_bank,public_bank_equity,,BH BANK,F5038da9360,,group_participation,,document_de_reference,https://www.cmf.tn/sites/default/files/pdfs/emetteurs/informations/references/doc_reference_BH_2013.pdf,36,0
Fe6bcb7b1a5,Epargne Invest SICAF,2014,public_bank,public_bank_equity,,BH BANK,F5038da9360,,group_participation,,document_de_reference,https://www.cmf.tn/sites/default/files/pdfs/emetteurs/informations/references/doc_reference_%20BH_2015_2_0.pdf,36,0
F1b32a5ee1c,Ex membre du Conseil d’Administration de la banque ZITOUNA,2021,public_bank,public_bank_interlock,,BH BANK,F5038da9360,,board_interlock,,derived,,,
F2c329559e8,Ex-Président du Comité des risques,2021,public_bank,public_bank_interlock,,BH BANK,F5038da9360,,board_interlock,,derived,,,
F248fbaf00b,Ex-Président du Comité des risques -Ex membre du Conseil d’Administration de la banque QNB,2021,public_bank,public_bank_interlock,,BH BANK,F5038da9360,,board_interlock,,derived,,,
F66810a4933,Ex-président de Conseil d’Administration de la BNA,2021,public_bank,public_bank_interlock,,BH BANK,F5038da9360,,board_interlock,,derived,,,
Fc8b316af1a,Exerci,2015,public_bank,public_bank_seat,,STB,Fede9a2bb70,,board_seat_corporate,,rapport_annuel,https://www.cmf.tn/sites/default/files/pdfs/emetteurs/informations/rapports-societes/rapport_stb_2023.pdf,16,0
F44ace27cfb,Expert International en inclusion financière aux agences des Nations,2021,public_bank,public_bank_interlock,,BH BANK,F5038da9360,,board_interlock,,derived,,,
F82d6024473,F.C.P - OPTIMA,2013,public_bank,public_bank_equity,,BH BANK,F5038da9360,,group_participation,,document_de_reference,https://www.cmf.tn/sites/default/files/pdfs/emetteurs/informations/references/doc_reference_BH_2015_1.pdf,129,0
Fd7db41adf9,F.C.P.RIN ' TECH,2013,public_bank,public_bank_equity,,BH BANK,F5038da9360,,group_participation,,document_de_reference,https://www.cmf.tn/sites/default/files/pdfs/emetteurs/informations/references/doc_reference_BH_2015_1.pdf,129,0
F006b8af0a7,F.I.G,2013,public_bank,public_bank_equity,,BH BANK,F5038da9360,,group_participation,,document_de_reference,https://www.cmf.tn/sites/default/files/pdfs/emetteurs/informations/references/doc_reference_BH_2015_1.pdf,129,0
F843e6e7e87,GARDEN,2019,public_bank,public_bank_equity,,STB,Fede9a2bb70,,group_participation,,document_de_reference,https://www.cmf.tn/sites/default/files/pdfs/emetteurs/informations/references/document_de_reference_emprunt_societe_tunisienne_de_banque2019-1_version_finale125092019_correction_finale_cfm_site_cmf.pdf,138,0
Fa95cbddbc3,"GOLF""",2019,public_bank,public_bank_equity,,STB,Fede9a2bb70,,group_participation,,document_de_reference,https://www.cmf.tn/sites/default/files/pdfs/emetteurs/informations/references/document_de_reference_emprunt_societe_tunisienne_de_banque2019-1_version_finale125092019_correction_finale_cfm_site_cmf.pdf,138,0
F123e7c3ff6,Général et demandant des éclaircissements sur les,2015,public_bank,public_bank_seat,,STB,Fede9a2bb70,,board_seat_corporate,,rapport_annuel,https://www.cmf.tn/sites/default/files/pdfs/emetteurs/informations/rapports-societes/rapport_stb_2023.pdf,16,0
F99b2a3ef1f,Gérant de,2021,public_bank,public_bank_interlock,,BH BANK,F5038da9360,,board_interlock,,derived,,,
Fe191937d17,HELYA TOURS,2019,public_bank,public_bank_equity,,STB,Fede9a2bb70,,group_participation,,document_de_reference,https://www.cmf.tn/sites/default/files/pdfs/emetteurs/informations/references/document_de_reference_emprunt_societe_tunisienne_de_banque2019-1_version_finale125092019_correction_finale_cfm_site_cmf.pdf,138,0
F936d337da6,HORCHANI FINANCE,2015,public_bank,public_bank_equity,,BH BANK,F5038da9360,,ownership,,document_de_reference,https://www.cmf.tn/sites/default/files/pdfs/emetteurs/informations/references/doc_reference_%20BH_2015_2_0.pdf,34,0
F936d337da6,HORCHANI FINANCE,2015,public_bank,public_bank_equity,,BH BANK,F5038da9360,,ownership,,document_de_reference,https://www.cmf.tn/sites/default/files/pdfs/emetteurs/informations/references/doc_reference_BH_2015_1.pdf,39,0
Fa2ea85c867,HOTEL ITROPICA BEACH,2019,public_bank,public_bank_equity,,STB,Fede9a2bb70,,group_participation,,document_de_reference,https://www.cmf.tn/sites/default/files/pdfs/emetteurs/informations/references/document_de_reference_emprunt_societe_tunisienne_de_banque2019-1_version_finale125092019_correction_finale_cfm_site_cmf.pdf,138,0
Fb460b84b2d,IBS,2013,public_bank,public_bank_equity,,BH BANK,F5038da9360,,group_participation,,document_de_reference,https://www.cmf.tn/sites/default/files/pdfs/emetteurs/informations/references/doc_reference_BH_2015_1.pdf,129,0
F5445ee6f55,IG,2008,public_bank,public_bank_equity,,STB,Fede9a2bb70,,group_participation,,document_de_reference,https://www.cmf.tn/sites/default/files/pdfs/emetteurs/informations/references/doc_reference_STB_2008-2.pdf,31,0
F5445ee6f55,IG,2008,public_bank,public_bank_equity,,STB,Fede9a2bb70,,group_participation,,document_de_reference,https://www.cmf.tn/sites/default/files/pdfs/emetteurs/informations/references/doc_reference_STB_2008-2.pdf,31,0
F5445ee6f55,IG,2008,public_bank,public_bank_equity,,STB,Fede9a2bb70,,group_participation,,document_de_reference,https://www.cmf.tn/sites/default/files/pdfs/emetteurs/informations/references/doc_reference_STB_2008-2.pdf,31,0
F5445ee6f55,IG,2008,public_bank,public_bank_equity,,STB,Fede9a2bb70,,group_participation,,document_de_reference,https://www.cmf.tn/sites/default/files/pdfs/emetteurs/informations/references/doc_reference_STB_2008-2.pdf,31,0
F2de5ec6616,IMMOBILIERE MAE,2024,public_bank,public_bank_interlock,,STB,Fede9a2bb70,,board_interlock,,derived,,,
F2de5ec6616,IMMOBILIERE MAE,2026,public_bank,public_bank_interlock,,STB,Fede9a2bb70,,board_interlock,,derived,,,
Faaf3379906,INVEST DEVELOPPEMENT SICAR,2008,public_bank,public_bank_equity,,STB,Fede9a2bb70,,group_participation,,document_de_reference,https://www.cmf.tn/sites/default/files/pdfs/emetteurs/informations/references/doc_reference_STB_2008-2.pdf,31,0
Faaf3379906,INVEST DEVELOPPEMENT SICAR,2009,public_bank,public_bank_equity,,STB,Fede9a2bb70,,group_participation,,document_de_reference,https://www.cmf.tn/sites/default/files/pdfs/emetteurs/informations/references/doc_reference_STB_2010.pdf,33,0
F9f4ce57244,"Il émet, également, des avis et des",2015,public_bank,public_bank_seat,,STB,Fede9a2bb70,,board_seat_corporate,,rapport_annuel,https://www.cmf.tn/sites/default/files/pdfs/emetteurs/informations/rapports-societes/rapport_stb_2023.pdf,16,0
Ff098813509,KOWAIT INVESTMENT AUTHORITY,2008,public_bank,public_bank_equity,,STB,Fede9a2bb70,,ownership,,document_de_reference,https://www.cmf.tn/sites/default/files/pdfs/emetteurs/informations/references/doc_reference_STB_2008-2.pdf,28,0
Ff098813509,KOWAIT INVESTMENT AUTHORITY,2009,public_bank,public_bank_equity,,STB,Fede9a2bb70,,ownership,,document_de_reference,https://www.cmf.tn/sites/default/files/pdfs/emetteurs/informations/references/doc_reference_STB_2010.pdf,31,0
F16d4e9e475,KOWEIT INVESTMENT AUTORITY,2007,public_bank,public_bank_equity,,STB,Fede9a2bb70,,ownership,,document_de_reference,https://www.cmf.tn/sites/default/files/pdfs/emetteurs/informations/references/doc_reference_STB_2008_1.pdf,28,0
F054bd47d0c,Kuwaït Investment Authority,2015,public_bank,public_bank_equity,,STB,Fede9a2bb70,,ownership,,document_de_reference,https://www.cmf.tn/sites/default/files/pdfs/emetteurs/informations/references/doc_reference_%20STB_2015_0.pdf,47,0
Ff0ca4774c1,L'IMMOBILIERE DE L'AVENUE,2008,public_bank,public_bank_equity,,STB,Fede9a2bb70,,group_participation,,document_de_reference,https://www.cmf.tn/sites/default/files/pdfs/emetteurs/informations/references/doc_reference_STB_2008-2.pdf,31,0
Ff0ca4774c1,L'IMMOBILIERE DE L'AVENUE,2009,public_bank,public_bank_equity,,STB,Fede9a2bb70,,group_participation,,document_de_reference,https://www.cmf.tn/sites/default/files/pdfs/emetteurs/informations/references/doc_reference_STB_2010.pdf,33,0
Ff0ca4774c1,L'IMMOBILIERE DE L'AVENUE,2018,public_bank,public_bank_equity,,STB,Fede9a2bb70,,group_participation,,document_de_reference,https://www.cmf.tn/sites/default/files/pdfs/emetteurs/informations/references/document_de_reference_emprunt_societe_tunisienne_de_banque2019-1_version_finale125092019_correction_finale_cfm_site_cmf.pdf,232,0
Fdb1b39e5c5,"LA PROMOTION DE L'INVESTISSEMENT TQUE ""PIT"" (H.MAJESTIC)",2015,public_bank,public_bank_equity,,STB,Fede9a2bb70,,group_participation,,document_de_reference,https://www.cmf.tn/sites/default/files/pdfs/emetteurs/informations/references/doc_reference_%20STB_2015_0.pdf,120,0
Fdba8af1e23,LES JARDINS DE HAMMAMET,2019,public_bank,public_bank_equity,,STB,Fede9a2bb70,,group_participation,,document_de_reference,https://www.cmf.tn/sites/default/files/pdfs/emetteurs/informations/references/document_de_reference_emprunt_societe_tunisienne_de_banque2019-1_version_finale125092019_correction_finale_cfm_site_cmf.pdf,138,0
F5637b3612e,LLOYD,2017,public_bank,public_bank_equity,,BNA,F5ccaee3c36,,ownership,,rapport_annuel,https://www.cmf.tn/sites/default/files/pdfs/emetteurs/informations/rapports-societes/rapport_annuel_unifactor_2017.pdf,16,1
Faf18d2420c,"La Banque Nationale Agricole, fondée le 1er juin 1959, fête cette",2018,public_bank,public_bank_seat,,BNA,F5ccaee3c36,,board_seat_corporate,,rapport_annuel,https://www.cmf.tn/sites/default/files/pdfs/emetteurs/informations/rapports-societes/rapport_annuel_bna_2018.pdf,3,1
Ffacd4b4eeb,La Cellule de Bonne Gouvernance,2012,public_bank,public_bank_seat,,BH BANK,F5038da9360,,board_seat_corporate,,rapport_annuel,https://www.cmf.tn/sites/default/files/pdfs/emetteurs/informations/rapports-societes/rapport_annuel_bh_2012.pdf,10,1
Fa0e85c1f07,La STB entend maintenir son statut d'acteur financier,2017,public_bank,public_bank_seat,,STB,Fede9a2bb70,,board_seat_corporate,,rapport_annuel,https://www.cmf.tn/sites/default/files/pdfs/emetteurs/informations/rapports-societes/rapport_annuel_stb_2017.pdf,8,1
F94513d28af,La maison du banquier,2008,public_bank,public_bank_equity,,STB,Fede9a2bb70,,group_participation,,document_de_reference,https://www.cmf.tn/sites/default/files/pdfs/emetteurs/informations/references/doc_reference_STB_2008-2.pdf,31,0
F37be301e67,La nouvelle stratégie basée sur une gouvernance,2017,public_bank,public_bank_seat,,STB,Fede9a2bb70,,board_seat_corporate,,rapport_annuel,https://www.cmf.tn/sites/default/files/pdfs/emetteurs/informations/rapports-societes/rapport_annuel_stb_2017.pdf,8,1
F728dfcfdf5,Le s,2022,public_bank,public_bank_seat,,STB,Fede9a2bb70,,board_seat_corporate,,rapport_annuel,https://www.cmf.tn/sites/default/files/pdfs/emetteurs/informations/rapports-societes/rapport_stb_2022.pdf,17,0
Fa50705dcfe,Les principaux agrégats d'activité et de performance,2017,public_bank,public_bank_seat,,STB,Fede9a2bb70,,board_seat_corporate,,rapport_annuel,https://www.cmf.tn/sites/default/files/pdfs/emetteurs/informations/rapports-societes/rapport_annuel_stb_2017.pdf,8,1
F4465025c86,Les trois chartes ont été approuvées par,2012,public_bank,public_bank_seat,,BH BANK,F5038da9360,,board_seat_corporate,,rapport_annuel,https://www.cmf.tn/sites/default/files/pdfs/emetteurs/informations/rapports-societes/rapport_annuel_bh_2012.pdf,10,1
Fe4becc6b5e,M-E,2008,public_bank,public_bank_equity,,STB,Fede9a2bb70,,group_participation,,document_de_reference,https://www.cmf.tn/sites/default/files/pdfs/emetteurs/informations/references/doc_reference_STB_2008-2.pdf,31,0
Fe4becc6b5e,M-E,2008,public_bank,public_bank_equity,,STB,Fede9a2bb70,,group_participation,,document_de_reference,https://www.cmf.tn/sites/default/files/pdfs/emetteurs/informations/references/doc_reference_STB_2008-2.pdf,31,0
Fe4becc6b5e,M-E,2008,public_bank,public_bank_equity,,STB,Fede9a2bb70,,group_participation,,document_de_reference,https://www.cmf.tn/sites/default/files/pdfs/emetteurs/informations/references/doc_reference_STB_2008-2.pdf,31,0
F4835bcdce5,M.Abderraouf Klibi,2018,public_bank,public_bank_seat,,BH BANK,F5038da9360,,board_seat_corporate,,document_de_reference,https://www.cmf.tn/sites/default/files/pdfs/emetteurs/informations/references/doc_reference_bh_2018.pdf,294,0
F846baea8b4,MAE,2019,public_bank,public_bank_seat,,STB,Fede9a2bb70,,board_seat_corporate,,document_de_reference,https://www.cmf.tn/sites/default/files/pdfs/emetteurs/informations/references/document_de_reference_emprunt_societe_tunisienne_de_banque2019-1_version_finale125092019_correction_finale_cfm_site_cmf.pdf,301,0
F846baea8b4,MAE,2021,public_bank,public_bank_seat,,STB,Fede9a2bb70,,board_seat_corporate,,document_de_reference,https://www.cmf.tn/sites/default/files/pdfs/emetteurs/informations/references/doc_reference_stb_2021.pdf,337,0
Fc1a636a856,MAISON DU BANQUIER,2013,public_bank,public_bank_equity,,BH BANK,F5038da9360,,group_participation,,document_de_reference,https://www.cmf.tn/sites/default/files/pdfs/emetteurs/informations/references/doc_reference_BH_2015_1.pdf,129,0
Fa4e692511a,MEDIBOIS - HORCHANI DATTES - MEDIMETAL - MEDITOM - HORCHANI PECHE - IMMOBILIERE HORCHANI - MEDICAR,2009,public_bank,public_bank_interlock,,BH BANK,F5038da9360,,board_interlock,,derived,,,
Fa4e692511a,MEDIBOIS - HORCHANI DATTES - MEDIMETAL - MEDITOM - HORCHANI PECHE - IMMOBILIERE HORCHANI - MEDICAR,2015,public_bank,public_bank_interlock,,BH BANK,F5038da9360,,board_interlock,,derived,,,
Fa4e692511a,MEDIBOIS - HORCHANI DATTES - MEDIMETAL - MEDITOM - HORCHANI PECHE - IMMOBILIERE HORCHANI - MEDICAR,2017,public_bank,public_bank_interlock,,BH BANK,F5038da9360,,board_interlock,,derived,,,
Fa4e692511a,MEDIBOIS - HORCHANI DATTES - MEDIMETAL - MEDITOM - HORCHANI PECHE - IMMOBILIERE HORCHANI - MEDICAR,2018,public_bank,public_bank_interlock,,BH BANK,F5038da9360,,board_interlock,,derived,,,
F676c8e9a64,MINISTERE DES FINANCES,2008,public_bank,public_bank_seat,,BNA,F5ccaee3c36,,board_seat_corporate,,document_de_reference,https://www.cmf.tn/sites/default/files/pdfs/emetteurs/informations/references/doc_reference_BNA2009.pdf,177,0
F2d5c846e3d,MODERN LEASING,2006,public_bank,public_bank_interlock,,BH BANK,F5038da9360,,board_interlock,,derived,,,
F2d5c846e3d,MODERN LEASING,2007,public_bank,public_bank_interlock,,BH BANK,F5038da9360,,board_interlock,,derived,,,
F2d5c846e3d,MODERN LEASING,2009,public_bank,public_bank_interlock,,BH BANK,F5038da9360,,board_interlock,,derived,,,
F2d5c846e3d,MODERN LEASING,2011,public_bank,public_bank_equity,,BH BANK,F5038da9360,,group_participation,,document_de_reference,https://www.cmf.tn/sites/default/files/pdfs/emetteurs/informations/references/doc_reference_BH_2013.pdf,36,0
F2d5c846e3d,MODERN LEASING,2012,public_bank,public_bank_interlock,,BH BANK,F5038da9360,,board_interlock,,derived,,,
F2d5c846e3d,MODERN LEASING,2012,public_bank,public_bank_seat,,Banque de l’Habitat,Ff9d1d90ba7,,board_seat_corporate,,document_de_reference,https://www.cmf.tn/sites/default/files/pdfs/emetteurs/informations/references/doc_reference_MO_2012.pdf,187,0
F2d5c846e3d,MODERN LEASING,2012,public_bank,public_bank_seat,,Banque de l’Habitat,Ff9d1d90ba7,,board_seat_corporate,,document_de_reference,https://www.cmf.tn/sites/default/files/pdfs/emetteurs/informations/references/doc_reference_MO_2012.pdf,189,0
F2d5c846e3d,MODERN LEASING,2013,public_bank,public_bank_equity,,BH BANK,F5038da9360,,group_participation,,document_de_reference,https://www.cmf.tn/sites/default/files/pdfs/emetteurs/informations/references/doc_reference_BH_2015_1.pdf,128,0
F2d5c846e3d,MODERN LEASING,2014,public_bank,public_bank_seat,,Banque de l’Habitat,Ff9d1d90ba7,,board_seat_corporate,,document_de_reference,https://www.cmf.tn/sites/default/files/pdfs/emetteurs/informations/references/doc_reference_ML_2015_1.pdf,206,0
F2d5c846e3d,MODERN LEASING,2014,public_bank,public_bank_seat,,Banque de l’Habitat,Ff9d1d90ba7,,board_seat_corporate,,document_de_reference,https://www.cmf.tn/sites/default/files/pdfs/emetteurs/informations/references/doc_reference_ML_2015_1.pdf,208,0
F2d5c846e3d,MODERN LEASING,2014,public_bank,public_bank_equity,,BH BANK,F5038da9360,,group_participation,,document_de_reference,https://www.cmf.tn/sites/default/files/pdfs/emetteurs/informations/references/doc_reference_%20BH_2015_2_0.pdf,36,0
F2d5c846e3d,MODERN LEASING,2014,public_bank,public_bank_equity,,Banque de l’Habitat,Ff9d1d90ba7,,ownership,,document_de_reference,https://www.cmf.tn/sites/default/files/pdfs/emetteurs/informations/references/doc_reference_ML_2015_1.pdf,21,0
F2d5c846e3d,MODERN LEASING,2015,public_bank,public_bank_equity,,BH BANK,F5038da9360,,group_participation,,document_de_reference,https://www.cmf.tn/sites/default/files/pdfs/emetteurs/informations/references/doc_reference_BH_2015_1.pdf,40,0
F2d5c846e3d,MODERN LEASING,2017,public_bank,public_bank_interlock,,BH BANK,F5038da9360,,board_interlock,,derived,,,
F2d5c846e3d,MODERN LEASING,2017,public_bank,public_bank_seat,,Banque de l’Habitat,Ff9d1d90ba7,,board_seat_corporate,,document_de_reference,https://www.cmf.tn/sites/default/files/pdfs/emetteurs/informations/references/doc_reference_ml_2018.pdf,219,0
F2d5c846e3d,MODERN LEASING,2017,public_bank,public_bank_seat,,Banque de l’Habitat,Ff9d1d90ba7,,board_seat_corporate,,document_de_reference,https://www.cmf.tn/sites/default/files/pdfs/emetteurs/informations/references/doc_reference_ml_2018.pdf,221,0
F2d5c846e3d,MODERN LEASING,2017,public_bank,public_bank_equity,,Banque de l’Habitat,Ff9d1d90ba7,,ownership,,document_de_reference,https://www.cmf.tn/sites/default/files/pdfs/emetteurs/informations/references/doc_reference_ml_2018.pdf,20,0
F91e5f4ddcc,MONASTIR,2019,public_bank,public_bank_equity,,STB,Fede9a2bb70,,group_participation,,document_de_reference,https://www.cmf.tn/sites/default/files/pdfs/emetteurs/informations/references/document_de_reference_emprunt_societe_tunisienne_de_banque2019-1_version_finale125092019_correction_finale_cfm_site_cmf.pdf,138,0
F496e99855b,MUTUELLE ASSURANCE DE L'ENSEIGNEMENT,2021,public_bank,public_bank_equity,,STB,Fede9a2bb70,,ownership,,document_de_reference,https://www.cmf.tn/sites/default/files/pdfs/emetteurs/informations/references/doc_reference_stb_2021.pdf,44,0
Fe0d57f20fa,MUTUELLE ASSURANCE DE L'ENSEIGNEMENT MAE,2019,public_bank,public_bank_equity,,STB,Fede9a2bb70,,ownership,,document_de_reference,https://www.cmf.tn/sites/default/files/pdfs/emetteurs/informations/references/document_de_reference_emprunt_societe_tunisienne_de_banque2019-1_version_finale125092019_correction_finale_cfm_site_cmf.pdf,55,0
F91c1453bd1,MUTUELLE DU SAVOIR,2024,public_bank,public_bank_interlock,,STB,Fede9a2bb70,,board_interlock,,derived,,,
F91c1453bd1,MUTUELLE DU SAVOIR,2026,public_bank,public_bank_interlock,,STB,Fede9a2bb70,,board_interlock,,derived,,,
F23217da563,Managing Consultant - Groupe CAPGEMINI,2015,public_bank,public_bank_interlock,,BH BANK,F5038da9360,,board_interlock,,derived,,,
F23217da563,Managing Consultant - Groupe CAPGEMINI,2017,public_bank,public_bank_interlock,,BH BANK,F5038da9360,,board_interlock,,derived,,,
F23217da563,Managing Consultant - Groupe CAPGEMINI,2018,public_bank,public_bank_interlock,,BH BANK,F5038da9360,,board_interlock,,derived,,,
Ff7f7890411,Ministère du,2013,public_bank,public_bank_seat,,BNA,F5ccaee3c36,,board_seat_corporate,,rapport_annuel,https://www.cmf.tn/sites/default/files/pdfs/emetteurs/informations/rapports-societes/bna_2013.pdf,5,1
Fb53a7c1c16,Modern Leasing /2,2015,public_bank,public_bank_interlock,,BH BANK,F5038da9360,,board_interlock,,derived,,,
Fb53a7c1c16,Modern Leasing /2,2015,public_bank,public_bank_seat,,Banque de l’Habitat,Ff9d1d90ba7,,board_seat_corporate,,document_de_reference,https://www.cmf.tn/sites/default/files/pdfs/emetteurs/informations/references/doc_reference_ML_2015_2_0.pdf,208,0
Fb53a7c1c16,Modern Leasing /2,2015,public_bank,public_bank_seat,,Banque de l’Habitat,Ff9d1d90ba7,,board_seat_corporate,,document_de_reference,https://www.cmf.tn/sites/default/files/pdfs/emetteurs/informations/references/doc_reference_ML_2015_2_0.pdf,210,0
Fb53a7c1c16,Modern Leasing /2,2015,public_bank,public_bank_equity,,Banque de l’Habitat,Ff9d1d90ba7,,ownership,,document_de_reference,https://www.cmf.tn/sites/default/files/pdfs/emetteurs/informations/references/doc_reference_ML_2015_2_0.pdf,17,0
Ff667dbd63c,Mohamed Safouane Ben Aissa,2015,public_bank,public_bank_seat,,BH BANK,F5038da9360,,board_seat_corporate,,document_de_reference,https://www.cmf.tn/sites/default/files/pdfs/emetteurs/informations/references/doc_reference_%20BH_2015_2_0.pdf,192,0
F2ab46d6857,Mohamed Safouène Ben Aissa,2015,public_bank,public_bank_seat,,BH BANK,F5038da9360,,board_seat_corporate,,document_de_reference,https://www.cmf.tn/sites/default/files/pdfs/emetteurs/informations/references/doc_reference_%20BH_2015_2_0.pdf,194,0
F3a21ad1267,Mohamed Salah CHEBBI LAHSAN,2017,public_bank,public_bank_seat,,BNA,F5ccaee3c36,,board_seat_corporate,,rapport_annuel,https://www.cmf.tn/sites/default/files/pdfs/emetteurs/informations/rapports-societes/rapport_annuel_bna_2017.pdf,7,1
F3e09e1a09c,Moussa,2007,public_bank,public_bank_seat,,BH BANK,F5038da9360,,board_seat,,document_de_reference,https://www.cmf.tn/sites/default/files/pdfs/emetteurs/informations/references/doc_reference_BH_2007-2.pdf,256,0
F3e09e1a09c,Moussa,2007,public_bank,public_bank_seat,,BH BANK,F5038da9360,,board_seat_corporate,,document_de_reference,https://www.cmf.tn/sites/default/files/pdfs/emetteurs/informations/references/doc_reference_BH_2007-2.pdf,256,0
F3e09e1a09c,Moussa,2009,public_bank,public_bank_seat,,BH BANK,F5038da9360,,board_seat,,document_de_reference,https://www.cmf.tn/sites/default/files/pdfs/emetteurs/informations/references/doc_reference_BH_2009.pdf,227,0
F3e09e1a09c,Moussa,2009,public_bank,public_bank_seat,,BH BANK,F5038da9360,,board_seat_corporate,,document_de_reference,https://www.cmf.tn/sites/default/files/pdfs/emetteurs/informations/references/doc_reference_BH_2009.pdf,227,0
F6919a62aff,NIDA SA,2013,public_bank,public_bank_equity,,BH BANK,F5038da9360,,group_participation,,document_de_reference,https://www.cmf.tn/sites/default/files/pdfs/emetteurs/informations/references/doc_reference_BH_2015_1.pdf,129,0
Faabaa99c8a,Notice publiée au JORT no 35 du 30 avril,1990,public_bank,public_bank_seat,,STB,Fede9a2bb70,,board_seat_corporate,,prospectus,https://www.cmf.tn/sites/default/files/pdfs/emetteurs/informations/prospectus/prospectus_demission_augmentation_de_capital_-stb_1992-.pdf,18,0
F76610d7c10,Office des Céréales,2008,public_bank,public_bank_seat,,BNA,F5ccaee3c36,,board_seat_corporate,,document_de_reference,https://www.cmf.tn/sites/default/files/pdfs/emetteurs/informations/references/doc_reference_BNA2009.pdf,177,0
Ff5ed3f22cd,"PALACE""",2019,public_bank,public_bank_equity,,STB,Fede9a2bb70,,group_participation,,document_de_reference,https://www.cmf.tn/sites/default/files/pdfs/emetteurs/informations/references/document_de_reference_emprunt_societe_tunisienne_de_banque2019-1_version_finale125092019_correction_finale_cfm_site_cmf.pdf,138,0
F71eeaee8e7,PDG de la Sté Vêtements de travail,2015,public_bank,public_bank_interlock,,BH BANK,F5038da9360,,board_interlock,,derived,,,
F71eeaee8e7,PDG de la Sté Vêtements de travail,2017,public_bank,public_bank_interlock,,BH BANK,F5038da9360,,board_interlock,,derived,,,
F71eeaee8e7,PDG de la Sté Vêtements de travail,2018,public_bank,public_bank_interlock,,BH BANK,F5038da9360,,board_interlock,,derived,,,
F71eeaee8e7,PDG de la Sté Vêtements de travail,2021,public_bank,public_bank_interlock,,BH BANK,F5038da9360,,board_interlock,,derived,,,
F0251988d15,PDG du cabinet HB Consulting,2017,public_bank,public_bank_interlock,,BH BANK,F5038da9360,,board_interlock,,derived,,,
F0251988d15,PDG du cabinet HB Consulting,2018,public_bank,public_bank_interlock,,BH BANK,F5038da9360,,board_interlock,,derived,,,
F0251988d15,PDG du cabinet HB Consulting,2021,public_bank,public_bank_interlock,,BH BANK,F5038da9360,,board_interlock,,derived,,,
F21ac07e3cb,PHEBUS,2019,public_bank,public_bank_equity,,STB,Fede9a2bb70,,group_participation,,document_de_reference,https://www.cmf.tn/sites/default/files/pdfs/emetteurs/informations/references/document_de_reference_emprunt_societe_tunisienne_de_banque2019-1_version_finale125092019_correction_finale_cfm_site_cmf.pdf,138,0
Fcf5579c7d1,PNENICIA SEED FUND FCP,2013,public_bank,public_bank_equity,,BH BANK,F5038da9360,,group_participation,,document_de_reference,https://www.cmf.tn/sites/default/files/pdfs/emetteurs/informations/references/doc_reference_BH_2015_1.pdf,129,0
F771a0363a2,POL.I.TECH.GABES,2013,public_bank,public_bank_equity,,BH BANK,F5038da9360,,group_participation,,document_de_reference,https://www.cmf.tn/sites/default/files/pdfs/emetteurs/informations/references/doc_reference_BH_2015_1.pdf,129,0
Fcc3f9bcb5f,POLYCLINIQUE DU CAP BON,2024,public_bank,public_bank_interlock,,STB,Fede9a2bb70,,board_interlock,,derived,,,
Fcc3f9bcb5f,POLYCLINIQUE DU CAP BON,2026,public_bank,public_bank_interlock,,STB,Fede9a2bb70,,board_interlock,,derived,,,
F16a4bd5ec3,PRESICIUM TUNISIE,2024,public_bank,public_bank_interlock,,STB,Fede9a2bb70,,board_interlock,,derived,,,
F16a4bd5ec3,PRESICIUM TUNISIE,2026,public_bank,public_bank_interlock,,STB,Fede9a2bb70,,board_interlock,,derived,,,
F4ffc88283c,"Parallèlement, La banque a entamé l'instauration d'un",2017,public_bank,public_bank_seat,,STB,Fede9a2bb70,,board_seat_corporate,,rapport_annuel,https://www.cmf.tn/sites/default/files/pdfs/emetteurs/informations/rapports-societes/rapport_annuel_stb_2017.pdf,8,1
Ff5b61aa55b,Poste Obligataire SICAVTANIT,2019,public_bank,public_bank_equity,,BH BANK,F5038da9360,,group_participation,,document_de_reference,https://www.cmf.tn/sites/default/files/pdfs/emetteurs/informations/references/doc_reference_bh_bank_2021.pdf,119,0
Fd79f014591,"Pour la deuxième année consécutive, la Société",2017,public_bank,public_bank_seat,,STB,Fede9a2bb70,,board_seat_corporate,,rapport_annuel,https://www.cmf.tn/sites/default/files/pdfs/emetteurs/informations/rapports-societes/rapport_annuel_stb_2017.pdf,8,1
F5f38d2ee69,Principales attributions du Conseil d’Administration,2015,public_bank,public_bank_seat,,STB,Fede9a2bb70,,board_seat_corporate,,rapport_annuel,https://www.cmf.tn/sites/default/files/pdfs/emetteurs/informations/rapports-societes/rapport_stb_2021.pdf,15,0
F5c64fd1bec,Propriétaire,2021,public_bank,public_bank_interlock,,BH BANK,F5038da9360,,board_interlock,,derived,,,
Ffad81a2a8b,RESIDENCE DU CAP BON,2024,public_bank,public_bank_interlock,,STB,Fede9a2bb70,,board_interlock,,derived,,,
Ffad81a2a8b,RESIDENCE DU CAP BON,2026,public_bank,public_bank_interlock,,STB,Fede9a2bb70,,board_interlock,,derived,,,
Ff78a12540f,Rapp,2015,public_bank,public_bank_seat,,STB,Fede9a2bb70,,board_seat_corporate,,rapport_annuel,https://www.cmf.tn/sites/default/files/pdfs/emetteurs/informations/rapports-societes/rapport_stb_2023.pdf,16,0
Fdf0e0cd71e,Rapport,2022,public_bank,public_bank_seat,,STB,Fede9a2bb70,,board_seat_corporate,,rapport_annuel,https://www.cmf.tn/sites/default/files/pdfs/emetteurs/informations/rapports-societes/rapport_stb_2022.pdf,4,0
Fdf0e0cd71e,Rapport,2022,public_bank,public_bank_seat,,STB,Fede9a2bb70,,board_seat_corporate,,rapport_annuel,https://www.cmf.tn/sites/default/files/pdfs/emetteurs/informations/rapports-societes/rapport_stb_2022.pdf,17,0
F90ac15e6bf,Renouvellementdesmandats,2015,public_bank,public_bank_seat,,STB,Fede9a2bb70,,board_seat_corporate,,rapport_annuel,https://www.cmf.tn/sites/default/files/pdfs/emetteurs/informations/rapports-societes/rapport_stb_2021.pdf,14,0
F08e291fe8a,Représentantl’Etat,2021,public_bank,public_bank_seat,,STB,Fede9a2bb70,,board_seat_corporate,,rapport_annuel,https://www.cmf.tn/sites/default/files/pdfs/emetteurs/informations/rapports-societes/rapport_stb_2021.pdf,3,0
Fa982aa7324,Reste à attribuer (Rompus),2017,public_bank,public_bank_equity,,BH BANK,F5038da9360,,ownership,,document_de_reference,https://www.cmf.tn/sites/default/files/pdfs/emetteurs/informations/references/doc_reference_bh_2017.pdf,37,0
Fa982aa7324,Reste à attribuer (Rompus),2018,public_bank,public_bank_equity,,BH BANK,F5038da9360,,ownership,,document_de_reference,https://www.cmf.tn/sites/default/files/pdfs/emetteurs/informations/references/doc_reference_bh_2018.pdf,35,0
Fa982aa7324,Reste à attribuer (Rompus),2021,public_bank,public_bank_equity,,BH BANK,F5038da9360,,ownership,,document_de_reference,https://www.cmf.tn/sites/default/files/pdfs/emetteurs/informations/references/doc_reference_bh_bank_2021.pdf,38,0
F341f9eb295,Retail à la Banque Zitouna,2015,public_bank,public_bank_interlock,,BH BANK,F5038da9360,,board_interlock,,derived,,,
F024caad149,Retraité Ministère des Finances - Ancien PDG de la Régie des Alcools,2017,public_bank,public_bank_interlock,,BH BANK,F5038da9360,,board_interlock,,derived,,,
F024caad149,Retraité Ministère des Finances - Ancien PDG de la Régie des Alcools,2018,public_bank,public_bank_interlock,,BH BANK,F5038da9360,,board_interlock,,derived,,,
Fc3f3ad0280,Retraité Ministère des finances - ex PDG régie des alcools,2015,public_bank,public_bank_interlock,,BH BANK,F5038da9360,,board_interlock,,derived,,,
Fd795dade41,Règles de nomination et de remplacement des membres,2016,public_bank,public_bank_seat,,BNA,F5ccaee3c36,,board_seat_corporate,,rapport_annuel,https://www.cmf.tn/sites/default/files/pdfs/emetteurs/informations/rapports-societes/rapport_annuel_bna_2016.pdf,8,1
F8ee3c529f3,Réassurance,2022,public_bank,public_bank_seat,,STB,Fede9a2bb70,,board_seat_corporate,,rapport_annuel,https://www.cmf.tn/sites/default/files/pdfs/emetteurs/informations/rapports-societes/rapport_stb_2022.pdf,4,0
F5024dab53e,Résultat Brut d'Exploitation et le Résultat Net ont,2017,public_bank,public_bank_seat,,STB,Fede9a2bb70,,board_seat_corporate,,rapport_annuel,https://www.cmf.tn/sites/default/files/pdfs/emetteurs/informations/rapports-societes/rapport_annuel_stb_2017.pdf,8,1
F4beda87596,S D A,2024,public_bank,public_bank_interlock,,STB,Fede9a2bb70,,board_interlock,,derived,,,
F4beda87596,S D A,2026,public_bank,public_bank_interlock,,STB,Fede9a2bb70,,board_interlock,,derived,,,
F5e4182eaeb,S.E.D SOUSSE,2009,public_bank,public_bank_equity,,STB,Fede9a2bb70,,group_participation,,document_de_reference,https://www.cmf.tn/sites/default/files/pdfs/emetteurs/informations/references/doc_reference_STB_2010.pdf,33,0
F321687da2b,S.E.D SOUSSE NORD,2009,public_bank,public_bank_equity,,STB,Fede9a2bb70,,group_participation,,document_de_reference,https://www.cmf.tn/sites/default/files/pdfs/emetteurs/informations/references/doc_reference_STB_2010.pdf,33,0
Fad228f7446,S.E.P.T.S,2013,public_bank,public_bank_equity,,BH BANK,F5038da9360,,group_participation,,document_de_reference,https://www.cmf.tn/sites/default/files/pdfs/emetteurs/informations/references/doc_reference_BH_2015_1.pdf,129,0
F84055f7149,"S.H.T. LES BERGES 2000 ""Hôtel l'Atrium""",2009,public_bank,public_bank_equity,,STB,Fede9a2bb70,,group_participation,,document_de_reference,https://www.cmf.tn/sites/default/files/pdfs/emetteurs/informations/references/doc_reference_STB_2010.pdf,106,0
F84055f7149,"S.H.T. LES BERGES 2000 ""Hôtel l'Atrium""",2019,public_bank,public_bank_equity,,STB,Fede9a2bb70,,group_participation,,document_de_reference,https://www.cmf.tn/sites/default/files/pdfs/emetteurs/informations/references/document_de_reference_emprunt_societe_tunisienne_de_banque2019-1_version_finale125092019_correction_finale_cfm_site_cmf.pdf,138,0
F84055f7149,"S.H.T. LES BERGES 2000 ""Hôtel l'Atrium""",2021,public_bank,public_bank_equity,,STB,Fede9a2bb70,,group_participation,,document_de_reference,https://www.cmf.tn/sites/default/files/pdfs/emetteurs/informations/references/doc_reference_stb_2021.pdf,144,0
Fb7003295c3,S.I.B.T.E.L,2013,public_bank,public_bank_equity,,BH BANK,F5038da9360,,group_participation,,document_de_reference,https://www.cmf.tn/sites/default/files/pdfs/emetteurs/informations/references/doc_reference_BH_2015_1.pdf,129,0
Ff46b915a74,S.I.D.C.O SICAR,2013,public_bank,public_bank_equity,,BH BANK,F5038da9360,,group_participation,,document_de_reference,https://www.cmf.tn/sites/default/files/pdfs/emetteurs/informations/references/doc_reference_BH_2015_1.pdf,129,0
Fa085e9fd27,S.O.D.I.N.O - SICAR,2013,public_bank,public_bank_equity,,BH BANK,F5038da9360,,group_participation,,document_de_reference,https://www.cmf.tn/sites/default/files/pdfs/emetteurs/informations/references/doc_reference_BH_2015_1.pdf,129,0
F23d1fed31e,S.O.TU.GAR,2013,public_bank,public_bank_equity,,BH BANK,F5038da9360,,group_participation,,document_de_reference,https://www.cmf.tn/sites/default/files/pdfs/emetteurs/informations/references/doc_reference_BH_2015_1.pdf,129,0
Fd3009e5497,S.P.P.I – SICAR,2013,public_bank,public_bank_equity,,BH BANK,F5038da9360,,group_participation,,document_de_reference,https://www.cmf.tn/sites/default/files/pdfs/emetteurs/informations/references/doc_reference_BH_2015_1.pdf,129,0
Ffce3da57e3,S.T.C.V VERITAS,2009,public_bank,public_bank_equity,,STB,Fede9a2bb70,,group_participation,,document_de_reference,https://www.cmf.tn/sites/default/files/pdfs/emetteurs/informations/references/doc_reference_STB_2010.pdf,33,0
F0ede6fbfcd,S.T.I.M.E.C,2013,public_bank,public_bank_equity,,BH BANK,F5038da9360,,group_participation,,document_de_reference,https://www.cmf.tn/sites/default/files/pdfs/emetteurs/informations/references/doc_reference_BH_2015_1.pdf,129,0
F6cc2fdc754,SGRC,2011,public_bank,public_bank_equity,,BH BANK,F5038da9360,,group_participation,,document_de_reference,https://www.cmf.tn/sites/default/files/pdfs/emetteurs/informations/references/doc_reference_BH_2013.pdf,36,0
F6cc2fdc754,SGRC,2013,public_bank,public_bank_equity,,BH BANK,F5038da9360,,group_participation,,document_de_reference,https://www.cmf.tn/sites/default/files/pdfs/emetteurs/informations/references/doc_reference_BH_2015_1.pdf,128,0
F6cc2fdc754,SGRC,2014,public_bank,public_bank_equity,,BH BANK,F5038da9360,,group_participation,,document_de_reference,https://www.cmf.tn/sites/default/files/pdfs/emetteurs/informations/references/doc_reference_%20BH_2015_2_0.pdf,36,0
F6cc2fdc754,SGRC,2015,public_bank,public_bank_equity,,BH BANK,F5038da9360,,group_participation,,document_de_reference,https://www.cmf.tn/sites/default/files/pdfs/emetteurs/informations/references/doc_reference_BH_2015_1.pdf,40,0
F991c1c82ca,"SHALIMAR""",2019,public_bank,public_bank_equity,,STB,Fede9a2bb70,,group_participation,,document_de_reference,https://www.cmf.tn/sites/default/files/pdfs/emetteurs/informations/references/document_de_reference_emprunt_societe_tunisienne_de_banque2019-1_version_finale125092019_correction_finale_cfm_site_cmf.pdf,138,0
F36b4e946a6,SHELTER AFRIQUE **,2013,public_bank,public_bank_equity,,BH BANK,F5038da9360,,group_participation,,document_de_reference,https://www.cmf.tn/sites/default/files/pdfs/emetteurs/informations/references/doc_reference_BH_2015_1.pdf,129,0
Fb5294737b8,SICAF Epargne Invest,2013,public_bank,public_bank_equity,,BH BANK,F5038da9360,,group_participation,,document_de_reference,https://www.cmf.tn/sites/default/files/pdfs/emetteurs/informations/references/doc_reference_BH_2015_1.pdf,128,0
Fd611b3c37d,SICAV BHP,2013,public_bank,public_bank_equity,,BH BANK,F5038da9360,,group_participation,,document_de_reference,https://www.cmf.tn/sites/default/files/pdfs/emetteurs/informations/references/doc_reference_BH_2015_1.pdf,128,0
Fb447b749e2,SICAV L’AVENIR,2008,public_bank,public_bank_equity,,STB,Fede9a2bb70,,group_participation,,document_de_reference,https://www.cmf.tn/sites/default/files/pdfs/emetteurs/informations/references/doc_reference_STB_2008-2.pdf,31,0
Fb447b749e2,SICAV L’AVENIR,2009,public_bank,public_bank_equity,,STB,Fede9a2bb70,,group_participation,,document_de_reference,https://www.cmf.tn/sites/default/files/pdfs/emetteurs/informations/references/doc_reference_STB_2010.pdf,33,0
F18e0121b9e,SICAV Obligataire,2013,public_bank,public_bank_equity,,BH BANK,F5038da9360,,group_participation,,document_de_reference,https://www.cmf.tn/sites/default/files/pdfs/emetteurs/informations/references/doc_reference_BH_2015_1.pdf,128,0
F4d2a3930ec,SICAV l'INVESTISSEUR,2009,public_bank,public_bank_equity,,STB,Fede9a2bb70,,group_participation,,document_de_reference,https://www.cmf.tn/sites/default/files/pdfs/emetteurs/informations/references/doc_reference_STB_2010.pdf,33,0
F3009468f73,SIFIB-BH,2011,public_bank,public_bank_equity,,BH BANK,F5038da9360,,group_participation,,document_de_reference,https://www.cmf.tn/sites/default/files/pdfs/emetteurs/informations/references/doc_reference_BH_2013.pdf,36,0
F3009468f73,SIFIB-BH,2013,public_bank,public_bank_equity,,BH BANK,F5038da9360,,group_participation,,document_de_reference,https://www.cmf.tn/sites/default/files/pdfs/emetteurs/informations/references/doc_reference_BH_2015_1.pdf,128,0
F4d35b5b5f8,SIFIB-BH - SALIM,2006,public_bank,public_bank_interlock,,BH BANK,F5038da9360,,board_interlock,,derived,,,
F4d35b5b5f8,SIFIB-BH - SALIM,2007,public_bank,public_bank_interlock,,BH BANK,F5038da9360,,board_interlock,,derived,,,
F4d35b5b5f8,SIFIB-BH - SALIM,2009,public_bank,public_bank_interlock,,BH BANK,F5038da9360,,board_interlock,,derived,,,
F6de5c41e2b,SIM-SICAR,2011,public_bank,public_bank_equity,,BH BANK,F5038da9360,,group_participation,,document_de_reference,https://www.cmf.tn/sites/default/files/pdfs/emetteurs/informations/references/doc_reference_BH_2013.pdf,36,0
F6de5c41e2b,SIM-SICAR,2013,public_bank,public_bank_equity,,BH BANK,F5038da9360,,group_participation,,document_de_reference,https://www.cmf.tn/sites/default/files/pdfs/emetteurs/informations/references/doc_reference_BH_2015_1.pdf,128,0
F6de5c41e2b,SIM-SICAR,2014,public_bank,public_bank_equity,,BH BANK,F5038da9360,,group_participation,,document_de_reference,https://www.cmf.tn/sites/default/files/pdfs/emetteurs/informations/references/doc_reference_%20BH_2015_2_0.pdf,36,0
F6de5c41e2b,SIM-SICAR,2015,public_bank,public_bank_equity,,BH BANK,F5038da9360,,group_participation,,document_de_reference,https://www.cmf.tn/sites/default/files/pdfs/emetteurs/informations/references/doc_reference_BH_2015_1.pdf,40,0
Fe9fbd386a8,SIMPAR,2021,public_bank,public_bank_seat,,BNA,F5ccaee3c36,,board_seat_corporate,,rapport_annuel,https://www.cmf.tn/sites/default/files/pdfs/emetteurs/informations/rapports-societes/rapport_simpar_2021.pdf,23,0
Fe9fbd386a8,SIMPAR,2021,state_board,state_organ_seat,,BNA CAPITAUX- CAP BANK -CDC DEVELOPPEMENT,S0c4c0e7a3c,,board_seat_corporate,,rapport_annuel,https://www.cmf.tn/sites/default/files/pdfs/emetteurs/informations/rapports-societes/rapport_simpar_2021.pdf,23,0
Fe9fbd386a8,SIMPAR,2022,public_bank,public_bank_seat,,BNA,F5ccaee3c36,,board_seat_corporate,,rapport_annuel,https://www.cmf.tn/sites/default/files/pdfs/emetteurs/informations/rapports-societes/rapport_simpar_2022.pdf,22,0
Fe9fbd386a8,SIMPAR,2022,state_board,state_organ_seat,,CDC DEVELOPPEMENT -CIOK,S0de1396cbf,,board_seat_corporate,,rapport_annuel,https://www.cmf.tn/sites/default/files/pdfs/emetteurs/informations/rapports-societes/rapport_simpar_2022.pdf,22,0
Fe9fbd386a8,SIMPAR,2023,public_bank,public_bank_seat,,BNA,F5ccaee3c36,,board_seat_corporate,,rapport_annuel,https://www.cmf.tn/sites/default/files/pdfs/emetteurs/informations/rapports-societes/rapport_annuel_simpar_2023.pdf,22,0
Fe9fbd386a8,SIMPAR,2023,state_board,state_organ_seat,,CDC DEVELOPPEMENT -CIOK,S0de1396cbf,,board_seat_corporate,,rapport_annuel,https://www.cmf.tn/sites/default/files/pdfs/emetteurs/informations/rapports-societes/rapport_annuel_simpar_2023.pdf,22,0
Feea54eb02c,SIVIA,2008,public_bank,public_bank_equity,,BNA,F5ccaee3c36,,group_participation,,document_de_reference,https://www.cmf.tn/sites/default/files/pdfs/emetteurs/informations/references/doc_reference_BNA2009.pdf,80,0
F835e067e7b,SMT,2011,public_bank,public_bank_equity,,BH BANK,F5038da9360,,group_participation,,document_de_reference,https://www.cmf.tn/sites/default/files/pdfs/emetteurs/informations/references/doc_reference_BH_2013.pdf,36,0
F835e067e7b,SMT,2013,public_bank,public_bank_equity,,BH BANK,F5038da9360,,group_participation,,document_de_reference,https://www.cmf.tn/sites/default/files/pdfs/emetteurs/informations/references/doc_reference_BH_2015_1.pdf,129,0
F835e067e7b,SMT,2014,public_bank,public_bank_equity,,BH BANK,F5038da9360,,group_participation,,document_de_reference,https://www.cmf.tn/sites/default/files/pdfs/emetteurs/informations/references/doc_reference_%20BH_2015_2_0.pdf,36,0
F835e067e7b,SMT,2015,public_bank,public_bank_equity,,BH BANK,F5038da9360,,group_participation,,document_de_reference,https://www.cmf.tn/sites/default/files/pdfs/emetteurs/informations/references/doc_reference_BH_2015_1.pdf,40,0
Ff12087fde3,SNIT CENTRE,2019,public_bank,public_bank_equity,,BH BANK,F5038da9360,,group_participation,,document_de_reference,https://www.cmf.tn/sites/default/files/pdfs/emetteurs/informations/references/doc_reference_bh_bank_2021.pdf,119,0
F863743f015,SNIT SUD,2019,public_bank,public_bank_equity,,BH BANK,F5038da9360,,group_participation,,document_de_reference,https://www.cmf.tn/sites/default/files/pdfs/emetteurs/informations/references/doc_reference_bh_bank_2021.pdf,119,0
F2abe40bfe9,SNIT.NORD,2019,public_bank,public_bank_equity,,BH BANK,F5038da9360,,group_participation,,document_de_reference,https://www.cmf.tn/sites/default/files/pdfs/emetteurs/informations/references/doc_reference_bh_bank_2021.pdf,119,0
F722a6151dc,SOCIETE ACTIVHOTELS,2008,public_bank,public_bank_equity,,STB,Fede9a2bb70,,group_participation,,document_de_reference,https://www.cmf.tn/sites/default/files/pdfs/emetteurs/informations/references/doc_reference_STB_2008-2.pdf,31,0
F722a6151dc,SOCIETE ACTIVHOTELS,2009,public_bank,public_bank_equity,,STB,Fede9a2bb70,,group_participation,,document_de_reference,https://www.cmf.tn/sites/default/files/pdfs/emetteurs/informations/references/doc_reference_STB_2010.pdf,33,0
F66f718db78,SOCIETE ARTEMIS HÖTEL NEPTUNIA,2009,public_bank,public_bank_equity,,STB,Fede9a2bb70,,group_participation,,document_de_reference,https://www.cmf.tn/sites/default/files/pdfs/emetteurs/informations/references/doc_reference_STB_2010.pdf,33,0
F6aede0e877,SOCIETE EL MANSOUR TABARKA,2013,public_bank,public_bank_equity,,BH BANK,F5038da9360,,group_participation,,document_de_reference,https://www.cmf.tn/sites/default/files/pdfs/emetteurs/informations/references/doc_reference_BH_2015_1.pdf,129,0
F98925277f1,SOCIETE FINANCIERE DE GESTION,2009,public_bank,public_bank_equity,,STB,Fede9a2bb70,,group_participation,,document_de_reference,https://www.cmf.tn/sites/default/files/pdfs/emetteurs/informations/references/doc_reference_STB_2010.pdf,33,0
F5438f2b42e,SOCIETE LA GENERALE DES VENTES,2008,public_bank,public_bank_equity,,STB,Fede9a2bb70,,group_participation,,document_de_reference,https://www.cmf.tn/sites/default/files/pdfs/emetteurs/informations/references/doc_reference_STB_2008-2.pdf,31,0
F5438f2b42e,SOCIETE LA GENERALE DES VENTES,2009,public_bank,public_bank_equity,,STB,Fede9a2bb70,,group_participation,,document_de_reference,https://www.cmf.tn/sites/default/files/pdfs/emetteurs/informations/references/doc_reference_STB_2010.pdf,33,0
F5438f2b42e,SOCIETE LA GENERALE DES VENTES,2018,public_bank,public_bank_equity,,STB,Fede9a2bb70,,group_participation,,document_de_reference,https://www.cmf.tn/sites/default/files/pdfs/emetteurs/informations/references/document_de_reference_emprunt_societe_tunisienne_de_banque2019-1_version_finale125092019_correction_finale_cfm_site_cmf.pdf,232,0
F3d24ab2373,SOCIETE LELLA HADRIA,2008,public_bank,public_bank_equity,,STB,Fede9a2bb70,,group_participation,,document_de_reference,https://www.cmf.tn/sites/default/files/pdfs/emetteurs/informations/references/doc_reference_STB_2008-2.pdf,31,0
F56d2baa994,SOCIETE NIGERIENNE DE BANQUE,2008,public_bank,public_bank_equity,,STB,Fede9a2bb70,,group_participation,,document_de_reference,https://www.cmf.tn/sites/default/files/pdfs/emetteurs/informations/references/doc_reference_STB_2008-2.pdf,31,0
F6dd10f7585,SOCIETE STAFIM PEUGEOT,2008,public_bank,public_bank_equity,,STB,Fede9a2bb70,,group_participation,,document_de_reference,https://www.cmf.tn/sites/default/files/pdfs/emetteurs/informations/references/doc_reference_STB_2008-2.pdf,31,0
F835de4f83d,SOCIETE TUNISIENNE DE RECOUVREMENT DES CREANCES,2009,public_bank,public_bank_equity,,STB,Fede9a2bb70,,group_participation,,document_de_reference,https://www.cmf.tn/sites/default/files/pdfs/emetteurs/informations/references/doc_reference_STB_2010.pdf,33,0
F72818e8dc7,SODEK,2010,public_bank,public_bank_seat,,BH BANK,F5038da9360,,board_seat_corporate,,prospectus,https://www.cmf.tn/sites/default/files/pdfs/emetteurs/informations/prospectus/prospectus_SODEK.pdf,59,0
F72818e8dc7,SODEK,2010,public_bank,public_bank_seat,,STB,Fede9a2bb70,,board_seat_corporate,,prospectus,https://www.cmf.tn/sites/default/files/pdfs/emetteurs/informations/prospectus/prospectus_SODEK.pdf,59,0
F72818e8dc7,SODEK,2010,public_bank,public_bank_equity,,BH BANK,F5038da9360,,ownership,,prospectus,https://www.cmf.tn/sites/default/files/pdfs/emetteurs/informations/prospectus/prospectus_SODEK.pdf,19,0
F72818e8dc7,SODEK,2010,public_bank,public_bank_equity,,STB,Fede9a2bb70,,ownership,,prospectus,https://www.cmf.tn/sites/default/files/pdfs/emetteurs/informations/prospectus/prospectus_SODEK.pdf,19,0
F8fcdfdcdf9,SODEK SICAR,2013,public_bank,public_bank_equity,,BH BANK,F5038da9360,,group_participation,,document_de_reference,https://www.cmf.tn/sites/default/files/pdfs/emetteurs/informations/references/doc_reference_BH_2015_1.pdf,129,0
F9e80cdd945,SODESIB,2013,public_bank,public_bank_equity,,BH BANK,F5038da9360,,group_participation,,document_de_reference,https://www.cmf.tn/sites/default/files/pdfs/emetteurs/informations/references/doc_reference_BH_2015_1.pdf,129,0
F3cf8e69750,SODINO SICAR,2010,public_bank,public_bank_equity,,BH BANK,F5038da9360,,ownership,,prospectus,https://www.cmf.tn/sites/default/files/pdfs/emetteurs/informations/prospectus/prospectus_aug_cap_SODINO.pdf,19,0
F3cf8e69750,SODINO SICAR,2010,public_bank,public_bank_equity,,BNA,F5ccaee3c36,,ownership,,prospectus,https://www.cmf.tn/sites/default/files/pdfs/emetteurs/informations/prospectus/prospectus_aug_cap_SODINO.pdf,19,0
F3cf8e69750,SODINO SICAR,2010,public_bank,public_bank_equity,,STB,Fede9a2bb70,,ownership,,prospectus,https://www.cmf.tn/sites/default/files/pdfs/emetteurs/informations/prospectus/prospectus_aug_cap_SODINO.pdf,19,0
F3cf8e69750,SODINO SICAR,2010,state_ownership,state_shareholder,,Caisse Nationale de Sécurité Sociale (CNSS),S0000000c01,,ownership,,prospectus,https://www.cmf.tn/sites/default/files/pdfs/emetteurs/informations/prospectus/prospectus_aug_cap_SODINO.pdf,19,0
F1ba5cbb1bd,SODIS SICAR,2008,public_bank,public_bank_equity,,Banque Nationale Agricole,Fc0d64a7eb6,,ownership,,prospectus,https://www.cmf.tn/sites/default/files/pdfs/emetteurs/informations/prospectus/Prospectus_SODIS_SICAR.pdf,19,0
F1ba5cbb1bd,SODIS SICAR,2008,state_ownership,state_shareholder,,Caisse Nationale de Sécurité Sociale (CNSS),S0000000c01,,ownership,,prospectus,https://www.cmf.tn/sites/default/files/pdfs/emetteurs/informations/prospectus/Prospectus_SODIS_SICAR.pdf,19,0
F1ba5cbb1bd,SODIS SICAR,2008,state_ownership,state_shareholder,,Office du Commerce de Tunisie,S0000000f01,,ownership,,prospectus,https://www.cmf.tn/sites/default/files/pdfs/emetteurs/informations/prospectus/Prospectus_SODIS_SICAR.pdf,19,0
F1ba5cbb1bd,SODIS SICAR,2010,public_bank,public_bank_equity,,Banque Nationale Agricole,Fc0d64a7eb6,,ownership,,prospectus,https://www.cmf.tn/sites/default/files/pdfs/emetteurs/informations/prospectus/prospectus_SODIS-SICAR.pdf,19,0
F1ba5cbb1bd,SODIS SICAR,2010,public_bank,public_bank_equity,,STB,Fede9a2bb70,,ownership,,prospectus,https://www.cmf.tn/sites/default/files/pdfs/emetteurs/informations/prospectus/prospectus_SODIS-SICAR.pdf,19,0
F1ba5cbb1bd,SODIS SICAR,2010,public_bank,public_bank_equity,,Banque de l’Habitat,Ff9d1d90ba7,,ownership,,prospectus,https://www.cmf.tn/sites/default/files/pdfs/emetteurs/informations/prospectus/prospectus_SODIS-SICAR.pdf,19,0
F1ba5cbb1bd,SODIS SICAR,2010,state_ownership,state_shareholder,,Caisse Nationale de Sécurité Sociale (CNSS),S0000000c01,,ownership,,prospectus,https://www.cmf.tn/sites/default/files/pdfs/emetteurs/informations/prospectus/prospectus_SODIS-SICAR.pdf,19,0
F1ba5cbb1bd,SODIS SICAR,2010,state_ownership,state_shareholder,,Office du Commerce de Tunisie,S0000000f01,,ownership,,prospectus,https://www.cmf.tn/sites/default/files/pdfs/emetteurs/informations/prospectus/prospectus_SODIS-SICAR.pdf,19,0
F1ba5cbb1bd,SODIS SICAR,2013,public_bank,public_bank_equity,,BH BANK,F5038da9360,,group_participation,,document_de_reference,https://www.cmf.tn/sites/default/files/pdfs/emetteurs/informations/references/doc_reference_BH_2015_1.pdf,129,0
F210e0770a2,SOFI ELAN SICAF,2008,public_bank,public_bank_equity,,STB,Fede9a2bb70,,group_participation,,document_de_reference,https://www.cmf.tn/sites/default/files/pdfs/emetteurs/informations/references/doc_reference_STB_2008-2.pdf,31,0
F210e0770a2,SOFI ELAN SICAF,2009,public_bank,public_bank_equity,,STB,Fede9a2bb70,,group_participation,,document_de_reference,https://www.cmf.tn/sites/default/files/pdfs/emetteurs/informations/references/doc_reference_STB_2010.pdf,33,0
F210e0770a2,SOFI ELAN SICAF,2015,public_bank,public_bank_equity,,STB,Fede9a2bb70,,group_participation,,document_de_reference,https://www.cmf.tn/sites/default/files/pdfs/emetteurs/informations/references/doc_reference_%20STB_2015_0.pdf,120,0
F210e0770a2,SOFI ELAN SICAF,2018,public_bank,public_bank_equity,,STB,Fede9a2bb70,,group_participation,,document_de_reference,https://www.cmf.tn/sites/default/files/pdfs/emetteurs/informations/references/document_de_reference_emprunt_societe_tunisienne_de_banque2019-1_version_finale125092019_correction_finale_cfm_site_cmf.pdf,232,0
Fe5fd878815,SONEDE INTERNATIONAL,2021,state_board,state_organ_seat,,STEG INTERNATIONAL Membre du Conseil,Sbc747654c2,,board_seat_corporate,,prospectus,https://www.cmf.tn/sites/default/files/pdfs/emetteurs/informations/prospectus/prospectus_sonede_international_2022.pdf,27,0
Fe5fd878815,SONEDE INTERNATIONAL,2021,state_board,state_organ_seat,,SONEDE,Sdf42d9cd21,,board_seat_corporate,,prospectus,https://www.cmf.tn/sites/default/files/pdfs/emetteurs/informations/prospectus/prospectus_sonede_international_2022.pdf,27,0
Fe5fd878815,SONEDE INTERNATIONAL,2022,state_ownership,state_shareholder,,STEG INTERNATIONAL SERVICES,Sb24fed4776,,ownership,,prospectus,https://www.cmf.tn/sites/default/files/pdfs/emetteurs/informations/prospectus/prospectus_sonede_international_2022.pdf,24,0
Fe5fd878815,SONEDE INTERNATIONAL,2022,state_ownership,state_shareholder,,SONEDE,Sdf42d9cd21,,ownership,,prospectus,https://www.cmf.tn/sites/default/files/pdfs/emetteurs/informations/prospectus/prospectus_sonede_international_2022.pdf,24,0
F53c8824d1d,SOPAT,2009,state_board,state_organ_seat,,"STEG, SONEDE et Téléphone)",S08e067f5d2,,board_seat_corporate,,prospectus,https://www.cmf.tn/sites/default/files/pdfs/emetteurs/informations/prospectus/prospectus_aug_cap_SOPAT.pdf,42,0
F9cc8380d3b,SOPIVEL,2011,public_bank,public_bank_equity,,BH BANK,F5038da9360,,group_participation,,document_de_reference,https://www.cmf.tn/sites/default/files/pdfs/emetteurs/informations/references/doc_reference_BH_2013.pdf,36,0
F9cc8380d3b,SOPIVEL,2013,public_bank,public_bank_equity,,BH BANK,F5038da9360,,group_participation,,document_de_reference,https://www.cmf.tn/sites/default/files/pdfs/emetteurs/informations/references/doc_reference_BH_2015_1.pdf,128,0
F9cc8380d3b,SOPIVEL,2014,public_bank,public_bank_equity,,BH BANK,F5038da9360,,group_participation,,document_de_reference,https://www.cmf.tn/sites/default/files/pdfs/emetteurs/informations/references/doc_reference_%20BH_2015_2_0.pdf,36,0
F9cc8380d3b,SOPIVEL,2015,public_bank,public_bank_equity,,BH BANK,F5038da9360,,group_participation,,document_de_reference,https://www.cmf.tn/sites/default/files/pdfs/emetteurs/informations/references/doc_reference_BH_2015_1.pdf,40,0
Ffd6ca150e0,STAR,2005,public_bank,public_bank_seat,,STB,Fede9a2bb70,,board_seat_corporate,,rapport_annuel,https://www.cmf.tn/sites/default/files/pdfs/emetteurs/informations/rapports-societes/rapport_annuel_stb_2005.pdf,5,1
Ffd6ca150e0,STAR,2006,public_bank,public_bank_seat,,STB,Fede9a2bb70,,board_seat_corporate,,rapport_annuel,https://www.cmf.tn/sites/default/files/pdfs/emetteurs/informations/rapports-societes/rapport_annuel_stb_2006.pdf,3,1
Ffd6ca150e0,STAR,2009,public_bank,public_bank_seat,,STB,Fede9a2bb70,,board_seat_corporate,,document_de_reference,https://www.cmf.tn/sites/default/files/pdfs/emetteurs/informations/references/doc_reference_STB_2010.pdf,261,0
Ffd6ca150e0,STAR,2009,public_bank,public_bank_equity,,STB,Fede9a2bb70,,ownership,,document_de_reference,https://www.cmf.tn/sites/default/files/pdfs/emetteurs/informations/references/doc_reference_STB_2010.pdf,31,0
Ffd6ca150e0,STAR,2011,public_bank,public_bank_equity,,STB,Fede9a2bb70,,ownership,,document_de_reference,https://www.cmf.tn/sites/default/files/pdfs/emetteurs/informations/references/doc_reference_%20STB_2011.pdf,40,0
Ffd6ca150e0,STAR,2014,public_bank,public_bank_seat,,STB,Fede9a2bb70,,board_seat_corporate,,document_de_reference,https://www.cmf.tn/sites/default/files/pdfs/emetteurs/informations/references/doc_reference_%20STB_2015_0.pdf,219,0
Ffd6ca150e0,STAR,2019,public_bank,public_bank_interlock,,STB,Fede9a2bb70,,board_interlock,,derived,,,
Ffd6ca150e0,STAR,2019,public_bank,public_bank_seat,,STB,Fede9a2bb70,,board_seat_corporate,,document_de_reference,https://www.cmf.tn/sites/default/files/pdfs/emetteurs/informations/references/document_de_reference_emprunt_societe_tunisienne_de_banque2019-1_version_finale125092019_correction_finale_cfm_site_cmf.pdf,301,0
Ffd6ca150e0,STAR,2021,public_bank,public_bank_interlock,,STB,Fede9a2bb70,,board_interlock,,derived,,,
Ffd6ca150e0,STAR,2021,state_board,state_organ_seat,,État Tunisien,S0000000a01,,board_seat_corporate,,rapport_annuel,https://www.cmf.tn/sites/default/files/pdfs/emetteurs/informations/rapports-societes/rapport_star_2021.pdf,49,0
Fede9a2bb70,STB,2005,officeholder,state_representative,current,Laroussi BAYOUDH,,,board,Représentant l’Etat m  board_seat PRESIDENT DIRECTEUR GENERAL,rapport_annuel,https://www.cmf.tn/sites/default/files/pdfs/emetteurs/informations/rapports-societes/rapport_annuel_stb_2005.pdf,5,1
Fede9a2bb70,STB,2005,officeholder,state_representative,current,Hédi BEN CHEIKH,,,board,Représentant l’Etat mm  board_seat ADMINISTRATEURS,rapport_annuel,https://www.cmf.tn/sites/default/files/pdfs/emetteurs/informations/rapports-societes/rapport_annuel_stb_2005.pdf,5,1
Fede9a2bb70,STB,2005,officeholder,state_representative,current,Mohamed Moncef SAID,,,board,Représentant l’Etat   board_seat ADMINISTRATEURS,rapport_annuel,https://www.cmf.tn/sites/default/files/pdfs/emetteurs/informations/rapports-societes/rapport_annuel_stb_2005.pdf,5,1
Fede9a2bb70,STB,2005,officeholder,state_representative,current,Abdelhamid TRIKI,,,board,Représentant l’Etat   board_seat ADMINISTRATEURS,rapport_annuel,https://www.cmf.tn/sites/default/files/pdfs/emetteurs/informations/rapports-societes/rapport_annuel_stb_2005.pdf,5,1
Fede9a2bb70,STB,2005,officeholder,state_representative,current,Mohamed JEBALI,,,board,Représentant l’Etat   board_seat ADMINISTRATEURS,rapport_annuel,https://www.cmf.tn/sites/default/files/pdfs/emetteurs/informations/rapports-societes/rapport_annuel_stb_2005.pdf,5,1
Fede9a2bb70,STB,2005,state_board,state_organ_seat,,Entreprise Tunisienne d'Activités Pétrolières (ETAP),S0000000e01,,board_seat_corporate,,rapport_annuel,https://www.cmf.tn/sites/default/files/pdfs/emetteurs/informations/rapports-societes/rapport_annuel_stb_2005.pdf,5,1
Fede9a2bb70,STB,2006,officeholder,state_representative,current,Hédi BEN CHEIKH,,,board,Représentant l'Etat mm  board_seat ADMINISTRATEURS,rapport_annuel,https://www.cmf.tn/sites/default/files/pdfs/emetteurs/informations/rapports-societes/rapport_annuel_stb_2006.pdf,3,1
Fede9a2bb70,STB,2006,officeholder,state_representative,current,Mohamed Moncef SAID,,,board,Représentant l'Etat   board_seat ADMINISTRATEURS,rapport_annuel,https://www.cmf.tn/sites/default/files/pdfs/emetteurs/informations/rapports-societes/rapport_annuel_stb_2006.pdf,3,1
Fede9a2bb70,STB,2006,officeholder,state_representative,current,Abdelhamid TRIKI,,,board,Représentant l'Etat   board_seat ADMINISTRATEURS,rapport_annuel,https://www.cmf.tn/sites/default/files/pdfs/emetteurs/informations/rapports-societes/rapport_annuel_stb_2006.pdf,3,1
Fede9a2bb70,STB,2006,officeholder,state_representative,current,Mohamed JEBALI,,,board,Représentant l'Etat   board_seat ADMINISTRATEURS,rapport_annuel,https://www.cmf.tn/sites/default/files/pdfs/emetteurs/informations/rapports-societes/rapport_annuel_stb_2006.pdf,3,1
Fede9a2bb70,STB,2006,officeholder,state_representative,current,Seïfi NAGHMOUCHI,,,board,Représentant l'Etat   board_seat ADMINISTRATEURS,rapport_annuel,https://www.cmf.tn/sites/default/files/pdfs/emetteurs/informations/rapports-societes/rapport_annuel_stb_2006.pdf,3,1
Fede9a2bb70,STB,2006,state_board,state_organ_seat,,Entreprise Tunisienne d'Activités Pétrolières (ETAP),S0000000e01,,board_seat_corporate,,rapport_annuel,https://www.cmf.tn/sites/default/files/pdfs/emetteurs/informations/rapports-societes/rapport_annuel_stb_2006.pdf,3,1
Fede9a2bb70,STB,2007,state_ownership,state_shareholder,,État Tunisien,S0000000a01,,ownership,,document_de_reference,https://www.cmf.tn/sites/default/files/pdfs/emetteurs/informations/references/doc_reference_STB_2008_1.pdf,28,0
Fede9a2bb70,STB,2007,state_ownership,state_shareholder,,Caisse Nationale de Sécurité Sociale (CNSS),S0000000c01,,ownership,,document_de_reference,https://www.cmf.tn/sites/default/files/pdfs/emetteurs/informations/references/doc_reference_STB_2008_1.pdf,28,0
Fede9a2bb70,STB,2007,state_ownership,state_shareholder,,Entreprise Tunisienne d'Activités Pétrolières (ETAP),S0000000e01,,ownership,,document_de_reference,https://www.cmf.tn/sites/default/files/pdfs/emetteurs/informations/references/doc_reference_STB_2008_1.pdf,28,0
Fede9a2bb70,STB,2008,public_bank,public_bank_interlock,,BNA,F5ccaee3c36,,board_interlock,,derived,,,
Fede9a2bb70,STB,2008,public_bank,public_bank_equity,,STB BANK,F41b3c4c22b,,group_participation,,document_de_reference,https://www.cmf.tn/sites/default/files/pdfs/emetteurs/informations/references/doc_reference_STB_2008-2.pdf,31,0
Fede9a2bb70,STB,2008,state_ownership,state_shareholder,,État Tunisien,S0000000a01,,ownership,,document_de_reference,https://www.cmf.tn/sites/default/files/pdfs/emetteurs/informations/references/doc_reference_STB_2008-2.pdf,28,0
Fede9a2bb70,STB,2008,state_ownership,state_shareholder,,Caisse Nationale de Sécurité Sociale (CNSS),S0000000c01,,ownership,,document_de_reference,https://www.cmf.tn/sites/default/files/pdfs/emetteurs/informations/references/doc_reference_STB_2008-2.pdf,28,0
Fede9a2bb70,STB,2009,public_bank,public_bank_equity,,STB BANK,F41b3c4c22b,,group_participation,,document_de_reference,https://www.cmf.tn/sites/default/files/pdfs/emetteurs/informations/references/doc_reference_STB_2010.pdf,33,0
Fede9a2bb70,STB,2009,state_board,state_organ_seat,,Caisse Nationale de Sécurité Sociale (CNSS),S0000000c01,,board_seat_corporate,,document_de_reference,https://www.cmf.tn/sites/default/files/pdfs/emetteurs/informations/references/doc_reference_STB_2010.pdf,261,0
Fede9a2bb70,STB,2009,state_board,state_organ_seat,,Entreprise Tunisienne d'Activités Pétrolières (ETAP),S0000000e01,,board_seat_corporate,,document_de_reference,https://www.cmf.tn/sites/default/files/pdfs/emetteurs/informations/references/doc_reference_STB_2010.pdf,261,0
Fede9a2bb70,STB,2009,state_ownership,state_shareholder,,État Tunisien,S0000000a01,,ownership,,document_de_reference,https://www.cmf.tn/sites/default/files/pdfs/emetteurs/informations/references/doc_reference_STB_2010.pdf,31,0
Fede9a2bb70,STB,2009,state_ownership,state_shareholder,,Caisse Nationale de Sécurité Sociale (CNSS),S0000000c01,,ownership,,document_de_reference,https://www.cmf.tn/sites/default/files/pdfs/emetteurs/informations/references/doc_reference_STB_2010.pdf,31,0
Fede9a2bb70,STB,2009,state_ownership,state_shareholder,,Entreprise Tunisienne d'Activités Pétrolières (ETAP),S0000000e01,,ownership,,document_de_reference,https://www.cmf.tn/sites/default/files/pdfs/emetteurs/informations/references/doc_reference_STB_2010.pdf,31,0
Fede9a2bb70,STB,2011,state_ownership,state_shareholder,,État Tunisien,S0000000a01,,ownership,,document_de_reference,https://www.cmf.tn/sites/default/files/pdfs/emetteurs/informations/references/doc_reference_%20STB_2011.pdf,40,0
Fede9a2bb70,STB,2011,state_ownership,state_shareholder,,Caisse Nationale de Sécurité Sociale (CNSS),S0000000c01,,ownership,,document_de_reference,https://www.cmf.tn/sites/default/files/pdfs/emetteurs/informations/references/doc_reference_%20STB_2011.pdf,40,0
Fede9a2bb70,STB,2011,state_ownership,state_shareholder,,Entreprise Tunisienne d'Activités Pétrolières (ETAP),S0000000e01,,ownership,,document_de_reference,https://www.cmf.tn/sites/default/files/pdfs/emetteurs/informations/references/doc_reference_%20STB_2011.pdf,40,0
Fede9a2bb70,STB,2015,state_ownership,state_shareholder,,État Tunisien,S0000000a01,,ownership,,document_de_reference,https://www.cmf.tn/sites/default/files/pdfs/emetteurs/informations/references/doc_reference_%20STB_2015_0.pdf,47,0
Fede9a2bb70,STB,2015,state_ownership,state_shareholder,,Caisse Nationale de Sécurité Sociale (CNSS),S0000000c01,,ownership,,document_de_reference,https://www.cmf.tn/sites/default/files/pdfs/emetteurs/informations/references/doc_reference_%20STB_2015_0.pdf,47,0
Fede9a2bb70,STB,2015,state_ownership,state_shareholder,,Entreprise Tunisienne d'Activités Pétrolières (ETAP),S0000000e01,,ownership,,document_de_reference,https://www.cmf.tn/sites/default/files/pdfs/emetteurs/informations/references/doc_reference_%20STB_2015_0.pdf,47,0
Fede9a2bb70,STB,2017,state_board,state_organ_seat,,l'Etat Tunisien pour la période 2016-2020,Sb56c079123,,board_seat_corporate,,rapport_annuel,https://www.cmf.tn/sites/default/files/pdfs/emetteurs/informations/rapports-societes/rapport_annuel_stb_2017.pdf,8,1
Fede9a2bb70,STB,2019,state_ownership,state_shareholder,,État Tunisien,S0000000a01,,ownership,,document_de_reference,https://www.cmf.tn/sites/default/files/pdfs/emetteurs/informations/references/document_de_reference_emprunt_societe_tunisienne_de_banque2019-1_version_finale125092019_correction_finale_cfm_site_cmf.pdf,55,0
Fede9a2bb70,STB,2021,state_board,state_organ_seat,,e Représentantl’Etat,S40c55a0e99,,board_seat_corporate,,rapport_annuel,https://www.cmf.tn/sites/default/files/pdfs/emetteurs/informations/rapports-societes/rapport_stb_2021.pdf,3,0
Fede9a2bb70,STB,2021,state_board,state_organ_seat,,Représentantl’Etat,Scd9bbacded,,board_seat_corporate,,rapport_annuel,https://www.cmf.tn/sites/default/files/pdfs/emetteurs/informations/rapports-societes/rapport_stb_2021.pdf,3,0
Fede9a2bb70,STB,2021,state_ownership,state_shareholder,,État Tunisien,S0000000a01,,ownership,,document_de_reference,https://www.cmf.tn/sites/default/files/pdfs/emetteurs/informations/references/doc_reference_stb_2021.pdf,43,0
Fede9a2bb70,STB,2021,state_ownership,state_shareholder,,État Tunisien,S0000000a01,,ownership,,document_de_reference,https://www.cmf.tn/sites/default/files/pdfs/emetteurs/informations/references/doc_reference_stb_2021.pdf,44,0
Fede9a2bb70,STB,2021,state_ownership,state_shareholder,,Caisse Nationale de Sécurité Sociale (CNSS),S0000000c01,,ownership,,document_de_reference,https://www.cmf.tn/sites/default/files/pdfs/emetteurs/informations/references/doc_reference_stb_2021.pdf,43,0
Fede9a2bb70,STB,2022,state_board,state_organ_seat,,État Tunisien,S0000000a01,,board_seat_corporate,,rapport_annuel,https://www.cmf.tn/sites/default/files/pdfs/emetteurs/informations/rapports-societes/rapport_stb_2022.pdf,4,0
F41b3c4c22b,STB BANK,2008,public_bank,public_bank_equity,,STB,Fede9a2bb70,,group_participation,,document_de_reference,https://www.cmf.tn/sites/default/files/pdfs/emetteurs/informations/references/doc_reference_STB_2008-2.pdf,31,0
F41b3c4c22b,STB BANK,2009,public_bank,public_bank_equity,,STB,Fede9a2bb70,,group_participation,,document_de_reference,https://www.cmf.tn/sites/default/files/pdfs/emetteurs/informations/references/doc_reference_STB_2010.pdf,33,0
F3a483f8275,STB BANK (société Mère),2018,public_bank,public_bank_equity,,STB,Fede9a2bb70,,group_participation,,document_de_reference,https://www.cmf.tn/sites/default/files/pdfs/emetteurs/informations/references/document_de_reference_emprunt_societe_tunisienne_de_banque2019-1_version_finale125092019_correction_finale_cfm_site_cmf.pdf,232,0
Fd4acf9313a,STB CAPITALIS,2008,public_bank,public_bank_equity,,STB,Fede9a2bb70,,group_participation,,document_de_reference,https://www.cmf.tn/sites/default/files/pdfs/emetteurs/informations/references/doc_reference_STB_2008-2.pdf,31,0
Fd4acf9313a,STB CAPITALIS,2009,public_bank,public_bank_equity,,STB,Fede9a2bb70,,group_participation,,document_de_reference,https://www.cmf.tn/sites/default/files/pdfs/emetteurs/informations/references/doc_reference_STB_2010.pdf,33,0
F141f7a8e7f,STB FINANCE,2018,public_bank,public_bank_equity,,STB,Fede9a2bb70,,group_participation,,document_de_reference,https://www.cmf.tn/sites/default/files/pdfs/emetteurs/informations/references/document_de_reference_emprunt_societe_tunisienne_de_banque2019-1_version_finale125092019_correction_finale_cfm_site_cmf.pdf,232,0
F5772a2ec68,STB INVEST,2008,public_bank,public_bank_equity,,STB,Fede9a2bb70,,group_participation,,document_de_reference,https://www.cmf.tn/sites/default/files/pdfs/emetteurs/informations/references/doc_reference_STB_2008-2.pdf,31,0
F5772a2ec68,STB INVEST,2009,public_bank,public_bank_equity,,STB,Fede9a2bb70,,group_participation,,document_de_reference,https://www.cmf.tn/sites/default/files/pdfs/emetteurs/informations/references/doc_reference_STB_2010.pdf,33,0
F5772a2ec68,STB INVEST,2018,public_bank,public_bank_equity,,STB,Fede9a2bb70,,group_participation,,document_de_reference,https://www.cmf.tn/sites/default/files/pdfs/emetteurs/informations/references/document_de_reference_emprunt_societe_tunisienne_de_banque2019-1_version_finale125092019_correction_finale_cfm_site_cmf.pdf,232,0
Fef865711d4,STB MANAGER,2009,public_bank,public_bank_equity,,STB,Fede9a2bb70,,group_participation,,document_de_reference,https://www.cmf.tn/sites/default/files/pdfs/emetteurs/informations/references/doc_reference_STB_2010.pdf,33,0
Fef865711d4,STB MANAGER,2018,public_bank,public_bank_equity,,STB,Fede9a2bb70,,group_participation,,document_de_reference,https://www.cmf.tn/sites/default/files/pdfs/emetteurs/informations/references/document_de_reference_emprunt_societe_tunisienne_de_banque2019-1_version_finale125092019_correction_finale_cfm_site_cmf.pdf,232,0
F09b36120a8,STB SECURITE ET GARDIENNAGE,2020,public_bank,public_bank_equity,,STB,Fede9a2bb70,,group_participation,,document_de_reference,https://www.cmf.tn/sites/default/files/pdfs/emetteurs/informations/references/doc_reference_stb_2021.pdf,45,0
Fb46ce71ced,STB SICAR,2008,public_bank,public_bank_equity,,STB,Fede9a2bb70,,group_participation,,document_de_reference,https://www.cmf.tn/sites/default/files/pdfs/emetteurs/informations/references/doc_reference_STB_2008-2.pdf,31,0
Fb46ce71ced,STB SICAR,2009,public_bank,public_bank_equity,,STB,Fede9a2bb70,,group_participation,,document_de_reference,https://www.cmf.tn/sites/default/files/pdfs/emetteurs/informations/references/doc_reference_STB_2010.pdf,33,0
Fb46ce71ced,STB SICAR,2018,public_bank,public_bank_equity,,STB,Fede9a2bb70,,group_participation,,document_de_reference,https://www.cmf.tn/sites/default/files/pdfs/emetteurs/informations/references/document_de_reference_emprunt_societe_tunisienne_de_banque2019-1_version_finale125092019_correction_finale_cfm_site_cmf.pdf,232,0
F16b121eb0f,STE BOUMAKHLOUF,2013,public_bank,public_bank_equity,,BH BANK,F5038da9360,,group_participation,,document_de_reference,https://www.cmf.tn/sites/default/files/pdfs/emetteurs/informations/references/doc_reference_BH_2015_1.pdf,129,0
F0228d8302d,STE CAP CARTHAGE,2009,public_bank,public_bank_equity,,STB,Fede9a2bb70,,group_participation,,document_de_reference,https://www.cmf.tn/sites/default/files/pdfs/emetteurs/informations/references/doc_reference_STB_2010.pdf,106,0
F7dd2b1de2b,"STE CIVILE IMMOBILIERE ""LA MAISON DU BANQUIER""",2015,public_bank,public_bank_equity,,STB,Fede9a2bb70,,group_participation,,document_de_reference,https://www.cmf.tn/sites/default/files/pdfs/emetteurs/informations/references/doc_reference_%20STB_2015_0.pdf,120,0
Fdaa8f5c792,"STE D'ANIMATION ET D'HOTELLERIE DE MAHDIA ""SAHM""",2015,public_bank,public_bank_equity,,STB,Fede9a2bb70,,group_participation,,document_de_reference,https://www.cmf.tn/sites/default/files/pdfs/emetteurs/informations/references/doc_reference_%20STB_2015_0.pdf,120,0
F93257f0eef,"STE D'ET. & D'AM. TQUE DE SFAX ""SEDATS""",2015,public_bank,public_bank_equity,,STB,Fede9a2bb70,,group_participation,,document_de_reference,https://www.cmf.tn/sites/default/files/pdfs/emetteurs/informations/references/doc_reference_%20STB_2015_0.pdf,120,0
F2b3e556c9b,"STE D'ET. & DE PROM. TQUE DE HAMMAMET""MAEVA"" SEPTH",2015,public_bank,public_bank_equity,,STB,Fede9a2bb70,,group_participation,,document_de_reference,https://www.cmf.tn/sites/default/files/pdfs/emetteurs/informations/references/doc_reference_%20STB_2015_0.pdf,120,0
Fd6a5c77db1,"STE D'ET. DVPT. & PROM. TQUE. BIZ. ""H. BIZERTA RESORT""",2009,public_bank,public_bank_equity,,STB,Fede9a2bb70,,group_participation,,document_de_reference,https://www.cmf.tn/sites/default/files/pdfs/emetteurs/informations/references/doc_reference_STB_2010.pdf,106,0
F1f78180058,STE D'ETUDE ET DE DEVELOPT TQUE DJERBA LES DUNES,2015,public_bank,public_bank_equity,,STB,Fede9a2bb70,,group_participation,,document_de_reference,https://www.cmf.tn/sites/default/files/pdfs/emetteurs/informations/references/doc_reference_%20STB_2015_0.pdf,120,0
Fef99812ab5,"STE D'ETUDES ET DE DEV. TQUE ""GREEN GOLF""",2015,public_bank,public_bank_equity,,STB,Fede9a2bb70,,group_participation,,document_de_reference,https://www.cmf.tn/sites/default/files/pdfs/emetteurs/informations/references/doc_reference_%20STB_2015_0.pdf,120,0
F7f88d1540c,"STE D'EXP.& DE DVPT TQUE ""H.THALASSA MAHDIA""",2015,public_bank,public_bank_equity,,STB,Fede9a2bb70,,group_participation,,document_de_reference,https://www.cmf.tn/sites/default/files/pdfs/emetteurs/informations/references/doc_reference_%20STB_2015_0.pdf,120,0
Fbebb1281b1,"STE D'EXPANSION TQUE ""AZUREA""",2019,public_bank,public_bank_equity,,STB,Fede9a2bb70,,group_participation,,document_de_reference,https://www.cmf.tn/sites/default/files/pdfs/emetteurs/informations/references/document_de_reference_emprunt_societe_tunisienne_de_banque2019-1_version_finale125092019_correction_finale_cfm_site_cmf.pdf,138,0
Fe6937084b2,"STE D'EXPLOITATION TQUE ""AZUREA""",2009,public_bank,public_bank_equity,,STB,Fede9a2bb70,,group_participation,,document_de_reference,https://www.cmf.tn/sites/default/files/pdfs/emetteurs/informations/references/doc_reference_STB_2010.pdf,106,0
F4c9f81102c,STE DE DEV.ECO. DE KASSERINE SODEK- SICAR,2015,public_bank,public_bank_equity,,STB,Fede9a2bb70,,group_participation,,document_de_reference,https://www.cmf.tn/sites/default/files/pdfs/emetteurs/informations/references/doc_reference_%20STB_2015_0.pdf,120,0
F326df1749b,STE DE PROMOTION ET DE FINANCT TQUE CARTHAGO,2015,public_bank,public_bank_equity,,STB,Fede9a2bb70,,group_participation,,document_de_reference,https://www.cmf.tn/sites/default/files/pdfs/emetteurs/informations/references/doc_reference_%20STB_2015_0.pdf,120,0
Fe7b68ba1df,"STE GLE D'EXPL TQUE ""SOGET SARL"" (HOTEL KSAR AMAZIR)",2015,public_bank,public_bank_equity,,STB,Fede9a2bb70,,group_participation,,document_de_reference,https://www.cmf.tn/sites/default/files/pdfs/emetteurs/informations/references/doc_reference_%20STB_2015_0.pdf,120,0
Fca061027e5,"STE HOT. ET IMMOBILIERE DE TABARKA "" HOTEL LES MIMOSAS""",2015,public_bank,public_bank_equity,,STB,Fede9a2bb70,,group_participation,,document_de_reference,https://www.cmf.tn/sites/default/files/pdfs/emetteurs/informations/references/doc_reference_%20STB_2015_0.pdf,120,0
Fd192b46d95,STE HOTEL HOUDA,2019,public_bank,public_bank_equity,,STB,Fede9a2bb70,,group_participation,,document_de_reference,https://www.cmf.tn/sites/default/files/pdfs/emetteurs/informations/references/document_de_reference_emprunt_societe_tunisienne_de_banque2019-1_version_finale125092019_correction_finale_cfm_site_cmf.pdf,138,0
F55342a8265,"STE HOTELIERE ""BEL AIR""",2008,public_bank,public_bank_equity,,STB,Fede9a2bb70,,group_participation,,document_de_reference,https://www.cmf.tn/sites/default/files/pdfs/emetteurs/informations/references/doc_reference_STB_2008-2.pdf,31,0
F55342a8265,"STE HOTELIERE ""BEL AIR""",2009,public_bank,public_bank_equity,,STB,Fede9a2bb70,,group_participation,,document_de_reference,https://www.cmf.tn/sites/default/files/pdfs/emetteurs/informations/references/doc_reference_STB_2010.pdf,33,0
F55342a8265,"STE HOTELIERE ""BEL AIR""",2009,public_bank,public_bank_equity,,STB,Fede9a2bb70,,group_participation,,document_de_reference,https://www.cmf.tn/sites/default/files/pdfs/emetteurs/informations/references/doc_reference_STB_2010.pdf,106,0
F55342a8265,"STE HOTELIERE ""BEL AIR""",2019,public_bank,public_bank_equity,,STB,Fede9a2bb70,,group_participation,,document_de_reference,https://www.cmf.tn/sites/default/files/pdfs/emetteurs/informations/references/document_de_reference_emprunt_societe_tunisienne_de_banque2019-1_version_finale125092019_correction_finale_cfm_site_cmf.pdf,138,0
F55342a8265,"STE HOTELIERE ""BEL AIR""",2021,public_bank,public_bank_equity,,STB,Fede9a2bb70,,group_participation,,document_de_reference,https://www.cmf.tn/sites/default/files/pdfs/emetteurs/informations/references/doc_reference_stb_2021.pdf,144,0
Fa3d9e8185b,"STE HOTELIERE ""DAR DHIAFA""( TROPICANA CLUB)",2009,public_bank,public_bank_equity,,STB,Fede9a2bb70,,group_participation,,document_de_reference,https://www.cmf.tn/sites/default/files/pdfs/emetteurs/informations/references/doc_reference_STB_2010.pdf,106,0
Fa3d9e8185b,"STE HOTELIERE ""DAR DHIAFA""( TROPICANA CLUB)",2015,public_bank,public_bank_equity,,STB,Fede9a2bb70,,group_participation,,document_de_reference,https://www.cmf.tn/sites/default/files/pdfs/emetteurs/informations/references/doc_reference_%20STB_2015_0.pdf,120,0
F7c3b992b31,"STE HOTELIERE ""H. KURIAT PALACE""",2009,public_bank,public_bank_equity,,STB,Fede9a2bb70,,group_participation,,document_de_reference,https://www.cmf.tn/sites/default/files/pdfs/emetteurs/informations/references/doc_reference_STB_2010.pdf,106,0
F7c3b992b31,"STE HOTELIERE ""H. KURIAT PALACE""",2019,public_bank,public_bank_equity,,STB,Fede9a2bb70,,group_participation,,document_de_reference,https://www.cmf.tn/sites/default/files/pdfs/emetteurs/informations/references/document_de_reference_emprunt_societe_tunisienne_de_banque2019-1_version_finale125092019_correction_finale_cfm_site_cmf.pdf,138,0
Fcbe075a3a5,"STE HOTELIERE ""LES LILAS""",2019,public_bank,public_bank_equity,,STB,Fede9a2bb70,,group_participation,,document_de_reference,https://www.cmf.tn/sites/default/files/pdfs/emetteurs/informations/references/document_de_reference_emprunt_societe_tunisienne_de_banque2019-1_version_finale125092019_correction_finale_cfm_site_cmf.pdf,138,0
F148beee515,"STE HOTELIERE & TQUE ""KARIM""",2009,public_bank,public_bank_equity,,STB,Fede9a2bb70,,group_participation,,document_de_reference,https://www.cmf.tn/sites/default/files/pdfs/emetteurs/informations/references/doc_reference_STB_2010.pdf,106,0
F148beee515,"STE HOTELIERE & TQUE ""KARIM""",2019,public_bank,public_bank_equity,,STB,Fede9a2bb70,,group_participation,,document_de_reference,https://www.cmf.tn/sites/default/files/pdfs/emetteurs/informations/references/document_de_reference_emprunt_societe_tunisienne_de_banque2019-1_version_finale125092019_correction_finale_cfm_site_cmf.pdf,138,0
F1be876091b,STE HOTELIERE BEL HORIZON SA,2019,public_bank,public_bank_equity,,STB,Fede9a2bb70,,group_participation,,document_de_reference,https://www.cmf.tn/sites/default/files/pdfs/emetteurs/informations/references/document_de_reference_emprunt_societe_tunisienne_de_banque2019-1_version_finale125092019_correction_finale_cfm_site_cmf.pdf,138,0
F64c3f7b6e5,"STE HOTELIERE ET TOURISTIQUE DU SAHEL ""H.LIBERTY""",2015,public_bank,public_bank_equity,,STB,Fede9a2bb70,,group_participation,,document_de_reference,https://www.cmf.tn/sites/default/files/pdfs/emetteurs/informations/references/doc_reference_%20STB_2015_0.pdf,120,0
F17f072b124,STE HOTELIERE ET TQUE LE GRAND MONASTIR SA,2009,public_bank,public_bank_equity,,STB,Fede9a2bb70,,group_participation,,document_de_reference,https://www.cmf.tn/sites/default/files/pdfs/emetteurs/informations/references/doc_reference_STB_2010.pdf,106,0
F07767f7367,STE INTER BANK SERVICES,2015,public_bank,public_bank_equity,,STB,Fede9a2bb70,,group_participation,,document_de_reference,https://www.cmf.tn/sites/default/files/pdfs/emetteurs/informations/references/doc_reference_%20STB_2015_0.pdf,120,0
F694c9c1535,"STE INTLE DE GEST. HOT. ""H. BYBLOS""",2019,public_bank,public_bank_equity,,STB,Fede9a2bb70,,group_participation,,document_de_reference,https://www.cmf.tn/sites/default/files/pdfs/emetteurs/informations/references/document_de_reference_emprunt_societe_tunisienne_de_banque2019-1_version_finale125092019_correction_finale_cfm_site_cmf.pdf,138,0
Fe796e99029,"STE INTLE PROM. HOT. ""PALM- INN""",2009,public_bank,public_bank_equity,,STB,Fede9a2bb70,,group_participation,,document_de_reference,https://www.cmf.tn/sites/default/files/pdfs/emetteurs/informations/references/doc_reference_STB_2010.pdf,106,0
Fe796e99029,"STE INTLE PROM. HOT. ""PALM- INN""",2019,public_bank,public_bank_equity,,STB,Fede9a2bb70,,group_participation,,document_de_reference,https://www.cmf.tn/sites/default/files/pdfs/emetteurs/informations/references/document_de_reference_emprunt_societe_tunisienne_de_banque2019-1_version_finale125092019_correction_finale_cfm_site_cmf.pdf,138,0
F0ad4fe03a2,STE L'ECRIN DE HAMMAMET,2019,public_bank,public_bank_equity,,STB,Fede9a2bb70,,group_participation,,document_de_reference,https://www.cmf.tn/sites/default/files/pdfs/emetteurs/informations/references/document_de_reference_emprunt_societe_tunisienne_de_banque2019-1_version_finale125092019_correction_finale_cfm_site_cmf.pdf,138,0
F6a303d4f8d,STE L'ELDORADO,2009,public_bank,public_bank_equity,,STB,Fede9a2bb70,,group_participation,,document_de_reference,https://www.cmf.tn/sites/default/files/pdfs/emetteurs/informations/references/doc_reference_STB_2010.pdf,106,0
F6a303d4f8d,STE L'ELDORADO,2019,public_bank,public_bank_equity,,STB,Fede9a2bb70,,group_participation,,document_de_reference,https://www.cmf.tn/sites/default/files/pdfs/emetteurs/informations/references/document_de_reference_emprunt_societe_tunisienne_de_banque2019-1_version_finale125092019_correction_finale_cfm_site_cmf.pdf,138,0
F29b993632a,"STE LA TURQUOISE "" HOTEL EL MALIA""",2019,public_bank,public_bank_equity,,STB,Fede9a2bb70,,group_participation,,document_de_reference,https://www.cmf.tn/sites/default/files/pdfs/emetteurs/informations/references/document_de_reference_emprunt_societe_tunisienne_de_banque2019-1_version_finale125092019_correction_finale_cfm_site_cmf.pdf,138,0
F19e8b95d9e,"STE LES FONDERIES DU MAGHREB ""SFM""",2009,public_bank,public_bank_equity,,STB,Fede9a2bb70,,group_participation,,document_de_reference,https://www.cmf.tn/sites/default/files/pdfs/emetteurs/informations/references/doc_reference_STB_2010.pdf,106,0
F49962989e6,STE MARINA HOTELS,2019,public_bank,public_bank_equity,,STB,Fede9a2bb70,,group_participation,,document_de_reference,https://www.cmf.tn/sites/default/files/pdfs/emetteurs/informations/references/document_de_reference_emprunt_societe_tunisienne_de_banque2019-1_version_finale125092019_correction_finale_cfm_site_cmf.pdf,138,0
F0ca2047bd6,STE MEDAPLAST,2015,public_bank,public_bank_equity,,STB,Fede9a2bb70,,group_participation,,document_de_reference,https://www.cmf.tn/sites/default/files/pdfs/emetteurs/informations/references/doc_reference_%20STB_2015_0.pdf,120,0
F8a639fa582,STE MODERNE DE TITRISATION,2013,public_bank,public_bank_equity,,BH BANK,F5038da9360,,group_participation,,document_de_reference,https://www.cmf.tn/sites/default/files/pdfs/emetteurs/informations/references/doc_reference_BH_2015_1.pdf,128,0
Fc62e86eada,STE NAT.TELECOM.T,2019,public_bank,public_bank_equity,,BH BANK,F5038da9360,,group_participation,,document_de_reference,https://www.cmf.tn/sites/default/files/pdfs/emetteurs/informations/references/doc_reference_bh_bank_2021.pdf,119,0
F865986a954,STE RAMLA TOZEUR,2019,public_bank,public_bank_equity,,STB,Fede9a2bb70,,group_participation,,document_de_reference,https://www.cmf.tn/sites/default/files/pdfs/emetteurs/informations/references/document_de_reference_emprunt_societe_tunisienne_de_banque2019-1_version_finale125092019_correction_finale_cfm_site_cmf.pdf,132,0
F4ee439945b,STE SEDS,2013,public_bank,public_bank_equity,,BH BANK,F5038da9360,,group_participation,,document_de_reference,https://www.cmf.tn/sites/default/files/pdfs/emetteurs/informations/references/doc_reference_BH_2015_1.pdf,129,0
F789454ee01,"STE TANIT INTERNATIONAL ""STI""",2015,public_bank,public_bank_equity,,STB,Fede9a2bb70,,group_participation,,document_de_reference,https://www.cmf.tn/sites/default/files/pdfs/emetteurs/informations/references/doc_reference_%20STB_2015_0.pdf,120,0
F9211d327de,"STE TOURISME & ANIMATION ""RAIS CLUB""",2009,public_bank,public_bank_equity,,STB,Fede9a2bb70,,group_participation,,document_de_reference,https://www.cmf.tn/sites/default/files/pdfs/emetteurs/informations/references/doc_reference_STB_2010.pdf,106,0
F9211d327de,"STE TOURISME & ANIMATION ""RAIS CLUB""",2019,public_bank,public_bank_equity,,STB,Fede9a2bb70,,group_participation,,document_de_reference,https://www.cmf.tn/sites/default/files/pdfs/emetteurs/informations/references/document_de_reference_emprunt_societe_tunisienne_de_banque2019-1_version_finale125092019_correction_finale_cfm_site_cmf.pdf,138,0
Fa8f9c42eed,"STE TQUE DE GESTION HOTELIERE ""THALASSA""",2009,public_bank,public_bank_equity,,STB,Fede9a2bb70,,group_participation,,document_de_reference,https://www.cmf.tn/sites/default/files/pdfs/emetteurs/informations/references/doc_reference_STB_2010.pdf,106,0
F70de447f98,STE TUN.RECOUVR. DES CREANCES “STRC”,2018,public_bank,public_bank_equity,,STB,Fede9a2bb70,,group_participation,,document_de_reference,https://www.cmf.tn/sites/default/files/pdfs/emetteurs/informations/references/document_de_reference_emprunt_societe_tunisienne_de_banque2019-1_version_finale125092019_correction_finale_cfm_site_cmf.pdf,232,0
F5d9b20dcd0,"STE. D'ET. & D'AMENAGEMENT LA MARINA HAMM. SUD ""SEAMHS""",2015,public_bank,public_bank_equity,,STB,Fede9a2bb70,,group_participation,,document_de_reference,https://www.cmf.tn/sites/default/files/pdfs/emetteurs/informations/references/doc_reference_%20STB_2015_0.pdf,120,0
Fc4aa0998d9,"STE. SMALT INVESTISSEMENT ""LES CYPRES""",2009,public_bank,public_bank_equity,,STB,Fede9a2bb70,,group_participation,,document_de_reference,https://www.cmf.tn/sites/default/files/pdfs/emetteurs/informations/references/doc_reference_STB_2010.pdf,106,0
Fc4aa0998d9,"STE. SMALT INVESTISSEMENT ""LES CYPRES""",2019,public_bank,public_bank_equity,,STB,Fede9a2bb70,,group_participation,,document_de_reference,https://www.cmf.tn/sites/default/files/pdfs/emetteurs/informations/references/document_de_reference_emprunt_societe_tunisienne_de_banque2019-1_version_finale125092019_correction_finale_cfm_site_cmf.pdf,138,0
F8496f4b820,STICODEVAM,2013,public_bank,public_bank_equity,,BH BANK,F5038da9360,,group_participation,,document_de_reference,https://www.cmf.tn/sites/default/files/pdfs/emetteurs/informations/references/doc_reference_BH_2015_1.pdf,129,0
F3c3d3d96da,STIMEC,2011,public_bank,public_bank_equity,,BH BANK,F5038da9360,,group_participation,,document_de_reference,https://www.cmf.tn/sites/default/files/pdfs/emetteurs/informations/references/doc_reference_BH_2013.pdf,36,0
F3c3d3d96da,STIMEC,2014,public_bank,public_bank_equity,,BH BANK,F5038da9360,,group_participation,,document_de_reference,https://www.cmf.tn/sites/default/files/pdfs/emetteurs/informations/references/doc_reference_%20BH_2015_2_0.pdf,36,0
F3c3d3d96da,STIMEC,2015,public_bank,public_bank_equity,,BH BANK,F5038da9360,,group_participation,,document_de_reference,https://www.cmf.tn/sites/default/files/pdfs/emetteurs/informations/references/doc_reference_BH_2015_1.pdf,40,0
F3561e67c26,STIMEC - SIM-SICAR,2006,public_bank,public_bank_interlock,,BH BANK,F5038da9360,,board_interlock,,derived,,,
F3561e67c26,STIMEC - SIM-SICAR,2007,public_bank,public_bank_interlock,,BH BANK,F5038da9360,,board_interlock,,derived,,,
F3561e67c26,STIMEC - SIM-SICAR,2009,public_bank,public_bank_interlock,,BH BANK,F5038da9360,,board_interlock,,derived,,,
F745bcc118b,STIP,2008,public_bank,public_bank_seat,,STB,Fede9a2bb70,,board_seat_corporate,,rapport_annuel,https://www.cmf.tn/sites/default/files/pdfs/emetteurs/informations/rapports-societes/rapport_annuel_stip_2008.pdf,4,1
Fcf71a2b399,Secrétariat,2018,public_bank,public_bank_seat,,BNA,F5ccaee3c36,,board_seat_corporate,,rapport_annuel,https://www.cmf.tn/sites/default/files/pdfs/emetteurs/informations/rapports-societes/rapport_bna_2023.pdf,17,0
Fd46bac75c6,T F BANK,2013,public_bank,public_bank_equity,,BH BANK,F5038da9360,,group_participation,,document_de_reference,https://www.cmf.tn/sites/default/files/pdfs/emetteurs/informations/references/doc_reference_BH_2015_1.pdf,129,0
Fb6fd508b38,T.A.C,2013,public_bank,public_bank_seat,,BNA,F5ccaee3c36,,board_seat_corporate,,rapport_annuel,https://www.cmf.tn/sites/default/files/pdfs/emetteurs/informations/rapports-societes/bna_2013.pdf,5,1
F1a7e9e8bee,TAYSIR MICROFINANCE,2026,public_bank,public_bank_equity,,BH BANK,F5038da9360,,group_participation,,document_de_reference,https://www.cmf.tn/sites/default/files/pdfs/emetteurs/informations/references/doc_reference_taysir_microfinance_2026.pdf,27,0
Fe7ffe813fc,TECH. BORJ CEDRIA,2013,public_bank,public_bank_equity,,BH BANK,F5038da9360,,group_participation,,document_de_reference,https://www.cmf.tn/sites/default/files/pdfs/emetteurs/informations/references/doc_reference_BH_2015_1.pdf,129,0
F4f064ad326,TECH. GAFSA,2013,public_bank,public_bank_equity,,BH BANK,F5038da9360,,group_participation,,document_de_reference,https://www.cmf.tn/sites/default/files/pdfs/emetteurs/informations/references/doc_reference_BH_2015_1.pdf,129,0
Fa6d14ec785,TECHNOPOLE DE SFAX,2013,public_bank,public_bank_equity,,BH BANK,F5038da9360,,group_participation,,document_de_reference,https://www.cmf.tn/sites/default/files/pdfs/emetteurs/informations/references/doc_reference_BH_2015_1.pdf,129,0
F9593f9bf31,TFB,2011,public_bank,public_bank_equity,,BH BANK,F5038da9360,,group_participation,,document_de_reference,https://www.cmf.tn/sites/default/files/pdfs/emetteurs/informations/references/doc_reference_BH_2013.pdf,36,0
Ffaf70437e8,TFB (ex UTB),2014,public_bank,public_bank_equity,,BH BANK,F5038da9360,,group_participation,,document_de_reference,https://www.cmf.tn/sites/default/files/pdfs/emetteurs/informations/references/doc_reference_%20BH_2015_2_0.pdf,36,0
Ffaf70437e8,TFB (ex UTB),2015,public_bank,public_bank_equity,,BH BANK,F5038da9360,,group_participation,,document_de_reference,https://www.cmf.tn/sites/default/files/pdfs/emetteurs/informations/references/doc_reference_BH_2015_1.pdf,40,0
F2ddcdac500,TITF SICAR,2013,public_bank,public_bank_equity,,BH BANK,F5038da9360,,group_participation,,document_de_reference,https://www.cmf.tn/sites/default/files/pdfs/emetteurs/informations/references/doc_reference_BH_2015_1.pdf,129,0
F65c8d5ef6f,TOPIC SA,2013,public_bank,public_bank_equity,,BH BANK,F5038da9360,,group_participation,,document_de_reference,https://www.cmf.tn/sites/default/files/pdfs/emetteurs/informations/references/doc_reference_BH_2015_1.pdf,129,0
F29ce685685,"TOURISTIQUE ""SEPT""",2019,public_bank,public_bank_equity,,STB,Fede9a2bb70,,group_participation,,document_de_reference,https://www.cmf.tn/sites/default/files/pdfs/emetteurs/informations/references/document_de_reference_emprunt_societe_tunisienne_de_banque2019-1_version_finale125092019_correction_finale_cfm_site_cmf.pdf,138,0
F0afb0c57ba,TOURISTIQUE BISAT SA,2019,public_bank,public_bank_equity,,STB,Fede9a2bb70,,group_participation,,document_de_reference,https://www.cmf.tn/sites/default/files/pdfs/emetteurs/informations/references/document_de_reference_emprunt_societe_tunisienne_de_banque2019-1_version_finale125092019_correction_finale_cfm_site_cmf.pdf,132,0
F012dffff0e,TUNIS RE,2013,public_bank,public_bank_seat,,BNA,F5ccaee3c36,,board_seat_corporate,,rapport_annuel,https://www.cmf.tn/sites/default/files/pdfs/emetteurs/informations/rapports-societes/rapport_annuel_tunis_re_2013.pdf,3,1
F012dffff0e,TUNIS RE,2013,state_board,state_organ_seat,,État Tunisien,S0000000a01,,board_seat_corporate,,rapport_annuel,https://www.cmf.tn/sites/default/files/pdfs/emetteurs/informations/rapports-societes/rapport_annuel_tunis_re_2013.pdf,3,1
F012dffff0e,TUNIS RE,2018,state_board,state_organ_seat,,État Tunisien,S0000000a01,,board_seat_corporate,,rapport_annuel,https://www.cmf.tn/sites/default/files/pdfs/emetteurs/informations/rapports-societes/tunis_re_ex_2018.pdf,4,0
F012dffff0e,TUNIS RE,2026,public_bank,public_bank_equity,,Banque Nationale Agricole,Fc0d64a7eb6,,ownership,,prospectus,https://www.cmf.tn/sites/default/files/pdfs/emetteurs/informations/prospectus/prospectus_tunisre_01092026.pdf,24,0
F009a1c823e,TUNISAIR,2016,officeholder,ministry_organ,current,Chedia DHIAB,,,board,Ministère des Finances mme  board_seat MEMBRES DU CONSEIL D'ADMINISTRATION,rapport_annuel,https://www.cmf.tn/sites/default/files/pdfs/emetteurs/informations/rapports-societes/rapport_annuel_tunisair_2016.pdf,5,1
F009a1c823e,TUNISAIR,2016,officeholder,ministry_organ,current,Sassi HAMMAMI,,,board,Ministère du Transport mr  board_seat MEMBRES DU CONSEIL D'ADMINISTRATION,rapport_annuel,https://www.cmf.tn/sites/default/files/pdfs/emetteurs/informations/rapports-societes/rapport_annuel_tunisair_2016.pdf,5,1
F009a1c823e,TUNISAIR,2016,officeholder,central_bank,current,Sonia SAHLI,,,board,Banque Centrale de Tunisie mme  board_seat MEMBRES DU CONSEIL D'ADMINISTRATION,rapport_annuel,https://www.cmf.tn/sites/default/files/pdfs/emetteurs/informations/rapports-societes/rapport_annuel_tunisair_2016.pdf,5,1
F009a1c823e,TUNISAIR,2016,officeholder,ministry_organ,current,Chedia DHIAB,,,board,Ministère des Finances mme  board_seat MEMBRES DU CONSEIL D'ADMINISTRATION,rapport_annuel,https://www.cmf.tn/sites/default/files/pdfs/emetteurs/informations/rapports-societes/rapport_annuel_tunisair_2016.pdf,5,1
F009a1c823e,TUNISAIR,2016,officeholder,ministry_organ,current,Sassi HAMMAMI,,,board,Ministère du Transport mr  board_seat MEMBRES DU CONSEIL D'ADMINISTRATION,rapport_annuel,https://www.cmf.tn/sites/default/files/pdfs/emetteurs/informations/rapports-societes/rapport_annuel_tunisair_2016.pdf,5,1
F009a1c823e,TUNISAIR,2016,officeholder,ministry_organ,current,kamel BEN MILED,,,board,Ministère du Transport mr  board_seat MEMBRES DU CONSEIL D'ADMINISTRATION,rapport_annuel,https://www.cmf.tn/sites/default/files/pdfs/emetteurs/informations/rapports-societes/rapport_annuel_tunisair_2016.pdf,5,1
F009a1c823e,TUNISAIR,2016,officeholder,central_bank,current,Sonia SAHLI,,,board,Banque Centrale de Tunisie mme  board_seat MEMBRES DU CONSEIL D'ADMINISTRATION,rapport_annuel,https://www.cmf.tn/sites/default/files/pdfs/emetteurs/informations/rapports-societes/rapport_annuel_tunisair_2016.pdf,5,1
F009a1c823e,TUNISAIR,2016,public_bank,public_bank_interlock,,BNA,F5ccaee3c36,,board_interlock,,derived,,,
F009a1c823e,TUNISAIR,2016,state_board,state_organ_seat,,Caisse Nationale de Sécurité Sociale (CNSS),S0000000c01,,board_seat_corporate,,rapport_annuel,https://www.cmf.tn/sites/default/files/pdfs/emetteurs/informations/rapports-societes/rapport_annuel_tunisair_2016.pdf,5,1
F009a1c823e,TUNISAIR,2016,state_board,state_organ_seat,,Caisse nationale de Retraite et de prevoyance sociale,S5dc3f3e242,,board_seat_corporate,,rapport_annuel,https://www.cmf.tn/sites/default/files/pdfs/emetteurs/informations/rapports-societes/rapport_annuel_tunisair_2016.pdf,5,1
F009a1c823e,TUNISAIR,2016,state_board,state_organ_seat,,Ministère du Transport,Sd1dde7da10,,board_seat_corporate,,rapport_annuel,https://www.cmf.tn/sites/default/files/pdfs/emetteurs/informations/rapports-societes/rapport_annuel_tunisair_2016.pdf,5,1
Fda257ec63a,TUNISIE AUTOROUTES,2013,public_bank,public_bank_equity,,BH BANK,F5038da9360,,group_participation,,document_de_reference,https://www.cmf.tn/sites/default/files/pdfs/emetteurs/informations/references/doc_reference_BH_2015_1.pdf,129,0
F19ffdda20a,TUNISIE LAIT,2013,public_bank,public_bank_equity,,BH BANK,F5038da9360,,group_participation,,document_de_reference,https://www.cmf.tn/sites/default/files/pdfs/emetteurs/informations/references/doc_reference_BH_2015_1.pdf,129,0
F6dde26c66a,TUNISIE TELECOM,2010,public_bank,public_bank_equity,,Société Tunisienne de Banque,F8f14ab19c2,,ownership,,document_de_reference,https://www.cmf.tn/sites/default/files/pdfs/emetteurs/informations/references/doc_reference_TT_2010.pdf,48,0
F6dde26c66a,TUNISIE TELECOM,2010,public_bank,public_bank_equity,,Banque Nationale Agricole,Fc0d64a7eb6,,ownership,,document_de_reference,https://www.cmf.tn/sites/default/files/pdfs/emetteurs/informations/references/doc_reference_TT_2010.pdf,48,0
F6dde26c66a,TUNISIE TELECOM,2010,public_bank,public_bank_equity,,Banque de l’Habitat,Ff9d1d90ba7,,ownership,,document_de_reference,https://www.cmf.tn/sites/default/files/pdfs/emetteurs/informations/references/doc_reference_TT_2010.pdf,48,0
F6dde26c66a,TUNISIE TELECOM,2010,state_ownership,state_shareholder,,État Tunisien,S0000000a01,,ownership,,document_de_reference,https://www.cmf.tn/sites/default/files/pdfs/emetteurs/informations/references/doc_reference_TT_2010.pdf,48,0
F6dde26c66a,TUNISIE TELECOM,2010,state_ownership,state_shareholder,,Office National des Postes,S409c266c58,,ownership,,document_de_reference,https://www.cmf.tn/sites/default/files/pdfs/emetteurs/informations/references/doc_reference_TT_2010.pdf,48,0
F6dde26c66a,TUNISIE TELECOM,2010,state_ownership,state_shareholder,,Office National de Télédiffusion,Sa546754e10,,ownership,,document_de_reference,https://www.cmf.tn/sites/default/files/pdfs/emetteurs/informations/references/doc_reference_TT_2010.pdf,48,0
F275f89d789,TotalEnergies SE réservée aux salariés du groupe TotalEnergies Adhérant au Plan d'Épargne Groupe,2024,state_board,state_organ_seat,,"et en tout état de cause, avant la prochaine réunion du Conseil de surveillance",Se0f4482064,,board_seat_corporate,,prospectus,https://www.cmf.tn/sites/default/files/pdfs/emetteurs/informations/prospectus/prospectus_abrege_totalenergies_2024.pdf,48,0
F275f89d789,TotalEnergies SE réservée aux salariés du groupe TotalEnergies Adhérant au Plan d'Épargne Groupe,2025,state_board,state_organ_seat,,"et en tout état de cause, avant la prochaine réunion du Conseil de surveillance",Se0f4482064,,board_seat_corporate,,prospectus,https://www.cmf.tn/sites/default/files/pdfs/emetteurs/informations/prospectus/prospectus_abrege_totalenergies_capital_2025.pdf,49,0
F0222b62534,Trois chartes ont été élaborées arrêtant,2012,public_bank,public_bank_seat,,BH BANK,F5038da9360,,board_seat_corporate,,rapport_annuel,https://www.cmf.tn/sites/default/files/pdfs/emetteurs/informations/rapports-societes/rapport_annuel_bh_2012.pdf,10,1
Fcf43458e5a,Tunis,2015,public_bank,public_bank_seat,,BH BANK,F5038da9360,,board_seat,,document_de_reference,https://www.cmf.tn/sites/default/files/pdfs/emetteurs/informations/references/doc_reference_%20BH_2015_2_0.pdf,192,0
F07f30dc46b,Tunisienne,2022,public_bank,public_bank_seat,,STB,Fede9a2bb70,,board_seat_corporate,,rapport_annuel,https://www.cmf.tn/sites/default/files/pdfs/emetteurs/informations/rapports-societes/rapport_stb_2022.pdf,4,0
F07f30dc46b,Tunisienne,2022,public_bank,public_bank_seat,,STB,Fede9a2bb70,,board_seat_corporate,,rapport_annuel,https://www.cmf.tn/sites/default/files/pdfs/emetteurs/informations/rapports-societes/rapport_stb_2022.pdf,17,0
F913fd9b98a,Tunisienne de Banque a continué ses efforts visant,2017,public_bank,public_bank_seat,,STB,Fede9a2bb70,,board_seat_corporate,,rapport_annuel,https://www.cmf.tn/sites/default/files/pdfs/emetteurs/informations/rapports-societes/rapport_annuel_stb_2017.pdf,8,1
F7b03a35adb,Tunisienne de Banque concrétise ses orientations,2017,public_bank,public_bank_seat,,STB,Fede9a2bb70,,board_seat_corporate,,rapport_annuel,https://www.cmf.tn/sites/default/files/pdfs/emetteurs/informations/rapports-societes/rapport_annuel_stb_2017.pdf,8,1
Ff9ac195b5f,Tunisienne d’Assurance et de,2022,public_bank,public_bank_seat,,STB,Fede9a2bb70,,board_seat_corporate,,rapport_annuel,https://www.cmf.tn/sites/default/files/pdfs/emetteurs/informations/rapports-societes/rapport_stb_2022.pdf,4,0
Fff1684f925,UBCI,2016,state_board,state_organ_seat,,nouveaux statuts de la Banque Centrale de Tunisie,S6b9c8fb03e,,board_seat_corporate,,rapport_annuel,https://www.cmf.tn/sites/default/files/pdfs/emetteurs/informations/rapports-societes/rapport_annuel_ubci_2016.pdf,3,1
F56cf0bf0b6,UIB,2021,state_ownership,state_shareholder,,État Tunisien,S0000000a01,,ownership,,rapport_annuel,https://www.cmf.tn/sites/default/files/pdfs/emetteurs/informations/rapports-societes/rapport_uib_2021.pdf,55,0
Fd81cea7055,UNIFACTOR,2007,public_bank,public_bank_equity,,Banque Nationale Agricole,Fc0d64a7eb6,,ownership,,prospectus,https://www.cmf.tn/sites/default/files/pdfs/emetteurs/informations/prospectus/prospectus_unifactor_2008.pdf,34,0
Fd81cea7055,UNIFACTOR,2012,public_bank,public_bank_interlock,,BH BANK,F5038da9360,,board_interlock,,derived,,,
Fd81cea7055,UNIFACTOR,2012,public_bank,public_bank_equity,,Banque Nationale Agricole,Fc0d64a7eb6,,ownership,,document_de_reference,https://www.cmf.tn/sites/default/files/pdfs/emetteurs/informations/references/doc_reference_UNIFACTOR_2013.pdf,20,0
Fd81cea7055,UNIFACTOR,2015,public_bank,public_bank_interlock,,BH BANK,F5038da9360,,board_interlock,,derived,,,
Fd81cea7055,UNIFACTOR,2015,public_bank,public_bank_equity,,Banque Nationale Agricole,Fc0d64a7eb6,,ownership,,document_de_reference,https://www.cmf.tn/sites/default/files/pdfs/emetteurs/informations/references/doc_reference_Unifactor_2015.pdf,20,0
Fd81cea7055,UNIFACTOR,2017,public_bank,public_bank_equity,,BNA,F5ccaee3c36,,ownership,,rapport_annuel,https://www.cmf.tn/sites/default/files/pdfs/emetteurs/informations/rapports-societes/rapport_annuel_unifactor_2017_0.pdf,16,1
Fd81cea7055,UNIFACTOR,2018,public_bank,public_bank_seat,,BNA,F5ccaee3c36,,board_seat_corporate,,document_de_reference,https://www.cmf.tn/sites/default/files/pdfs/emetteurs/informations/references/doc_reference_unifactor_2018.pdf,100,0
Fd81cea7055,UNIFACTOR,2018,public_bank,public_bank_equity,,Banque Nationale Agricole,Fc0d64a7eb6,,ownership,,document_de_reference,https://www.cmf.tn/sites/default/files/pdfs/emetteurs/informations/references/doc_reference_unifactor_2018.pdf,21,0
F437fad1ada,WIFAK BANK,2015,state_board,state_organ_seat,,Caisse des Dépôts et Consignations (CDC),S0000000d01,,board_seat_corporate,,rapport_annuel,https://www.cmf.tn/sites/default/files/pdfs/emetteurs/informations/rapports-societes/rapport_annuel_wifak_bank_2015.pdf,4,1
F437fad1ada,WIFAK BANK,2016,state_board,state_organ_seat,,Caisse des Dépôts et Consignations (CDC),S0000000d01,,board_seat_corporate,,rapport_annuel,https://www.cmf.tn/sites/default/files/pdfs/emetteurs/informations/rapports-societes/rapport_annuel_wifak_bank_2016.pdf,3,1
F61828f7b42,WIFAK INTERNATIONAL BANK,2022,state_board,state_organ_seat,,Caisse des Dépôts et Consignations (CDC),S0000000d01,,board_seat_corporate,,document_de_reference,https://www.cmf.tn/sites/default/files/pdfs/emetteurs/informations/references/doc_reference_wifak_international_bank_2022.pdf,268,0
F61828f7b42,WIFAK INTERNATIONAL BANK,2022,state_ownership,state_shareholder,,Caisse des Dépôts et Consignations (CDC),S0000000d01,,ownership,,document_de_reference,https://www.cmf.tn/sites/default/files/pdfs/emetteurs/informations/references/doc_reference_wifak_international_bank_2022.pdf,30,0
Fa912b26bcd,ZARZIS OFFSHORE SITE,2013,public_bank,public_bank_equity,,BH BANK,F5038da9360,,group_participation,,document_de_reference,https://www.cmf.tn/sites/default/files/pdfs/emetteurs/informations/references/doc_reference_BH_2015_1.pdf,129,0
Fd56e4856e3,a pour mission d'aider Le Conseil d'Administration à,2016,public_bank,public_bank_seat,,STB,Fede9a2bb70,,board_seat_corporate,,rapport_annuel,https://www.cmf.tn/sites/default/files/pdfs/emetteurs/informations/rapports-societes/rapport_annuel_stb_2016.pdf,5,1
F9e61f293bd,aux travaux du Conseil d’Administration en,2015,public_bank,public_bank_seat,,STB,Fede9a2bb70,,board_seat_corporate,,rapport_annuel,https://www.cmf.tn/sites/default/files/pdfs/emetteurs/informations/rapports-societes/rapport_stb_2023.pdf,16,0
F30ae7e958c,"contrôle interne, d'assurer le suivi et La supervision",2017,public_bank,public_bank_seat,,STB,Fede9a2bb70,,board_seat_corporate,,rapport_annuel,https://www.cmf.tn/sites/default/files/pdfs/emetteurs/informations/rapports-societes/rapport_annuel_stb_2017.pdf,4,1
F114ce9399e,"d'Exploitation Agricole ""SODEXA"" - Administrateur à la Sté Huilerie d'Olives du Nord",2006,public_bank,public_bank_interlock,,BH BANK,F5038da9360,,board_interlock,,derived,,,
F114ce9399e,"d'Exploitation Agricole ""SODEXA"" - Administrateur à la Sté Huilerie d'Olives du Nord",2007,public_bank,public_bank_interlock,,BH BANK,F5038da9360,,board_interlock,,derived,,,
F114ce9399e,"d'Exploitation Agricole ""SODEXA"" - Administrateur à la Sté Huilerie d'Olives du Nord",2009,public_bank,public_bank_interlock,,BH BANK,F5038da9360,,board_interlock,,derived,,,
F114ce9399e,"d'Exploitation Agricole ""SODEXA"" - Administrateur à la Sté Huilerie d'Olives du Nord",2012,public_bank,public_bank_interlock,,BH BANK,F5038da9360,,board_interlock,,derived,,,
F114ce9399e,"d'Exploitation Agricole ""SODEXA"" - Administrateur à la Sté Huilerie d'Olives du Nord",2017,public_bank,public_bank_interlock,,BH BANK,F5038da9360,,board_interlock,,derived,,,
F114ce9399e,"d'Exploitation Agricole ""SODEXA"" - Administrateur à la Sté Huilerie d'Olives du Nord",2018,public_bank,public_bank_interlock,,BH BANK,F5038da9360,,board_interlock,,derived,,,
F114ce9399e,"d'Exploitation Agricole ""SODEXA"" - Administrateur à la Sté Huilerie d'Olives du Nord",2021,public_bank,public_bank_interlock,,BH BANK,F5038da9360,,board_interlock,,derived,,,
F9a5d4ac642,"d'Exploitation Agricole ""SODEXA"" - la Sté Huilerie d'Olives du Nord",2006,public_bank,public_bank_interlock,,BH BANK,F5038da9360,,board_interlock,,derived,,,
F9a5d4ac642,"d'Exploitation Agricole ""SODEXA"" - la Sté Huilerie d'Olives du Nord",2007,public_bank,public_bank_interlock,,BH BANK,F5038da9360,,board_interlock,,derived,,,
F9a5d4ac642,"d'Exploitation Agricole ""SODEXA"" - la Sté Huilerie d'Olives du Nord",2009,public_bank,public_bank_interlock,,BH BANK,F5038da9360,,board_interlock,,derived,,,
F9a5d4ac642,"d'Exploitation Agricole ""SODEXA"" - la Sté Huilerie d'Olives du Nord",2015,public_bank,public_bank_interlock,,BH BANK,F5038da9360,,board_interlock,,derived,,,
F9a5d4ac642,"d'Exploitation Agricole ""SODEXA"" - la Sté Huilerie d'Olives du Nord",2017,public_bank,public_bank_interlock,,BH BANK,F5038da9360,,board_interlock,,derived,,,
F9a5d4ac642,"d'Exploitation Agricole ""SODEXA"" - la Sté Huilerie d'Olives du Nord",2018,public_bank,public_bank_interlock,,BH BANK,F5038da9360,,board_interlock,,derived,,,
F9a5d4ac642,"d'Exploitation Agricole ""SODEXA"" - la Sté Huilerie d'Olives du Nord",2021,public_bank,public_bank_interlock,,BH BANK,F5038da9360,,board_interlock,,derived,,,
Fff3ba127fa,"d'essence, Téléphone etc…)",2008,public_bank,public_bank_seat,,STB,Fede9a2bb70,,board_seat_corporate,,document_de_reference,https://www.cmf.tn/sites/default/files/pdfs/emetteurs/informations/references/doc_reference_STB_2008-2.pdf,222,0
F3f2c9a02e9,de départ volontaire à la retraite et La concrétisation,2017,public_bank,public_bank_seat,,STB,Fede9a2bb70,,board_seat_corporate,,rapport_annuel,https://www.cmf.tn/sites/default/files/pdfs/emetteurs/informations/rapports-societes/rapport_annuel_stb_2017.pdf,8,1
Fdd1dbbcd58,de la Banque articulée autour de sept pôles par,2017,public_bank,public_bank_seat,,STB,Fede9a2bb70,,board_seat_corporate,,rapport_annuel,https://www.cmf.tn/sites/default/files/pdfs/emetteurs/informations/rapports-societes/rapport_annuel_stb_2017.pdf,8,1
F6df05c38c4,"de la clientèle. S'agissant des emplois, la Société",2017,public_bank,public_bank_seat,,STB,Fede9a2bb70,,board_seat_corporate,,rapport_annuel,https://www.cmf.tn/sites/default/files/pdfs/emetteurs/informations/rapports-societes/rapport_annuel_stb_2017.pdf,8,1
F9a10c3ff92,de loisirs,2012,public_bank,public_bank_interlock,,BH BANK,F5038da9360,,board_interlock,,derived,,,
F9a10c3ff92,de loisirs,2017,public_bank,public_bank_interlock,,BH BANK,F5038da9360,,board_interlock,,derived,,,
F9a10c3ff92,de loisirs,2018,public_bank,public_bank_interlock,,BH BANK,F5038da9360,,board_interlock,,derived,,,
F9a10c3ff92,de loisirs,2021,public_bank,public_bank_interlock,,BH BANK,F5038da9360,,board_interlock,,derived,,,
F6b1a82c1eb,de loisirs. Et il est gérant de la Sté Jumeaux,2015,public_bank,public_bank_interlock,,BH BANK,F5038da9360,,board_interlock,,derived,,,
Fb002478382,de loisirs. Et il est gérant de la Sté Jumeaux Immobilière,2015,public_bank,public_bank_interlock,,BH BANK,F5038da9360,,board_interlock,,derived,,,
Fb002478382,de loisirs. Et il est gérant de la Sté Jumeaux Immobilière,2017,public_bank,public_bank_interlock,,BH BANK,F5038da9360,,board_interlock,,derived,,,
Fb002478382,de loisirs. Et il est gérant de la Sté Jumeaux Immobilière,2018,public_bank,public_bank_interlock,,BH BANK,F5038da9360,,board_interlock,,derived,,,
F5a870bf21d,de l’Éducation (MAE),2023,public_bank,public_bank_seat,,STB,Fede9a2bb70,,board_seat_corporate,,rapport_annuel,https://www.cmf.tn/sites/default/files/pdfs/emetteurs/informations/rapports-societes/rapport_stb_2023.pdf,4,0
Fb6f4b0d83e,"de résultats. En effet, le Produit Net Bancaire, le",2017,public_bank,public_bank_seat,,STB,Fede9a2bb70,,board_seat_corporate,,rapport_annuel,https://www.cmf.tn/sites/default/files/pdfs/emetteurs/informations/rapports-societes/rapport_annuel_stb_2017.pdf,8,1
F6b3a91c93d,différents risques de la Banque et de s'assurer du,2016,public_bank,public_bank_seat,,STB,Fede9a2bb70,,board_seat_corporate,,rapport_annuel,https://www.cmf.tn/sites/default/files/pdfs/emetteurs/informations/rapports-societes/rapport_annuel_stb_2016.pdf,5,1
Fb754b2198b,du 31/10/2023 et le CA 21/12/2023,2023,public_bank,public_bank_seat,,STB,Fede9a2bb70,,board_seat_corporate,,rapport_annuel,https://www.cmf.tn/sites/default/files/pdfs/emetteurs/informations/rapports-societes/rapport_stb_2023.pdf,4,0
Ff0de14aa54,du cabinet de formation AMEF Training,2017,public_bank,public_bank_interlock,,BH BANK,F5038da9360,,board_interlock,,derived,,,
Ff0de14aa54,du cabinet de formation AMEF Training,2018,public_bank,public_bank_interlock,,BH BANK,F5038da9360,,board_interlock,,derived,,,
F78f0b918c7,d’Assurance et de Réassurance,2023,public_bank,public_bank_seat,,STB,Fede9a2bb70,,board_seat_corporate,,rapport_annuel,https://www.cmf.tn/sites/default/files/pdfs/emetteurs/informations/rapports-societes/rapport_stb_2023.pdf,4,0
F763df5b9b1,e Mme Fawzia Moussa Saayid,2008,public_bank,public_bank_seat,,BH BANK,F5038da9360,,board_seat_corporate,,rapport_annuel,https://www.cmf.tn/sites/default/files/pdfs/emetteurs/informations/rapports-societes/rapport_annuel_bh_2008.pdf,5,1
Fec97a5df8c,en place de la stratégie et du Business Plan de la,2016,public_bank,public_bank_seat,,STB,Fede9a2bb70,,board_seat_corporate,,rapport_annuel,https://www.cmf.tn/sites/default/files/pdfs/emetteurs/informations/rapports-societes/rapport_annuel_stb_2016.pdf,5,1
F08f37337c9,entre les Services du Ministre auprès du,2012,public_bank,public_bank_seat,,BH BANK,F5038da9360,,board_seat_corporate,,rapport_annuel,https://www.cmf.tn/sites/default/files/pdfs/emetteurs/informations/rapports-societes/rapport_annuel_bh_2012.pdf,10,1
Feac8eac82b,et de l’environnement par la FONDATION BNA,2018,public_bank,public_bank_seat,,BNA,F5ccaee3c36,,board_seat_corporate,,rapport_annuel,https://www.cmf.tn/sites/default/files/pdfs/emetteurs/informations/rapports-societes/rapport_annuel_bna_2018.pdf,3,1
F0eb6c2c7a4,fondamentale du Comité est de veiller à la mise,2016,public_bank,public_bank_seat,,STB,Fede9a2bb70,,board_seat_corporate,,rapport_annuel,https://www.cmf.tn/sites/default/files/pdfs/emetteurs/informations/rapports-societes/rapport_annuel_stb_2016.pdf,5,1
F0eb6c2c7a4,fondamentale du Comité est de veiller à la mise,2017,public_bank,public_bank_seat,,STB,Fede9a2bb70,,board_seat_corporate,,rapport_annuel,https://www.cmf.tn/sites/default/files/pdfs/emetteurs/informations/rapports-societes/rapport_annuel_stb_2017.pdf,4,1
F47cca32421,gouvernementdu29/01/2021etlettreduMinistèredesFinancesdu18/02/2021),2021,public_bank,public_bank_seat,,STB,Fede9a2bb70,,board_seat_corporate,,rapport_annuel,https://www.cmf.tn/sites/default/files/pdfs/emetteurs/informations/rapports-societes/rapport_stb_2021.pdf,3,0
F54224d8ffb,générés par l'activité de la Banque notamment,2012,public_bank,public_bank_seat,,BH BANK,F5038da9360,,board_seat_corporate,,rapport_annuel,https://www.cmf.tn/sites/default/files/pdfs/emetteurs/informations/rapports-societes/rapport_annuel_bh_2012.pdf,10,1
F09c2a4ed63,"judiciaire, la STB veillera à La mise en œuvre des",2017,public_bank,public_bank_seat,,STB,Fede9a2bb70,,board_seat_corporate,,rapport_annuel,https://www.cmf.tn/sites/default/files/pdfs/emetteurs/informations/rapports-societes/rapport_annuel_stb_2017.pdf,8,1
Fb8699f94c3,la Sté ETATHMEER Holding,2006,public_bank,public_bank_interlock,,BH BANK,F5038da9360,,board_interlock,,derived,,,
Fb8699f94c3,la Sté ETATHMEER Holding,2007,public_bank,public_bank_interlock,,BH BANK,F5038da9360,,board_interlock,,derived,,,
Fb8699f94c3,la Sté ETATHMEER Holding,2009,public_bank,public_bank_interlock,,BH BANK,F5038da9360,,board_interlock,,derived,,,
Fb8699f94c3,la Sté ETATHMEER Holding,2015,public_bank,public_bank_interlock,,BH BANK,F5038da9360,,board_interlock,,derived,,,
Febcb1fae80,la Sté ETTAYSSIR,2006,public_bank,public_bank_interlock,,BH BANK,F5038da9360,,board_interlock,,derived,,,
Febcb1fae80,la Sté ETTAYSSIR,2007,public_bank,public_bank_interlock,,BH BANK,F5038da9360,,board_interlock,,derived,,,
Febcb1fae80,la Sté ETTAYSSIR,2009,public_bank,public_bank_interlock,,BH BANK,F5038da9360,,board_interlock,,derived,,,
Fce953b2c78,la Sté N2M Company,2006,public_bank,public_bank_interlock,,BH BANK,F5038da9360,,board_interlock,,derived,,,
Fce953b2c78,la Sté N2M Company,2007,public_bank,public_bank_interlock,,BH BANK,F5038da9360,,board_interlock,,derived,,,
Fce953b2c78,la Sté N2M Company,2009,public_bank,public_bank_interlock,,BH BANK,F5038da9360,,board_interlock,,derived,,,
Fce953b2c78,la Sté N2M Company,2015,public_bank,public_bank_interlock,,BH BANK,F5038da9360,,board_interlock,,derived,,,
F28db9305da,la Sté SMVDA,2006,public_bank,public_bank_interlock,,BH BANK,F5038da9360,,board_interlock,,derived,,,
F28db9305da,la Sté SMVDA,2007,public_bank,public_bank_interlock,,BH BANK,F5038da9360,,board_interlock,,derived,,,
F28db9305da,la Sté SMVDA,2009,public_bank,public_bank_interlock,,BH BANK,F5038da9360,,board_interlock,,derived,,,
F4fa721cd44,la Sté TRABELSI Service,2006,public_bank,public_bank_interlock,,BH BANK,F5038da9360,,board_interlock,,derived,,,
F4fa721cd44,la Sté TRABELSI Service,2007,public_bank,public_bank_interlock,,BH BANK,F5038da9360,,board_interlock,,derived,,,
F4fa721cd44,la Sté TRABELSI Service,2009,public_bank,public_bank_interlock,,BH BANK,F5038da9360,,board_interlock,,derived,,,
F4fa721cd44,la Sté TRABELSI Service,2015,public_bank,public_bank_interlock,,BH BANK,F5038da9360,,board_interlock,,derived,,,
F4fa721cd44,la Sté TRABELSI Service,2017,public_bank,public_bank_interlock,,BH BANK,F5038da9360,,board_interlock,,derived,,,
F4fa721cd44,la Sté TRABELSI Service,2018,public_bank,public_bank_interlock,,BH BANK,F5038da9360,,board_interlock,,derived,,,
F4fa721cd44,la Sté TRABELSI Service,2021,public_bank,public_bank_interlock,,BH BANK,F5038da9360,,board_interlock,,derived,,,
F2e40926b57,la Sté de Développement,2006,public_bank,public_bank_interlock,,BH BANK,F5038da9360,,board_interlock,,derived,,,
F2e40926b57,la Sté de Développement,2007,public_bank,public_bank_interlock,,BH BANK,F5038da9360,,board_interlock,,derived,,,
F2e40926b57,la Sté de Développement,2009,public_bank,public_bank_interlock,,BH BANK,F5038da9360,,board_interlock,,derived,,,
F2e40926b57,la Sté de Développement,2015,public_bank,public_bank_interlock,,BH BANK,F5038da9360,,board_interlock,,derived,,,
F2e40926b57,la Sté de Développement,2017,public_bank,public_bank_interlock,,BH BANK,F5038da9360,,board_interlock,,derived,,,
F2e40926b57,la Sté de Développement,2018,public_bank,public_bank_interlock,,BH BANK,F5038da9360,,board_interlock,,derived,,,
F2e40926b57,la Sté de Développement,2021,public_bank,public_bank_interlock,,BH BANK,F5038da9360,,board_interlock,,derived,,,
Fb562354173,la circulaire de la BCT n° 2011-06 du 20.05.2011 portant,2016,public_bank,public_bank_seat,,BNA,F5ccaee3c36,,board_seat_corporate,,rapport_annuel,https://www.cmf.tn/sites/default/files/pdfs/emetteurs/informations/rapports-societes/rapport_annuel_bna_2018.pdf,16,1
Fb007af87b0,marché des PME constituant le tissu économique le,2017,public_bank,public_bank_seat,,STB,Fede9a2bb70,,board_seat_corporate,,rapport_annuel,https://www.cmf.tn/sites/default/files/pdfs/emetteurs/informations/rapports-societes/rapport_annuel_stb_2017.pdf,8,1
F574d5f8708,p Casd’interdiction/Conflitsd’intérêts,2015,public_bank,public_bank_seat,,STB,Fede9a2bb70,,board_seat_corporate,,rapport_annuel,https://www.cmf.tn/sites/default/files/pdfs/emetteurs/informations/rapports-societes/rapport_stb_2021.pdf,14,0
F8384e53b2e,pour permettre La mise en œuvre d'une politique,2017,public_bank,public_bank_seat,,STB,Fede9a2bb70,,board_seat_corporate,,rapport_annuel,https://www.cmf.tn/sites/default/files/pdfs/emetteurs/informations/rapports-societes/rapport_annuel_stb_2017.pdf,8,1
F45ae34c9a1,questionnant de manière constructive le Directeur,2015,public_bank,public_bank_seat,,STB,Fede9a2bb70,,board_seat_corporate,,rapport_annuel,https://www.cmf.tn/sites/default/files/pdfs/emetteurs/informations/rapports-societes/rapport_stb_2023.pdf,16,0
F1e40ce7805,radiation et de cession à la STRC des créances,2022,public_bank,public_bank_seat,,STB,Fede9a2bb70,,board_seat_corporate,,rapport_annuel,https://www.cmf.tn/sites/default/files/pdfs/emetteurs/informations/rapports-societes/rapport_stb_2022.pdf,17,0
F5c04e91f9b,rendements d'actif (ROA] et de capital,2017,public_bank,public_bank_seat,,STB,Fede9a2bb70,,board_seat_corporate,,rapport_annuel,https://www.cmf.tn/sites/default/files/pdfs/emetteurs/informations/rapports-societes/rapport_annuel_stb_2017.pdf,8,1
Fef1e7ee3e3,représenté par M. Saïdi Fethi,2013,public_bank,public_bank_seat,,BNA,F5ccaee3c36,,board_seat_corporate,,rapport_annuel,https://www.cmf.tn/sites/default/files/pdfs/emetteurs/informations/rapports-societes/bna_2013.pdf,5,1
Fca4edcde5f,représenté par son P.D.G,2006,public_bank,public_bank_seat,,STB,Fede9a2bb70,,board_seat_corporate,,rapport_annuel,https://www.cmf.tn/sites/default/files/pdfs/emetteurs/informations/rapports-societes/rapport_annuel_stb_2006.pdf,3,1
F531edc5d93,à adopter par le Conseil,2015,public_bank,public_bank_seat,,BH BANK,F5038da9360,,board_seat_corporate,,rapport_annuel,https://www.cmf.tn/sites/default/files/pdfs/emetteurs/informations/rapports-societes/rapport_annuel_bh_bank_2015.pdf,19,1
F8f899df9e3,"à leurs niveaux enregistrés à fin 2016. En effet, du",2017,public_bank,public_bank_seat,,STB,Fede9a2bb70,,board_seat_corporate,,rapport_annuel,https://www.cmf.tn/sites/default/files/pdfs/emetteurs/informations/rapports-societes/rapport_annuel_stb_2017.pdf,8,1
