from_node_id,to_node_id,role_canonical,layer,certainty,spell_id
PERSON_MZAH_LASAAD,CO_AGRICOLE_RAOUDHA,representant,corporate,certain,SP_025ef4d2906266cbefab
PERSON_MZAH_LASAAD,CO_AGRICOLE_RAOUDHA,pdg,corporate,certain,SP_950aada5a712f5281307
PERSON_ROBERT_JEAN_LUC_PHILIPE,CO_AIR_LIQUIDE_TUNISIE,dg,corporate,certain,SP_994aed035a94c3226556
PERSON_ROBERT_JEAN_LUC_PHILIPE,CO_AIR_LIQUIDE_TUNISIE_SERVICES,dg,corporate,certain,SP_5a713e5dfe9a1c6a5a00
PERSON_HAMAMI_MOHAMED,CO_PROGRES_INDUSTRIEL,gerant,corporate,certain,SP_23dea1cde43f86403a8e
PERSON_BOUJBEL_INES,CO_DEYMA,gerant,corporate,certain,SP_9d62beef2340c810bd79
PERSON_BEYRAKDAR_HATEM,CO_TECHNOGAS,pdg,corporate,certain,SP_08391739732a4d7a759f
PERSON_GHORBEL_SLIM,CO_AFRICA_ELECTRIQUE,unspecified,corporate,certain,SP_d39928c614d8f732a4b1
PERSON_GHORBEL_SLIM,CO_MOHAMED_GHORBEL,unspecified,corporate,certain,SP_de857cb56bfc7600e196
PERSON_JELOULI_NOUREDINE,CO_CEPTUNES,president_ca,corporate,certain,SP_f85f5645f40971d73844
PERSON_BENAYED_MONCEF,ORGE_9e1762a30d36c3ca86e7,pdg,corporate,certain,SP_29bf20c1ff7676e654b4
PERSON_DERBEL_FAYCEL,ORGE_e87a96c5caa1ad1b4537,commissaire_aux_comptes,corporate,certain,SP_ccdd8f4311b24a7e644e
PERSON_SASI_KHALED,CO_ELECTRONIQUE_INDUSTRIEL_TELECOM_SERVICES,gerant,corporate,certain,SP_3d36b47d8262e3201295
PERSON_BENKHALIFA_SAID,CO_NOS_ENFANTS,gerant,corporate,certain,SP_edd37fac0d1094deaed9
PERSON_NIEF_GILES,CO_NP_TUNISIA,gerant,corporate,certain,SP_2e931a314711081dab5e
PERSON_BENAOUN_ALI,CO_AMEN_CONFORT_BRIMA,commissaire_aux_comptes,corporate,certain,SP_6f41009ee4329e15ba6f
PERSON_MAHMOUDI_HOUDA,ORGE_726482630cabebb859e3,gerant,corporate,certain,SP_f1a7c51c5d1f4b23e53e
PERSON_HARZALAH_AHMED,ORGE_509814415e87d019897c,cogerant,corporate,certain,SP_9eff57f3bccf9679cc94
PERSON_AMDOUNI_MOURAD,CO_SCEMAF,commissaire_aux_comptes,corporate,certain,SP_46ddac1fa7164e6b26a4
PERSON_BAYAHI_TAHER,CO_ISICOM,gerant,corporate,certain,SP_e3545ab9af5085a7f18b
PERSON_BENSEDRINE_FERIEL_BENALI,CO_SAFTY,gerant,corporate,certain,SP_33557d3edd70feb79571
PERSON_ABDELKEFI_MOHAMED,CO_CIVILE_IMMOBILIERE_ROMAIN_VILLA,gerant,corporate,certain,SP_36157ca9d34a364d6100
PERSON_DKHILI_BELGACEM,ORGE_f5a5af563e547ba1bc8f,president_ca,corporate,certain,SP_f27bd82a8847f8fe2feb
PERSON_DKHILI_BELGACEM,ORGE_f5a5af563e547ba1bc8f,representant,corporate,certain,SP_db3083284add6db26abb
PERSON_CHAIEB_MOEZ,CO_CHAIEB_MARBRE,dga,corporate,certain,SP_b5d01ae56b32ffc8ede8
PERSON_TRABELSI_MOHAMED,ORGE_e4f40dce0f2eb0335fac,gerant,corporate,certain,SP_f0ffaa836c9ddb38a6ae
PERSON_CHAIEB_ZOUBEIR,CO_GLOBAL_TELECOM_NETWORKING,president_ca,corporate,certain,SP_c59f0e881552849e5b2e
PERSON_LOUKIL_MOEZ,CO_SOTEFI,dg,corporate,certain,SP_ac0f866607e6522862cc
PERSON_DJILANI_HEDI,CO_CRJ_CONSTRUCTION,pdg,corporate,certain,SP_ba5ef6912a4f6bee9768
PERSON_ESEGHAIER_ABDELKADER,CO_CRJ_CONSTRUCTION,dga,corporate,certain,SP_c8e0b5a3dceea24e9893
PERSON_BENMESAOUED_MONGI,CO_NOVASTORE_PRINT,gerant,corporate,certain,SP_82c2b5e8a34e6ea23e15
PERSON_SAIDANE_MOHAMED,CO_SAIDANE_TEINTURERIE_TISSAGE_SOSTISS,cogerant,corporate,probable,SP_ded6cd48b4c5ffc98a15
PERSON_BENCHAABANE_NAAMA_ELOUMI,CO_ELLOUMI,association_president,corporate,certain,SP_9e64243c309d2ec20434
PERSON_BELHIBA_ABDELAZIZ,CO_TETHYS_PETROLEUM_COMPANY,pdg,corporate,certain,SP_9c11b22bb55a48bf9acf
PERSON_JARAYA_SOFIEN,CO_SOFPINCE,gerant,corporate,certain,SP_afc4a1f7741ff1d1f098
PERSON_MHIRI_MOURAD,ORGE_699c2ebf8fb79cff7c53,pdg,corporate,certain,SP_7072ad22bdb6cdf5ff0b
PERSON_MARNONI_MARIO,CO_BELLA_ITALIA_TUNISIA,gerant,corporate,certain,SP_ad39ee7256d0b9401cf6
PERSON_BENSAID_ABDELJELIL,CO_INOV,gerant,corporate,certain,SP_b152992087e5580e1b8b
PERSON_DERBEL_FAYCEL,ORGE_0812f52a0e92de972d14,commissaire_aux_comptes,corporate,certain,SP_a72ec4d81c9ff33b8ba5
PERSON_TRIKI_ABDELATIF,CO_D_ETUDES_DASSISTANCE_MULTIDISCIPLINAIRES_SEAM,gerant,corporate,certain,SP_1a79b81ac98c94339047
PERSON_TRIKI_MOHAMED_SADOK,CO_DIMATEC,pdg,corporate,certain,SP_81f1a7865a100dfd1ba9
PERSON_TRIKI_MOHAMED_RADHOUANE,CO_DIMATEC,dga,corporate,certain,SP_a9dafe6439e482c3aab7
PERSON_AMAR_MOHAMED,CO_MASTER_SERVICES_AND_ASSISTANCE,gerant,corporate,certain,SP_4ce6331d63a82c283201
PERSON_BOURICHA_RADHIA,CO_AFRICA_MODE,pdg,corporate,certain,SP_871b52a14224a4c82348
PERSON_TROJETE_NEJIB,CO_LUSTRERIE_MODERNE,dg,corporate,certain,SP_db883295ac59b89eb090
PERSON_SELAMI_JALEL,CO_DRINKS_AND_FOOD,commissaire_aux_comptes,corporate,certain,SP_41ccb1924b9cacc76b5b
PERSON_ABDENADHER_HABIB,CO_ABDENNADHER_DESIGN,gerant,corporate,certain,SP_2079c006efe1b39b10af
PERSON_ELABED_MOUNIR,CO_SUCRERIE_EL_ABED,pdg,corporate,certain,SP_441578a3692cfbd9a4dc
PERSON_TOUIL_MOHAMED,CO_ALPHA_BUS_TUNISIE,pdg,corporate,probable,SP_69a857a921f418fba5fe
PERSON_SAADALAH_KAMEL,CO_CARTHAGE_FOOD,gerant,corporate,certain,SP_6c545638f3c024971766
PERSON_DJILANI_HEDI,ORGE_8cce1819cc56f3306030,pdg,corporate,probable,SP_91aa07eaebb554e46466
PERSON_BELAAJ_ABDELWAHEB,CO_SOPAL,administrateur,corporate,certain,SP_dfe8a05ecb4a0898f44f
PERSON_BOUALI_GHAZI,CO_GOLDEN_BIRD_SICAR,administrateur,corporate,certain,SP_2228f3004efa868aae17
PERSON_BOUALI_GHAZI,CO_GOLDEN_BIRD_SICAR,dg,corporate,certain,SP_41cf3b31670210564b28
PERSON_MZABI_SADOK,ORGE_4e9cfd93c347fb026f51,gerant,corporate,certain,SP_b7eb74f1f577d3d84163
PERSON_TLILI_LAKHDHAR,CO_INDUSTRIES_CHIMIQUES_FLUOR,pdg,corporate,certain,SP_8585ce30e2931903eb5c
PERSON_BENKHELIL_LATIFA,CO_SANCELLA,administrateur,corporate,probable,SP_57d56f51a95ca3db1b62
PERSON_BENSAID_MEHDI,CO_NORMECA,gerant,corporate,certain,SP_4e4bad5013368fcc95c4
PERSON_KALEL_ABDELWAHEB,ORGE_02cde246b6d82ac6e79c,fondateur,corporate,certain,SP_ab8fc9dc7b011f355da6
PERSON_ATIA_AHMED,ORGE_b178d6a275315e20fce9,administrateur,corporate,certain,SP_cf5f7e7abf2f2a1c72b4
PERSON_MAHJOUB_BECHIR,ORGE_b178d6a275315e20fce9,administrateur,corporate,certain,SP_31c3fecefb39adbd29b2
PERSON_BENARAB_LOTFI,CO_IMPRIMERIE_BEN_ARAB_CIE,gerant,corporate,certain,SP_51c99be530942e27df2a
PERSON_MLAYEH_TAOUFIK,ORGE_4db797c408268ac3fe9f,pdg,corporate,certain,SP_db7453bb95f0f2f5bb32
PERSON_AZABOU_FAYCAL,CO_CAPTAIN_SINDBAD,cogerant,corporate,certain,SP_894a8cdacffc741da494
PERSON_ESAFI_ABDELWAHEB,ORGE_046f2c6499d89a65cbb7,pdg,corporate,certain,SP_54fc48a3df38b67bfdaa
PERSON_BOUDEN_MAHMOUD,ORGE_046f2c6499d89a65cbb7,unspecified,corporate,certain,SP_f7d62258690eb340ee35
PERSON_BENKHEMIS_MOHAMED_TAOUFIK,ORGE_046f2c6499d89a65cbb7,administrateur_delegue,corporate,certain,SP_19b1fdfb6d625fd22d18
PERSON_ZAHAG_OTHMAN,CO_ATI_SICAF,administrateur,corporate,certain,SP_9ab80c082666a587535f
PERSON_HAMDI_JAMEL,ORGE_463494313f80636d7d7d,gerant,corporate,certain,SP_026d1c50a44196e39088
PERSON_BOUDHINA_ISMAIL,CO_INDUSTRIELLE_TRANSFORMATION_PAPIERS_DEMBALLAGE_CARTONS_SITPE,unspecified,corporate,certain,SP_fc33b2a452365695c5bc
PERSON_BOUDHINA_ISMAIL,CO_INDUSTRIELLE_TRANSFORMATION_PAPIERS_DEMBALLAGE_CARTONS_SITPE,pdg,corporate,certain,SP_89ca317b02e0d1bf7bd0
PERSON_JEBNOUN_MOHAMED_HEDI,CO_SELECT_AGRICOLE_SERVICE,pdg,corporate,certain,SP_c0212b1d79419368b42a
PERSON_MAHJOUB_MOHAMED_SAHBI,CO_SELECT_AGRICOLE_SERVICE,dga,corporate,certain,SP_89891f6d343ae775640e
PERSON_BENAMAR_HASIB,ORGE_1cd94c95280f025035a2,president_ca,corporate,certain,SP_9055090d2436be5481df
PERSON_SELAMI_HASEN,ORGE_1cd94c95280f025035a2,dg,corporate,certain,SP_9816117b42c52ec21d86
PERSON_BENARBIA_NOUREDINE,CO_MAGHREB_HYGIENE,dg,corporate,certain,SP_dd93cee7ed3a40cbb917
PERSON_ESALAB_ELMAHJOUB,CO_TOURGUENESS,member,corporate,certain,SP_11e40db8ceedef19d71b
PERSON_CHOURA_MONCEF,CO_MORSI,gerant,corporate,certain,SP_a620dd0493ba57897333
PERSON_TRIKI_KHALED,ORGE_3505dd54dc0f78cb64e9,president_ca,corporate,certain,SP_53d5c8b09f28016ce02d
PERSON_MHIRI_SAMI,CO_FRIGO_LINE,gerant,corporate,certain,SP_3208cce1c5ebd6997e04
PERSON_KILANI_SLIM,CO_IMMOBILIERE_VAGUE,gerant,corporate,certain,SP_d4ca21eaff897cda8678
PERSON_DRIS_MOHAMED_TAIEB,CO_PROFIL_METAL_DESNOYERS,administrateur,corporate,certain,SP_6647ad43ec2989a0aa03
PERSON_DRIS_CHIRAZ,CO_PROFIL_METAL_DESNOYERS,administrateur,corporate,certain,SP_7506a58c8dc03d4e81bf
PERSON_BENYOUSEF_LEILA_DRIS,CO_PROFIL_METAL_DESNOYERS,administrateur,corporate,certain,SP_f764e1e865fc6c15cb16
PERSON_BACAR_KHALED,CO_AXE_FINANCE,gerant,corporate,certain,SP_bf999e6a5a98f6b29e8a
PERSON_ABAS_FERID,ORGE_51b2e2a022d052ffeb07,administrateur,corporate,certain,SP_3f5fbcf7b956b5c16852
PERSON_MBAREK_YOUSRI,ORGE_1e77e89ccb8df50f02ed,cogerant,corporate,certain,SP_5aa8c12206b5bf72b305
PERSON_MAGOURI_MOHAMED,CO_CAP_CARTHAGE,cogerant,corporate,certain,SP_f39bc02a19e71a973f1d
PERSON_ZLAOUI_CHAHIR,CO_BANQUE_FRANCO_TUNISIENNE,dg,corporate,certain,SP_e4689e60ad714a7cb8cd
PERSON_TERZI_CHOKRI,ORGE_164c8f101d41d052fd46,gerant,corporate,certain,SP_499584440fd1590c040f
PERSON_BOUSOFARA_SAMIRA,CO_PLASTIFILM,administrateur,corporate,certain,SP_d46dc7ae8f259d7509a2
PERSON_JAFOURA_ROUATBI,CO_PLASTIFILM,administrateur,corporate,certain,SP_cd7efbf9d7821aaf8d02
PERSON_BAYOUDH_LAROUSI,ORGE_3eea9b964925d055730f,pdg,corporate,certain,SP_d06a61d5fe4cc8e44cda
PERSON_AMAR_MOHAMED,CO_CIVILE_AGRICOLE_EL_HOUDA,gerant,corporate,certain,SP_18aa9602af0f3767b08f
PERSON_ABIDA_RIADH,CO_SIDCO_SICAR,pdg,corporate,certain,SP_e008e45900aff5ff46d3
PERSON_ALOUCHE_KAMEL,CO_EL_YOUSR_IND_SYNTHETIQUES_PEINTURE,gerant,corporate,certain,SP_efcd207c2d69673c5858
PERSON_CHEBI_MOHAMED_ALI,ORGE_309af100210a66899b1d,gerant,corporate,certain,SP_8883acd65a4b97bd96a1
PERSON_BRAHAM_JAMEL,CO_MULTIMARQUES_GROUPE_MODE_TUNISIE,gerant,corporate,certain,SP_5321f687cf63e4c451e2
PERSON_TOUATI_CHALA,CO_MOULINS_SIDI_TLIL,administrateur,corporate,certain,SP_b2a41ffae9dcbbeb7371
PERSON_ZOUARI_ANIS,CO_EQUINOXE_PHARMA,gerant,corporate,certain,SP_763ada356b06295a1a5a
PERSON_TRIKI_MAHMOUD,ORGE_02cde246b6d82ac6e79c,commissaire_aux_comptes,corporate,certain,SP_dc05bf79446856f87099
PERSON_KALEL_ABDELWAHEB,ORGE_02cde246b6d82ac6e79c,president_ca,corporate,certain,SP_84ff3c88c4e01e84cd73
PERSON_KALEL_MEHDI,ORGE_02cde246b6d82ac6e79c,dg,corporate,certain,SP_5acea71b8d55e3bcf9c4
PERSON_BENCHAABANE_NAAMA_ELOUMI,CO_SOTEE,administrateur,corporate,probable,SP_8bac67bfd21db58dfda9
PERSON_BENCHAABANE_NAAMA_ELOUMI,CO_TUNISIE_ELECTROMENAGER_TEM,administrateur,corporate,certain,SP_f96c4af1c9bf22ca2731
PERSON_ESEGHAIER_ABDELKADER,CO_L_IMMOBILIERE_ECHARIFA,dga,corporate,probable,SP_5f5575d38e8c3a1b738b
PERSON_BAYAHI_YAHIA,CO_GENERALE_INDUSTRIELLE_ALIMENTAIRE_NORD,president_ca,corporate,certain,SP_49174784de9c14d6bf98
PERSON_BAYAHI_TAHER,CO_TRANSPORT_NORD_TUNISIEN,president_ca,corporate,probable,SP_255b1bee0a95fcafcf6d
PERSON_ELOUEKES_MOHAMED,CO_ITALO_TUNISIENNE_PRODUITS_ALIMENTAIRES,gerant,corporate,certain,SP_09a565d6bc6465858289
PERSON_SELAMI_MOHAMED,CO_TUNISIENNE_DELECTRO_PORTATIF,pdg,corporate,certain,SP_0e2f847267ac218b428a
PERSON_TARMIZ_HABIB,CO_AFRI_CHROME,gerant,corporate,certain,SP_d5ebf0a927c479409e20
PERSON_ZOUARI_RAFIK,CO_RELATIONS_INTERNATIONALES_TUNISIE,dg,corporate,certain,SP_1baf3abcbe0c7ce34dec
PERSON_KHALFALAH_MOHAMED_SALAH,ORGE_b634422dc0d968650fe1,pdg,corporate,certain,SP_d85875e2d97ecfd01866
PERSON_KHALFALAH_MORCHED,ORGE_b634422dc0d968650fe1,dga,corporate,certain,SP_d720a917b91407fdb3d5
PERSON_KHALFALAH_MORCHED,ORGE_d7d5feab0cc04b799617,pdg,corporate,certain,SP_9bf0a4938d063444e33d
PERSON_KHALFALAH_MONTACER,ORGE_d7d5feab0cc04b799617,dga,corporate,certain,SP_3b45ee3f0a84eb278829
PERSON_DRIS_HEDI,CO_SIFO,gerant,corporate,certain,SP_4249d52c5cc35676b61a
PERSON_SASI_LOTFI,CO_CEMENT_PRODUCTS_COMPANY_MEDINA,gerant,corporate,certain,SP_e5c515a7f6a035c479c0
PERSON_BENROMDHANE_HASEN,CO_CALEMBO,gerant,corporate,certain,SP_8244717efd1ce7bc6d72
PERSON_FEKIH_TAREK,CO_MINOTERIE_SEMOULERIE_LAVENUE_SADOK_BEY,dg,corporate,certain,SP_15ba9e8178771fe04d3c
PERSON_KHALFALAH_MOHAMED_SALAH,ORGE_2ce31093e606e5439d55,pdg,corporate,certain,SP_30fec8b486f806e2c465
PERSON_KHALFALAH_MOEZ,ORGE_2ce31093e606e5439d55,dga,corporate,certain,SP_1813b5dcb505958cdb92
PERSON_ELOUMI_MOHAMED_IKBAL,CO_ELKA_CONSULTING,gerant,corporate,certain,SP_5e58182eb40ff6bc13b1
PERSON_AMOURI_ABDERAOUF,CO_SETINVEST_SICAF,dg,corporate,certain,SP_85eb5098abe57fadd38c
PERSON_DRIS_HICHEM,CO_TOURISTIQUE_MARHABA_BEACH,president_ca,corporate,probable,SP_8e848c45afe0742381ea
PERSON_BELIL_KAIS,ORGE_2b0abddc90638f7cb6df,dg,corporate,certain,SP_1f3218f05781a80568cd
PERSON_DOGHRI_HASINE,CO_UTIQUE_GAZ,president_ca,corporate,certain,SP_a99914821341392a583b
PERSON_BOUZGUENDA_AHMED,CO_IMMOBILIERE_EL_HEDI,administrateur_delegue,corporate,certain,SP_74200108fbbfe88b689d
PERSON_AMAR_IMED,CO_AMMAR_FRERES_FILATURE_SAFIL,gerant,corporate,certain,SP_7fa2d2e399af5e39e04c
PERSON_DIMASI_NABIL,CO_NOUVELLE_DINSDUSTRIE_TEXTILE_SONIT,gerant,corporate,certain,SP_5bd87b3e7f9b7ab7c008
PERSON_KILANI_HATEM,CO_PROSPERE_IMMOBILIERE,gerant,corporate,certain,SP_71a7eaac7a021ab708b9
PERSON_KALAI_AMEUR,ORGE_12dcd78b75b8095418de,pdg,corporate,certain,SP_9f438fc369e06901eee7
PERSON_WALHA_NEJIB,CO_AMINE_CONFORT,gerant,corporate,certain,SP_4414892571a7fb0c43c4
PERSON_TRIKI_MONCEF,CO_UNIVERS_DISTRIBUTION,cogerant,corporate,certain,SP_a89db000cf597b930f35
PERSON_SAHNOUN_NADER,CO_PRODUCTION_EAUX_MINERALES_SOPREM,dg,corporate,probable,SP_4126430fc86e99c73b03
PERSON_ZENAIDI_AMEL_KADHI,CO_SMALT_INVESTISSEMENT,pdg,corporate,probable,SP_cd8e3861acf356da6b0b
PERSON_ARFA_ALI,ORGE_d96bebf40d833c0825dc,gerant,corporate,certain,SP_3c6031232cefca25ffb7
PERSON_BAYAHI_TAHER,ORGE_5184c8c9b9c3786a3cd5,president_ca,corporate,certain,SP_da850d9434aec7f604b8
PERSON_BENMANSOUR_HEDI,ORGE_5184c8c9b9c3786a3cd5,dg,corporate,certain,SP_a0b8dc0c455d07b3f649
PERSON_FARSI_NASR,CO_SOCOMENIN,gerant,corporate,certain,SP_b2cd67114f337c8f91b0
PERSON_MABROUK_REFKA,CO_MEDIA_VISION,gerant,corporate,certain,SP_d4418e0ef859cc5771ab
PERSON_ESEBSI_MOHAMED_HAFEDH_CAID,ORGE_52ba86f67e575802c5a8,gerant,corporate,probable,SP_e3d59a045d335f65e022
PERSON_BENTANFOUS_NEJIB,ORGE_955bf9912be3c51f4d4d,gerant,corporate,certain,SP_524432acd0977475f2d7
PERSON_KAMOUN_NABIL,CO_UNIVERS_OPTIQUE,gerant,corporate,certain,SP_1113038422ba29ba75f6
PERSON_MAHJOUB_MOHAMED,CO_MBM_INFORMATIQUE_SERVICES,gerant,corporate,certain,SP_3d32655b17d8c9bb94ae
PERSON_GHRAB_RIADH,CO_ARKEA,gerant,corporate,certain,SP_f93c2572e26f9ccc1f7a
PERSON_SLIM_YADH,CO_BNA_CAPITAUX,dg,corporate,certain,SP_0f13787e89a1a01b5ffb
PERSON_BOUCHAALA_ZOUHEIR,CO_SIMEG_PLUS,gerant,corporate,probable,SP_0461d0e3266dbf15f282
PERSON_ZOUARI_HAFEDH,ORGE_ece8c55e5bcebdec9977,pdg,corporate,probable,SP_d52e303646a3b5ba8026
PERSON_SELAMI_KHALED,CO_SCIERIE_AFRICAINE,pdg,corporate,certain,SP_de5eb16d8e60e537c7b7
PERSON_BENAMOR_BECHIR,CO_CIVILE_IMMOBILIERE_EL_HANA,gerant,corporate,probable,SP_006f2b28fa620c44ff28
PERSON_DEBABI_HABIB,CO_BRODERIE_ESSAMAOUEL,gerant,corporate,certain,SP_5549dccd9990c285fd98
PERSON_BOUZGUENDA_AHMED,CO_MATERIAUX_TRAVAUX_PUBLICS,pdg,corporate,certain,SP_86fe66cf2bdde3e56125
PERSON_KACEM_HAMDI,CO_BEN_KALIA,gerant,corporate,certain,SP_70039ba14fe81d8f0513
PERSON_MABROUK_MOHAMED_BENMAGTOUF,CO_MONALIZA,gerant,corporate,certain,SP_0c5febcb8a72634559d5
PERSON_BENAYED_MOHAMED_ELHEDI,CO_FRANCO_TUNISIENNE_INTERNATIONAL_TRADING,gerant,corporate,certain,SP_fed595e6ce042df67c6d
PERSON_CHARFEDINE_RIDHA,CO_ISSIS_PROMOTION_IMMOBILIERE,gerant,corporate,certain,SP_f09b0bc83ee9a5babd6a
PERSON_HARBAOUI_MONGI,CO_HARBAOUI_TRAVAUX_PUBLICS,gerant,corporate,certain,SP_51bb72611cffcdbab74b
PERSON_HACHICHA_SAMI,ORGE_5ab716220ae8ee3498f4,dg,corporate,probable,SP_c717d7349571f4aca227
PERSON_ZOUARI_IMED,CO_MENUISERIE_ALUMINIUM_MODERNE,gerant,corporate,certain,SP_8d427ebda3b2388e948f
PERSON_ANTONIO_SAVARESE,ORG_TUNIS_CENTER_FOR_FREEDOM_OF_THE_PRESS,gerant,corporate,certain,SP_84161dd930f98c94ee04
PERSON_AREM_JAMEL,CO_PROFILE_ALUMINIUM_MAGHREBIN_PALMA,administrateur,corporate,certain,SP_7f5d0af075f48a402578
PERSON_AREM_JAMEL,CO_PROFILE_ALUMINIUM_MAGHREBIN_PALMA,president_ca,corporate,certain,SP_c1c36200d62c624f3ae4
PERSON_AYED_ABDELJELIL,CO_REFINED_BOWEL_COMPANY,cogerant,corporate,certain,SP_b3824cdba3ec249b7fbc
PERSON_DRIS_MOHAMED_HEDI,CO_DRIFER,gerant,corporate,certain,SP_5ed2a1365105c863ab59
PERSON_DIMASI_MOURAD,CO_SERVICOM,unspecified,corporate,certain,SP_41730e70709389349170
PERSON_KASRI_MONIA,CO_MAALOUF_PLUS,gerant,corporate,certain,SP_92d8adffd7fb17c61af8
PERSON_SAIDANE_MOHAMED,CO_MALEK_DEVELOPPEMENT_AGRICOLE,gerant,corporate,certain,SP_ece3eac46e32cbcb5bde
PERSON_BENAYED_YOUSEF,CO_MALEK_DEVELOPPEMENT_AGRICOLE,gerant,corporate,certain,SP_5f935108d4eb95196c86
PERSON_ZOUAOUI_HABIB,CO_ELECTRO_MAINTENANCE_INTERVENTION_RAPIDE_EMIRA,gerant,corporate,certain,SP_27a9154d0ff5bdc965ec
PERSON_CHTOUROU_FAKHER,CO_MAGHATEX,gerant,corporate,certain,SP_4c562001591a43a3d94d
PERSON_JAOUADI_ZIED,CO_MIDCOM,gerant,corporate,certain,SP_d128d50496a9fd06ac0b
PERSON_ZOUHEIR_ABDELAZIZ,CO_SANCELLA_TRADING,gerant,corporate,certain,SP_2fa0af9aa290e6377628
PERSON_MABROUK_YOUSEF,ORGE_79f5695a2a5cee309fb4,commissaire_aux_comptes,corporate,certain,SP_e1d13962d0bd0d50ada4
PERSON_AJEJ_ALI,CO_GENERAL_FISH,gerant,corporate,certain,SP_eaf577369da00001d6e9
PERSON_LAARIBI_ALI,ORGE_2eef78d39c653dab771d,gerant,corporate,certain,SP_7f68e3491493ecdc2496
PERSON_SELAMI_AHMED,CO_ARCADES,pdg,corporate,certain,SP_65eae5f86a3e80214d12
PERSON_BENFATOUM_ROMDHANE,CO_BEN_FATTOUM_ROMDHANE_ELECTRIC_BFR_ELECTRIC,gerant,corporate,probable,SP_d85521e2e848546e5f50
PERSON_CHAABANE_RIDHA_ALI,ORGE_45c9201537832db1be9e,gerant,corporate,certain,SP_bafc3b250ad43fbcad78
PERSON_BENAYED_MONCEF,CO_INDUSTRIELLE_DAMORTISSEURS_SIA,pdg,corporate,certain,SP_e4c67f76d2849e9fa20a
PERSON_HACHICHA_MOHAMED_ALI,CO_INDUSTRIELLE_OLEICOLE_SFAXIENNE_SIOS_ZITEX,administrateur,corporate,certain,SP_19c0210e165ac24260b9
PERSON_SELAMI_AHMED,CO_INDUSTRIELLE_OLEICOLE_SFAXIENNE_SIOS_ZITEX,dg,corporate,certain,SP_639ab4d9fb3eabbed382
PERSON_DJILANI_HEDI,CO_REPRESENTATION_INTERNATIONALE,president_ca,corporate,probable,SP_0ad7afd0bea1e6dad179
PERSON_ESEGHAIER_ABDELKADER,CO_REPRESENTATION_INTERNATIONALE,dg,corporate,probable,SP_d6f80dd0642d459246a5
PERSON_BENYOUSEF_LEILA_DRIS,ORGE_07b09a5425cb5e26934d,gerant,corporate,certain,SP_104d8f638b3c2c194e60
PERSON_SLAMA_CHIHEBEDINE,ORGE_59ce33ea17b39a4b36b8,dg,corporate,certain,SP_b8772b0712bb772256b7
PERSON_BOUHJAR_RIADH,CO_AMANI,gerant,corporate,certain,SP_00e15a93fa59eea93d12
PERSON_DRIS_HICHEM_BENMHAMED,CO_ESSALAMA_SICAF,president_ca,corporate,certain,SP_786a5835dcf52fb736ad
PERSON_CHAABANE_RIDHA_ALI,CO_EXPANSION_2000,gerant,corporate,certain,SP_62f1de5691527785d3ff
PERSON_AZAIEZ_SLIM,ORGE_3ea9cbfdd0a9058c92f8,pdg,corporate,certain,SP_93a0494d14dd8ead9733
PERSON_LINCZOWSKI_ERIC,CO_MANUFACTURING_INTERNATIONAL,pdg,corporate,certain,SP_a9fa67cf0b39a2174a24
PERSON_MZIOU_WIDED_TRIKI,CO_CYBERNETIQUE,cogerant,corporate,certain,SP_cad8d732164826d510b9
PERSON_BASLY_MOUNIR,CO_INTER_MAGHREB_MEUBLES,pdg,corporate,probable,SP_8a4cd43a660ab83f0fb3
PERSON_AMAR_MOHAMED,CO_GRAND_BLEU,gerant,corporate,certain,SP_e1ea935ce5bfe6e6d686
PERSON_TRIKI_FATEN_CHAKER,CO_ESTHELLE_DIETETIQUE,gerant,corporate,certain,SP_bda94a74a5e6a7909112
PERSON_HAMAMI_SALWA,CO_SOLUTIONS_COMPOSITES,unspecified,corporate,certain,SP_7d39a6042d97b997c69c
PERSON_HAMAMI_ADEL,CO_SOLUTIONS_COMPOSITES,pdg,corporate,certain,SP_0067fd0705f0eab0a022
PERSON_BAYAHI_YAHIA,CO_TPR_TRADE,gerant,corporate,certain,SP_586547b5ea6dcc28e0d9
PERSON_ESAFI_ABDELWAHEB,ORGE_35c7ceaef8d6269b8c80,pdg,corporate,certain,SP_3685d0eabb3b06ce87fb
PERSON_CHERIF_MOHAMED,CO_JERBA_COLOGNE_TOURISME,dg,corporate,probable,SP_a8cdca3481bacf751a4f
PERSON_TRIKI_MOHAMED,CO_EPARGNE_PARTENARIAT_INVESTISSEMENT,dg,corporate,certain,SP_7f3f20e33f0b542b7382
PERSON_ZAABI_MOHAMED,CO_MOULINS_SIDI_TLIL,unspecified,corporate,certain,SP_5de3e12c0b233d6d1673
PERSON_AYADI_KAMEL,ORGE_2b4090e6ea7d5fd913b4,gerant,corporate,certain,SP_2e7c1e288bec3bd50ca3
PERSON_MEDEB_MOHAMED,CO_BOISSONS_CAP_BON,administrateur,corporate,probable,SP_2d1d33c24efa091aab03
PERSON_MEDEB_HOUEIDA,CO_BOISSONS_CAP_BON,administrateur,corporate,probable,SP_2a76b6d30e9c01c63a7a
PERSON_TRABELSI_MOHAMED,ORGE_a383de0f2344ee85c2d9,gerant,corporate,certain,SP_f09c33229aa1efd9fc31
PERSON_ESAFI_ABDELWAHEB,ORGE_4ef6cde417c0727328ab,pdg,corporate,certain,SP_851025eb0e5f52a98a26
PERSON_BOUDEN_MAHMOUD,ORGE_4ef6cde417c0727328ab,administrateur,corporate,certain,SP_60978872ef69abb7749d
PERSON_BENROMDHANE_SALEM,ORGE_2ad89b0b0280b6afefd8,dga,corporate,certain,SP_358fb4ef0abdbd66ddbb
PERSON_SELAMI_JALEL_BENHASINE,CO_RECYCLAGE_DECHETS_SOLIDE,associe,corporate,certain,SP_6d52a5f182fd513f3752
PERSON_SELAMI_JALEL_BENHASINE,CO_RECYCLAGE_DECHETS_SOLIDE,gerant,corporate,certain,SP_c23ce51b460b622e29b8
PERSON_KHELIFA_FAYCEL,CO_FIVE_STAR_INTERNATIONAL,gerant,corporate,certain,SP_ac0407624acf6623dd0e
PERSON_AZABOU_FAYCAL,CO_CAPTAIN_SINDBAD,gerant,corporate,certain,SP_0090219863b0c7142234
PERSON_ZOUARI_HAFEDH,CO_MAGHREBINE_TRANSPORT_TERRESTRE_SMTT,pdg,corporate,probable,SP_47c8e6da605bc7a3d7f3
PERSON_MHIRI_NEJI,ORGE_0453ffcdd16774ac273e,pdg,corporate,probable,SP_cfea13115773c03d8930
PERSON_BENROMDHANE_SALEM,ORGE_0453ffcdd16774ac273e,dga,corporate,certain,SP_c5dc0a299fdd427b20c3
PERSON_DERBEL_FAYCEL,CO_SMART_ASSET_MANAGEMENT,commissaire_aux_comptes,corporate,certain,SP_c31c873e6761b86f074c
PERSON_RAHLI_ROMDHANE,ORGE_e07145edee5014a39fba,pdg,corporate,certain,SP_a567d9c6899b5b25bcfa
PERSON_TURKI_BOURAOUI,ORGE_0c767dfba73023c278a0,unspecified,corporate,probable,SP_56c47f36cbcb398b13dd
PERSON_HOCHLAF_SKANDER,CO_TUNIS_ENSEIGNES,unspecified,corporate,certain,SP_1baaaa7b9313ef3c627a
PERSON_HOCHLAF_FARES,CO_TUNIS_ENSEIGNES,unspecified,corporate,certain,SP_dc0b44ed231e88530c34
PERSON_HOCHLAF_JALILA,CO_TUNIS_ENSEIGNES,unspecified,corporate,certain,SP_6237ddbff3efee347a38
PERSON_HOCHLAF_SKANDER,CO_TUNIS_ENSEIGNES,president_ca,corporate,certain,SP_3880244c9caa81b18079
PERSON_BENJEMAA_KHALED,ORGE_0b965d91509200d9389d,pdg,corporate,certain,SP_75b7e9096f278e894d12
PERSON_DOGHRI_NEJIB,ORGE_0b965d91509200d9389d,dga,corporate,certain,SP_a5f006916b81b1daf295
PERSON_MHIRI_NEJI,ORGE_13caa3571b47039887ba,pdg,corporate,probable,SP_873805c4c071b3b8bb1a
PERSON_BENROMDHANE_SALEM,ORGE_13caa3571b47039887ba,dga,corporate,certain,SP_7be1a0fbfe09ae89319a
PERSON_MHIRI_NEJI,ORGE_169d7f35858117fae056,pdg,corporate,probable,SP_d30201277b611e1bfb26
PERSON_MHIRI_NEJI,ORGE_7fd5021675462f404e33,pdg,corporate,probable,SP_b3f7ea0ecdefd6c3746c
PERSON_BENROMDHANE_SALEM,ORGE_7fd5021675462f404e33,dga,corporate,certain,SP_f74bf1eb5ada0682ae8c
PERSON_ESASI_ABDELAZIZ,CO_ASSURANCES_MAGHREBIA,fondateur,corporate,certain,SP_e62110d675034930ede9
PERSON_AOUADI_NABIL,CO_PLEMIVER,gerant,corporate,certain,SP_23ec600d0f55d4be8120
PERSON_YAHIA_YASINE_BENHADJ,CO_INTERPLASTIC,pdg,corporate,certain,SP_ecc5222623e1604f83c8
PERSON_BENJEMAA_KHALED,CO_INTERNATIONAL_TELEMARKETING_AND_TELESERVICE_COMPANY,pdg,corporate,certain,SP_120f5c2d836aa2e62ed6
PERSON_BENJEMAA_LOTFI,CO_INTERNATIONAL_TELEMARKETING_AND_TELESERVICE_COMPANY,dga,corporate,certain,SP_06b89d06580975ab55a8
PERSON_KHEMIR_HOUSEM,CO_ALTUTEX_COMPANY,gerant,corporate,probable,SP_fe03f6430939f29fb074
PERSON_KHAYECHE_ALI,CO_FONDERIE_KHAYECHE_CIE,gerant,corporate,certain,SP_45842dc32f5d7232ffd2
PERSON_TRABELSI_BELHASEN,CO_PROMOTION_TOURISTIQUE_PLAISANCE,unspecified,corporate,probable,SP_aca59bb0fec792391984
PERSON_MHIRI_NEJI,ORGE_9a0130fe01bb6c03387f,pdg,corporate,probable,SP_3b443830afce2c064cdc
PERSON_BENROMDHANE_SALEM,ORGE_9a0130fe01bb6c03387f,dga,corporate,certain,SP_1cfa4b2ee383cec9e5dc
PERSON_SASI_CHOKRI,ORGE_0727269948d92819708a,pdg,corporate,certain,SP_c8c70c8848d142dce81b
PERSON_AMARA_CHAHIR,CO_DOLCE_MONDO_INTERNAZIONALE,gerant,corporate,certain,SP_4198d2aed13a26342431
PERSON_CHERIF_NOUREDINE,ORGE_cb90ed8565e5afde05a9,pdg,corporate,certain,SP_aa5a31854ab6ba251377
PERSON_MISAOUI_TAOUFIK,CO_MESSRI,associe,corporate,certain,SP_f51082d0e8f8ee23f48d
PERSON_BENAMOR_ANIS,CO_MARQUAGE_SIGNALISATION_SECURITE_SERVICES_M3S,gerant,corporate,certain,SP_8a5a8142775c50f163c7
PERSON_BRIGUI_MOHAMED,CO_GENERALE_FINANCIERE_SICAF,pdg,corporate,certain,SP_71e268bf53ed6057b932
PERSON_TARIFA_SONIA,CO_MIXAL,dg,corporate,certain,SP_6481746bb246ecee9017
PERSON_ZOUARI_HAFEDH,CO_IMMOBILIERE_CONCORDE,pdg,corporate,probable,SP_340be3d77c6fe9d7fe05
PERSON_MZABI_FETHI,ORGE_1c537b3e51d72b292590,gerant,corporate,certain,SP_4ba7fbed1313c8752e65
PERSON_NIFAR_HABIB,CO_EMBALLAGES_ALUMINIUM_BOISSONS_GAZEUSES,administrateur,corporate,probable,SP_9e91c5f21b5c8827877c
PERSON_BENAMAR_MOURAD,CO_SERVICES_AGRICOLES_AL_MOSTAKBAL,administrateur,corporate,certain,SP_591a80416748b3ffe62f
PERSON_BENAMAR_MOURAD,CO_SERVICES_AGRICOLES_AL_MOSTAKBAL,pdg,corporate,probable,SP_b8fb513645f99d624b3c
PERSON_SAIDI_MOHAMED,CO_MARIEM_SUPPRESSION_DECHETS,gerant,corporate,certain,SP_7fe82879e27b50f39dd9
PERSON_ZAABI_MOHAMED,CO_MOULINS_SIDI_TLIL,administrateur,corporate,certain,SP_0eabf5462eb7df17dcc3
PERSON_TOUATI_NOUREDINE,CO_MOULINS_SIDI_TLIL,administrateur,corporate,certain,SP_a026fbdb6dab34a432c7
PERSON_ZAABI_MOHAMED,CO_MOULINS_SIDI_TLIL,pdg,corporate,probable,SP_4f7033f29e89cb0a721f
PERSON_SELAMI_SOFIEN,CO_MAALI,gerant,corporate,certain,SP_70e1b66f4527c2534686
PERSON_HAMAMI_MBAREK,CO_ZINA_TRAVAUX_PUBLICS,gerant,corporate,certain,SP_78d55847c961c252d3cd
PERSON_ELOUMI_YADH,CO_MEDITERRANEENNE,commissaire_aux_comptes,corporate,certain,SP_3c6922162040baffad8c
PERSON_SIALA_HAFEDH,CO_ARTISTIQUE_VERRERIE_MIROITERIE_SAVEMI,gerant,corporate,certain,SP_86592a7ec7ffd21ad764
PERSON_BENAHMED_BOURAOUI,CO_PRODUCTION_ALIMENTAIRE_SOPRAL,unspecified,corporate,probable,SP_434648384c1a0f7127cc
PERSON_BENAHMED_SADRI,CO_PRODUCTION_ALIMENTAIRE_SOPRAL,unspecified,corporate,probable,SP_154c08f81e86eac0bf5c
PERSON_BENAHMED_RIADH,CO_PRODUCTION_ALIMENTAIRE_SOPRAL,unspecified,corporate,probable,SP_7e60a2308819834ae5db
PERSON_BENAHMED_BOURAOUI,CO_PRODUCTION_ALIMENTAIRE_SOPRAL,pdg,corporate,probable,SP_4b2d57a0755637cad2f6
PERSON_FARSI_NASR,CO_SOCOMENIN,pdg,corporate,certain,SP_4278ca33a77a1a55d131
PERSON_MOKHTAR_DORDANA,CO_DOREMAIL,unspecified,corporate,certain,SP_f07901366dd77e4f802b
PERSON_MASMOUDI_MONIA,CO_DOREMAIL,unspecified,corporate,certain,SP_a792d25002fd162e383d
PERSON_MASMOUDI_MOHAMED_RAOUF,CO_DOREMAIL,pdg,corporate,certain,SP_11f86a560d5e0c1cd022
PERSON_MASMOUDI_MOHAMED_RAOUF,CO_DOREMAIL,dga,corporate,certain,SP_9c6efa4c86a5e9c8bc4c
PERSON_KHALIL_MOHAMED,CO_CLINIQUE_DHEMODIALYSE_SILIANA,commissaire_aux_comptes,corporate,certain,SP_b26faa25181a2ea2a533
PERSON_MHIRI_NEJI,ORGE_a076f8aa6c655e37c557,pdg,corporate,probable,SP_9a39815a5c5fcf2d7bfe
PERSON_BENROMDHANE_SALEM,ORGE_a076f8aa6c655e37c557,dga,corporate,certain,SP_2263b8b9efd32f3e17e7
PERSON_TRIKI_MOHAMED,CO_PALM_LINKS_IMMOBILIERE,dg,corporate,certain,SP_b4d60a3929e74f050b10
PERSON_BELAID_SALAH,CO_FMBZ_KPMG_TUNISIE,dg,corporate,certain,SP_3f69318aa1236aea6b01
PERSON_CHAIBI_TAOUFIK,CO_UTIC_DISTRIBUTION,president_ca,corporate,certain,SP_ed4fce9c1047d6275922
PERSON_HAMAMI_SASI,CO_SORETRAS,administrateur,corporate,certain,SP_3090490ba31931949b5a
PERSON_BOUZGUENDA_AHMED,ORGE_08d55c391729f8f2a6f6,dg,corporate,certain,SP_be1a7f34419fbc74bed9
PERSON_HAMROUNI_MUSTAPHA,CO_SOTACIB,administrateur,corporate,certain,SP_47734c56e88deff5db74
PERSON_DRIS_MHAMED,CO_AVICOLE_SAHEL,administrateur,corporate,probable,SP_6ea0b96065db10cd0fba
PERSON_BENAYED_MOHAMED_ELHEDI,ORGE_19e9f7851f7ce51602c7,gerant,corporate,probable,SP_8fcb55abca5fbed04de6
PERSON_ZGHIDI_ADNENE,ORGE_19e9f7851f7ce51602c7,commissaire_aux_comptes,corporate,probable,SP_6a3528d6df7e8347e70b
PERSON_BOUJBEL_SAID,CO_INTERNATIONALE_TOURISME_COMPAGNIE,administrateur,corporate,probable,SP_2a3501af21479ef5a319
PERSON_BENMUSTAPHA_SAID,CO_INTERNATIONAL_MAGHREB_MERCHANT_BANK,administrateur,corporate,certain,SP_f0f4b4b456e159db954c
PERSON_ZAYANI_MOHAMED,CO_MODERN_INDUSTRY,gerant,corporate,certain,SP_3c875f74d22019c6c600
PERSON_SLAMA_RIDHA,CO_SLAMA_SICAF,pdg,corporate,certain,SP_4e26d16ff84e4b2ab07b
PERSON_BONTAZ_PHILIPE,CO_LEMAN_INDUSTRIE_CONNECTIQUE,pdg,corporate,certain,SP_fed1c65d286f490b83bf
PERSON_BENCHAABANE_NAAMA_ELOUMI,CO_CHAKIRA_CABLE,dga,corporate,certain,SP_8676ab2662dfe6b2c699
PERSON_DERBEL_ABDELAZIZ,CO_TUNISIENNE_D_INDUSTRIE_DALUMINIUM_STIAL,dga,corporate,certain,SP_2ec3d4ff952b986729f1
PERSON_SELAMI_MEHDI,CO_SERVICES_HUILERIES,commissaire_aux_comptes,corporate,certain,SP_f825f00301159794a8ae
PERSON_SELAMI_KHALED,ORGE_b709a267bd86401010a6,pdg,corporate,probable,SP_529f21c4c9d336a74ade
PERSON_SELAMI_KAIS,ORGE_b709a267bd86401010a6,dga,corporate,probable,SP_047e0ad10268565684a7
PERSON_JERIDI_AYMEN,CO_MARBRERIE_JERIDI,cogerant,corporate,certain,SP_f99824ec342467bedcfe
PERSON_FRADI_MOURAD,CO_LOTUS_GLOBAL_TRADING,commissaire_aux_comptes,corporate,certain,SP_afeda34bbde5b5dd44e9
PERSON_BACAR_HATEM,CO_MODERNE_DELEVAGE_SME,cogerant,corporate,certain,SP_235a5a97b39599b1dccc
PERSON_KAROUI_CHERIF,CO_ULYSSE_TUNISIE,dga,corporate,certain,SP_b75e9caf392011a32a4a
PERSON_ZGHIDI_ADNENE,CO_PROSENOL,commissaire_aux_comptes,corporate,certain,SP_50928ca80129562e0d72
PERSON_DERBEL_FAYCEL,CO_TOP_FASHION,commissaire_aux_comptes,corporate,certain,SP_fb749fb9bd7d6d730a57
PERSON_DERBEL_FAYCEL,ORGE_fac5010e606d4befd278,commissaire_aux_comptes,corporate,certain,SP_efa1c28c0986c66a3945
PERSON_ELOUMI_HICHEM,CO_ELLOUMI,dga,corporate,certain,SP_14f9c3c34ba77b4716de
PERSON_MAHJOUB_MOHAMED_SAHBI,ORGE_772c4fdaaab3dddb16c9,dg,corporate,certain,SP_dba4ea0fc3233a8e4f97
PERSON_BRIGUI_MOHAMED,CO_TOURISTIQUE_OCEANA,pdg,corporate,probable,SP_3a09ae3fae9f4c5e31c4
PERSON_BRIGUI_MOHAMED,CO_TOURISTIQUE_OCEANA,administrateur,corporate,certain,SP_d1ded14a979efc07e909
PERSON_DOGHRI_MONCEF,ORGE_bb74341ab1936e4d62e9,pdg,corporate,probable,SP_cee21df83ef799eff9a6
PERSON_BOUJBEL_MOHSEN,CO_VACPA_BOUJBEL,administrateur,corporate,certain,SP_e88a1fa72fb38e868705
PERSON_BOUJBEL_LASAAD,CO_VACPA_BOUJBEL,administrateur,corporate,certain,SP_c6d769a9074821125aa6
PERSON_BOUJBEL_SAID,CO_VACPA_BOUJBEL,administrateur,corporate,certain,SP_96bf8215d64d9d952e52
PERSON_BENKHEDER_MUSTAPHA,CO_MEDI_SCIENCE,unspecified,corporate,certain,SP_d9cf9597058c436aa8af
PERSON_BENJEMAA_KHALED,CO_GENERALE_IMMOBILIERE_SUD,president_ca,corporate,certain,SP_7b4f26d800eea5eb714d
PERSON_BOUKRAINE_MOUNIR,CO_OLIVES_BEJA,gerant,corporate,certain,SP_694f61b14c722104bfac
PERSON_KILANI_AMRI,CO_SFCB,gerant,corporate,certain,SP_e2785221cc39f6c44cf6
PERSON_ELOUMI_HICHEM,CO_COFICAB,gerant,corporate,certain,SP_6d7ca11ba759c600368b
PERSON_BOUJBEL_MOHSEN,ORGE_56857125de7723ae1494,administrateur,corporate,certain,SP_04f50d6485b03b6c1e09
PERSON_BOUJBEL_SAID,ORGE_56857125de7723ae1494,administrateur,corporate,certain,SP_d63db30112288097dfe6
PERSON_FRADI_MOHSEN,CO_TIBILETTI_TUNISIE,gerant,corporate,probable,SP_de2f28ec71deae625ee6
PERSON_BENMOALEM_SABER,CO_MANUF_TECHNIQUES_METAUX_MATEM,gerant,corporate,certain,SP_687f0d611c34203d76f0
PERSON_PUIG_MICHEL,CO_FRANCO_TUNISIENNE_DINGENIERIE,gerant,corporate,certain,SP_965e3c8d9afa1b0ee14a
PERSON_MABROUK_FARES,CO_STOCKAGE_TRANSPORT_CARBURANT,administrateur,corporate,probable,SP_8137fc27982af9a580ee
PERSON_MABROUK_ALIA,CO_STOCKAGE_TRANSPORT_CARBURANT,administrateur,corporate,probable,SP_1677f59533eb22479b76
PERSON_MABROUK_AMEL,CO_STOCKAGE_TRANSPORT_CARBURANT,administrateur,corporate,probable,SP_6f4740f7984e3aeea6c6
PERSON_MABROUK_FARES,CO_STOCKAGE_TRANSPORT_CARBURANT,pdg,corporate,certain,SP_ac7dc0900d4c00e3525e
PERSON_CHAABANE_RIDHA_ALI,CO_DCP_2000,gerant,corporate,certain,SP_95686c32af6e846da43d
PERSON_FRIKHA_MOHAMED,CO_TELNET_TECHNOLOGIES,gerant,corporate,certain,SP_e1f10b98d28146b63d47
PERSON_BETAIEB_SLIMEN,ORGE_7ee518d5c7f8922b7c46,pdg,corporate,certain,SP_b55d8ec522a4773e245b
PERSON_CHEBI_CHIRAZ,CO_TUNISIENNE_EMBALLAGES,gerant,corporate,certain,SP_191bd57650bf5ea3846f
PERSON_CHEBI_CHIRAZ,CO_SARAH_IMPORTATION,gerant,corporate,certain,SP_c6de4eac86ae449702c3
PERSON_SELAMI_KHALED,ORGE_70df4900e18171254c33,pdg,corporate,certain,SP_b1acddb8bcae91e791a0
PERSON_KHALIL_MOHAMED,ORGE_6cf9dfea5f73fc7cee8b,commissaire_aux_comptes,corporate,certain,SP_f4686cbde69681e7c363
PERSON_ZOUARI_HAFEDH,CO_SHAMS_TELECOM,gerant,corporate,certain,SP_14fe8223812139ba3207
PERSON_CHAABOUNI_ABDERAZEK,CO_HYDCO,pdg,corporate,certain,SP_a544ae81d8fc9ca4e722
PERSON_BENBRAHIM_FERID,ORGE_69445b2e17671ca2cd0e,dg,corporate,certain,SP_82dd40eb49ef8e1681ab
PERSON_ZOUARI_MOHAMED_FETHI,CO_WEBSTER,gerant,corporate,certain,SP_3fc8827d061c94ebf8b8
PERSON_ZOUARI_HAFEDH,CO_IMMOBILIERE_CONCORDE,administrateur_delegue,corporate,certain,SP_ed36f24748681fdd5879
PERSON_KAMOUN_MOHAMED,ORGE_bfacf4c897df275a2400,gerant,corporate,certain,SP_8fb2340a15fbd504cfbd
PERSON_KAMOUN_NABIL,CO_TUNISIE_OPTIQUE,gerant,corporate,certain,SP_40f3b11d93ddf5d7f9c7
PERSON_GHEDIRA_ANIS,CO_IMMOBILIERE_TRIO_CONCEPT,gerant,corporate,certain,SP_c3007e187f4539af32ca
PERSON_SLAMA_SAMI,CO_BABY_PANGUI,gerant,corporate,certain,SP_fe275139a109bcbe8853
PERSON_SASI_MOHAMED_HABIB,CO_SASSY_COMPANY_SERVICES,gerant,corporate,certain,SP_cc405122b656681f8cc0
PERSON_KAMOUN_MOURAD,CO_SKF,gerant,corporate,certain,SP_cf056ae7517aed6b69cc
PERSON_HORCHANI_HAYKEL,CO_IMMOBILIERE_BARDO,gerant,corporate,certain,SP_8275f02958f71f8ad516
PERSON_ZOUARI_ABDERAOUF,CO_JAWHRA_METAL,gerant,corporate,certain,SP_681ea303bc43b6765bce
PERSON_CHAABANE_MOEZ,CO_CAFE_FONTAINE,gerant,corporate,certain,SP_77a0bd577a26e6e4d9f1
PERSON_SALIMBENI_ROBERTO,CO_LITALO_TUNISIENNE_LAGRO_ALIMENTAIRE_ITAGRO,gerant,corporate,certain,SP_6950ada41496898ddef8
PERSON_ESASI_ABDELAZIZ,ORGE_850389f59f85ecdb0127,administrateur,corporate,probable,SP_987eb111241242f2ea94
PERSON_MHIRI_LAMIA_AREM,CO_BAYA_COMPANY,gerant,corporate,certain,SP_72c63703f46aed3b0cde
PERSON_BENJEMA_NEJIB,CO_ATELIERS_REUNIS,pdg,corporate,certain,SP_4def97a20275a341d31d
PERSON_HAMROUNI_ABDELKADER,CO_COMPTOIR_SFAXIEN,gerant,corporate,certain,SP_0d7e8947aca687d9d589
PERSON_ESEFI_NAJIB,CO_YOOPA,representant,corporate,certain,SP_69fabdbf25eea30d204b
PERSON_TINELI_MICHEL,CO_FRANCO_TUNISIENNE_BATIMENT,gerant,corporate,certain,SP_59ea4797b8ad0e30c3b7
PERSON_MABROUK_HABIB,ORGE_618958eacb66f671fedc,gerant,corporate,certain,SP_8c41b6ce3f810b97db8b
PERSON_MABROUK_HABIB,CO_DALIA,administrateur,corporate,probable,SP_8e65be39f69d528f20d1
PERSON_BOURICHA_MOHAMED,CO_DARMEMENT_CONSTRUCTION_NAVALES_SACNA,president_ca,corporate,certain,SP_af10625dba205f227f73
PERSON_KILANI_SLIM,CO_TUNISIENNE_QUINCAILLERIE,cogerant,corporate,certain,SP_cde4b939d8c0a5772321
PERSON_HORCHANI_RACHED,CO_ODYSSEE_PALACE,administrateur,corporate,certain,SP_e3ddad4a9df0708084be
PERSON_SELAMI_ABDELAZIZ,CO_L_IMMOBILIERE_AL_IZ,gerant,corporate,probable,SP_547a6ae9fc3ada32c9db
PERSON_MHIRI_LAMIA_AREM,CO_PROMOTION_IMMOBILIERE_KOKET,gerant,corporate,certain,SP_a1ae712a73d2776904ff
PERSON_ELOUMI_RAMZI,CO_CREATION_DAWSON,cogerant,corporate,certain,SP_d366a5b8038ae088e3cc
PERSON_AREM_NEJIA_LEJMI,CO_AL_ALDIANA_JERBA,administrateur,corporate,certain,SP_e299529da73676a3055f
PERSON_HAKIM_KHALED,CO_TRAVAUX_ELECTRIQUES_CABLAGE_AUTOMATISME_SOTECA_ELECTRIC,gerant,corporate,probable,SP_b41a809700811d190ee0
PERSON_HACHICHA_NOUREDINE,ORGE_3b855cedf3c845e09b24,pdg,corporate,certain,SP_4a973357c658203a6da8
PERSON_DRIS_AHMED,CO_SOTELMOD,gerant,corporate,certain,SP_422228f3fd64eb8e05b7
PERSON_BRAHEM_LOTFI,CO_AUTO_BEST_SERVICES,gerant,corporate,certain,SP_65b8d371b2f138e18a78
PERSON_JERIDI_RIDHA,CO_MARBRERIE_JERID_SMJ,pdg,corporate,certain,SP_580403f9672543bce621
PERSON_AREM_JAMEL,CO_SO_RE_CO,dg,corporate,certain,SP_6c603639562946f93f0b
PERSON_BAYAHI_YAHIA,CO_TUNISIE_PROFILES_ALUMINIUM,administrateur,corporate,probable,SP_c110922119c32de68f5c
PERSON_BAYAHI_TAHER,CO_TUNISIE_PROFILES_ALUMINIUM,administrateur,corporate,probable,SP_9944812ff0e34cd19a2c
PERSON_BAYAHI_TAIEB,CO_TUNISIE_PROFILES_ALUMINIUM,administrateur,corporate,probable,SP_e44014f8297986284e6c
PERSON_ANANE_BRAHIM,CO_TUNISIE_PROFILES_ALUMINIUM,administrateur,corporate,probable,SP_2abc347dda653fdb7908
PERSON_ELABED_MOUNIR,CO_SUCRERIE_EL_ABED,president_ca,corporate,certain,SP_2b301e2a26cd48881829
PERSON_THAMRI_MOHAMED,CO_TUNISAIR_TECHNICS,dg,corporate,certain,SP_c1181b093d25c81bc5a3
PERSON_ELOUMI_IMED,CO_INTERNATIONAL_PHENICIA_NEGOCE,gerant,corporate,certain,SP_5439ae453849e734e7d8
PERSON_HAMROUNI_MOHAMED_BRAIK,CO_ENNACER_D_ENTREPRISE_BATIMENT_TRAVAUX_PUBLIQUE_SERVICE,gerant,corporate,certain,SP_adff7512b81a70ef6d9f
PERSON_BELARBI_CHEKIB,CO_BELARBI_DATTES,gerant,corporate,certain,SP_fb4ccb9624af60eed21b
PERSON_HAMAMI_HEDI,CO_SODEPAG_EL_GASSAA,dga,corporate,certain,SP_d2a53790441bfa6621e3
PERSON_HAMAMI_HEDI,CO_SODEPAG_EL_GASSAA,unspecified,corporate,certain,SP_fb9719bb9894dcc31cbd
PERSON_LARNAOUT_RIM,CO_SARRA_MODE,gerant,corporate,certain,SP_0aae7ffbf479007ffebe
PERSON_BAYAHI_YAHIA,CO_TEC_SOL,gerant,corporate,certain,SP_be8e33d67a0ceb4dffed
PERSON_SALAH_SAMI,ORGE_655146cb151fa27f6df4,gerant,corporate,certain,SP_5d941728b0c5b31c2d6c
PERSON_ZOUARI_MAKI_MAHER,CO_PROINJECT,gerant,corporate,certain,SP_5c464179843db469f131
PERSON_LAURENT_GORGET,CO_GEORGET_PRODUCTION,gerant,corporate,certain,SP_99beec3f896a594f9541
PERSON_BABOU_ALI,ORGE_f1ed58daac647d55cc16,administrateur,corporate,certain,SP_1529debf120cba684345
PERSON_CHAKROUN_NASR_ALI,ORGE_f1ed58daac647d55cc16,president_ca,corporate,certain,SP_20c10fa685c0be86b1a8
PERSON_BENAYED_RAFIK,CO_ASSISTANCE_MANAGEMENT_INTERNATIONAL,president_ca,corporate,certain,SP_15a263dc9c015a34be19
PERSON_AMAR_MOHAMED,CO_CADEAUX_JOUETS,gerant,corporate,certain,SP_c4b98aba8c72b9e54f78
PERSON_TRIKI_SONIA,CO_ALLIANCE_AND_CO,cogerant,corporate,certain,SP_d55b77025d9e9d842367
PERSON_GHARBI_AMEUR,CO_CONSERVES_MODERNES_CAP_BON_COMOCAP,gerant,corporate,certain,SP_db112bf1457c033283f1
PERSON_KAMOUN_MONCEF,CO_EMA_KAMMOUN,gerant,corporate,certain,SP_1cadb6d0deaf5c806163
PERSON_HAFSAOUI_LAMINE,CO_BANQUE_TUNISIENNE_SOLIDARITE,administrateur,corporate,certain,SP_72e41360f59f536c79d0
PERSON_DEBABI_HABIB,CO_BRODERIE_ENNOUR,gerant,corporate,certain,SP_95974361482b9cd5daf7
PERSON_KAMOUN_MAHMOUD,CO_COMPTOIR_COMMERCE_MECANIQUE,gerant,corporate,certain,SP_ade1324c4fa7b3fccc2a
PERSON_REJEB_ALI,CO_BESTFRIGO,gerant,corporate,certain,SP_f2a185351b87572b3534
PERSON_MATAVELI_OTAVIANO,CO_ITALO_TUNISIENNE_DELECTRONIQUE,gerant,corporate,certain,SP_00d26457f9f09dd3788f
PERSON_HACHICHA_RIDHA,ORGE_5f5ba331266e43d6426d,gerant,corporate,certain,SP_97c8cc8a91a63052e8ea
PERSON_HAMILA_TAMAHINE,CO_ATTITUDE,gerant,corporate,certain,SP_78d3c04a28b9a90738fd
PERSON_OUIJ_KARIM,CO_SORAN_SIGNALITIQUE,gerant,corporate,certain,SP_6b40e0549878b512e8cf
PERSON_ZOUARI_AHMED,CO_OLIVED,gerant,corporate,certain,SP_f4e226bf9502593eb76e
PERSON_TRIKI_SAMI,CO_TRIKI_COMMERCE_INTERNATIONAL_DISTRIBUTION_TCI_DISTRIBUTION,gerant,corporate,certain,SP_c2bbae46021c47526661
PERSON_KAROUI_WALID,CO_FERTI_PRO,gerant,corporate,certain,SP_2c3ec40622bdf2ed64db
PERSON_DRIS_JALEL,CO_PICARD_INTERNATIONAL_MAROQUINERIE,president_ca,corporate,certain,SP_8ac5f3972d00030121c8
PERSON_BAKLOUTI_AHLEM,CO_PLASTIC_SFAX,gerant,corporate,certain,SP_6ab8dfb0bf624a62adbb
PERSON_HAMROUNI_ABDELAZIZ,CO_MISE_EN_VALEUR_DEVELOPPEMENT_AGRICOLE_ESSAADA,pdg,corporate,certain,SP_3e2245477c9ad93f49f0
PERSON_TRIKI_MOHAMED_RADHOUANE,CO_INTERNATIONALE_COMPUTER_TRADING,gerant,corporate,certain,SP_ba8d1ecd174428de0137
PERSON_TRIKI_MOHAMED_RADHOUANE,CO_MICRO_STAR_ELECTRONIQUE,gerant,corporate,certain,SP_f41c4d939a0e7eb6fc5e
PERSON_ZNETI_MANSOUR,CO_PIZZERIA_ITALIANO,gerant,corporate,certain,SP_9bb651c2166013949737
PERSON_SFAR_MOHAMED_SALAH,CO_FUCHI_KA,pdg,corporate,probable,SP_2aa0113adb10f2e85114
PERSON_SFAR_MOHAMED_SALAH,CO_FUCHI_KA,unspecified,corporate,probable,SP_cdb208bfbc91324b0e2c
PERSON_SFAR_MOHAMED_SALAH,CO_FUCHI_KA,president_ca,corporate,probable,SP_a5bfe16d4a69bee5c8e4
PERSON_KAMOUN_MOHAMED,CO_AL_BARAKAT,gerant,corporate,certain,SP_8c604f2e037470e7bf83
PERSON_MAHJOUB_MOHAMED,CO_ESSALEM,administrateur,corporate,certain,SP_533e15c5a8ccad14d2ac
PERSON_JEBNOUN_MOHAMED_HEDI,CO_ESSALEM,administrateur,corporate,certain,SP_7816ef6ee39dc0bd4c08
PERSON_DERBEL_FAYCEL,CO_ESSALEM,commissaire_aux_comptes,corporate,certain,SP_c77a39ad9063e494fd80
PERSON_MAHJOUB_MOHAMED,CO_ESSALEM,president_ca,corporate,certain,SP_b768c520210dfd46c530
PERSON_TRABELSI_MOHAMED,CO_MOTRA_ELECTRIC,gerant,corporate,certain,SP_2ce348b976590081978f
PERSON_ZOUARI_FOURAT,CO_TRITUX,gerant,corporate,certain,SP_9913b9b79fcd4f006bff
PERSON_MABROUK_AHMED,CO_JAWHRA_PLUS,gerant,corporate,certain,SP_3ee6bd23e94d42f8ea6f
PERSON_HAMROUNI_IBRAHIM,CO_HAMROUNI_COMMERCE_MONDIAL,gerant,corporate,certain,SP_fa543d70e1f4a7fd4423
PERSON_ZOUARI_MOHAMED_FEKHER,CO_ZOUARI_DISTRIBUTION,gerant,corporate,certain,SP_9c606193fc3b811997e2
PERSON_SASI_FARHAT,ORGE_f10a0d7767d239565e43,president_ca,corporate,certain,SP_2428fb37e267af7aeeb9
PERSON_ABDELKEFI_FADHEL,CO_TUNISIE_VALEURS,dg,corporate,certain,SP_b0a1bdf7fa47b47aad46
PERSON_LARGUECHE_SLAHEDINE,CO_TUNISIE_VALEURS,administrateur_delegue,corporate,certain,SP_314a8977b1442efea6b1
PERSON_CHABCHOUB_MOHAMED_AMIN,ORGE_03f236ab5dcd2e33425e,administrateur,corporate,certain,SP_31bfcf0f7a2e630505a8
PERSON_CHABCHOUB_MOHAMED,ORGE_03f236ab5dcd2e33425e,administrateur,corporate,certain,SP_7fbfc19d94be3454da5d
PERSON_CHABCHOUB_MOHAMED_AMIN,ORGE_03f236ab5dcd2e33425e,pdg,corporate,certain,SP_f6f834be5b793df86dbd
PERSON_ZOUARI_ANOUAR_MEIMOUN,CO_STAR_CONSULT,gerant,corporate,certain,SP_2366bde0e6a084015d29
PERSON_KACHOURI_MAHJOUB,CO_EQUIPEMENTS_CAFES_SACAFE,administrateur,corporate,certain,SP_b781491109eae3e2c387
PERSON_KACHOURI_MAHJOUB,CO_EQUIPEMENTS_CAFES_SACAFE,pdg,corporate,certain,SP_211a366b55f8a8e13fea
PERSON_BENSEDRINE_BECHIR,ORGE_da3dbe993a5398f59c4f,gerant,corporate,certain,SP_9f75ad019df7f4484d0a
PERSON_BENYOUSEF_LEILA_DRIS,CO_BIECO_MARKETING,gerant,corporate,certain,SP_5da1197fc9a082a1e2cc
PERSON_HARZALAH_HABIB,CO_TOURISTIQUE_HOTELIERE_SKANES_SERAIL,administrateur,corporate,certain,SP_2f3c048b2d51d1311374
PERSON_HARZALAH_HABIB,CO_TOURISTIQUE_HOTELIERE_SKANES_SERAIL,pdg,corporate,certain,SP_a5a07f76a9bd0da232f3
PERSON_BATIKH_KAIS,CO_SANITAIRE_ITALIEN,gerant,corporate,certain,SP_e86fc5bd12fa126b08ab
PERSON_SASI_JAMEL,CO_OUTAIL_PRODUCTRION_ARTISTIQUE,gerant,corporate,certain,SP_39efbd69a5dde6b55f77
PERSON_BOURICHA_MAHER,CO_HERA_CONSEILS,gerant,corporate,certain,SP_f9c6957bad92bb6fa704
PERSON_KHECHINE_ABDELHAMID,CO_IMMOBILIERE_ELMOUCHRIQUAH,gerant,corporate,certain,SP_47d62fec25dd6343512e
PERSON_MAKHLOUFI_ABDELAZIZ,CO_CHO_COMPANY,gerant,corporate,certain,SP_c2975d8858531c22797a
PERSON_DEROUICHE_MONIA,CO_DEROUICHE_ZAKHAMA,gerant,corporate,certain,SP_fe1af892fbe567dc57fe
PERSON_KAROUI_MOHAMED_CHERIF,CO_BON_PRIX,dg,corporate,probable,SP_c3ef6754985d2c662f60
PERSON_KAMOUN_HABIB,CO_POLYCLINIQUE_EL_ALYA,president_ca,corporate,certain,SP_c0db7536a0fbfb273ec3
PERSON_ELEUCH_MOHAMED,CO_BLOW_PACK,gerant,corporate,certain,SP_f0379e84f6e515218d29
PERSON_BENAICHA_SOFIENE,CO_ITALIA_DESIGN_AMENAGEMENT,gerant,corporate,certain,SP_78c1b4bd31b676ed02cb
PERSON_ALAIN_BREVET,CO_NOUVELLE_FRANCO_TUNISIENNE_SNFT,gerant,corporate,certain,SP_4db36509ad594b420a67
PERSON_DRIS_HASEN,CO_SAKIET_EDDAYER_METALLIQUE,gerant,corporate,probable,SP_772aba2394ea7a1223d7
PERSON_ELOUMI_HICHEM,CO_COFICAB_TUNISIE,dga,corporate,certain,SP_635c41cd563a7736b6e0
PERSON_LARBI_HEDI,CO_AGL_TECHNOLOGIES,gerant,corporate,certain,SP_3c91d6fe1c36807ae860
PERSON_SASI_NEFISA,CO_KACEM_DIMPRIMERIE,gerant,corporate,certain,SP_212c6130121ed34df5eb
PERSON_BOURICHA_ABDELHAMID,CO_HENKEL_ALKI,president_ca,corporate,certain,SP_d2c8095ce0c4a5ce43cb
PERSON_BOURICHA_JALEL,CO_PROMOTION_TOURISTIQUE_VOYAGES_LOISIRS_SPLENDID_TOURS,gerant,corporate,certain,SP_6f014ad03957d4f2f697
PERSON_ZOUARI_JACQUELINE,CO_TUK_TUK_TUNISIE,gerant,corporate,certain,SP_04c73fac4227b2057df3
PERSON_SLAMA_KHALIL,CO_STAF_SERVICES,gerant,corporate,certain,SP_5256d9d796f733a71392
PERSON_MEHREZ_MOHAMED_ELFEHRY,ORGE_5cc763d4ba6f271c6ee2,president_ca,corporate,certain,SP_39db5e971352e2393c30
PERSON_MEHREZ_DRIS,ORGE_5cc763d4ba6f271c6ee2,dg,corporate,certain,SP_7e7dac2d7e858aeb4f7a
PERSON_MEHREZ_MOHAMED_ELFEHRY,CO_ENNADHAFA_JUDY,president_ca,corporate,certain,SP_62d051d6182cc4100fe7
PERSON_MEHREZ_CHAMSEDINE,CO_ENNADHAFA_JUDY,dg,corporate,certain,SP_55bcb2763cae259b35e8
PERSON_KILANI_WISEM,CO_RISTORI_DI_ROMAGNA,gerant,corporate,certain,SP_d372dd5b1d107c887be4
PERSON_MUCEDOLA_LUIGI,CO_STILE_ITALIANO,cogerant,corporate,certain,SP_c1fe48a5ec04902e499c
PERSON_SELAMI_MOURAD,CO_GESTOP,gerant,corporate,certain,SP_c143d56d408c688240ff
PERSON_ELOUMI_HICHEM,ORGE_e34c600a093c1023186c,dga,corporate,certain,SP_9fbc3f20f968b49fcf10
PERSON_HAMILA_TAMAHINE,CO_REIMEX,representant,corporate,certain,SP_1be45a6f2335627677ee
PERSON_MAKNI_FARIDA,CO_REIMEX,representant,corporate,certain,SP_4e0df2c285002afe6cac
PERSON_MAKNI_FARIDA,CO_REIMEX,dga,corporate,certain,SP_cccaa88ebfd7bd358ef5
PERSON_SLAMA_ALI,CO_DIGITAL_PRODUCTION_DIGIPRO,administrateur,corporate,probable,SP_db4638116ed0a16b4172
PERSON_SLAMA_RIDHA,CO_DIGITAL_PRODUCTION_DIGIPRO,administrateur,corporate,probable,SP_8fe0a493cd585f797034
PERSON_HAMAMI_FADHEL,CO_FORMATION_ORGANISATION_ASSISTANCE_TECHNIQUE,gerant,corporate,certain,SP_cb351a1fd7da30b815d3
PERSON_BETAIEB_ALAYA,CO_SAGES_CAPITAL,representant,corporate,certain,SP_5f9f21e8500630d49bae
PERSON_BETAIEB_ALAYA,CO_SAGES_CAPITAL,pdg,corporate,certain,SP_cb0d11c9f3453d81832c
PERSON_TRIKI_MOHAMED_NEJIB,ORGE_fef464381bbec2343ab7,pdg,corporate,certain,SP_73a6b663017a66b3ce80
PERSON_ELAMRI_KAIS,CO_MONDIAL_TEX,gerant,corporate,certain,SP_294d28bfd21615bd6415
PERSON_COMBAT_MICHEL,CO_COMMECA_TUNISIE,gerant,corporate,certain,SP_9257cbfde311f7959105
PERSON_BOURICHA_NACEUR,CO_HOTELIERE_TOURISTIQUE_OMAR_KHAYAM,dga,corporate,certain,SP_3166d65d14088d7b1d48
PERSON_FRIKHA_MOHAMED,CO_IMMOBILIERE_HELIOPOLIS,commissaire_aux_comptes,corporate,probable,SP_b0926224c352dfa513ea
PERSON_JAIDANE_RIADH,ORGE_ec13d2cf661c30403e9c,administrateur,corporate,certain,SP_e4eadf746210dea4f511
PERSON_ABDENADHER_THAMEUR,CO_TARGET_ENGINEERING,pdg,corporate,certain,SP_75dcaa9a0cba1a2e5186
PERSON_SLAMA_RIDHA,CO_SLAMA_SICAF,unspecified,corporate,probable,SP_56052ce03793a7c00357
PERSON_SLAMA_ABDELHAKIM,CO_SLAMA_SICAF,unspecified,corporate,probable,SP_afecbbcd37be907934c9
PERSON_SLAMA_AMOR,CO_SLAMA_SICAF,unspecified,corporate,probable,SP_fb0152394a0b2f1bcccd
PERSON_BELHAJ_KHALED,CO_MED_FRESH_FISH,gerant,corporate,certain,SP_25c43632d2770417c9d7
PERSON_BOUCHAMAOUI_GHAZI,CO_SANDRILLON,gerant,corporate,certain,SP_9cf8dff699c8996cd59a
PERSON_KCHAOU_HABIB,CO_SOTUFCA_DISTRIBUTION,unspecified,corporate,certain,SP_d950e55f438689dec5da
PERSON_KCHAOU_HABIB,CO_SOTUFCA_DISTRIBUTION,pdg,corporate,certain,SP_84ef10b7819fc0692bd1
PERSON_BOUALAGUI_JAMEL,ORGE_6b00b81203e86c799758,fondateur,corporate,certain,SP_0fbe28864e714aaf112f
PERSON_BOUALAGUI_JAMEL,ORGE_6b00b81203e86c799758,pdg,corporate,certain,SP_fc8d7ec6dd4cba6a0052
PERSON_ZOUARI_MEKI_MAHER,ORGE_d86513f38f017829fabf,gerant,corporate,certain,SP_be0683bc88b0512fed62
PERSON_MABROUK_MOHAMED_MARWEN,CO_DIVONA_TELECOM,president_ca,corporate,certain,SP_7759249c225373e5fedd
PERSON_TOUITI_RIDHA,CO_COMPAGNIE_PHOSPHATES_GAFSA,association_president,corporate,certain,SP_d8c71dcd808795716a56
PERSON_HAMAMI_ABDERAZEK,CO_DIMASSI_BOIS,gerant,corporate,certain,SP_381386cc659370f4e07e
PERSON_CHAABANE_FARAH,CO_MAHRAJENE_FAST_FOOD,gerant,corporate,certain,SP_661355d206a7e3605646
PERSON_KILANI_FETHI,CO_CMA_ENGINEERING,gerant,corporate,certain,SP_5ae4a84f83b62b14fb54
PERSON_KAMOUN_AHMED,ORGE_e8a8bd0a90919ca66354,gerant,corporate,certain,SP_c0aeeaa2d8d086318800
PERSON_BENYOUSEF_LEILA_DRIS,CO_BEST_IMPORT_EXPORT_COMPANY_BIECO,cogerant,corporate,certain,SP_236c152f23e331b4f394
PERSON_DJERBI_MOHAMED,ORGE_e3eaf6c891ed19c41db1,gerant,corporate,certain,SP_07e01290e3b21569ac25
PERSON_SLAMA_MOHAMED,CO_MONDE_DELICIEUX_SOMODE,gerant,corporate,certain,SP_f4079017f3560d12101e
PERSON_LOUKIL_MOEZ,ORGE_7cd659ae1de6057df9e3,gerant,corporate,certain,SP_b173263d76d53071312a
PERSON_BOURICHA_JALEL,CO_CONCORDE_FINANCEMENT_DINVESTISSEMENT_CONCORDE_FININVEST,pdg,corporate,certain,SP_e22d2e547d4967c00b4f
PERSON_ANTOINE_CARBONE,CO_FORGE_FRANCO_TUNISIENNE,gerant,corporate,certain,SP_e8b71887ee6e7f0eeecd
PERSON_MARCEL_CLERICALI_JEAN_LOUIS_ROGER,CO_FORGE_FRANCO_TUNISIENNE,cogerant,corporate,certain,SP_52a18754170691f896e5
PERSON_ABDENADHER_AMEUR,CO_CEFER,gerant,corporate,certain,SP_d079a07908a4e21eada3
PERSON_LAAMOURI_YASINE,CO_ALIM_PACK,pdg,corporate,certain,SP_afd8db783e70d809fd16
PERSON_BOIRON_JOSELYN,CO_FRANCE_ALU_VOLETS,gerant,corporate,certain,SP_1b44a37ba8f27e6d72e5
PERSON_MEDEB_MOHAMED,CO_CENTRALE_LAITIERE_CAP_BON,pdg,corporate,probable,SP_091fef68cd8ed95a2fff
PERSON_SASI_AMEL_BENTMOHAMED,CO_MEUBLINOX,gerant,corporate,certain,SP_7789683d1dd13ccecd2f
PERSON_BENASR_KARIM_SALEM,CO_IMMOBILIERE_ASTARTE,administrateur,corporate,probable,SP_ff21d9b8faf1f8ff0d41
PERSON_BENASR_SLIM,CO_IMMOBILIERE_ASTARTE,administrateur,corporate,probable,SP_390aaccbbd7893400fc4
PERSON_BENASR_SLIM,CO_IMMOBILIERE_ASTARTE,president_ca,corporate,certain,SP_ca2b28284b54c7321b39
PERSON_BENSALEM_RAFIAA_DRIS,CO_SANTA_FE,gerant,corporate,certain,SP_e6e0e1e0dec334abcdf7
PERSON_SELAMI_MONCEF,ORGE_958986f55f8e1a8d9f78,pdg,corporate,certain,SP_ecea0330d6e72a00ea4a
PERSON_HLIOUI_ALI,CO_CIMENTERIE_CAP_BON,pdg,corporate,certain,SP_9ab9f7b78dc1e7faebf3
PERSON_BOULKOUT_MOUNIR,CO_SELT_MARINE,gerant,corporate,certain,SP_cbbe5068e86cb405b95c
PERSON_MABROUK_NABIL,CO_M_M_S_MABROUK_MAINTENANCE_SERVICES,gerant,corporate,certain,SP_5282c2d0bf308e8f7f14
PERSON_ZOUARI_MONDHER,CO_SABAH_PANACOTTA,gerant,corporate,certain,SP_e26ebeb32f4b0013248a
PERSON_DERBEL_FAYCEL,CO_ECONOMIC_AUTO,commissaire_aux_comptes,corporate,certain,SP_b372e68c4ce9fadbb1bf
PERSON_KRIA_MOHAMED_ABDELMONEM,CO_POLYCOQ_TUNISIE,pdg,corporate,probable,SP_41cc5bdb5709eb2ccd94
PERSON_CHAABANE_CHOKRI,CO_OPTIMUS,gerant,corporate,certain,SP_b1c3c5ebf98876d28aab
PERSON_DRIDI_ABDELKADER,CO_CARTHAGINOISE_PRODUCTION_AGRICOLE,gerant,corporate,certain,SP_0f11f07caa8c29f7dd0d
PERSON_ZOUARI_MOURAD,CO_KMF_TRAVEL,gerant,corporate,certain,SP_7c4c7e9879032a11c05c
PERSON_ABDENADHER_LATIFA,CO_MAISSA_ART_TABLE,gerant,corporate,certain,SP_90b00743bcb328a44693
PERSON_TAKTAK_SAID,ORGE_a38fadc7356cb728f2f3,gerant,corporate,certain,SP_6814bfea2be45d593175
PERSON_HADAD_KAMEL,ORGE_c517c71b9717abb404db,gerant,corporate,certain,SP_69bd734bc0208b334ff0
PERSON_MOALA_SLIM,ORGE_6e1a26e36f94b4a5d76e,pdg,corporate,certain,SP_96407f04fb49c2e13246
PERSON_TRABELSI_BELHASEN,CO_PROMOTION_TOURISTIQUE_PLAISANCE,pdg,corporate,certain,SP_a3d6025bbb44f1bd9e8b
PERSON_DJILANI_HEDI,CO_CONFECTION_RAS_JEBEL,pdg,corporate,probable,SP_49391d59beff0fa9c9b8
PERSON_ESEGHAIER_ABDELKADER,CO_CONFECTION_RAS_JEBEL,dga,corporate,probable,SP_4c754e04bb25fc23a754
PERSON_AMAR_MOHAMED,CO_COMPTOIR_REGIONAL_SERVICES_PECHES,president_ca,corporate,certain,SP_4b5d44ac13e98e1b7766
PERSON_AIDI_SAID,CO_SYSTEAC,gerant,corporate,certain,SP_c12d394e49457fbb640f
PERSON_DJERAD_ABDELMAJID_KILANI,CO_VETEMENTS_INDUSTRIELS_TUNISIE,gerant,corporate,certain,SP_b4f5b4e299f952993119
PERSON_AYADI_ONS_KHALIL,CO_FRANCO_TUNISIENNE_DEVELOPPEMENT_PRESTATIONS_INFORMATIQUE_SOF,gerant,corporate,certain,SP_4f7ac2a4bd53357c54cc
PERSON_FADHEL_MAHMOUD,CO_LIVRE,pdg,corporate,certain,SP_1ad1f77d0a1b0904241f
PERSON_BRAHEM_LOTFI,CO_MENZEL_NEW_CO,gerant,corporate,certain,SP_7ebae00794a85dba4969
PERSON_BELKHIRIA_TAHER,CO_TRANSFORMATION_POLYURETHANNE_CENTRE_SOTRAPOC,gerant,corporate,certain,SP_9ac58c60c1185cfeb336
PERSON_ELYATIME_FAOUZI,ORGE_5ad40fc107b3884e70f0,gerant,corporate,certain,SP_0299b0a2858dffbcb260
PERSON_CHHAIDER_ABDELMAJID,CO_SMVDA_EL_KHADRA,administrateur,corporate,certain,SP_733c83259ad20c8e25a0
PERSON_BENJEMAA_KHALED,CO_SMVDA_EL_KHADRA,pdg,corporate,certain,SP_9629f288094d0e93c67a
PERSON_MZABI_MZOUGHI,CO_INTERNATIONALE_TOURISTIQUE_IMMOBILIERE_SITI,administrateur,corporate,certain,SP_0fef7e8cbf2055ee5c42
PERSON_MZABI_MONCEF,CO_INTERNATIONALE_TOURISTIQUE_IMMOBILIERE_SITI,administrateur,corporate,certain,SP_cf203e94b42b35e0901f
PERSON_MZABI_MOHAMED_SADOK,CO_INTERNATIONALE_TOURISTIQUE_IMMOBILIERE_SITI,administrateur,corporate,certain,SP_3547dd94372b0be40037
PERSON_MZABI_MZOUGHI,CO_INTERNATIONALE_TOURISTIQUE_IMMOBILIERE_SITI,pdg,corporate,certain,SP_75391324ab0a376b6d7e
PERSON_TRABELSI_ABDELMONAEM,CO_CONGELATION_TOUS_PRODUITS_PECHE_AGRICOLE_SOCEPA,unspecified,corporate,certain,SP_6d5ea82818e14df23c50
PERSON_ZOUARI_MAHER,CO_NORTH_AFRICA_INTERNATIONAL_BANK,member,corporate,certain,SP_836157bfca11ee8361bc
PERSON_ESASI_ABDELAZIZ,ORGE_40e2fdaa55aeb7794c5d,administrateur,corporate,probable,SP_e7f90e421a16af1791d8
PERSON_ESASI_NABIL,ORGE_40e2fdaa55aeb7794c5d,administrateur,corporate,probable,SP_1d3c84671a467ef29a1f
PERSON_KAROUI_HAMED,CO_TOURISTIQUE_TOUR_KHALEF,unspecified,corporate,probable,SP_d2a3a709f229a5b78578
PERSON_DRIS_ZOHRA,CO_TOURISTIQUE_TOUR_KHALEF,unspecified,corporate,probable,SP_8bb8ae7847a77144dd1e
PERSON_ELOUMI_ABOUDA,CO_AGRO_ZITEX,president_ca,corporate,certain,SP_7b32b6125916c5af560c
PERSON_MABROUK_RAOUDHA,CO_TRANS_INVEST_MABROUK,gerant,corporate,certain,SP_aaeca05f7fa9a18c192f
PERSON_BELKAHIA_FAOUZI,ORGE_acaa5209251d48591ccf,president_ca,corporate,certain,SP_5eff9fd016b71c15dc28
PERSON_CHOURA_SLIM,CO_ELEGANCE_MODE,gerant,corporate,certain,SP_2d75ec5e8a0fdb5eb4be
PERSON_SLAMA_MOHAMED_RIDHA_SAHBI,CO_TUNISIENNE_GRIGNONS,gerant,corporate,certain,SP_6d8feec0ef7b7d4f29ba
PERSON_DIMASI_ADEL_EZEL,CO_TEINTURE_FINISSAGE_ITALO_TINISIEN,gerant,corporate,certain,SP_ebefb9257910f081beae
PERSON_CHAARI_LAMIA,CO_TEINTURE_FINISSAGE_ITALO_TINISIEN,gerant,corporate,certain,SP_9681d435309de4c03748
PERSON_SASI_FAYCEL,CO_HO_RE_CA_MANAGEMENT,cogerant,corporate,certain,SP_64280c7dc0060f48c84f
PERSON_ELAMRI_MOHAMED_HEDI,CO_UNIVERSAL_COLORS_TUNISIA,gerant,corporate,certain,SP_68e4a5491b2954c06de7
PERSON_HADJALI_RAFIK,CO_UNION_TUNISIENNE_DEMBALLAGE_CONDITIONNEMENT_UNITEC,pdg,corporate,certain,SP_4dac276ee067bd90f3f7
PERSON_SELAMI_MONCEF,ORGE_38c890e34d0ce697567f,pdg,corporate,certain,SP_50ae2dbd2de063dea309
PERSON_BOURICHA_RADHOUANE,ORGE_38c890e34d0ce697567f,dga,corporate,certain,SP_a0c4a01a501049233cef
PERSON_SASI_MALEK,CO_CASABO_INDUSTRIE,gerant,corporate,certain,SP_4191912ab18f9e09976e
PERSON_DENGUEZLI_HATEM,CO_TUNISIE_SICAR,pdg,corporate,probable,SP_546dcca3ac23d7dc2859
PERSON_FAKHFAKH_ELYES,CO_COTREL,dga,corporate,certain,SP_9fc751fbf566b01bd7de
PERSON_ZOUARI_HAFEDH,CO_ZOUARI_CIE,pdg,corporate,probable,SP_c696d501f7a75dfe35df
PERSON_MARZOUGUI_NEJIB,CO_NORTH_AFRICA_HOLDING,pdg,corporate,certain,SP_75863200a24e3f666b9d
PERSON_AREM_JAMEL,CO_AREM_GROUP,pdg,corporate,certain,SP_939c4537b89caaa2f465
PERSON_BOUSETA_MOHAMED,CO_INTER_CONSULTING_TUNISIA,gerant,corporate,certain,SP_2e44a3c10a538229ee9c
PERSON_ABDENADHER_MOHAMED,CO_ABDENNADHER_REALISATION_RESEAUX_A2R,gerant,corporate,certain,SP_3db78ed17fe9345bcaca
PERSON_DENGUEZLI_ZOUHEIR,CO_COMPAGNIE_FRANCO_TUNISIENNE_PETROLES,dg,corporate,certain,SP_e284e9402bed25fecbd6
PERSON_BOURICHA_TAHER,CO_INDUSTRIELLE_COMMERCIALE_EQUIPEMENTS_MARITIMES_SOICEM,unspecified,corporate,certain,SP_d13d2def5695ec00cec8
PERSON_BOURICHA_HEDI,CO_INDUSTRIELLE_COMMERCIALE_EQUIPEMENTS_MARITIMES_SOICEM,unspecified,corporate,certain,SP_5f2893c151450a25d4f0
PERSON_BELAGHA_SALMA,CO_ALTERNATIVE_CAPITAL_PARTNERS,administrateur,corporate,certain,SP_7a4bd91a1f5949d36d43
PERSON_SCHETINI_ERIC,CO_ALTERNATIVE_CAPITAL_PARTNERS,administrateur,corporate,certain,SP_60ba6dd138c56483eef1
PERSON_LOUED_TAHA,CO_ALTERNATIVE_CAPITAL_PARTNERS,administrateur,corporate,certain,SP_30b0c8cb17f9d4b8b2ac
PERSON_BELAGHA_KHALED,CO_ALTERNATIVE_CAPITAL_PARTNERS,administrateur,corporate,certain,SP_8a03a8dbf2d3227fba3d
PERSON_SCHETINI_ERIC,CO_ALTERNATIVE_CAPITAL_PARTNERS,president_ca,corporate,certain,SP_fad6e8dee07bffb73afd
PERSON_HAMROUNI_MUSTAPHA,CO_SERVICES_GENERAUX_SSG,gerant,corporate,certain,SP_b13096bafefeb819509c
PERSON_ALTRAD_MATHIAS,ORGE_bde7fd07846bf76827e4,gerant,corporate,certain,SP_ceba71e52b81407bd577
PERSON_JNIFEN_ANOUAR,CO_PEVERO_ITALIA_COM,gerant,corporate,certain,SP_f1435dbfc51ce9eb18dd
PERSON_CHETAOUI_NABIL,ORGE_43675563d665ad0726a1,administrateur,corporate,certain,SP_c3c3f61f77eca146f1be
PERSON_MEHREZ_DRIS,CO_PLASTICAP,dg,corporate,certain,SP_e009474fd8b901d4fdc7
PERSON_MEHREZ_MOHAMED_ELFEHRY,CO_ENNADHAFA_JUDY,association_president,corporate,certain,SP_d647f76274d1e8f95297
PERSON_MEHREZ_CHAMSEDINE,CO_ENNADHAFA_JUDY,association_president,corporate,certain,SP_ff7d00d44f2323542107
PERSON_MEHREZ_MOHAMED_ELFEHRY,ORGE_8ab6918fb86104295ebc,president_ca,corporate,certain,SP_b7015a94bae09274c239
PERSON_MEHREZ_IDRIS,ORGE_8ab6918fb86104295ebc,president_ca,corporate,certain,SP_5daaa1f2207ebe53dfec
PERSON_MEHREZ_CHAMSEDINE,ORGE_8ab6918fb86104295ebc,dga,corporate,certain,SP_1608101441373345486d
PERSON_MHIRI_MOURAD,ORGE_94abb101843f18e8ea34,pdg,corporate,probable,SP_8246db2851c6b7bf802d
PERSON_JENAYAH_OTHMAN,ORGE_ed3f26d04edcdfd9af79,administrateur,corporate,probable,SP_96c7d50d107d2bb33da3
PERSON_JENAYAH_OMAR,ORGE_ed3f26d04edcdfd9af79,administrateur,corporate,certain,SP_9012ea9372b5842e5dc5
PERSON_JENAYAH_OTHMAN,ORGE_ed3f26d04edcdfd9af79,pdg,corporate,probable,SP_06b05db5451f0c0ba983
PERSON_TROUDI_MOEZ,CO_INDUSTRIE_MONTAGE_CABLES_ICEM,gerant,corporate,certain,SP_52a8bbaef98cd126ba05
PERSON_MZABI_FAOUZIA,CO_RESOURCE_CONTACT_CENTER,gerant,corporate,certain,SP_895712756061d1664872
PERSON_MZABI_JAMEL,CO_RESOURCE_CONTACT_CENTER,gerant,corporate,certain,SP_a05aeadddf9397ea74fa
PERSON_BREVET_ALAIN,CO_NOUVELLE_FRANCO_TUNISIENNE_CONFISERIE,gerant,corporate,certain,SP_a7330b9cb4f2370721e4
PERSON_TRIKI_MOHAMED,CO_EL_KHAIR_POUR_DEVELOPPEMENT_AGRICOLE,gerant,corporate,certain,SP_dd6546ab99b8ff52bd57
PERSON_NUPONEN_PERTI,CO_BONNA_TUNISIE,administrateur,corporate,certain,SP_29cf7028b676d4af1dba
PERSON_BEJAOUI_SEIFEDINE,CO_ARAB_DEBT_RECOVERY,representant,corporate,certain,SP_efdf0df630b62b34346b
PERSON_KHECHINE_JOUDA,CO_FRIMOUSSES,gerant,corporate,certain,SP_0555da64de1f956ad6a4
PERSON_DRIS_ASOUANE,CO_SAHEL_PIECES_AUTOS,gerant,corporate,certain,SP_3fe9c8c7d161fa40f3e4
PERSON_SAIDI_AHMED,CO_INTERNATIONAL_MINERVA_TRADING,gerant,corporate,certain,SP_e3864ba4d13e5ea81949
PERSON_BEJAOUI_SEIFEDINE,ORGE_48c611fe14bee63e27dd,representant,corporate,certain,SP_152b3f8ab1523d27b869
PERSON_GIACOMAZI_FIORENZO,CO_FL_FORMAGGIO_ITALIANO,gerant,corporate,certain,SP_dcc399e2bd6e8053fa4a
PERSON_HAKMOUNI_ABDERAOUF,CO_INDUSTRIELLE_GRILLAGE_SIG,pdg,corporate,certain,SP_28ceb996355a0ba474c4
PERSON_ELOUMI_ABOUDA,CO_AGRO_ZITEX,dg,corporate,certain,SP_c2725e6c0e942c8ed71a
PERSON_LOUKIL_MOHAMED_MEKI,CO_LOUKIL_DAGRICULTURE,gerant,corporate,certain,SP_71f165feec0604727dee
PERSON_MABROUK_AMEL,CO_IMMOBILIERE_TUNISIENNE,pdg,corporate,certain,SP_589d996ca81f68247b61
PERSON_CHAABANE_MAHMOUD,CO_CMF_CONSULTING,dg,corporate,certain,SP_f2234e9032f94fd611e5
PERSON_BENALI_NAIMA,CO_CAFFE_ITALIA_CAFFITA,gerant,corporate,certain,SP_1a690127a359e149582a
PERSON_CERUTI_MAXIMILIAN,CO_CAFFE_ITALIA_CAFFITA,gerant,corporate,certain,SP_a8159dd4fa4bdafe5f3b
PERSON_CHAABANE_SOUHIR,CO_YAYA_NEW_CENTRE,gerant,corporate,certain,SP_fdc998cfa2acd4a63a91
PERSON_MILED_KARIM,CO_TUNISIE_CATERING,administrateur,corporate,certain,SP_272340493ac3416c133b
PERSON_AMOURI_ABDERAOUF,ORGE_df1adf3ea09b4bab86a9,dga,corporate,certain,SP_8b7c1a695354c47aedf8
PERSON_DANGELO_ANDREA,CO_GROUPPO_MODA_ITALIA,gerant,corporate,certain,SP_3e6f3fc8e64926a1af46
PERSON_SALVATORE_ARENA,CO_GROUPPO_MODA_ITALIA,cogerant,corporate,certain,SP_2ca4ab0453f88bd8b82e
PERSON_GASAB_DHEKRA_MELAEH,CO_FROMAGES_FRANCE,gerant,corporate,certain,SP_586be615be5d1c38d7c2
PERSON_HAMROUNI_HEDI,CO_EL_ISTIFA,pdg,corporate,certain,SP_0d639b7ff4d407a36512
PERSON_BENALI_NAIMA,CO_FOOD_EXPRESS,gerant,corporate,certain,SP_16cbb83eefe7535ae900
PERSON_ARTRU_JEAN,CO_VIGNAL_ARTRU_TUNISIE,gerant,corporate,certain,SP_932f8e3a2a447fc3e486
PERSON_SASI_TAOUFIK,CO_NETTYAGE_SURVEILLANCE_MASTER_SERVICE,gerant,corporate,certain,SP_bf2581e8455948d4ef9f
PERSON_SELAMI_KHALIL,CO_KRS_CONSEIL,gerant,corporate,certain,SP_36463f494d11db5def24
PERSON_HAMAMI_HABIB,CO_IMMOBILIERE_HANNIBAL,gerant,corporate,certain,SP_392c3b22ef2dc1e52d06
PERSON_SLAMA_MAHER,CO_VELONCIA,gerant,corporate,certain,SP_71819c168821af554091
PERSON_SOLTANI_HOUCINE,CO_TUNISIENNE_ACER_SOTACER,dga,corporate,probable,SP_e23388c956b149317ae4
PERSON_ALANI_SONIA,CO_TUNISIENNE_ACER_SOTACER,dga,corporate,probable,SP_6932592a4d9866780749
PERSON_DIMASI_MOHAMED_BENABDELAZIZ,CO_BONNETERIE_LUXE_SOBOLUX,gerant,corporate,certain,SP_b7f2063c9f05195295f4
PERSON_ELAMRI_KAIS,ORGE_2592d166ae069fb7c14c,gerant,corporate,certain,SP_e356dee907589cc5aeba
PERSON_MEJDOUB_MOURAD,ORGE_1886970cb15584dbb7fd,gerant,corporate,certain,SP_ec5e3134002d49fce337
PERSON_BENSALAH_MAHMOUD,CO_INTERNATIONAL_DEVELOPMENT_CONSULTANTS,association_president,corporate,certain,SP_a58aa8de31bf4d26aa64
PERSON_MEGDICHE_RAOUF,CO_HUILE_NORD_OUEST,administrateur,corporate,certain,SP_a261b804c6f3c72aad2c
PERSON_MOHSNI_ABDESALEM,CO_HUILE_NORD_OUEST,administrateur,corporate,certain,SP_968a61bc8616da3c1731
PERSON_MEGDICHE_RAOUF,CO_HUILE_NORD_OUEST,pdg,corporate,certain,SP_5fc667a4a87216a9eed2
PERSON_EZEDINE_ABDELGHAFAR,CO_UNIVERS_INVEST_SICAR,president_ca,corporate,certain,SP_a14839643cb97cbe3eda
PERSON_CRISTOFARO_MICHELE_DE,CO_PROCAN_TUNISIE,gerant,corporate,certain,SP_5434e9a38307e6337982
PERSON_MZABI_MZOUGHI,CO_PALM_AZUR,pdg,corporate,certain,SP_8e27bce24eab79de265b
PERSON_SELAMI_ALI_BENMOHAMED_TAIEB,CO_MENUISERIE_MEUBLES,gerant,corporate,certain,SP_dbc3ed10c1efaa42067f
PERSON_ZOUARI_MAHER,CO_CLUB_AUTO,gerant,corporate,certain,SP_6e7eb5aa735843e2d353
PERSON_MKAOUAR_ABDESALEM,ORGE_ee2dde5144753a5e47d5,pdg,corporate,certain,SP_13f425fd6aff912e106b
PERSON_MIRANDE_THIERY_YVES_HAURE,ORGE_b9609ddc16ff826e7a8e,gerant,corporate,certain,SP_99caf095c12c5fedae6f
PERSON_ZOUARI_HAFEDH,CO_TUNISIENNE_DISTRIBUTION_SOTUDIS,pdg,corporate,probable,SP_71f6588eb11718b14d8f
PERSON_SURGOT_BERNARD,CO_METAL_GAN,association_president,corporate,certain,SP_8533b6759a4eea23afe9
PERSON_KOUBAA_THAMEUR,CO_METAL_GAN,dg,corporate,certain,SP_09649784c326b8e5b0c8
PERSON_HORCHANI_LAMINE,CO_ASTUCE_FORMATION,gerant,corporate,certain,SP_aee65d5d1e755653e4c5
PERSON_ELOUMI_MOHAMED_ZIED,CO_ZIED_COMMERCE,gerant,corporate,certain,SP_e58c40891c21e9cca3dc
PERSON_SASI_MOHAMED,CO_HIGH_BUSINESS_SOLUTION,gerant,corporate,certain,SP_3dbc5d456c411e8294ab
PERSON_KAMOUN_HEDI,CO_MAREX_TLC,gerant,corporate,certain,SP_2cb165a8686f068ddd2e
PERSON_KAMOUN_HEDI,CO_EDUTECHNIQUE,gerant,corporate,certain,SP_b1669bef5ac61a248f4d
PERSON_BAYAHI_YAHIA,ORGE_a3c6dc10f7b4f5b54f23,administrateur,corporate,certain,SP_556322913e972ab489e3
PERSON_BAYAHI_YAHIA,CO_COMPAGNIE_FINANCIERE_D_INVESTISSEMENT,administrateur,corporate,certain,SP_e1d6b4b8d3d6ff6c3498
PERSON_BAYAHI_YAHIA,CO_COMPAGNIE_FINANCIERE_D_INVESTISSEMENT,pdg,corporate,certain,SP_3ff7ec0b499da6289cc6
PERSON_BAYAHI_YAHIA,CO_INDINVEST,administrateur,corporate,certain,SP_9e08a6c92412f5a9a12d
PERSON_BAYAHI_YAHIA,CO_INDINVEST,pdg,corporate,certain,SP_ec162490ef14dc0a4072
PERSON_PATRICK_MAUVAIS,CO_FRANCO_TUNISIENNE_MEGA_PHOTOS,gerant,corporate,certain,SP_aef516dc5784162c7f9e
PERSON_KRIA_MOHAMED_ABDELMONEM,CO_POLYJUMBO,administrateur,corporate,certain,SP_e4106bb9e3009286ea36
PERSON_KRIA_FATMA,CO_POLYJUMBO,administrateur,corporate,certain,SP_b23db1f9b7b4498e106e
PERSON_KRIA_MOHAMED_ABDELMONEM,CO_POLYJUMBO,pdg,corporate,certain,SP_7afcac3e6230fba1936a
PERSON_KRIA_MOHAMED_ABDELMONEM,CO_POLYCOQ_TUNISIE,administrateur,corporate,certain,SP_8a738d5060f4b2c63cb8
PERSON_KRIA_FATMA,CO_POLYCOQ_TUNISIE,administrateur,corporate,certain,SP_ae100883796fa0680bcd
PERSON_ZOUARI_JOHANA_HOFER,CO_BELLE_FEELING_WELL,gerant,corporate,certain,SP_2dcb5cb928757d31a3ca
PERSON_KHECHINE_ABDELHAMID,CO_RESIDENCE_HAMMAMET,administrateur,corporate,certain,SP_9838c67000b26baa331a
PERSON_KHECHINE_YOUSRI,CO_RESIDENCE_HAMMAMET,administrateur,corporate,certain,SP_748ecdfbf1cd34a5689c
PERSON_CHEBI_MEHREZ,CO_PATISSERIE_ESSAADA,gerant,corporate,certain,SP_0cd7234ea502daa25770
PERSON_JBEBLI_MABROUK,CO_MEDIA_PRODUCTION,gerant,corporate,certain,SP_0433e1b74cd266f0dbad
PERSON_MHADHBI_MOHSEN,CO_FIMCO,cogerant,corporate,certain,SP_3edde60673d34b0fd86a
PERSON_HAMAMI_AHMED,ORGE_03802888b847fdf875c0,administrateur,corporate,certain,SP_60e3e459ac32d63c012f
PERSON_HAMAMI_AHMED,CO_MISE_EN_VALEUR_DEVELOPPEMENT_AGRICOLE_EL_HILEL,administrateur,corporate,certain,SP_d241e41d040eea10d718
PERSON_TOUNSI_MOHAMED,CO_POLYMERES,pdg,corporate,certain,SP_a7a1b4f08fcf694472d2
PERSON_ZOUARI_BASEM_BENABDERAZEK,CO_ULYSSE_SHIPPING_AND_TRADING_COMPANY,gerant,corporate,certain,SP_703b91e8f8ed51b8f592
PERSON_ZOUARI_IMED,CO_SOCIBOIS,gerant,corporate,certain,SP_2bc5523b1e064768716e
PERSON_BENROMDHANE_SAMIRA,CO_MEDIVET,president_ca,corporate,certain,SP_67ff9afe53069d553455
PERSON_TRABELSI_ABDELMONAEM,CO_CONGELATION_TOUS_PRODUITS_PECHE_AGRICOLE_SOCEPA,administrateur,corporate,certain,SP_9867e23477ef5dc46ab0
PERSON_TRABELSI_NABIL,CO_CONGELATION_TOUS_PRODUITS_PECHE_AGRICOLE_SOCEPA,administrateur,corporate,certain,SP_09455e98318e82a8d352
PERSON_MHENI_LEILA,CO_CONGELATION_TOUS_PRODUITS_PECHE_AGRICOLE_SOCEPA,administrateur,corporate,certain,SP_b22bd10f0d70d2aef693
PERSON_TRABELSI_SOUAD,CO_CONGELATION_TOUS_PRODUITS_PECHE_AGRICOLE_SOCEPA,administrateur,corporate,certain,SP_16000d5af1b5dbc00651
PERSON_KEFI_CHIRAZ,CO_TIKADHESIF,unspecified,corporate,certain,SP_1568da0a91b60e873dfb
PERSON_BOUAOUAJA_CHIRAZ,CO_PRODUITS_PHARMACEUTIQUES_SUD_PROPHASUD,gerant,corporate,certain,SP_0ee61bd898382372f6a0
PERSON_TRABELSI_MOHAMED,CO_TRABELSI,cogerant,corporate,certain,SP_0ed8cfeb4e2369486008
PERSON_LAABAR_SASI,CO_EL_BARAKA_MARBRE,gerant,corporate,certain,SP_ba0bb10125770be112fb
PERSON_ELOUMI_OMAR,CO_ICEC_MED,gerant,corporate,certain,SP_eb9697481005a3650c77
PERSON_ABAS_FERID,CO_SETCAR_INTERNATIONAL,administrateur,corporate,certain,SP_18d1c467aa5128b32b98
PERSON_KAMOUN_HEDI,CO_IFG_TUNISIA,gerant,corporate,certain,SP_f82e88b9feddc2b2f25d
PERSON_ZARAD_KAMEL,ORGE_7e322ee972915267417b,gerant,corporate,certain,SP_fcdfe179cd323ebd6963
PERSON_RIAHI_LAZHAR,CO_GEMYTEX,gerant,corporate,certain,SP_f53d47b587c418dfcb36
PERSON_KAMOUN_MOEZ,CO_ADD_VALUE_CONSULTING,gerant,corporate,certain,SP_4522048d88d1db771743
PERSON_AMAR_MOHAMED,CO_AMARA_MARKETING_COMPAGNY,gerant,corporate,certain,SP_06c5b4145b87227bc97b
PERSON_MASMOUDI_MOHAMED,CO_AMARA_MARKETING_COMPAGNY,gerant,corporate,certain,SP_9d29afa181e8383035cb
PERSON_MABROUK_SAMI,CO_CIVILE_IMMOBILIERE_ASTRO,gerant,corporate,certain,SP_ce6ac4535a2c1f7709e7
PERSON_TRIFI_BORHANE,CO_CHAUSSURES_DESCA,gerant,corporate,certain,SP_f3447afc52e28c3d1dd1
PERSON_JERIDI_RIDHA,CO_MARBRERIE_JERID_SMJ,gerant,corporate,certain,SP_fbceb0daf8f24fc387d8
PERSON_JERIDI_AYMEN,CO_MARBRERIE_JERID_SMJ,gerant,corporate,certain,SP_cb903b63435df5ae220a
PERSON_DANIELE_MAMBELI,CO_FORUM_LIVII,gerant,corporate,certain,SP_6536bdb4e0a88369728f
PERSON_ALBERTINA_ARCANGELI,CO_FORUM_LIVII,gerant,corporate,certain,SP_6a50edb03f9a97f5ae41
PERSON_LOUKIL_MOHAMED,ORGE_5b38907611a45cfe8f93,administrateur,corporate,certain,SP_f5b5b035d03a6f89c3cc
PERSON_TRIKI_JAMIL,ORGE_5b38907611a45cfe8f93,dga,corporate,certain,SP_2a72882ba3d0e5e4975f
PERSON_MRABET_RIDHA,CO_INDUSTRIELLE_PRODUITS_HYGIENIQUES_SIPH,representant,corporate,certain,SP_85d954a950a34074c781
PERSON_TRIKI_YOUSEF,CO_BROCENTER,gerant,corporate,certain,SP_f295d99ccc49b133be8e
PERSON_ENACEUR_HOUCINE,ORGE_08a6c66e5fa4cf9831f5,gerant,corporate,certain,SP_5804ea19bf5dfae326db
PERSON_TAMARZISTE_MEHDI,CO_BEST_CONSEIL,gerant,corporate,certain,SP_1a82b1de186c4df078a7
PERSON_BOUSENA_KARIM,CO_LYNESAL,gerant,corporate,certain,SP_ca9d413db88510df2380
PERSON_MOUAKHER_MOHAMED,CO_MEDEX,gerant,corporate,certain,SP_f015fe11c354cce599ef
PERSON_ABROUG_TAHER,CO_AZIZA_CONFECTION,gerant,corporate,certain,SP_39f2e31d370cda43f371
PERSON_TRABELSI_RADHIA,CO_NEW_VISION_CONFECTION,gerant,corporate,certain,SP_6e046e292b76d1afb8ed
PERSON_DRIS_HICHEM,CO_ITT_HOTEL_CORPORATION_OF_TUNISIA,unspecified,corporate,certain,SP_036670bb1805be8a27de
PERSON_DRIS_HICHEM,CO_ITT_HOTEL_CORPORATION_OF_TUNISIA,pdg,corporate,certain,SP_c9cb74b2ca9554a8bd8a
PERSON_ELOUMI_FAOUZI,CO_STIFEN_INDUSTRIE,cogerant,corporate,certain,SP_c6545d80901f8676f8e1
PERSON_CHAYATA_SEDKI,CO_TUNISIAN_GLOBAL_PLASTURGY,gerant,corporate,certain,SP_45ff861d9ca6b38ca631
PERSON_BRAHEM_LOTFI,CO_AMIRA_NEW_CO,gerant,corporate,certain,SP_fdac5f96f8350ffa3a69
PERSON_BOUZID_RAOUDAH_TRIKI,ORGE_20e0b066c7fb49d852a7,gerant,corporate,certain,SP_68950affec4027975d86
PERSON_HAMAMI_MOHAMED_ALI_BENBELGACEM,CO_AZZA_WORLD_TRADING,gerant,corporate,certain,SP_4fb449a6e3b4d2028118
PERSON_NAOUI_AMOR,CO_LUCA_AMOR_FRANCO,gerant,corporate,certain,SP_52799b1f8d4db7fb739d
PERSON_AMAR_MOHAMED,CO_MENA_TUNIS_PROMOTION_IMMOBILIERE,gerant,corporate,certain,SP_f5585475718f5188f670
PERSON_AREM_SOFIEN,CO_SOFICO_IMPORT,gerant,corporate,certain,SP_dae9c36f3f0e11eee35e
PERSON_MHIRI_MOKHTAR,CO_INTERMETAL,pdg,corporate,certain,SP_804c934c5e73af723366
PERSON_BOUSBIAA_MONGI,CO_FERMETURES_EMBALLAGES_EN_PLASTIQUE,dga,corporate,certain,SP_cc7ba9e6da6865ba7fc9
PERSON_AREM_JAMEL,ORGE_8118ca4a4a355829e365,association_president,corporate,certain,SP_1cb44fee8035940ea0a2
PERSON_BARBOUCH_MAJED,CO_LABORATOIRE_TETRA_HYGIENE,dg,corporate,certain,SP_358a01c8865515e7c834
PERSON_HAMAMI_NOUR,CO_EUROMAG,president_ca,corporate,certain,SP_9934f8297b22a5e00beb
PERSON_DRIRA_MOUCIR,CO_ITALO_TUNISIENNE_DALUMINIUM_SITALU,gerant,corporate,certain,SP_b8264c8b3cc0336c4cbb
PERSON_BOURICHA_MOURAD,CO_NORD_AFRICAINE_CONSEIL_EN_PROPRIETE_INDUSTRIELLE,gerant,corporate,certain,SP_735feaf64224429cc587
PERSON_MABROUK_SAMI,CO_FASHION_BOX,gerant,corporate,certain,SP_8457222dc811352d6ef9
PERSON_BENROMDHANE_SALEM,CO_BALNEAIRE_HAMMAMET_SUD,dga,corporate,certain,SP_25a4e345f8e96f10025e
PERSON_ZGHIDI_ADNENE,CO_DINVESTISSEMENTS_HOTELIERS_EL_MOURADI,commissaire_aux_comptes,corporate,certain,SP_83981a350b75727ee712
PERSON_CAROBI_ARTURO,CO_ITALY_SERVICES,gerant,corporate,certain,SP_2f10bcac11d125fa47ab
PERSON_ABDOULI_TOUHAMI,CO_EURO_MEDITERRANEENNE_DENSEIGNEMENT_SUPERIEUR_PRIVE,pdg,corporate,certain,SP_e70533675c96df6b6819
PERSON_HRICHI_NACEUR,ORGE_72ee9762584f0a611bfa,gerant,corporate,certain,SP_f5c266bc59cc5e1105f3
PERSON_PERIER_OLIVIER,CO_RAIGI_SUD,gerant,corporate,certain,SP_aa060d06149e07ab5f47
PERSON_ABDENADHER_HATEM,CO_TANIT_WEB,gerant,corporate,certain,SP_fe838c25b38a80523686
PERSON_MABROUK_MOHAMED_MARWEN,CO_FLY_INTERNATIONAL_AIRWAYS,unspecified,corporate,certain,SP_fee77e6a916d76c3141b
PERSON_SIALA_MOHAMED_SADOK,CO_SIALA_FRERES,gerant,corporate,certain,SP_499a24b44aff1aca2493
PERSON_CHAABANE_ABDELWAHEB,CO_TRANS_NEGOCE_INTERNATIONAL,gerant,corporate,certain,SP_14edbb785c35c2e2f228
PERSON_YAHIA_YASINE_BENHADJ,CO_INTERPLASTIC,dga,corporate,certain,SP_c53c66481728cbc9546d
PERSON_DIMASI_MORSY,CO_SANTEA,administrateur,corporate,certain,SP_99a9c0a5bc7e2f7a9de6
PERSON_MASOUDI_MUSTAPHA,CO_GENERALE_DIMPRESSION_SOGIM,unspecified,corporate,certain,SP_6783e705f47fb4818734
PERSON_HAMAMI_MOURAD,CO_HORIZON_BUREAUTIQUE_INFORMATIQUE,gerant,corporate,certain,SP_784b5b1cd34221948121
PERSON_SMAOUI_AHMED,CO_HOTELIERE_TOURISTIQUE_KORBOUS,pdg,corporate,probable,SP_4adcb1545e7951890861
PERSON_ABAS_CHIRAZ,CO_HOTELIERE_TOURISTIQUE_KORBOUS,dga,corporate,certain,SP_3dcb9d92d502f71de3ee
PERSON_ZOUARI_MEKI_MAHER,CO_PASSAGE,dg,corporate,certain,SP_d46eb033e2db610722a5
PERSON_ZAHAF_SLAHEDINE,CO_KANTAOUI_DANIMATION_LOISIRS_ACQUA_PALACE,commissaire_aux_comptes,corporate,probable,SP_e49ac756d27b72be9737
PERSON_MABROUK_JOUILI,CO_JOUILI_TRAVAUX_INDUSTRIELS_JTN,gerant,corporate,certain,SP_55d4dd4094c9aeccb8e6
PERSON_DERBEL_FAYCEL,CO_COMPTOIR_GENERAL_INDUSTRIEL_COMMERCIAL_COGIC,commissaire_aux_comptes,corporate,probable,SP_62aa52b68d3a71993f22
PERSON_KILANI_ABDERAHMAN,ORGE_935e0f6ffccd139da204,gerant,corporate,certain,SP_30347b43dd60a4f0d078
PERSON_KOOLI_MOHAMED,ORGE_b162152566ed32728600,administrateur,corporate,certain,SP_3aef4f3df5f2e2992f57
PERSON_BENAYED_ABDESALEM,ORGE_b162152566ed32728600,administrateur,corporate,certain,SP_1580c2cf7fb48fdd293e
PERSON_MABROUK_MOHAMED_MARWEN,ORGE_0a4fd4fe5f2b474ba540,pdg,corporate,certain,SP_3ec44d937ec8f09f5906
PERSON_HANINI_EZEDINE,CO_SETCAR,administrateur,corporate,certain,SP_e51d4c9753439451635e
PERSON_SLAMA_SAMEH,CO_DIAGONALE,gerant,corporate,certain,SP_0a3ffa9548df2d5e7cc8
PERSON_CHOKRI_ABDENADHER,CO_ARGOS_PLUS,gerant,corporate,certain,SP_8e327c2241e4ab1b4484
PERSON_ZOUARI_ABDELKADER,CO_BOULANGERIE_AZOUZ_SBA,gerant,corporate,certain,SP_c0cabff9f0ba21e05f00
PERSON_BOUJBEL_SAID,CO_NOUVELLE_BRASSERIE,administrateur,corporate,certain,SP_fee2ec6844cb8359cec7
PERSON_HAMAMI_MEHREZ,CO_IFAF_COMMERCE_DISTRIBUTION,gerant,corporate,certain,SP_1c89b51368d13db41079
PERSON_TOUHAMI_MOHAMED_SALAH,CO_TOUHAMI_CARRELAGES,administrateur,corporate,certain,SP_25e0474604f4a74df1b6
PERSON_TOUHAMI_MOHAMED_SALAH,CO_TOUHAMI_CARRELAGES,pdg,corporate,certain,SP_4a919d89552953e36e52
PERSON_MARQUIER_MARTINE,CO_EUROPEENNE_TEXTILE,gerant,corporate,certain,SP_e72837adbfa09311ee4e
PERSON_KAMOUN_KAIS,CO_KSP_CALL_CENTER,cogerant,corporate,certain,SP_875db27377bb3eb4b6b4
PERSON_GARALI_MOUNIR,CO_PLASTIMED,gerant,corporate,certain,SP_2158c0f6177d4abea74b
PERSON_SAMOUDA_AHMED,CO_MEDIVET,administrateur,corporate,certain,SP_578ca5fb301819813646
PERSON_SASI_NAOUFEL,CO_EL_MAZRAA,dga,corporate,certain,SP_503326eca6396d3f8ca9
PERSON_DRIS_FADHEL,CO_CADRE_STAR,gerant,corporate,certain,SP_409a07e7f40c5ef9eec5
PERSON_HAMAMI_SOUAD_AKOUCHE,CO_NARCISSE_CREATION_SNC,gerant,corporate,certain,SP_627bcd6357b0767fb82c
PERSON_KAMOUN_KAIS,CO_WORK_TEL,cogerant,corporate,certain,SP_01261b279b360f5aba27
PERSON_KTATA_FATEN_CHAABANE,CO_SELF_CLEAN,gerant,corporate,certain,SP_a5fedf11975d0aca6c90
PERSON_BOURICHA_NAJLA,CO_KAROUI_COMMERCE_KACOM,gerant,corporate,certain,SP_9759c323d4d4b9aa5436
PERSON_MAHJOUB_ABDELWAHEB,ORGE_c632e4b081a2bb76effe,administrateur,corporate,certain,SP_e8c134f6abcf26683046
PERSON_JALALI_RIDHA,CO_INTERNATIONALE_DINGENIERIE_S2I,cogerant,corporate,certain,SP_da1615f2a98b63d3d2e2
PERSON_VIALARD_ERIC_JACQUE_IMBERTY,CO_INTERNATIONALE_DINGENIERIE_S2I,cogerant,corporate,certain,SP_f6fb81437820159631b9
PERSON_ESAFI_MOHAMED_NEJIB,CO_NOUVELLE_CHIMIE,representant,corporate,certain,SP_65dca5ca517876aa56aa
PERSON_KHALFALAH_MOHAMED,CO_FRANCO_TUNISIENNE_TEXTILE_SFTT,gerant,corporate,certain,SP_c740bf4193c201b572a9
PERSON_AMAR_MOHAMED,CO_MENA_TUNIS_PROMOTION_IMMOBILIERE,unspecified,corporate,certain,SP_de8165834e0c211008b1
PERSON_HAMROUNI_FITOURI,CO_AMEN_MATERIAUX_CONSTRUCTION_BOIS_EN_DETAIL,gerant,corporate,certain,SP_737f25d256f7431a5a20
PERSON_KAMOUN_MOHAMED,CO_QMAX_TRADING,gerant,corporate,certain,SP_d42142855989a797be43
PERSON_BOUJBEL_SAID,CO_NOUVELLE_BRASSERIE,president_ca,corporate,certain,SP_397625044019f9c4a83e
PERSON_KAMOUN_MOHAMED_KARIM,CO_IDEAL_SERVICE,cogerant,corporate,certain,SP_292721c4b91f77b088e6
PERSON_FRADI_MOURAD,CO_STRATEGIE_BUSINESS_CONSULTING_INTERNATIONAL,cogerant,corporate,certain,SP_dea0275f1bf53c46496f
PERSON_MEHDI_MOHAMED,CO_STRATEGIE_BUSINESS_CONSULTING_INTERNATIONAL,cogerant,corporate,certain,SP_d8e7b371d685fce76b76
PERSON_CHERIF_MOHAMED_ALI_ELAOUANI,CO_STRATEGIE_BUSINESS_CONSULTING_INTERNATIONAL,cogerant,corporate,certain,SP_f0f248c33dc574f11e16
PERSON_CHAABANE_ADEL_MOHSEN,CO_STRATEGIE_BUSINESS_CONSULTING_INTERNATIONAL,cogerant,corporate,certain,SP_c4a3cfbc84e59dded6f9
PERSON_ABDENADHER_EZEDINE,CO_SOAMOCER,gerant,corporate,certain,SP_02f2665ca6bc75e1b081
PERSON_CHAKROUN_AMEUR,ORGE_e74891e8cd97b9d71efe,gerant,corporate,certain,SP_e7a6f1c9a411553f98d4
PERSON_TARIFA_SONIA,ORGE_74f295c7aa1d839fde8e,dg,corporate,probable,SP_7b539e95882d0514f59e
PERSON_GHERAB_BELHASEN,ORGE_ae3ebbbb4317228ffb9b,gerant,corporate,probable,SP_7b8b8e0fa313fa427404
PERSON_ELOUMI_MOHAMED_ALI,CO_ABC_WEBMAKETING,gerant,corporate,certain,SP_722b4492f81bece0a864
PERSON_TRABELSI_MOHAMED,CO_ESSOUMBOULA_PRODUCTION_AGRICOLE,gerant,corporate,certain,SP_ce98c4717363e19031fe
PERSON_BAYAHI_YAHIA,CO_CFI_SICAR,president_ca,corporate,certain,SP_8092d34d75845eb81db3
PERSON_ZOUARI_MAHER,CO_PARTNERS_PRO,gerant,corporate,certain,SP_e3d1585e54ee3327af62
PERSON_TRIKI_SAMIA_GHEZALI,CO_DRAGEES_DECO,gerant,corporate,certain,SP_046b6807d9ddedade3a2
PERSON_LABIDI_TAHER,ORGE_3bb9e0f359c35a73f36b,gerant,corporate,certain,SP_f5ad01628f269a44deed
PERSON_STA_LAZHAR,CO_NAFRASIA_EXPORT,gerant,corporate,certain,SP_63ff04bf2879b1d489e3
PERSON_MAHJOUB_MOHAMED_SAHBI,ORGE_e87a96c5caa1ad1b4537,associe,corporate,probable,SP_dbe703a25ebef861d5ac
PERSON_DERBEL_FAYCEL,ORGE_e87a96c5caa1ad1b4537,associe,corporate,probable,SP_23fcf305bbee8b70d7a1
PERSON_BELGACEM_EZEDINE,CO_TECNO_SOLAIRE_ITALIA,gerant,corporate,certain,SP_3054501284f63ec0d427
PERSON_MLAYAH_DORA,ORGE_e764c9405f3d76981fa4,administrateur,corporate,certain,SP_9567921b12c8c6ac0f58
PERSON_MLAYAH_RACHID,ORGE_e764c9405f3d76981fa4,president_ca,corporate,certain,SP_32e3088557c8413a5f6d
PERSON_KILANI_AMRI,CO_GE_RE_CO,gerant,corporate,probable,SP_5a96bb1d955c6e46bb01
PERSON_ELOUMI_MONDHER,CO_PLANET_MEDICAL_SERVICES,gerant,corporate,certain,SP_0956bd97ec63d0b904e8
PERSON_BENABDESALEM_KARIM,CO_CENTRE_ITALIEN_TELEMARKETING,gerant,corporate,certain,SP_225c4c981ac80982d5e2
PERSON_HAMAMI_EMNA,CO_TUNISO_LIBANAISE_AL_AFRAH,gerant,corporate,certain,SP_0575c053a1f1857fcd26
PERSON_DEGUICHE_KAMEL,CO_ZED_P_RETAIL,gerant,corporate,certain,SP_71ad2e6f4a2edd8a43d1
PERSON_SASI_MOEZ,CO_MEDIEXPORT,gerant,corporate,certain,SP_39a0445248f894053b3e
PERSON_BOURICHA_KHALED,CO_CAPINVEST,pdg,corporate,certain,SP_680262dafa99324f1e6b
PERSON_BENAYED_ABDELWAHEB,CO_MED_OIL_COMPANY,association_president,corporate,certain,SP_d33702535581d9d6f725
PERSON_CHAABANE_CHOKRI,CO_CM_LASER,gerant,corporate,certain,SP_919e8c31db7dfefeca82
PERSON_LOUKIL_MOEZ,CO_SOTEFI,gerant,corporate,certain,SP_1c0514a0b80b2f7e6c03
PERSON_BENAYED_BILEL,CO_COMPAGNIE_DEVELOPPEMENTS_AGRICOLES_REUNIS_CODAR,gerant,corporate,certain,SP_157be925d188d83f629f
PERSON_LOUKIL_WALID,CO_COMPAGNIE_DEVELOPPEMENTS_AGRICOLES_REUNIS_CODAR,gerant,corporate,certain,SP_d35ba60cda3d41199567
PERSON_FAKHFAKH_SLIM,ORGE_b21d9f61c0a21498a809,gerant,corporate,certain,SP_aaa8645cb41a65885029
PERSON_CHERIF_RACHED,CO_ALTA_MEUBLES,cogerant,corporate,certain,SP_0fe681b9d4bd2dbd77b5
PERSON_GRANGER_JEAN_MARC,CO_COMPAGNY_BEACH,gerant,corporate,certain,SP_b5e5332025096dcc5b7e
PERSON_ZOUARI_ATEF,CO_MECANIQUE_PLUS,gerant,corporate,certain,SP_ce78109d39338f3fb223
PERSON_REKIK_MONCEF,CO_COMPAGNIE_FRANCO_TUNISIENNE_PETROLES,pdg,corporate,certain,SP_5a978ab57750f6865736
PERSON_DENGUEZLI_ZOUHEIR,CO_COMPAGNIE_FRANCO_TUNISIENNE_PETROLES,administrateur,corporate,certain,SP_b362a79a8dd5e526b9e9
PERSON_HACHICHA_NOUREDINE,CO_BEST_BETON,pdg,corporate,certain,SP_9512e9e18fec453d4fec
PERSON_TRABELSI_MOHAMED,CO_GOLDEN_SAPHIR,gerant,corporate,certain,SP_817b6744b892e09e6732
PERSON_BENKAMLA_ANIS,CO_ITALIA_CAFE,gerant,corporate,certain,SP_79bb75537b689d80e22e
PERSON_TERZI_CHOKRI,ORGE_ed23855aae757da326ce,gerant,corporate,certain,SP_2cba92f3283f283cf83a
PERSON_MABROUK_AHMED,ORGE_3c9971db1ec2f3729d71,gerant,corporate,certain,SP_a8821e1955fe1ec3b57d
PERSON_TRIKI_GHOFRANE,CO_COLOR_ART,gerant,corporate,certain,SP_184eea6ce5b13c4ed7c9
PERSON_HAJI_NOUREDINE,CO_AMC_ERNST_YOUNG,gerant,corporate,certain,SP_bde585d5eb4d3d0a407e
PERSON_TRABELSI_MOHAMED,CO_SAPHIR_SERVICES,gerant,corporate,certain,SP_e8c844e66a2296950a5e
PERSON_AYADI_TAHER,CO_IMMOBILIERE_ENNASSIM,dg,corporate,certain,SP_9a444045e0198ef7ecce
PERSON_BENSASI_MOHAMED_HABIB,CO_SOGETEX,gerant,corporate,certain,SP_048b62b1e01f88075d7d
PERSON_REICHEL_HERBERT,CO_LUFTHANSA_COMPAGNIE_AERIENNE_ALLEMANDE,unspecified,corporate,certain,SP_f795021a66df39d5ef0e
PERSON_TRABELSI_MOHAMED,CO_EL_WAFI_MEDICALE,gerant,corporate,certain,SP_83c7ddebdeafb61e2dc8
PERSON_HAMAMI_NACEUR,CO_JOIE_DACCUEIL_DIVERTISSEMENT_JAD,gerant,corporate,certain,SP_f2e1e55f047f93665f24
PERSON_TRABELSI_MOHAMED,CO_GLOBAL_TRADE_COMPANY,gerant,corporate,certain,SP_5fd4a3889d97fc287504
PERSON_AREM_LAMIA_MHIRI,CO_WELCOME,president_ca,corporate,certain,SP_2ac1a7e2712d93a35baf
PERSON_AREM_JAMEL,CO_WELCOME,dg,corporate,certain,SP_d634c43c54e72f465255
PERSON_MHIRI_NEJI,CO_DEXPLOITATION_HOTELIERE_EL_MOURADI_SEHM,pdg,corporate,certain,SP_75ad8e34e6d01725db12
PERSON_MHIRI_SAMI,CO_DEXPLOITATION_HOTELIERE_EL_MOURADI_SEHM,dga,corporate,certain,SP_936defa15ebceb44425b
PERSON_MABROUK_MOHAMED_MARWEN,ORGE_f785f4cc6ca940545909,administrateur,corporate,certain,SP_d083e1e7b2c0440112d5
PERSON_MABROUK_MOHAMED_ALI,ORGE_f785f4cc6ca940545909,administrateur,corporate,certain,SP_5cb290fb6a6a790825ba
PERSON_MABROUK_ISMAIL,ORGE_f785f4cc6ca940545909,administrateur,corporate,certain,SP_61f0bcb2aa04f4cbbadb
PERSON_FILIPINI_DARIO,CO_GESTION_D_ANIMATION_TOURISTIQUE_ITALIA,cogerant,corporate,certain,SP_befcac6ea993b39aaa60
PERSON_ABID_ABDELATIF,CO_HISPANIA_PLUS,gerant,corporate,certain,SP_4702d53a19b630c80c47
PERSON_HAMROUNI_ABDELJELIL,CO_AMINA_POUR_DEVELOPPEMENT_AGRICOLE,gerant,corporate,certain,SP_38961efa50ff36429486
PERSON_ABDENADHER_AMEUR,CO_CABLERIES_BATIMENTS_SFAX,gerant,corporate,certain,SP_69124551373477a31deb
PERSON_TRABELSI_MOHAMED,ORGE_74caa56eff610b5ff530,gerant,corporate,certain,SP_7cfd85126d6f38415b82
PERSON_ABDENADHER_KARIM,CO_BELDIMED,president_ca,corporate,certain,SP_271981411cb7d372f3e4
PERSON_MZABI_KHALED,ORGE_1fd9e4148853a6c555c8,gerant,corporate,certain,SP_f2355a5e96e1d42500c3
PERSON_KECHAOU_SLIM,ORGE_690064cfcf636754de48,gerant,corporate,certain,SP_27bb34fbc149bb14eebb
PERSON_SASI_MONDHER,CO_NTIC_SERVICES_TUNISIE,gerant,corporate,certain,SP_374608fb081633d7f697
PERSON_KILANI_MOHAMED,ORGE_d745f32003b86be4becd,gerant,corporate,certain,SP_ed6f68471d6dd0bdc899
PERSON_BENSLIMENE_SLIM,CO_AFRICA_FRIP,gerant,corporate,certain,SP_cda3d086e7fec30e835a
PERSON_DHIF_NADIA_RIAHI,CO_NOEDY_FRANCE,gerant,corporate,certain,SP_bf0a2e322697abe06a91
PERSON_FEKIH_ABDELATIF,CO_NEAPOLIS_IMMOBILIERE,president_ca,corporate,certain,SP_9dc37c36a1e440acd543
PERSON_SLAMA_NAIMA_BENTSALAH,CO_SARAH_QUOAD,gerant,corporate,certain,SP_31e11dd0751ed63f0e3f
PERSON_SASI_HEDI,CO_COMMERCE_SASSI_BOUHAOUAL,gerant,corporate,certain,SP_8b7f72b9e8fe00ceb356
PERSON_BENAYED_ABDELWAHEB,CO_MED_WOODS,president_ca,corporate,certain,SP_7fcb7e0efe4c0f2c1705
PERSON_WIEBELSKIRCHER_JEAN,CO_FRANCO_TUNISIENNE_MOTEURS,gerant,corporate,certain,SP_2b8070e595193e596a3f
PERSON_MOHSNI_ABDESALEM,CO_AL_DESIGN,representant,corporate,certain,SP_2c1f0cbdc45c89a53f10
PERSON_MRABET_RIDHA,CO_AL_DESIGN,representant,corporate,certain,SP_b0096e9d8aa68982e7fd
PERSON_KAMOUN_HEDI,CO_UNIVERSE_UP,cogerant,corporate,certain,SP_a6b1b88434cebdb3d560
PERSON_KAMOUN_KARIM,CO_VACANCES_LOISIRS_HOTEL_LALBATROS_HAMMAMET,member,corporate,certain,SP_15aa7cb1fae1908c68d9
PERSON_HACHICHA_SAMI,CO_INOPLAST_LOISIR,president_ca,corporate,certain,SP_bb1ab63f1d50e503060d
PERSON_KASRI_KARIM,CO_INOPLAST_LOISIR,dg,corporate,certain,SP_d273fa4803a72e7829a9
PERSON_MAHJOUB_MOHAMED,CO_ESSALEM,unspecified,corporate,certain,SP_264e0c016dd1fe47513b
PERSON_SLAMA_CHIHEBEDINE,CO_ESSALEM,unspecified,corporate,certain,SP_ffaa9452a71285c0e288
PERSON_MAHJOUB_MOHAMED,CO_ESSALEM,dg,corporate,certain,SP_6f135ced89e137367912
PERSON_MHIRI_MOURAD,CO_TOURISTIQUE_THERMALE_KROUMIRIE,pdg,corporate,certain,SP_f3afe90c777331f7cd02
PERSON_MHIRI_MOURAD,CO_HOTELIERE_MOURADI_GOLF,pdg,corporate,certain,SP_cd1989ab636542736904
PERSON_MHIRI_MOURAD,CO_TOURISTIQUE_EL_MOURADI,pdg,corporate,certain,SP_8849b40e8b278baf4f4c
PERSON_MHIRI_MOURAD,ORGE_2d350dfe90eb15fe5cf4,pdg,corporate,certain,SP_100f1c731a537cd383cc
PERSON_MHIRI_MOURAD,CO_HOTELIERE_MOURADI_TOZEUR,pdg,corporate,certain,SP_6174e25d046db90c8bc8
PERSON_MHIRI_MOURAD,CO_IMMOBILIERE_TOURISTIQUE_TUNISIE,pdg,corporate,certain,SP_ec5bcf3f37623bca1714
PERSON_MHIRI_SAMI,CO_DINVESTISSEMENTS_HOTELIERS_EL_MOURADI,pdg,corporate,certain,SP_6fc089608ebc88cbfa58
PERSON_MHIRI_SAMI,ORGE_4f3d05f552f726d82dfa,pdg,corporate,certain,SP_9d2584600df2374167c8
PERSON_MHIRI_SAMI,CO_HOTELIERE_EL_KANTAOUI,pdg,corporate,certain,SP_12d7fd761013c9c7391f
PERSON_MHIRI_SAMI,CO_TOURISTIQUE_EL_MOURADI_TOZEUR,president_ca,corporate,certain,SP_ae6239b59cce852ae331
PERSON_MHIRI_SAMI,ORGE_62de0dff163f2228c684,president_ca,corporate,certain,SP_5262dc0a80a30df0aac2
PERSON_KILANI_FETHI,CO_SERVICES_INDUSTRIELS,gerant,corporate,certain,SP_a6e0dc2cc033056b2d90
PERSON_TRABELSI_MOHAMED,CO_CARTHAGE_AQUARIUM,unspecified,corporate,certain,SP_f993402ce8ab0299a094
PERSON_BENCHAABANE_NAAMA_ELOUMI,CO_COFAT_INTERNATIONAL,pdg,corporate,certain,SP_6530603d07c3a243c912
PERSON_BOURICHA_ABDERAZEK,CO_MOHAB,pdg,corporate,probable,SP_bdbbf6ce8e127f90c637
PERSON_GHORBAL_MOHAMED,CO_POLYBETON,commissaire_aux_comptes,corporate,certain,SP_982300d33de8b4e77c2b
PERSON_GHORBEL_KARIM,CO_POLYBETON,commissaire_aux_comptes,corporate,certain,SP_b92c94c9c2f2d6cc9d6e
PERSON_GHORBEL_MOURAD,CO_POLYBETON,commissaire_aux_comptes,corporate,certain,SP_b098676d5a7cb6dccd88
PERSON_MAGROUN_NAJET_GHORBEL,CO_POLYBETON,commissaire_aux_comptes,corporate,certain,SP_83a03be3c7050ec4f458
PERSON_GHORBEL_SAFIA,CO_POLYBETON,commissaire_aux_comptes,corporate,certain,SP_ff1a9d4ae74e82da4fb4
PERSON_BRAHEM_LOTFI,CO_BEST_NEW_CO,gerant,corporate,certain,SP_bbf69a0511562801759d
PERSON_BENAYED_MOURAD,ORGE_e179bb5e753461b70010,gerant,corporate,certain,SP_ac1e93433f5e29d36ee3
PERSON_MALOUKI_RIM_AMOURI,ORGE_c4b3dc48e7105cc35830,administrateur,corporate,certain,SP_8c8fb295838774bf697b
PERSON_BAYAHI_TAIEB,CO_TUNISIE_PARK_SERVICES,pdg,corporate,certain,SP_7e9f2c4d87b974ea8382
PERSON_AROUAY_MAHMOUD,CO_TUNISIE_PARK_SERVICES,administrateur,corporate,certain,SP_47bd77048550b7a5a20a
PERSON_BAYAHI_TAIEB,CO_TUNISIE_PARK_SERVICES,administrateur,corporate,certain,SP_78f878a55f44bc749614
PERSON_CHAABOUNI_YAHIA,CO_ELECTROSTAR,commissaire_aux_comptes,corporate,probable,SP_85642a3cfe181bbb55e3
PERSON_CHERIF_MOHAMED,CO_SAGEMCOM_SOFTWARE_TECHNOLOGIES_BROADBAND,representant,corporate,certain,SP_aad001642af2e93d9f15
PERSON_BLIBECHE_SLAHEDINE,ORGE_8d6c0f0e342c6714d584,dga,corporate,certain,SP_7a0d2d9b12067e4cae62
PERSON_ZERZERI_HEDI_BENMOHAMED,CO_AXIS_TRANSPORT_ROUTIER,gerant,corporate,certain,SP_f3f25ae4135671d9b3b7
PERSON_ZAHAF_SLAHEDINE,CO_IBN_ANNAFIS,commissaire_aux_comptes,corporate,certain,SP_1b1d4f3a4ec933e402c9
PERSON_KILANI_NOUREDINE_BENRACHID,CO_DEXPLOITATION_CAFES_LARIANA_SECA,gerant,corporate,certain,SP_1465690d3dcefb3d636a
PERSON_REKIK_SALMA_ELOUMI,CO_COFICAB_INTERNATIONAL,pdg,corporate,certain,SP_f53d0a91a78f22161f2a
PERSON_KAMOUN_MOHAMED,ORGE_3c16747a4b076eb9952a,gerant,corporate,certain,SP_73502d835d37b06532ce
PERSON_KORTOBI_GHAZI,CO_DISCOVERY_INFORMATIQUE,gerant,corporate,certain,SP_92be275f7fa9de0f949f
PERSON_CHAABOUNI_HATEM,CO_ELEVAGE_PRODUCTION_AGRICOLE_SEPAG,gerant,corporate,certain,SP_22c7417c6027a23b1f94
PERSON_HAMROUNI_MUSTAPHA,CO_SOTACIB_KAIROUAN,dg,corporate,certain,SP_5f996c97018a0564eb03
PERSON_DJILANI_HEDI,CO_AMILCAR_HOLDING,pdg,corporate,certain,SP_b91b35ab8d4196088505
PERSON_DJILANI_MOHAMED_HECHMI,CO_AMILCAR_HOLDING,dga,corporate,certain,SP_94c2a30a747dfa5e627b
PERSON_BENABDERAHMEN_RIDHA,CO_BOUROUZ_CONFECTION,gerant,corporate,certain,SP_28a5d3d7fefa31c7c4a8
PERSON_BAYAHI_YAHIA,CO_TUNISIE_PROFILES_ALUMINIUM,pdg,corporate,certain,SP_76e2f9b09113ecd3ab3b
PERSON_DIMASI_ANISA_MANSOUR,CO_ALLIANCE_PHARMA,administrateur,corporate,certain,SP_88c78e2f8e0ea2658302
PERSON_BENCHAABANE_MOURAD,CO_MAYA,gerant,corporate,certain,SP_8467587fc6a1c049509b
PERSON_ZAHAF_SLAHEDINE,CO_ACIER_TECHNOLOGIE,commissaire_aux_comptes,corporate,certain,SP_abd8f76b2e533ddda0ad
PERSON_SELAMI_MONCEF,CO_BAX,commissaire_aux_comptes,corporate,certain,SP_b1bdd7cf6a04a196d78a
PERSON_BENAMOR_INES_SLAMA,CO_IMMOBILIERE_INES_TUNISIE,dga,corporate,certain,SP_5cc7a848c4cf290626e5
PERSON_GHORBEL_NAIM,CO_SICAM,dg,corporate,certain,SP_84dd64664101cce4db30
PERSON_SELAMI_MOHSEN,CO_LAMITRADING,fondateur,corporate,certain,SP_10433d0cf26b6a795045
PERSON_SELAMI_MONDHER,CO_LAMITRADING,president_ca,corporate,certain,SP_195d1fcd9ab5de468711
PERSON_SELAMI_MAHMOUD,CO_LAMITRADING,dg,corporate,certain,SP_588ff4210dca660a9c6e
PERSON_HAMAMI_HOUCINE,CO_CORNER_STORE_RESEARCH_AND_TRANING_ENGINEERING,gerant,corporate,certain,SP_274beb11d2faa40b5c69
PERSON_TRIKI_ABDELATIF,CO_WORLD_WIDE_CONSULTING,gerant,corporate,certain,SP_ec7415153fe6170f0de5
PERSON_FEKI_FAOUZI,CO_INTER_CONFECTION_FACON_TEXTILE_SICOFTEX,gerant,corporate,certain,SP_eeff821d15dbe7127868
PERSON_GHERAB_BELHASEN,CO_SOTUINTEX,gerant,corporate,probable,SP_e40977b42db294316243
PERSON_HADRICHE_KHALED,CO_MABROUK,gerant,corporate,certain,SP_e44af2fdb1798fab083d
PERSON_SELAMI_RAMI,CO_LIGNE_FINE,gerant,corporate,certain,SP_c227bd82af1a3541a7f6
PERSON_PILOUD_MICHEL,CO_FRANCO_SUISSE_AGRICOLE,gerant,corporate,certain,SP_85265a529c1ab9d4afbe
PERSON_SALAMI_JAMILA,CO_FRANCO_SUISSE_AGRICOLE,gerant,corporate,certain,SP_735050b11e138ab6914b
PERSON_KAROUI_WALID,CO_POLYCLINIQUE_EL_ALYA,dg,corporate,certain,SP_7aed0522d6331d5d87a9
PERSON_ZAHAF_SLAHEDINE,CO_SIG_2,commissaire_aux_comptes,corporate,probable,SP_67c23be1abe55e0848ca
PERSON_NAFOUTI_HAYTHEM,CO_HAY_TEX,gerant,corporate,certain,SP_59954315476f8f116a98
PERSON_BOURICHA_JALEL,CO_YADIS_HOTELS,administrateur,corporate,certain,SP_6566a923c473954a4edc
PERSON_BOURICHA_JALEL,CO_YADIS_HOTELS,pdg,corporate,certain,SP_c2daa486f7649b3720cb
PERSON_SLAMA_SAMI,CO_BABY_LAND,gerant,corporate,certain,SP_8bede5bc7dc728da9abb
PERSON_YAAQOUBI_ABDELAZIZ,CO_GENERALE_TUNISIENNE_L_INFORMATIQUE,administrateur,corporate,certain,SP_89d5d0ff08a51a699720
PERSON_CHAIBI_TAOUFIK,CO_NOUVELLE_BISCUITS_CHABANE_SNBC,unspecified,corporate,certain,SP_69ffca7af071506aae2e
PERSON_SOUISI_MHAMED_ALI,CO_NOUVELLE_BISCUITS_CHABANE_SNBC,unspecified,corporate,certain,SP_7baa0f112cf825851193
PERSON_OMRI_SALAH,CO_NOUVELLE_BISCUITS_CHABANE_SNBC,unspecified,corporate,certain,SP_6addc5aaebbc8d43d4b1
PERSON_BENDEBA_NEJIB,CO_NOUVELLE_BISCUITS_CHABANE_SNBC,unspecified,corporate,certain,SP_ea98cfb09a7700a9b271
PERSON_MALEK_CHIHEB,CO_NOUVELLE_BISCUITS_CHABANE_SNBC,unspecified,corporate,certain,SP_3ba8078886df6efd18ec
PERSON_CHAIBI_TAOUFIK,CO_NOUVELLE_BISCUITS_CHABANE_SNBC,president_ca,corporate,certain,SP_82803941400e68d0e888
PERSON_OMRI_SALAH,CO_NOUVELLE_BISCUITS_CHABANE_SNBC,dg,corporate,certain,SP_27c2054f3103552c7179
PERSON_HAMAM_ABDELATIF,CO_INDUSTRIES_PHARMACEUTIQUES_TUNISIE_SIPHAT,administrateur,corporate,certain,SP_40fbe5f03b367b8ea0df
PERSON_BENSEDRINE_HEDI_LAAROUSI,CO_TUNISIAN_PRINTING_ARTS,gerant,corporate,certain,SP_efe7e92dc9fba6d5fff9
PERSON_TAKTAK_NABILA_ABDENADHER,CO_LAC_EXPO_FOIRES_CONGRES,dga,corporate,certain,SP_8f285c78679c435a1f12
PERSON_BOURICHA_ELYES,CO_PREDICTIX_TUNISIA,gerant,corporate,certain,SP_81ae4136050b4705c979
PERSON_SLAMA_CHIHEBEDINE,CO_CIVILE_AGRICOLE_ZITA,gerant,corporate,certain,SP_6e3625bcfc9aa5f65649
PERSON_MEGDICHE_NISAF_SELAMI,CO_COMPTOIR_MEDITERRANEEN_INDUSTRIES_INSTALLATIONS_DIVERSES,gerant,corporate,certain,SP_03e791b064f7f5659abf
PERSON_HORCHANI_NARIMEN,CO_NADA_PRODUCTION_ARTISTIQUE,gerant,corporate,certain,SP_28b82dd1264b34718045
PERSON_CHAABANE_TAHER,CO_PRESTATION_SERVICES_DESIGN,gerant,corporate,certain,SP_116fe81066d306d031f6
PERSON_HAMROUNI_ABDERAHMAN,CO_SERVICES_REALISATIONS_SOSER,gerant,corporate,certain,SP_085031211f048da1b878
PERSON_GNAN_GIUSEPE,CO_ARBATAX_ITALIA,gerant,corporate,certain,SP_e6d48280dd46e4ac7968
PERSON_KHADHRAOUI_AHLEM,CO_ECOPRINT,gerant,corporate,certain,SP_2a8e3191ecbdd898bd3b
PERSON_CHAABANE_FAOUZI,CO_CN_IMMOBILIERE,commissaire_aux_comptes,corporate,certain,SP_4a9dd99aad22ae7f885f
PERSON_KHEMAKHEM_MONCEF,ORGE_1d1997395e5f65c5a27f,gerant,corporate,certain,SP_c28f9064b4749d482018
PERSON_HAMAMI_ADEL,CO_CSI_TUNISIE,dg,corporate,certain,SP_e73cfea9f0f53dbb12c3
PERSON_MANAI_KHALED,CO_RECYCLAGE_VALORISATION_DECHETS_PLASTIQUES_SOREVAL,pdg,corporate,certain,SP_7a114ba96feea7857db2
PERSON_SIALA_BOUBAKER,ORGE_6c1a8132e2b49307b288,gerant,corporate,certain,SP_30a4367bd1485cdb8855
PERSON_ZOUARI_MOHAMED_ALI,CO_JEUNE_JOLIE,gerant,corporate,certain,SP_5398ac04910a6e6a0fba
PERSON_CHERIF_RAOUANE,CO_GALION,pdg,corporate,certain,SP_e67cf8aafb2e6cab1b6e
PERSON_ELOUMI_SLIM,CO_GALION,pdg,corporate,certain,SP_2a895b0d5e6038198ed2
PERSON_TRIKI_SEHIL,CO_ALFACOM,gerant,corporate,certain,SP_777bd73690fe0e87f1f2
PERSON_MZABI_MOHAMED,CO_HORIZON_COMMERCIAL,gerant,corporate,certain,SP_3a2184f2bf551d9cc3c6
PERSON_DJILANI_HEDI,ORGE_57875de22c6fe02f29af,president_ca,corporate,probable,SP_2c94408000a4a73d1db6
PERSON_BOURICHA_HASEN,CO_MAHMOUD_BOURICHA,gerant,corporate,certain,SP_c726016e1d11a2e2095e
PERSON_BENYEDER_BECHIR,CO_PARENIN,administrateur,corporate,probable,SP_53386fdb727ac163ae98
PERSON_JERIJENJ_ABDELATIF,CO_PARENIN,administrateur,corporate,probable,SP_dd0c6f8e288622961fa1
PERSON_HADAD_KHALED,CO_PARENIN,administrateur,corporate,probable,SP_483da2df004a28e3e426
PERSON_BABOU_MAHMOUD,CO_PARENIN,administrateur,corporate,probable,SP_b84155057baa0e822033
PERSON_MATHLOUTHI_MOHAMED,CO_PARENIN,administrateur,corporate,probable,SP_68f8f6891296849d23bd
PERSON_SELAMI_KAIS,CO_DISCOVERY_INFORMATIQUE,dg,corporate,certain,SP_1e5188a985244f735535
PERSON_BESBES_JALEL,CO_DISCOVERY_INFORMATIQUE,dga,corporate,certain,SP_4e6b1ec8ec964ab5e5a6
PERSON_CHAABANE_ADEL_MOHSEN,CO_AUDITEURS_CONSEILS,cogerant,corporate,certain,SP_49344cc2b713f7726881
PERSON_CHAABANE_HAMADI,CO_MAGASIN_EL_WIFEK,gerant,corporate,probable,SP_0fe54945e1f0118b55eb
PERSON_GIUSEPE_CICALA,CO_TUNISIENNE_CABLAGE_ELECTRIQUE_STCE,gerant,corporate,certain,SP_2ec0dffcaa0bca15511e
PERSON_KAMOUN_YOUNES,CO_CAP_GAMMARTH_LOISIRS,association_president,corporate,certain,SP_543b8e61058d12839e8b
PERSON_KAMOUN_YOUNES,CO_CAP_GAMMARTH_LOISIRS,pdg,corporate,certain,SP_d2fa572921d0481f6423
PERSON_SASI_MOHAMED,CO_ABIR_SERVICES,gerant,corporate,certain,SP_4913f49a8d71673bd11b
PERSON_BOUGUENA_TAOUFIK,CO_ATTAOUFIK_DATTES,gerant,corporate,certain,SP_e1878d80f7e052acc25c
PERSON_NEBLI_WISEM_HAMAMI,CO_ROUMOUZ,gerant,corporate,certain,SP_9b5ef594b29b1f7e30f1
PERSON_CHAUME_NICOLAS,CO_MONATECH,gerant,corporate,certain,SP_1a15bd1287037ca03dbc
PERSON_CHAABANE_NAIMA,CO_GROUPEMENT_CREATION_ARCHITECTURALE,gerant,corporate,certain,SP_ec11c9a3ed7c60e0d297
PERSON_DJERBI_ABDELAZIZ,ORGE_ad626795cd374088e74a,administrateur,corporate,certain,SP_82d8de2aef4540840c9f
PERSON_PRIET_GERARD,ORGE_acaa5209251d48591ccf,administrateur,corporate,certain,SP_ce58016d672b7d255cc2
PERSON_BENABDALAH_SLIM,CO_TANKAGE_MEDITERRANEE_TANKMED,dga,corporate,certain,SP_2ef087a0c70bf3275f14
PERSON_CHARIOUT_SOFIEN,CO_MATERIAUX_CONSTRUCTION_SUD_MACOSUD,gerant,corporate,certain,SP_bd864baf0aded022eaeb
PERSON_HORCHANI_HAYKEL,CO_DISMARKET_INTERNATIONAL_TRADING,gerant,corporate,certain,SP_dae8c2d35ff2200a49f6
PERSON_DRIS_SAMIA_NAJEH,CO_AVICOLE_SAHEL_SAS,unspecified,corporate,probable,SP_fd74f01b4c6a2bcb58eb
PERSON_SLAMA_FAOUZI,CO_SLAMA_POUR_COMMERCE_PEAUX_SSCP,gerant,corporate,certain,SP_d2a5d7f55bc6647797ac
PERSON_MABROUK_GDAIM,CO_COMPTOIR_AMIN_COMMERCE_GENERAL,gerant,corporate,certain,SP_5bce2790427534dc787c
PERSON_SASI_HICHEM,CO_SLHEM,gerant,corporate,certain,SP_4038cbcba0bbd79b832c
PERSON_BAYAHI_YAHIA,ORGE_1a121254c7f14e29e652,administrateur,corporate,probable,SP_d4195550b474a06d1ee8
PERSON_BAYAHI_TAHER,ORGE_1a121254c7f14e29e652,administrateur,corporate,probable,SP_7b85e9b6c00c2259a5f2
PERSON_BAYAHI_TAIEB,ORGE_1a121254c7f14e29e652,administrateur,corporate,probable,SP_448c60fed647c099f05a
PERSON_BAYAHI_YAHIA,CO_TRANSPORT_NORD_TUNISIEN,administrateur,corporate,probable,SP_50ab55e2fd6a48b5811d
PERSON_BAYAHI_TAHER,CO_TRANSPORT_NORD_TUNISIEN,administrateur,corporate,probable,SP_0cb30f64b64a48c95890
PERSON_BAYAHI_TAIEB,CO_TRANSPORT_NORD_TUNISIEN,administrateur,corporate,probable,SP_3bf8796ab5eb4453db57
PERSON_HAMAMI_MOUNIR,ORGE_9b009c6819503576f392,gerant,corporate,probable,SP_785b8134795ce32a04eb
PERSON_BENSEDRINE_ANIS,ORGE_db3f9f48290915c39f37,gerant,corporate,certain,SP_597b25f48b30e5d9a026
PERSON_HAMAMI_RACHID,ORGE_52b3677de93827ce2c33,dg,corporate,certain,SP_ee51ba31fbd866819344
PERSON_HAMAMI_BRAHIM,ORGE_52b3677de93827ce2c33,president_ca,corporate,certain,SP_425f724ded2bae18381c
PERSON_SASI_ILHEM,CO_EL_AMEL_TEXTILE,gerant,corporate,certain,SP_dcde1ce598f16463298e
PERSON_BELHAJ_FETHI,CO_ASMA_FROID,gerant,corporate,certain,SP_dc12944d2ba66e9c8687
PERSON_HAMROUNI_RIDHA,CO_ARTDECOR,gerant,corporate,certain,SP_15720407eb5369d8d0ac
PERSON_SAYAH_WASIM,CO_SIP_CONFECTION,associe,corporate,certain,SP_456c39c049572ddb964f
PERSON_SLAMA_MOHAMED_ALI,CO_SYNAPSES_CONSEIL,gerant,corporate,certain,SP_1cf0ce447159b0f4cd31
PERSON_MHIRI_NEJI,CO_PANOBOIS,administrateur,corporate,probable,SP_07ca2e572d0f0ec818ad
PERSON_AMARA_HASEN,CO_PANOBOIS,dga,corporate,probable,SP_472c767743358a3da269
PERSON_BOURICHA_RADHIA,CO_AFRICA_MODE,president_ca,corporate,certain,SP_1c71853b8b2fd284ff3b
PERSON_BENJEMAA_NEJIB,CO_SOTUP,gerant,corporate,certain,SP_010195333b90cc87374a
PERSON_ZOUARI_HABIB_BENSASI,ORGE_7ba597422d6641ee7403,pdg,corporate,certain,SP_7f22ec58d60640647d88
PERSON_ABDELMOULA_MONCEF,ORGE_9961642ec2562ac9c7bb,pdg,corporate,certain,SP_42f2873ec3230ff49830
PERSON_BENSAAD_ABDELJELIL,ORGE_b09b1376a4479c7931db,pdg,corporate,certain,SP_a73d4549b89c827695a7
PERSON_KILANI_HAITHEM,CO_COMPTOIR_MODERNE_CERAMIQUES,gerant,corporate,certain,SP_e87e9fd7b5d2db062485
PERSON_KHALFALAH_MOHAMED_SALAH,CO_CONFISERIE_AGHLABITES,pdg,corporate,certain,SP_f1ee81ee216f8ed46a0d
PERSON_KHALFALAH_MORCHED,CO_CONFISERIE_AGHLABITES,dga,corporate,certain,SP_a123c967df6295805a8f
PERSON_AMDOUNI_MOURAD,CO_ATLASOFT,commissaire_aux_comptes,corporate,certain,SP_22b261516f76acd66657
PERSON_ZOUARI_MONDHER,CO_MISE_EN_VALEUR_DEVELOPPEMENT_AGRICOLE_OLIVIERS_SIDI_MBAREK,association_president,corporate,certain,SP_06c6a14465e8ba1219dc
PERSON_SELAMI_MAHMOUD,ORGE_5664dbeb3f2566fc951a,gerant,corporate,certain,SP_db250bdda6a42f4ec013
PERSON_SLAMA_SAMEH,CO_TECHNO_SERVICES,gerant,corporate,certain,SP_c79fe9ce214ad0fbda6c
PERSON_KAMOUN_NABIL,CO_KAMMOUN_VISION,gerant,corporate,certain,SP_eaef5787ff0a3ea50c2b
PERSON_SAIDANE_MOHAMED,CO_TUNISO_SEOUDIENNE_DINTERMEDIATION_TSI,administrateur,corporate,certain,SP_c32bed34905ecd2d4021
PERSON_MHIRI_NEJI,CO_TISSAGE_MEUBLATEX,administrateur,corporate,probable,SP_6905b7ca84c323b2f658
PERSON_YEZA_ABDELMAJID,CO_TISSAGE_MEUBLATEX,dga,corporate,probable,SP_19ca2e2ecaa115abec77
PERSON_SASI_MARWEN,CO_ALFA_MARMI,gerant,corporate,certain,SP_76dde45c4a1dcc7de1b8
PERSON_BENAYED_MOHAMED_HEDI,CO_COTUNAL,gerant,corporate,certain,SP_efb8f379bf102cd7cf0f
PERSON_ELABIDINE_MOHAMED_ZINE,CO_AIGLE_ROYAL_PROMOTION,gerant,corporate,certain,SP_6b9e17ee799ab0f364e6
PERSON_ABDENADHER_AMEUR,CO_STRATIMED,gerant,corporate,certain,SP_971e3657a55a5ef1afd5
PERSON_MRAD_ABDESALEM,CO_TUNISIENNE_TRAITEMENT_SABLE_STTS,gerant,corporate,certain,SP_bd806eb21c5bdad7c06d
PERSON_CHAABANE_SLIM,CO_AFRICAINE_PEINTURE,gerant,corporate,certain,SP_cb2529c9e8d65b7796b2
PERSON_MZABI_BRAHIM,CO_2_A_TANNING,gerant,corporate,certain,SP_04c4dc23bfaac524ff81
PERSON_ABAS_MYRIAM,CO_SEFINA_SICAF,pdg,corporate,probable,SP_365d82cf9d839c11f7f7
PERSON_ABAS_FERID,CO_SEFINA_SICAF,unspecified,corporate,probable,SP_594863fe9b8837e93eed
PERSON_DENDI_MEFTEH_ABDALAH,CO_NORTH_AFRICA_INTERNATIONAL_BANK,member,corporate,certain,SP_6f7f0dfb48bb6a0678e1
PERSON_ELTOURBAN_ABDALAH_ABDALAH,CO_NORTH_AFRICA_INTERNATIONAL_BANK,member,corporate,certain,SP_d5fb6f188caec9b93315
PERSON_BENMAMI_ISMAIL,CO_KARMEX,gerant,corporate,certain,SP_d3e262b35b05d4104f0b
PERSON_TRABELSI_SAMI,CO_KARMEX,gerant,corporate,certain,SP_46f20a634adf46bfb337
PERSON_BENAYED_MALEK,ORGE_d3d81a38a176bf56512d,dga,corporate,certain,SP_b9bb4319ce97d4fdb40f
PERSON_BENOTHMAN_OMRANE,CO_EXPRESS_ASCENSEUR,cogerant,corporate,certain,SP_65411c65582f1227b09e
PERSON_CHAABANE_FAHMI,CO_IMMOBILIERE_CHAABANE,gerant,corporate,probable,SP_edb0dbe789dae138df85
PERSON_SADRI_SELA_JULIEN,CO_GASTRONOME_FRANCE,gerant,corporate,certain,SP_d7597258a0cec52ab048
PERSON_BOURGUIBA_MOHAMED,CO_PROCHIDIA,gerant,corporate,probable,SP_248d8c80ab05afc800c1
PERSON_TURKI_ADLENE,CO_CAPSA_CALL_CENTER,representant,corporate,certain,SP_71716e4be5ba197e0485
PERSON_ELAZARA_KARIM,CO_CAPSA_CALL_CENTER,pdg,corporate,certain,SP_7cad204f7bf65b30e923
PERSON_BOURICHA_HASEN,CO_MAHMOUD_BOURICHA,commissaire_aux_comptes,corporate,certain,SP_81eeb077643d08e52879
PERSON_SASI_HEDI,CO_LURBANISATION_PROFILES_ALUMINIUM,gerant,corporate,certain,SP_83095a8559a73cc72b38
PERSON_MZABI_HABIB,CO_DIDON_NEGOCES_DISTRIBUTION,gerant,corporate,certain,SP_b61272451c0f34c01088
PERSON_RABAH_MAHER,CO_S2I_INDUSTRIES,gerant,corporate,certain,SP_34aa9403982a955bda60
PERSON_HAMAMI_FADHEL,CO_K_S_H_CONSULTING,gerant,corporate,certain,SP_ead0f217284244de1909
PERSON_BOUHARB_AHMED,CO_SILEX_COMPOSITES,gerant,corporate,certain,SP_16dc21888fe58175e76c
PERSON_DRIS_HAKIM_BENMONCEF,CO_AMY_CONFECTION,gerant,corporate,certain,SP_099efc567c866697ee03
PERSON_KHALFALAH_MOHAMED_SALAH,CO_INDUSTRIES_ALIMENTAIRES_MAGHREBINES,pdg,corporate,certain,SP_9149bbd1700ac08da743
PERSON_KHALFALAH_MOEZ,CO_INDUSTRIES_ALIMENTAIRES_MAGHREBINES,dga,corporate,certain,SP_cb19357226194dad2912
PERSON_HENTATI_ABDELJELIL,CO_TUNISIENNE_PROMOTION_L_INDUSTRIE_SOTUPRIN,associe,corporate,probable,SP_3b0c56906c58bdd39bbc
PERSON_HAMAMI_ADEL,ORGE_23b7690e30d8d1497da8,gerant,corporate,certain,SP_b80291d148e2f5710a45
PERSON_AMINE_HAJER,ORGE_84085a30d9f916fd6e49,gerant,corporate,certain,SP_84f55b72163d472de5cc
PERSON_REKIK_SALMA_ELOUMI,CO_COFAT_TUNIS,dga,corporate,certain,SP_27a7694c0fbdcbb40ff7
PERSON_FERHI_NEJI,CO_GROUPE_FERHI_PLAST,fondateur,corporate,certain,SP_da35e75d220d21afeda6
PERSON_FERHI_NEJI,CO_GROUPE_FERHI_PLAST,pdg,corporate,certain,SP_ea6ceaa3d2b638125efb
PERSON_CHAIBI_MOHAMED,CO_NORTH_AFRICAN_DISTRIBUTION_COMPANY,gerant,corporate,certain,SP_99c093f3ad002cf1bec5
PERSON_BOUCHAMAOUI_AHMED,CO_SICAR_ZARAT,pdg,corporate,certain,SP_71ebd04a085dc368b1fc
PERSON_TOUIL_ADEL,CO_SECURITE_MONDIALE_SECUREM,gerant,corporate,certain,SP_46dc1b4e83934bb55f0c
PERSON_SASI_MOHAMED,CO_FLUIDES_CONCEPT,gerant,corporate,certain,SP_f7f60963e87d764f98da
PERSON_NAOUAR_KARIM,CO_EVOLUTION_FASHION_COMPANY,gerant,corporate,certain,SP_09d3d1b8cd76b320e9c9
PERSON_CERUTI_MAXIMILIAN,CO_EXPRESSO_ITALIA,gerant,corporate,certain,SP_07b20f6a1944d201693c
PERSON_BENALI_NAIMA,CO_EXPRESSO_ITALIA,gerant,corporate,certain,SP_a3ddfecbf0f8caa976d7
PERSON_KAMOUN_MOEZ,CO_PROGRES_MEDICAL,gerant,corporate,certain,SP_cf7827e8362ea0fbdbcf
PERSON_HAMROUNI_SABER_MOULDI,CO_COMPETENCE_SANS_FRONTIERES,gerant,corporate,certain,SP_b190350fffe810854c59
PERSON_CHAIEB_MOEZ,CO_CHAIEB_MARBRE,gerant,corporate,certain,SP_26e9dc58a8e9a757248a
PERSON_HAMROUNI_ABDELATIF,CO_JERBA_TOURISME_LOISIRS,gerant,corporate,certain,SP_8b57c1b257fca3ec279b
PERSON_MABROUK_HENDA_TARCHOUNI,CO_CARTHAGE_CUIR,gerant,corporate,certain,SP_ce9a60bb6352c5d6af2c
PERSON_BENZAIED_ADIB,CO_TUNISO_ALLEMAND_D_INVESTISSEMENT,gerant,corporate,certain,SP_d35268d8f72d2af5bd3a
PERSON_FEVRIER_THIERY,CO_ZODIAC_EQUIPEMENT_TUNISIE,gerant,corporate,probable,SP_6946b9e033b217db1157
PERSON_VERNIER_LAURENT,CO_OWLIANCE_TUNISIE_ON_SHORE_SERVICES_OWTOS,commissaire_aux_comptes,corporate,certain,SP_40cbb066236bae6e7729
PERSON_ELOUMI_FAOUZI,CO_ELITEC_INTERNATIONAL,gerant,corporate,certain,SP_27a51b4fa031304da975
PERSON_HORCHANI_SAMIR,ORGE_20ca6f84749cf11c35d8,gerant,corporate,certain,SP_6c9efa3736983e5148e7
PERSON_HAMAMI_MOHAMED_ALI,CO_NOUVELLE_TRAVAUX_PUBLICS_SERVICES_SNTPS,gerant,corporate,certain,SP_7ec1900422b703686891
PERSON_HAMAMI_MOHAMED_LAHBIB,CO_ZED_CONFECTION,gerant,corporate,certain,SP_6998a81cd288dee19fe5
PERSON_ZOUARI_MAHER,CO_LEADER_BISCUITS_MEDITERRANEENS,unspecified,corporate,certain,SP_74eee8a09bcf7685ce77
PERSON_BIZOTO_IDA,CO_B_B_TRICOT,gerant,corporate,certain,SP_db4a32ec8492c6e0c5cf
PERSON_BOUJBEL_MARIEM,CO_HANNIBAL_SEVEN_ELEVEN,gerant,corporate,certain,SP_8c0695476c381ee046e4
PERSON_HAJI_CHAHIR,CO_ARCHIPEL_CONFECTION,gerant,corporate,certain,SP_608be805e5963703d579
PERSON_PISANI_ELIO,CO_TEXLINE_ITALIA,cogerant,corporate,certain,SP_c794cc1cce214f1267f7
PERSON_BAFOUN_SABRI,CO_ACOMED,gerant,corporate,certain,SP_19d640b618a05caba5db
PERSON_ESAYAH_HABIB,CO_EURO_CYCLES,president_ca,corporate,certain,SP_41a0c6e4b18218360753
PERSON_FRIKHA_MOHAMED,CO_POLY_PEINTURE,gerant,corporate,certain,SP_983fbb7e28780844ff6c
PERSON_TURATI_ROBERTO_FRANCO_GIOVANI,CO_OASIS_TRADING,gerant,corporate,certain,SP_1e52297eb00f2394766f
PERSON_CHAABANE_MONGI,CO_HUILERIE_ESSAFA,gerant,corporate,certain,SP_3cb1e54339f690bc5095
PERSON_SELAMI_MOHAMED_AMIN,ORGE_817dd22116e7b7515c40,gerant,corporate,certain,SP_d3bb1e97985ed5fef569
PERSON_FRAJ_ABDERAZEK,CO_NORTH_AFRICA_INTERNATIONAL_BANK,dga,corporate,certain,SP_27e1a81779958f42e9ac
PERSON_BENYOUSEF_MONDHER,CO_YOUCOTEX_PLUS,gerant,corporate,certain,SP_3975723e277936916fa2
PERSON_HAMROUNI_DHAOUI_BENALI_BENAHMED,CO_EL_HILALI_SERVICE_DIVERS,gerant,corporate,certain,SP_299ef57ec40330f6ba4d
PERSON_BENCHAABANE_NAAMA_ELOUMI,CO_COFAT_NORD,dga,corporate,certain,SP_a21637b4f4123ad4cef6
PERSON_AREM_JAMEL,CO_MAISON_TEMIMI,gerant,corporate,certain,SP_05bd7a19d5bd6f9d2ac6
PERSON_MAMI_MONGI,CO_FAMA,gerant,corporate,certain,SP_f3a88d15c86275ca11cc
PERSON_GHORBEL_CHERIFA_ZOUARI,CO_FAMA,commissaire_aux_comptes,corporate,certain,SP_5acf16cf9b1d8d437065
PERSON_BAYAHI_TAHER,CO_MAGASIN_GENERAL,pdg,corporate,certain,SP_3bfb47ca5784e65e6b23
PERSON_TRABELSI_MOHAMED,CO_SOPREDIS,gerant,corporate,certain,SP_42d0982cb82aedd3f41f
PERSON_ABDELMOULA_MUSTAPHA,CO_KENZA_CONFECTION,gerant,corporate,certain,SP_35fc6b6c2506c10a3618
PERSON_DRIS_SLIM,CO_WINDOTEX,gerant,corporate,certain,SP_23ac285641d3c1d8416f
PERSON_TRIKI_MOHAMED,CO_ALGERO_TUNISIENNE_COMMERCE_INTERNATIONAL_SATCI,gerant,corporate,certain,SP_96c7692ae48a208190d9
PERSON_BENASR_SLIM,CO_EURAFRICAINE_SICAF,administrateur,corporate,certain,SP_9a21585581978c5de3f9
PERSON_BENASR_KARIM_SALEM,CO_EURAFRICAINE_SICAF,pdg,corporate,certain,SP_f955221cbccc3b3a6443
PERSON_KAMOUN_HEDI,CO_DIGITAL_STORM,gerant,corporate,certain,SP_120ffdd26ab45781f80f
PERSON_CURTIT_GILES,CO_FRANCO_TUNISIENNE_DEPAULETTES,gerant,corporate,certain,SP_56275b1e073397660739
PERSON_KOOLI_MOHAMED,CO_UNIVERSAL_TRADING,pdg,corporate,probable,SP_6eb8e5cce55c9d349e1f
PERSON_MAGDICHE_NISAF_SELAMI,CO_PLASTIC_SERVICES,gerant,corporate,probable,SP_88ba326af71062f52675
PERSON_CHAABANE_MONGI,CO_HUILERIE_CHAABANE,cogerant,corporate,certain,SP_6b8d48ebc49de1fcdd61
PERSON_CHEHIDA_ZOUHEIR,CO_AGRUMES_GOLFE,gerant,corporate,certain,SP_1f459fe007a9ece95b8e
PERSON_SHREINER_MAXIMILIAN,ORGE_b6c1c3b657ac42c71e88,gerant,corporate,certain,SP_f14b30301e4ce28b3ce3
PERSON_CENCITO_FABRIZIO_DI,CO_DOLCE_ITALIA,gerant,corporate,certain,SP_9c345b20e4e01e40f744
PERSON_BOURICHA_ABDERAZEK,CO_BOURICHA_ABDERRAZEK_EBA,gerant,corporate,certain,SP_72d54887e4998c102948
PERSON_ZOUARI_ABDELMAJID,CO_MAGHREBINE_TRANSPORT_TERRESTRE_SMTT,administrateur,corporate,certain,SP_c7caefc51c686bb839e6
PERSON_BELAIFA_RAOUDHA,CO_SEM_SEM_EXPORT,gerant,corporate,certain,SP_3082171d26141d033ce6
PERSON_MAHJOUB_MOHAMED,CO_AMB_TRAINING_INTERNATIONAL,gerant,corporate,certain,SP_375a28a2f6db4b998fad
PERSON_KILANI_MOHAMED_HEDI,CO_KILANI_AUTOMOBILES_PIECES_SERVICES,gerant,corporate,certain,SP_ca6a4a4e89d7dbfeb1c1
PERSON_MHIRI_NEJI,CO_MEUBLATEX,administrateur,corporate,probable,SP_12938faf8beeb448ec05
PERSON_MHIRI_MOURAD,CO_MEUBLATEX,administrateur,corporate,probable,SP_fb0363ee837f43de9a21
PERSON_SASI_CHOKRI,CO_MEUBLATEX,dga,corporate,probable,SP_640b86b70f3e0d1a6448
PERSON_HAMAMI_RACHID,ORGE_e6445ca8635f8badb6f8,gerant,corporate,certain,SP_d879132c2bf4e8da604e
PERSON_HAMROUNI_SLIM_BENALI,CO_AMEL,cogerant,corporate,certain,SP_273f7302ad6c3cc7e0e3
PERSON_ELMANAA_BRAHEM,CO_ITALIAN_KNOW_HOW_FOR_TUNISIA,gerant,corporate,certain,SP_eac29efd3ff3b840d207
PERSON_BISMUTH_PETER,ORGE_fed656d85536673a6eba,gerant,corporate,certain,SP_c17772f767f44320acc9
PERSON_BOUDOKHANE_KHEMAIS,CO_CHIMITEX_PLUS,gerant,corporate,certain,SP_df67bcea852136f8d061
PERSON_SLAMA_MOUNIR,ORGE_0c51752f94f0aaa63426,gerant,corporate,certain,SP_14088e560b3a79f22439
PERSON_BEJAOUI_SEIFEDINE,CO_TUNISIA_FLEET_MANAGEMENT,administrateur,corporate,certain,SP_14c9781062a1d3afe073
PERSON_JAIDANE_RIADH,CO_TUNISIA_FLEET_MANAGEMENT,administrateur,corporate,certain,SP_3115b5e10df20527d343
PERSON_DRIS_FETHI,ORGE_3f35d582a119c56a49d5,gerant,corporate,certain,SP_871ac38427b1ad80f87f
PERSON_KHROUF_RAJA,CO_CRK_EXPORT,gerant,corporate,certain,SP_d3142d0c286c5aa90ef7
PERSON_CHOUIKHA_MEKI,CO_COTSAR,gerant,corporate,certain,SP_876effd30b32677d9a59
PERSON_NOUIRA_HENY_GHAZI,CO_MOTORBOAT,gerant,corporate,certain,SP_aac3ce807c7590dc04bc
PERSON_NAJAR_SAMIR,CO_INTERNATIONAL_COMPANY_OUTWEAR,gerant,corporate,certain,SP_37108cbfc57f62c6a411
PERSON_HAMAMI_NOUREDINE,CO_LOUGEIN_RENT_A_CAR,gerant,corporate,certain,SP_451dc242a08d5c31f189
PERSON_MABROUK_KHEIRA_BOURAOUI,ORGE_3d9be39d9bb7790c92ad,gerant,corporate,certain,SP_b768e5941981e693d87e
PERSON_BAABOURA_ALI,CO_ODYSSEE_PALACE,gerant,corporate,certain,SP_3a84946acac7954a1fd1
PERSON_NAKBI_MOHAMED,CO_CHAUSSETTES_KINDA,gerant,corporate,certain,SP_9d5300b6235521cb6c11
PERSON_BENASR_SLIM,CO_NOUVELLE_GENERALE_INDUSTRIELLE_NSGI,administrateur,corporate,certain,SP_33dde8802b4c95d5890e
PERSON_JENDOUBI_JEDIDI,CO_NOUVELLE_GENERALE_INDUSTRIELLE_NSGI,administrateur,corporate,certain,SP_e641aecad534116f4471
PERSON_BETAIEB_LASAAD,CO_GIPA,gerant,corporate,certain,SP_7de1f84c7f7c68483420
PERSON_BENAHMED_HICHEM,ORGE_08bf2e64bb522b208436,gerant,corporate,certain,SP_603b462ee53332f32e24
PERSON_SHREINER_MAXIMILIAN,ORGE_b2b56441f4e37cec59c2,gerant,corporate,certain,SP_b6debb6f87798cc8c565
PERSON_MAHFOUDH_HABIB,CO_TRC1,gerant,corporate,certain,SP_ace25976c1ea41424d06
PERSON_SLAMA_RIDHA,CO_ART_LUMIERE,gerant,corporate,certain,SP_17b4eb9c2a086fe5aac2
PERSON_RHOUMA_MOEZ_BELHADJ,CO_GLOBAL_INNOVATION_TEXTILE_GITEX,gerant,corporate,certain,SP_cb9ecbae910393a982e1
PERSON_PICINI_MAURO,CO_HOTEL_KELIBIA_BEACH,administrateur,corporate,probable,SP_6e6bf771572adef5bd67
PERSON_KAMOUN_YASER,CO_BATIMENTS_ARTS_METIERS_EBAM,gerant,corporate,certain,SP_12435584f760498b91f3
PERSON_HEDFI_LATIFA,ORGE_39bc254bb8a64f0935f4,gerant,corporate,certain,SP_60805aff62fe24223e09
PERSON_MASMOUDI_MOHAMED,CO_ALLEMANDE_TECHNOLOGIES_D_ENERGIE_RENOUVELABLE_SATER,gerant,corporate,certain,SP_2fdbb5d4d68763bef785
PERSON_TABANE_MOHAMED_SADOK,CO_SFM_TECHNOLOGIES,gerant,corporate,certain,SP_67e468c834db370debe8
PERSON_KHALIL_MOHAMED,CO_COMPOSITES_TECHNIQUES,gerant,corporate,certain,SP_a4c6348bfc323ef363ae
PERSON_ITALIA_MARC,CO_QUADRITEX,gerant,corporate,certain,SP_ebbb0faa2979ace60ab6
PERSON_NOUMAIN_ZIED,ORGE_4627b60811dd3f48e497,gerant,corporate,certain,SP_7a9dd69db36e1ccd8b40
PERSON_AYARI_FARHAT,CO_YOUSR_INTERNATIONAL,gerant,corporate,certain,SP_d4d45c34dcf8dafb216c
PERSON_NEFZI_BECHIR,CO_COMPAGNIE_GENERALE_METALLURGIE,administrateur,corporate,probable,SP_8648ff818bd4a48d1f2e
PERSON_ZOUARI_LOTFI,ORGE_3630b97b44816bcdfba7,gerant,corporate,certain,SP_f74d09b4fddf405ed0ed
PERSON_GOLDONI_MASIMO,CO_IMPRIMERIE_EMA,gerant,corporate,certain,SP_107ac16040f41c114bd5
PERSON_MABROUK_ISMAIL,CO_MAGHREB_FINANCE,pdg,corporate,certain,SP_951b43a0081d32e22012
PERSON_GHARBI_MOHAMED,CO_GHARBI_CUIR,gerant,corporate,certain,SP_1c79457ac71aaf2685c1
PERSON_HAMAMI_AHMED_BENMOHAMED,CO_AMITEXTIL,gerant,corporate,certain,SP_b992b19ce283a4a94728
PERSON_BAYAHI_TAHER,CO_CENTRALE_MAGASIN_GENERAL,pdg,corporate,certain,SP_b09e542e557ab3c9849f
PERSON_BAYAHI_TAHER,CO_MAGASIN_GENERAL,president_ca,corporate,certain,SP_50dbb8922489fa53866e
PERSON_TURKI_AMIR,ORGE_0a50b69ffccafc4d6e47,administrateur,corporate,certain,SP_febebc3f22ce50a97377
PERSON_BOUDEN_OMAR,ORGE_0a50b69ffccafc4d6e47,administrateur,corporate,certain,SP_5eb888c5eab57393deaf
PERSON_CHAABANI_MOULDI,ORGE_0a50b69ffccafc4d6e47,administrateur,corporate,certain,SP_56c5ce07d9e7043073da
PERSON_CHEIKHROUHOU_MOHAMED,ORGE_0a50b69ffccafc4d6e47,administrateur,corporate,certain,SP_97880dd8993d10dc948a
PERSON_TAYACH_MOHAMED_ALI,ORGE_0a50b69ffccafc4d6e47,administrateur,corporate,certain,SP_0bc5874b7162c05fd719
PERSON_TURKI_AMIR,ORGE_0a50b69ffccafc4d6e47,pdg,corporate,certain,SP_8278ef8ee8c1bbeea047
PERSON_BENHASINE_FAYCEL,ORGE_0a50b69ffccafc4d6e47,dga,corporate,certain,SP_c30a697144a00dfe76cf
PERSON_MAMI_MONGI,CO_OMEGA_MAGHREB,gerant,corporate,probable,SP_1d9302030cf4a3e5554c
PERSON_DIMASI_EMNA_BENAMOR,CO_EMNA_BEN_AMOR_SERVICES,gerant,corporate,certain,SP_b0abf5b88ee3190af4c8
PERSON_SASI_MOHAMED,CO_MARBRERIE_MON,gerant,corporate,certain,SP_31d7d9ef14487a3188fa
PERSON_SELAMI_SLIM,CO_GRAPHIA_PRINT,gerant,corporate,certain,SP_bd9f25c5c4321ffcedef
PERSON_SEGHAIER_ISAM,CO_TELA,gerant,corporate,certain,SP_1a4dc515bec6baf72e4d
PERSON_CHAABANE_ALIA,CO_AWT_INTERNATIONAL,gerant,corporate,certain,SP_dd017a521d75f03c1094
PERSON_CHEBI_MOHAMED_ALI,ORGE_831e9b7427644ff41382,gerant,corporate,certain,SP_547cf3c177bd6d025630
PERSON_GIAN_ANTONTO_MENEGOLO,CO_ITALIAN_TUNISIAN_SHOES,gerant,corporate,certain,SP_aba1de445cd989dcd317
PERSON_MABROUK_SAMI,CO_SAMY_MABROUK_CONSULTANT,gerant,corporate,certain,SP_7d63c86e8e4079b3b260
PERSON_SLAMA_RACHID,CO_BATIMENT_SAHEL,gerant,corporate,certain,SP_6708f9504ccd9fc69b27
PERSON_DJILANI_HEDI,ORGE_682215c11ab901ded65b,pdg,corporate,probable,SP_2c2e5d1c046c874b289c
PERSON_MABROUK_MOHAMED_MARWEN,ORGE_8ac1eb2ac64141ab7393,pdg,corporate,certain,SP_6fb4b7509ec2124d990a
PERSON_MABROUK_RAMZI,CO_POWER_CALL,gerant,corporate,certain,SP_1e357e47e3ec56816df8
PERSON_AHRES_KARIM,CO_SATEC_TUNISIE_INTERNATIONAL,gerant,corporate,certain,SP_093b0eae6edf5a7afbcc
PERSON_CHAABANE_SARAH,CO_SARAH_CONFECTION_SARCO,gerant,corporate,certain,SP_21cf21291b023016f969
PERSON_EMNA_ABDENADHER,CO_GENERALE_TRAVAUX_SPECIFIQUES,gerant,corporate,certain,SP_a02b0bf7e1b2f2aa931c
PERSON_ZOUARI_AMIRA,CO_IMMOBILIERE_CONCORDE,administrateur,corporate,probable,SP_4bc7d80608d118e08a05
PERSON_DHAHRI_MOHAMED_LAMINE,ORGE_a07efba44b341f73810c,gerant,corporate,certain,SP_9b2ca4aa9f17057d0261
PERSON_GHANOUCHI_FARES,CO_ABATTOIR_AVICOLE_ESSOUASSI,unspecified,corporate,certain,SP_b8ef2f55134f3d7933a3
PERSON_SASI_SOUHEIL,CO_GREEN_STREET,gerant,corporate,certain,SP_867b3fbea7efba0b772d
PERSON_AMAR_MOHAMED,ORGE_2f72805f7efc691e442a,gerant,corporate,certain,SP_361d729e0c111e161096
PERSON_SEGNERE_JEAN_PIERE,CO_BIOPHYMED_MAGHREB,gerant,corporate,certain,SP_833160f78c294b59c506
PERSON_BOUFATEH_BECHIR,CO_IDEALE_CONFECTION,gerant,corporate,certain,SP_460d1249871049631cf9
PERSON_KAMOUN_SOFIEN,ORGE_ac48f89cdc877eb77f0e,gerant,corporate,certain,SP_f05ad0734b79adb22a7a
PERSON_RABAH_MAHER,CO_S2I_SERVICES,gerant,corporate,certain,SP_dbcfaccc2b6e7b88dcd6
PERSON_BOUATAY_NEJIB,CO_BOUATAY_CONFECTION_SOBOCO,gerant,corporate,certain,SP_3a3968075a294b7e0d08
PERSON_BOUJBEL_MOHAMED,CO_HADJ_SLIMANE_BOUJBEL_CIE,gerant,corporate,probable,SP_d516070f5149ca7d86d5
PERSON_RINALDI_CLAUDIO_BIOLCATI,CO_TUNISIAN_ITALIAN_CONSULTING_GROUP,gerant,corporate,certain,SP_ed9f9fc75d9a5e6e79e4
PERSON_CHAHMI_TAHER,CO_IMPRIMERIE_PAPETERIE_ETIQUETTES_CHAHMI,gerant,corporate,certain,SP_b99005c49d6fde283f33
PERSON_MHADHBI_MOHSEN,CO_FIMCO_INTERNATIONAL,gerant,corporate,certain,SP_73c3e9ec0aabbb33e742
PERSON_DERBEL_FAYCEL,CO_LOLITA,commissaire_aux_comptes,corporate,probable,SP_4d31386095ac61641d1c
PERSON_MZABI_MOHAMED_MONCEF,CO_IMMOBILIERE_PROVIDENCE,gerant,corporate,certain,SP_cc1efd9cb116b6dbaa5a
PERSON_MABROUK_AMEL_BOCHRA,CO_A_PART,gerant,corporate,certain,SP_705f93b1ba6775d226b9
PERSON_RABAOUI_MAHMOUD,CO_CRACOCARTE_TUNISIE,gerant,corporate,certain,SP_31fa8f9ad95e98d8e6da
PERSON_ELOUMI_YADH,CO_COMPAGNIE_HOTELIERE_CENTRES_VILLES,commissaire_aux_comptes,corporate,probable,SP_c7f85d7e1f01d4b45305
PERSON_BENSEDRINE_KARIM,CO_INTERIMA,gerant,corporate,certain,SP_d4e3c025d2970fb984d8
PERSON_ABAS_SADREDINE,ORGE_8241d9321be09e94e248,gerant,corporate,certain,SP_534bcecd6b20d63c66d8
PERSON_BENAYED_RAFIK,ORGE_791f4b928c57d1171392,administrateur,corporate,certain,SP_5f6c4c7d0fb7301786b0
PERSON_JEBRI_YOUNES,CO_JBM_ORGANISATION,gerant,corporate,certain,SP_274f2e083fe28d987ad8
PERSON_ESAFI_MOHAMED_NEJIB,ORGE_ed58d0fae00ecb20a7da,dg,corporate,probable,SP_517e888fc01cce5d5850
PERSON_LANGAR_SLAHEDINE,CO_DAKHLA,dg,corporate,certain,SP_6a7117ca158d269a1223
PERSON_MABROUK_ALI,CO_GENERALE_D_ENTREPRISES_MATERIEL_TRAVAUX_SOMATRA_GET,administrateur,corporate,certain,SP_9d96b469fee775e17f9e
PERSON_SLAMA_ALI,CO_GENERALE_INDUSTRIELLE_ALIMENTAIRE_SLAMA,administrateur,corporate,certain,SP_f5de22a4a5c584304b7e
PERSON_SLAMA_FAOUZIA_KHALFALAH,CO_GENERALE_INDUSTRIELLE_ALIMENTAIRE_SLAMA,administrateur,corporate,certain,SP_822254c4bd97aa71a121
PERSON_SLAMA_GHASEN,CO_GENERALE_INDUSTRIELLE_ALIMENTAIRE_SLAMA,administrateur,corporate,certain,SP_47efdada3699a4906130
PERSON_SLAMA_CHIHEBEDINE,CO_GENERALE_INDUSTRIELLE_ALIMENTAIRE_SLAMA,administrateur,corporate,certain,SP_6ffe683f292976934d40
PERSON_BENYOUSEF_MOHAMED_NABIL,ORGE_e782939a9c801b61e141,cogerant,corporate,probable,SP_473a9b2ff3fb11748cf2
PERSON_BENSEDRINE_SAMI,CO_BOUHAIRA_INTERNATIONNAL_TRADING,cogerant,corporate,certain,SP_d02a48bc28cdc9b2ec0f
PERSON_HAMAMI_YASER,CO_IDPROD,gerant,corporate,certain,SP_a93549fe84308600ca04
PERSON_BOUAOUAJA_MALEK,CO_ZITA_TRAVEL,administrateur,corporate,certain,SP_8e39dabbdd41a9465dd0
PERSON_BOUAOUAJA_MARIEM,CO_ZITA_TRAVEL,administrateur,corporate,certain,SP_5107a1e868b880e1db09
PERSON_BENAMAR_MOURAD,CO_DINDOUX,pdg,corporate,certain,SP_46af1f38857591e11d79
PERSON_ZAHAF_SLAHEDINE,CO_TUNISIENNE_FABRICATION_PEINTURE_SOTUFAP,commissaire_aux_comptes,corporate,certain,SP_606914394c6e4130033b
PERSON_ABDELKEFI_AHMED,CO_TUNINVEST_SERVICES,president_ca,corporate,certain,SP_10dcff16c780758d786a
PERSON_MBAREK_MOHAMED_AZIZ,CO_TUNINVEST_SERVICES,dg,corporate,certain,SP_b53952e5e784797753ae
PERSON_JABRI_IMED,CO_MULTI_SERVICES_AUTOS,gerant,corporate,certain,SP_41a08182f5e90fecdb16
PERSON_TRIKI_ALI,CO_FARHAT_HACHED_MEDICAL,gerant,corporate,certain,SP_73bb1d97e5722dd244d0
PERSON_KMIMECH_CHOKRI,CO_KMIMECH_MATERIEL_CONSTRUCTION,gerant,corporate,certain,SP_0a16c7df249d4854c0b0
PERSON_NASR_MOHAMED,CO_PAPER_CUP,gerant,corporate,certain,SP_a883fd797b2855c18ff0
PERSON_AMDOUNI_MOURAD,CO_TECHNOLOGY_ASSOCIATES,gerant,corporate,certain,SP_7a41f5ca45e40e6bcec1
PERSON_CHIKHAOUI_MOHAMED,CO_PROTEINES_VITAMINES_ALIMENTAIRES_PROVITAL,dg,corporate,certain,SP_4df65228650699f6a175
PERSON_BAYAHI_YAHIA,CO_SPEIA,gerant,corporate,certain,SP_3699731869f3929f768e
PERSON_SASI_MOHAMED,CO_MODERNE_CARRIERES_SABLE,associe,corporate,certain,SP_fa9751d15e9bbac1633f
PERSON_LAMBOTE_DANIEL,CO_IMPRIME_FRANCE,cogerant,corporate,certain,SP_394881a2c4bdcb8caad9
PERSON_GHARBI_HAFEDH,CO_INDUSTRIES_METALLIQUES_FERRONNERIE_SIMFER,gerant,corporate,certain,SP_bf13bf538710339dc406
PERSON_FOUGHALI_YOUSEF,CO_HUILE_KHADIJA,commissaire_aux_comptes,corporate,certain,SP_3399a6516a4336bfb32f
PERSON_TRIKI_MOHAMED,CO_BGI_BONNE_GOUVERNANCE_INFORMATIQUE,gerant,corporate,certain,SP_f47b7c338b9502d8ab98
PERSON_BENHRIZ_KHALED,CO_FOOD_DECORATION,gerant,corporate,certain,SP_224c25149a6de32af7d1
PERSON_BAYAHI_YAHIA,CO_COMPAGNIE_DEMBALLAGE_TRANSFORMATION_DALUMINIUM_CETRAM,pdg,corporate,certain,SP_5a198b9dd6a9e1d73d59
PERSON_MABROUK_YOUSEF,ORGE_79f5695a2a5cee309fb4,unspecified,corporate,certain,SP_fdf5f3fa8774a3eee542
PERSON_MAIZA_SADOK,CO_SAVEURS_MEDITERRANENNES,pdg,corporate,certain,SP_4e5c878513e490c64b9f
PERSON_ZAR_ESIA,CO_EAUX_MINERALES_BEJA_RAYAN,commissaire_aux_comptes,corporate,certain,SP_4447632ae6c0b6b04380
PERSON_FRANCESCO_NIGRO_COSIMO,CO_AIR_PRESS_CONSULTING,gerant,corporate,certain,SP_f3eeddbee3da7d9b642d
PERSON_ZOUARI_NEJIB,CO_SMC_CONFECTION,gerant,corporate,certain,SP_712402841115f8ba380b
PERSON_ABID_NOURI,CO_ESSALEM,gerant,corporate,certain,SP_58b28d5133d0b27bf09d
PERSON_TRABELSI_MOEZ,CO_ESSALEM,gerant,corporate,certain,SP_3fc326b268ab903cf952
PERSON_MOKHTAR_FETHI,CO_MINIERE_SIDERURGIQUE_TUNISIE_SMST,unspecified,corporate,certain,SP_276d681b481e5e238a77
PERSON_MOKHTAR_KAIS,CO_MINIERE_SIDERURGIQUE_TUNISIE_SMST,unspecified,corporate,certain,SP_e7f1e0714829d57a3ca9
PERSON_MOKHTAR_SADRI,CO_MINIERE_SIDERURGIQUE_TUNISIE_SMST,unspecified,corporate,certain,SP_310f1821aa87da4ef03a
PERSON_MOKHTAR_FETHI,CO_MINIERE_SIDERURGIQUE_TUNISIE_SMST,pdg,corporate,certain,SP_a7cdbaa4dff27c866ad1
PERSON_MEDEB_MOHAMED,ORGE_ce747151be91b76f892c,gerant,corporate,probable,SP_43f403745ffb31fd79cc
PERSON_KAMOUN_MOUNIR,ORGE_a9527f390d7c51c75215,gerant,corporate,certain,SP_f0195f31373aba1811bc
PERSON_KAMOUN_KAIS,CO_VOCAL_LINE,pdg,corporate,certain,SP_6065f3d82a49b1de6e6c
PERSON_RENDA_FRANCK_ALDO,ORGE_2ca9d1df1b36d9b79566,gerant,corporate,certain,SP_d63f1d4fc7557056f417
PERSON_MAKHLOUFI_ABDELAZIZ,CO_COMMERCE_INTERNATIONAL,gerant,corporate,certain,SP_664b4ff488583c0b955c
PERSON_BOUCHAMAOUI_RAFIK,CO_DAR_EL_FADHL_IMMOBILIERE,gerant,corporate,certain,SP_36ac8c3adf1c1d5402f5
PERSON_MATALO_CARLO,CO_GESTION_D_ANIMATION_TOURISTIQUE_ITALIA,cogerant,corporate,certain,SP_2e9d877b7933440ad58b
PERSON_DERBEL_FAYCEL,CO_IMMOBILIER_PALMARIUM_CENTER,commissaire_aux_comptes,corporate,certain,SP_cb06b6246c4246ff373a
PERSON_HELARA_AMOR_BENSALAH,ORGE_bb90f5ba67b7afad2ca1,pdg,corporate,certain,SP_8757fb7cf152a18f9b8d
PERSON_SASI_YOUSEF,CO_ROYALE_CREATION,gerant,corporate,certain,SP_6ab8f1aee8e7dbd0fba4
PERSON_BRAHEM_JAMEL,CO_ROYALE_CREATION,gerant,corporate,certain,SP_f572b94cc6fa6d05fbae
PERSON_ABOUCHOUACHI_SOLTAN_KILANI,CO_TAMOIL_TUNISIE,association_president,corporate,certain,SP_b13c483b9a7e52152938
PERSON_BELHIBA_ABDELAZIZ,CO_TAMOIL_TUNISIE,dg,corporate,certain,SP_d8f967412dd1d1e80d2a
PERSON_SAIDANE_MOHAMED,CO_PROLABEL,administrateur,corporate,certain,SP_2fd79db36ad1624619c3
PERSON_CARIBONI_DANTE,CO_TUNISIAN_ITALIAN_LIGHTING_COMPANY,gerant,corporate,certain,SP_cc60ee89364bf45dd965
PERSON_DRIS_MOUNIR,CO_PRIME_SERVICES_INFORMATIQUES,gerant,corporate,certain,SP_fb779f4e0bd8d7fd1824
PERSON_HAMROUNI_MUSTAPHA,CO_STATION_STOCKAGE_SOTACIB_GABES_SSS_GABES,gerant,corporate,certain,SP_6e4d29bec96d8f37f931
PERSON_SASI_HEDI,CO_COMMERCE_PIECES_RECHANGE,gerant,corporate,certain,SP_7b32dbdb6e9f396c1dee
PERSON_CHAABANE_ADEL,CO_BEST,gerant,corporate,certain,SP_844fd7adf124b6e978ee
PERSON_BENSAAD_MOHAMED_HABIB,CO_PROMOTION_FINANCEMENT_TOURISTIQUE_CARTHAGO,dga,corporate,certain,SP_96975800f19f38b3ac35
PERSON_HOCHLAF_SKANDER,CO_TUNIS_ENSEIGNES,pdg,corporate,certain,SP_b7f420c09df29bf20556
PERSON_MZABI_MZOUGHI,CO_GIBRALTAR,pdg,corporate,certain,SP_0b6f49a251c98db9c5b8
PERSON_MZABI_MZOUGHI,CO_GIBRALTAR,unspecified,corporate,probable,SP_4bd0976e8aa97c1c7ea4
PERSON_SLAMA_SONIA_TOUMI,CO_S2I,gerant,corporate,certain,SP_f02e29cdd531acc0b093
PERSON_KAMOUN_BILEL,CO_OIL_GAS_ENGINEERING_COMPANY,gerant,corporate,certain,SP_59f83b8d543af723e0c4
PERSON_BENAYED_ABDELWAHEB,CO_AGRICOLE_SIDI_DAOUED,association_president,corporate,certain,SP_16eacc69bc6884d1b2df
PERSON_KOUBAA_THAMEUR,CO_AGRICOLE_SIDI_DAOUED,dg,corporate,certain,SP_bbd7e93373708a21b470
PERSON_MAIZA_SADOK,CO_SAVEURS_MEDITERRANEENNES,pdg,corporate,certain,SP_2ff3db0f0920a98a3b3e
PERSON_CHAABANE_MAHER,CO_CHAABANE_FRERES,gerant,corporate,certain,SP_28b07c54019b599cabfa
PERSON_RAJAH_KILANI,CO_MARIA_IMMOBILIER,gerant,corporate,certain,SP_f517da06cc720b40cb87
PERSON_CHAABANE_FARAH,CO_FERRAILLE,cogerant,corporate,certain,SP_b23342949d6294900508
PERSON_CHAABANE_NABIL,CO_FERRAILLE,cogerant,corporate,certain,SP_9c64c78affcd67b334c8
PERSON_KALAI_AMEUR,ORGE_d012329ef885238a8c82,pdg,corporate,certain,SP_74ad52a8c031587f98ba
PERSON_MEDEB_MOHAMED,CO_TUNISIENNE_INDUSTRIES_ALIMENTAIRES,pdg,corporate,probable,SP_428384ed438faf784846
PERSON_BENDHIAB_MOURAD,CO_MARBRERIE_BEN_DHIAB_MARBRE_SANITAIRE,dg,corporate,certain,SP_2e572d17f3f9af4633d2
PERSON_ZERZERI_MEHDI,CO_EUROMAG,pdg,corporate,certain,SP_be778eff54c41c562672
PERSON_ZERZERI_MOHAMED_RIDHA_HEDI,CO_EUROMAG,dga,corporate,certain,SP_a3527097f0bed2c997b7
PERSON_BOURICHA_LEILA,CO_ENGINEERING_CONSULTING_SERVICES_OFFICE,gerant,corporate,certain,SP_5291dc22dda15a91a106
PERSON_CHAABANE_MOHAMED,CO_TAOUFIK_DENTREPOSAGE_FRIGORIFIQUE_SOTEF,gerant,corporate,certain,SP_a9a813ae426d90ddc866
PERSON_TRIKI_MOHAMED,CO_SOGEPI,gerant,corporate,certain,SP_836f58a2c1d156468af3
PERSON_BENAYED_FERIEL_SELAMI,CO_POIDS_LOURD_SUD_SERVICES,administrateur,corporate,certain,SP_a11f9dd7ba505b8d4fdf
PERSON_BENAYED_FERIEL_SELAMI,CO_POIDS_LOURD_SUD_SERVICES,president_ca,corporate,certain,SP_7d6091da014d80cc7beb
PERSON_STA_LAZHAR,CO_BINA_HOLDING,pdg,corporate,certain,SP_51dfb1a1a151522ee45d
PERSON_SAIDI_MOHAMED,CO_BEN_GRIFFIN,gerant,corporate,certain,SP_984bfa9789ddf4a462b4
PERSON_KAMOUN_KARIM,CO_MILLENIUM_GROUP,gerant,corporate,certain,SP_85e157137e249ef1dacb
PERSON_ABAS_FERID,CO_GABES_MARINE_TANKERS,pdg,corporate,probable,SP_a060fe3b3a213a60d14b
PERSON_ELOUMI_TAOUFIK,CO_D_INDUSTRIE_MECANIQUE_DIVERSE_IMD,gerant,corporate,certain,SP_fabe54cde7a8e467dcda
PERSON_AMOUS_IMED,ORGE_1e40883dcbbf8ee072b7,gerant,corporate,certain,SP_8a52cd5337279f223575
PERSON_SIDHOM_MOHAMED,ORGE_456508309759e3888e2f,gerant,corporate,certain,SP_6f9766205a921a795246
PERSON_SASI_WISEM,CO_NEGOTRADE,gerant,corporate,certain,SP_0ec4009f48597b75e54a
PERSON_MICHELARD_JEAN_PAUL,ORGE_63430f0587ecaf055e5f,gerant,corporate,certain,SP_bb1bfa0861ea9b0dbd1e
PERSON_BOURICHA_JALILA_REGUIG,CO_BOURICHA_PROMOTION_IMMOBILIERE,gerant,corporate,certain,SP_d3f09713d30ea3a7a6de
PERSON_BELTAIFA_MOUNIR,CO_BRIDGERS_FRANCE,gerant,corporate,certain,SP_664dca44fa1962b7cea1
PERSON_NAFTI_HAYET,CO_AFRIQUE_CHIMIE,gerant,corporate,certain,SP_1713d70af6b44a5f1175
PERSON_CHAABOUNI_YAHIA,CO_INDUSTRIES_NOUVELLES_PLASTIQUE_INOPLAST,commissaire_aux_comptes,corporate,probable,SP_c5003554159961d655af
PERSON_MATERI_MERYEM,ORGE_523a648562adc4b4a574,gerant,corporate,certain,SP_6236b6b68e038dd68180
PERSON_TRIKI_SAMIA,CO_ALNAJEH_AGRICOLE,gerant,corporate,certain,SP_d7484a034ca7deaefcf0
PERSON_ZOUARI_MOHAMED,CO_ZOUARI_MOTORS,gerant,corporate,certain,SP_43b7b8401a7bd36683f9
PERSON_HAMAMI_ARBI,CO_GENERALE_TEXTILE,gerant,corporate,certain,SP_e979590a5405bffefb09
PERSON_MATERI_TAHER,ORGE_d045d523e1ef9c0202c4,gerant,corporate,certain,SP_ad1417cd81e316f64642
PERSON_AMAT_JUAN_MOLINS,CO_TUNISO_ANDALOUSE_CIMENT_BLANC,president_ca,corporate,certain,SP_f3cd33757990c13029c9
PERSON_MRAIHI_HABIB,CO_SICAR_STB,pdg,corporate,certain,SP_9c4b322ecf77d482f9c0
PERSON_ABDENADHER_HAMADI,CO_NOUVELLES_CYCLES,unspecified,corporate,certain,SP_08cff00f3cc538c3492f
PERSON_ABDENADHER_HATEM,CO_NOUVELLES_CYCLES,unspecified,corporate,certain,SP_a7c0e9ae0f17c2e1c7de
PERSON_ABDENADHER_AHMED,CO_NOUVELLES_CYCLES,unspecified,corporate,certain,SP_f7acd4fb0dc18b12742d
PERSON_STEFANELI_STEFANO,CO_VENERE_COSMETICA_DETERGENTI_ITALIA,gerant,corporate,certain,SP_d870f06b658c3b7701c4
PERSON_BRAHAM_GHASEN,ORGE_dcd0bdcc90caf7f21609,gerant,corporate,certain,SP_87ed9095bfb493108b5d
PERSON_DARGHOUTH_MOHAMED_RADHI,CO_AR_FILTER,association_president,corporate,certain,SP_3114b9e7e051a475718f
PERSON_CHAABANE_MOEZ,CO_CABINET_DEXPERTISE_DASSISTANCE_CEA,gerant,corporate,certain,SP_aeadd7b960cd04bceffc
PERSON_SALAH_SAMI,ORGE_0fa4ebac98565a3b96bc,gerant,corporate,probable,SP_bcf54293bfee511fb9b1
PERSON_HAMROUNI_JALILA,ORGE_0fa4ebac98565a3b96bc,gerant,corporate,probable,SP_4540205103f1aa7a9675
PERSON_DEBAYA_ALI,CO_SENED_SICAR,president_ca,corporate,certain,SP_86b4cbdeefd0d8ced116
PERSON_BOUKHRIS_ZIED,CO_SENED_SICAR,dg,corporate,certain,SP_430bbabb1eb07c23d364
PERSON_ABAS_FERID,ORGE_4d8a1142274adacb7ff8,pdg,corporate,certain,SP_54e98d6fbc83024ee331
PERSON_ABAS_HAMADI,ORGE_4d8a1142274adacb7ff8,dga,corporate,certain,SP_025c6b341298b420770f
PERSON_ABAS_SADREDINE,ORGE_4d8a1142274adacb7ff8,dga,corporate,certain,SP_e13f2705599af5c99cd6
PERSON_TRABELSI_MOHAMED,CO_GENERAL_ALU,gerant,corporate,certain,SP_746b5902c04dd1b6522e
PERSON_MABROUK_YOUSEF,CO_SAPHIR_RENT_A_CAR,gerant,corporate,probable,SP_dbfe2769b3bd0f034acd
PERSON_ELABIDINE_MOHAMED_ZINE,CO_MOHAMED_ZINE_EL_ABIDINE_CIE,gerant,corporate,certain,SP_83e7e38c46d9ae60fd25
PERSON_DOUIRI_ALI_TRIKI,CO_DIAGNOSTIC_MAINTENANCE_MATERIELS,gerant,corporate,certain,SP_668f7a205c689ff5655f
PERSON_CHAABANE_FAOUZI,CO_CMR_AUDIT,gerant,corporate,certain,SP_5f6d0fc956aa31503f52
PERSON_TRABELSI_MOHAMED,CO_TRA_SERVICES,gerant,corporate,certain,SP_a4e0a4e8db9b78c1b348
PERSON_BENYEDER_HAKIM,CO_COMAR_IMMOBILIERE,gerant,corporate,certain,SP_905ae72742e554f8acfa
PERSON_BOUATAY_MOHSEN,CO_GROUPE_BOUATAY_CONFECTION,gerant,corporate,certain,SP_37f169441737003c333e
PERSON_BENAYED_MALIKA,CO_COMPAGNIE_TUNISIENNE_CHIMIE_INDUSTRIELLE,gerant,corporate,certain,SP_0d393ec0658d406d755c
PERSON_ABDELMOUMEN_HEDI,CO_BANQUE_FRANCO_TUNISIENNE,president_ca,corporate,certain,SP_569edda6ec47549b5a69
PERSON_MEDEB_MOHAMED,CO_COMPAGNIE_FROMAGERE,pdg,corporate,certain,SP_3bafd00d05203bea9a9f
PERSON_TRIKI_MOHAMED,CO_GENERALE_PROTECTION,gerant,corporate,certain,SP_17698d1ec3873f00e139
PERSON_TRIKI_MOHAMED,ORGE_c4733ca5a2bb0b1fcd8e,gerant,corporate,certain,SP_0d727c1fe1d757b7b995
PERSON_ABDENADHER_ISAM,CO_AZIZ_CONFORT_MENAGER,gerant,corporate,certain,SP_e04c7dfaa111ceea886f
PERSON_HAMAMI_MOURAD,ORGE_30cf139bff7ca0f8c57e,gerant,corporate,certain,SP_4e33da078a8071f1eb9b
PERSON_TRIKI_ALI,ORGE_30cf139bff7ca0f8c57e,gerant,corporate,certain,SP_938f10088d9c4713872e
PERSON_HAMAMI_KAIS,ORGE_30cf139bff7ca0f8c57e,gerant,corporate,certain,SP_8cc57518afdf0e231723
PERSON_CHAABANE_ISMAIL,CO_ISMAIL_CHAABANE_CIE,gerant,corporate,certain,SP_63e8489e496c98d04b9e
PERSON_CHAABANE_ABDELWAHEB,CO_TOURISTIQUE_NARJESS,gerant,corporate,probable,SP_22fb622debe4150b4920
PERSON_ZAHAF_SLAHEDINE,CO_AGRICOLE_GARGOURI,commissaire_aux_comptes,corporate,certain,SP_f1d978035105f8ad1828
PERSON_ENAJARI_SAMI,CO_ENNAJJARI_FRERES,gerant,corporate,certain,SP_54cbcb053d4888a3da1b
PERSON_BENAHMED_HICHEM,CO_ESSAADA_CONFECTION,gerant,corporate,certain,SP_2b188996c483fae0e10e
PERSON_TRABELSI_MOHAMED,CO_SALES_BUSINESS_SERVICES,gerant,corporate,certain,SP_31aa81e124c9aeb5649f
PERSON_TRIKI_SAMI,CO_INTERNATIONAL_SERVICES_TRANSPORT_MANUTENTION,gerant,corporate,certain,SP_81b4c1bd48a81c2c155d
PERSON_SASI_FAOUZI,CO_EL_BARAKA_MARBRE,gerant,corporate,probable,SP_dda7a5ae38742f325ef0
PERSON_MHIRI_SAMI,CO_BUANDERIE_CENTRALE_EL_MOURADI,gerant,corporate,certain,SP_cf6854ee9d7755218455
PERSON_CHAABANE_WASIM,CO_IMPRIMERIE_EL_HABIB,gerant,corporate,certain,SP_43e7e4c7386f1dde8fb3
PERSON_SAIDI_AHMED,CO_BIO_ENERGY_TUNISIA,fondateur,corporate,certain,SP_69f404080af63ddfd1ac
PERSON_ZOUARI_SLIM,ORGE_5cad76f7334cd19f2785,gerant,corporate,certain,SP_d2b8546f3315d83a49cd
PERSON_HAMROUNI_IKRAM,CO_HAMROUNI_TRAVEL_SERVICE,gerant,corporate,certain,SP_7f10ea0c67f5fac7b932
PERSON_DHAOUADI_KAMEL,ORGE_f41f9963d74cb578dba9,gerant,corporate,certain,SP_b64df9f7cd7adeb80c9e
PERSON_BENAYED_ABDESALEM,CO_TUNISIENNE_FILTRES_MISFAT,dg,corporate,certain,SP_6526ec708055c32a931b
PERSON_GUERMAZI_MOHAMED,CO_TUNISIENNE_FILTRES_MISFAT,dga,corporate,certain,SP_7c9565c73816a433edff
PERSON_HAMAMI_JAMELEDINE,CO_AGRICOLE_MARGHERITA_SAMAR,gerant,corporate,certain,SP_653f3c9748018ab1b74f
PERSON_MZABI_KHALED,CO_MARSA_IMMOBILIERE,associe,corporate,probable,SP_ec5673aee77916082001
PERSON_MZABI_MZOUGHI,CO_MARSA_IMMOBILIERE,gerant,corporate,probable,SP_058573deddbf24dd6b0f
PERSON_BENAYED_ABDELWAHEB,CO_AGRICOLE_SABA,association_president,corporate,certain,SP_1d4aa163e24a2d345248
PERSON_HAMAMI_HABIB,CO_MIXER_TUNISIE,gerant,corporate,certain,SP_9076455e6bc958de1591
PERSON_MABROUK_MOHAMED_MARWEN,CO_HOTELIERE_GAMMARTH_NORD,president_ca,corporate,probable,SP_3e6c91e8ceab01835cc4
PERSON_ISMAIL_HICHEM,CO_IMPRIMERIE_EDICHEM,gerant,corporate,certain,SP_82a63fbe3b2a117253ad
PERSON_KRIAA_SKANDER,CO_CITY_STREET_IMMOBILIERE,gerant,corporate,probable,SP_f7dafe120184002d7cfa
PERSON_STA_LAZHAR,CO_BINA_CORP,pdg,corporate,certain,SP_2fe51b53d31d87f304bf
PERSON_HAMAMI_CHEDLI,CO_EUROBAT_LOGISTIC,gerant,corporate,certain,SP_200eecc08dacadf4c44f
PERSON_GHERISI_RIDHA,CO_TUNISO_FRANCAISE_DECLAIRAGE,gerant,corporate,certain,SP_2c00bffede59bca9f230
PERSON_ABDELHANEN_ALA,CO_ALLEMAND_TUNISIENNE_COMMERCE,gerant,corporate,certain,SP_4ee386687798058bc090
PERSON_YAHIA_MOURAD_BENHADJ,CO_INSIDE,gerant,corporate,certain,SP_08f4a1fde38829332fe9
PERSON_GHARBI_IMED,CO_CIFE_WATER_ENERGY,gerant,corporate,certain,SP_0466349d2122d964c5ef
PERSON_BELHAHIA_FAOUZI,CO_BANQUE_TUNISIE,pdg,corporate,probable,SP_eca76edcf2ba84e88179
PERSON_ABDALAH_ALIA,CO_BANQUE_TUNISIE,dg,corporate,certain,SP_fa3ce802d364b50a305f
PERSON_SASI_KOUTHEIR,CO_SECURAS,dga,corporate,certain,SP_312ed5a753915e924cc3
PERSON_BOURICHA_ABDELHAMID,CO_GIPA,president_ca,corporate,certain,SP_6e04847f6163f44c3d19
PERSON_MABROUK_ALIA_BAKRI,CO_INTERBRANDS,gerant,corporate,probable,SP_9830544b9b7283094375
PERSON_BAKIR_ALIA_MABROUK,ORGE_69b9205dfcf174d48af9,gerant,corporate,probable,SP_40840041b3735fa0a314
PERSON_KHEMAKHEM_MONCEF,CO_SANI_CONFORT,unspecified,corporate,certain,SP_7792ac0382b119386e9b
PERSON_ELOUNI_SAMI,CO_SOPRACO,administrateur,corporate,certain,SP_fd289c0e903197194ea3
PERSON_ELOUNI_SOFIENE,CO_SOPRACO,administrateur,corporate,certain,SP_f0acb9595413efe50040
PERSON_ELOUNI_SAMI,CO_SOPRACO,pdg,corporate,certain,SP_96c4ee715e21cebcf5f4
PERSON_TRIKI_ALI,CO_FARHAT_HACHED_MEDICAL,unspecified,corporate,probable,SP_df11a404c6b600b0b051
PERSON_CHAABANE_SONIA,ORGE_a4e382f5f87f756116d7,gerant,corporate,certain,SP_ff0f6a7dff09ee6f8e2b
PERSON_HACHICHA_MOHSEN,CO_MEUNIERE_TUNISIENNE,unspecified,corporate,certain,SP_955d05f3e3c9fa3d6d34
PERSON_GUERMAZI_TIJANI,CO_MEUNIERE_TUNISIENNE,unspecified,corporate,certain,SP_4fcd5d28961e885862c4
PERSON_HACHICHA_FETHI,CO_MEUNIERE_TUNISIENNE,unspecified,corporate,certain,SP_cfebb0657347f528bfbb
PERSON_HACHICHA_SOUHEIL,CO_MEUNIERE_TUNISIENNE,unspecified,corporate,certain,SP_0d017b8180c4444c24e2
PERSON_HACHICHA_SAMI,CO_MEUNIERE_TUNISIENNE,unspecified,corporate,certain,SP_c9ecc032b9662de11147
PERSON_SAIDI_AHMED,CO_BIO_ENERGY_TUNISIA,pdg,corporate,certain,SP_b5742ba6ea6c2257de10
PERSON_PASTRE_OLIVIER,CO_INTERNATIONAL_MAGHREB_MERCHANT_BANK,administrateur,corporate,certain,SP_cb837a8bca797e554c1e
PERSON_BOUSNINA_KACEM,CO_INTERNATIONAL_MAGHREB_MERCHANT_BANK,administrateur,corporate,certain,SP_a7f45796ac92cba3fede
PERSON_BENBOUZID_FERID,CO_INTERNATIONAL_MAGHREB_MERCHANT_BANK,administrateur,corporate,certain,SP_0db220feb64cb72cf7f5
PERSON_TRIKI_MOHAMED_TAREK,CO_INDUSTRIELLE_DEXPLOITATION_MATIERES_ORGANIQUES_SIEMO,gerant,corporate,certain,SP_2cdfd31cf902f2c831f2
PERSON_BENAYED_ABDELWAHEB,CO_ALMES,association_president,corporate,certain,SP_abf792e5c5fefdd07363
PERSON_BOURICHA_ABDELHAMID,CO_DAKHLA,association_president,corporate,certain,SP_387b1e6ed9eb98efe0c5
PERSON_HAMAMI_MOEZ,CO_NOUVEL_HORIZON_PLUS,gerant,corporate,certain,SP_9594a4fd2c0e70c1aac9
PERSON_KILANI_RAFIK,CO_MEDICIS_INTERNATIONAL,cogerant,corporate,certain,SP_d41c229c519fb0b1b567
PERSON_KILANI_LASAAD,CO_MEDICIS_INTERNATIONAL,cogerant,corporate,certain,SP_cb2ab4776f83c1f0b957
PERSON_NASRI_KAMEL,CO_LINDA_APPAREIL_FASHION_SOLAF,gerant,corporate,certain,SP_f538008ce5c98716c4ab
PERSON_FOURATI_KHALED,CO_SEET_TELMAGH,cogerant,corporate,certain,SP_9ecd87d9b1d3a4294326
PERSON_BENAYED_SLIM,CO_ASTER_INFORMATIQUE,association_president,corporate,certain,SP_aaab350630f65c301a2d
PERSON_TRIKI_MOHAMED,CO_CHAABENE_IMMOBILIERE,gerant,corporate,certain,SP_de10cdeda432d7579706
PERSON_MHENI_LEILA,CO_CONGELATION_TOUS_PRODUITS_PECHE_AGRICOLE_SOCEPA,unspecified,corporate,certain,SP_cf9c7cd58c8fbafcc1a9
PERSON_TRABELSI_SOUAD,CO_CONGELATION_TOUS_PRODUITS_PECHE_AGRICOLE_SOCEPA,unspecified,corporate,certain,SP_97ea36a9c630a12c66ec
PERSON_ZOUARI_MOHAMED,CO_DHILEL_IMMOBILIERE,gerant,corporate,certain,SP_e55f0cd1a73eb0ffb3c7
PERSON_TOUNISI_BILEL,CO_TOUNSI_CONFECTION_TOUTEX,gerant,corporate,certain,SP_d4d679d95a8d1de24391
PERSON_BENAYED_MOURAD,ORGE_44d8a595fffc60a6fe3b,gerant,corporate,certain,SP_1d16caead8f15d4318e8
PERSON_BENCHAABANE_NAAMA_ELOUMI,ORGE_896b7ac62ad9e3b93d2e,pdg,corporate,certain,SP_5e36bd7cdb35d7b0b603
PERSON_SLAMA_NOUREDINE,CO_BOULANGERIE_MARQUISE,gerant,corporate,certain,SP_e30e5075160a5bbfe76a
PERSON_MABROUK_YOUSEF,CO_NOVA_MEUBLE,association_president,corporate,certain,SP_2988eb1b037af06116e4
PERSON_ALBRECHT_MARKUS,CO_INTERNATIONAL_TELE_CONSULTANTS,gerant,corporate,certain,SP_caee1e7ec43d62e306f0
PERSON_BOUOUD_KILANI,CO_YASMIN_DEQUIPEMENT_MECANIQUE_ELECTRONIQUE_SYEME,gerant,corporate,certain,SP_a5133f994cc5a7946a2d
PERSON_CHAABANE_MOHAMED,CO_ETTAOUFIK_FRUITS_SECS_SEFRUS,gerant,corporate,probable,SP_41174a3a756ec035efc2
PERSON_MELOUSE_MOHAMED,CO_ERRYADA_PROMOTION_IMMOBILIERE,pdg,corporate,certain,SP_78677f1bffc068f52d3c
PERSON_KSIAA_HEDI,CO_ATTIJARI_SICAR,dg,corporate,certain,SP_b1b8f6115aa40491df29
PERSON_ZIDI_MONGI,CO_ARCHIMED_TUNISIE,pdg,corporate,probable,SP_8b5e8b1df110018ee5c7
PERSON_CHAABANE_MAHER_BENABDELHAMID,CO_GREGOIRE,gerant,corporate,certain,SP_d141fabf85fbbd65a5f0
PERSON_SASI_CHOKRI,CO_PLAISANCE_NAUTIQUE,gerant,corporate,certain,SP_34f4e766b9b281ede1ee
PERSON_JENANE_MONCEF,ORGE_0f86d46fa784fd631511,unspecified,corporate,certain,SP_9f91998c4b647a452b0f
PERSON_MZABI_MZOUGHI,ORGE_0f86d46fa784fd631511,unspecified,corporate,probable,SP_73aaf4203d9da56e1807
PERSON_MZABI_MOHAMED_SADOK,ORGE_0f86d46fa784fd631511,unspecified,corporate,probable,SP_1abe5133a32557977ef1
PERSON_JENANE_MONCEF,ORGE_0f86d46fa784fd631511,pdg,corporate,certain,SP_b2c63a0877430372d666
PERSON_BENAYED_TAOUFIK,CO_MED_OIL_COMPANY,president_ca,corporate,certain,SP_c5ff4fe2df030514284c
PERSON_JENDOUBI_KAMEL,ORGE_5a25b672db2770644667,pdg,corporate,certain,SP_7a162bd624440e2f70bd
PERSON_BENGHORBAL_NACEUR,ORGE_fbbe9dcfd8d9025164dd,pdg,corporate,probable,SP_7500ba481d6113d42d54
PERSON_GUEDOUAR_SONIA,CO_CITIBANK,dg,corporate,certain,SP_8da9614e7a0dcd56274d
PERSON_SELAMI_AHMED,ORGE_e8ccaa502587e86c590d,gerant,corporate,certain,SP_f209fe0950ab903c0c41
PERSON_BAABOURA_ALI,CO_MEDIGEL,gerant,corporate,certain,SP_3f341d1416324c0a038d
PERSON_ELOUMI_FAOUZI,CO_COFAT_MATEUR,pdg,corporate,certain,SP_2718030e683d470767a7
PERSON_ZOUARI_SAIDA,CO_IMMOBILIERE_CONCORDE,administrateur,corporate,certain,SP_0b60d43f5e76c49ccdf9
PERSON_ZOUARI_NEDRA,CO_IMMOBILIERE_CONCORDE,administrateur,corporate,certain,SP_4d6fb8b89853f1c627ac
PERSON_AZABI_SLIM,CO_NORTH_AFRICA_GROUP,unspecified,corporate,certain,SP_e04399215bdcbc2d6be9
PERSON_TRIKI_SAMEH,CO_INTERNATIONALE_MARITIME_INTERMAR,administrateur,corporate,certain,SP_64fdd3b71355781e96a9
PERSON_BOURICHA_MOHAMED_TAHER,CO_AGENCE_MARITIME_TAHER_BOURICHA_CIE,president_ca,corporate,certain,SP_8cd1a567ecd6fd7a0001
PERSON_BOURICHA_SONIA,CO_AGENCE_MARITIME_TAHER_BOURICHA_CIE,dg,corporate,certain,SP_8108fcd219aa470529d6
PERSON_BOURICHA_MOHAMED_TAHER,CO_AGENCE_MARITIME_TAHER_BOURICHA_CIE,unspecified,corporate,certain,SP_51e281fca684ef49d033
PERSON_BOURICHA_MOHAMED_HEDI,CO_AGENCE_MARITIME_TAHER_BOURICHA_CIE,unspecified,corporate,certain,SP_bf866490485cf8bd7ab3
PERSON_BOURICHA_SONIA,CO_AGENCE_MARITIME_TAHER_BOURICHA_CIE,unspecified,corporate,certain,SP_2c6799faddb80425ebf0
PERSON_GRISA_MOHAMED,CO_IMPRIMERIE_EL_ASRIA,gerant,corporate,certain,SP_06c478c3c29b2a013153
PERSON_HAMAMI_SOFIEN,CO_MIS,gerant,corporate,probable,SP_807ddb758025a0b06eed
PERSON_ELGHOUL_HAZEM,CO_SERPHADOM,pdg,corporate,certain,SP_92f153717c31e3175773
PERSON_BOUZGUENDA_MOHAMED,CO_SIDI_OTHMANE,president_ca,corporate,certain,SP_1703a785c21b65c14f48
PERSON_HACHED_JALEL,ORGE_0ea3e684a45eb48d24ff,gerant,corporate,certain,SP_4c5636ac3ed4160731db
PERSON_KAMOUN_MOHAMED_KARIM,CO_ZEPHIR_HOTEL,gerant,corporate,probable,SP_dae75fce9aa7fe09a81b
PERSON_MHIRI_MOHAMED_MALEK,CO_VARIETES_INUDSTRIELLES,associe,corporate,probable,SP_db142a58425785ebc3c9
PERSON_JERIBI_TAREK,CO_FRANCE_TUNISIE_INVESTISSEMENT,pdg,corporate,certain,SP_3f1ca017cde28c8c3b7b
PERSON_BENAYED_ABDELWAHEB,CO_AGRICOLE_SIDI_DAOUED,gerant,corporate,certain,SP_daa3ac745e5d49cf4ecc
PERSON_BENALI_MOHAMED,CO_EL_IMTIAZ_PECHE,gerant,corporate,certain,SP_6b68d9c42fa42e1a458f
PERSON_ZAMEL_ABDELHAMID_AYACHI,CO_HERBES_TUNISIE,gerant,corporate,certain,SP_ba6d4bc82f52b9d56cf6
PERSON_JELOULI_NOUREDINE,ORGE_4a8d16f9f6ec0495c4e0,president_ca,corporate,probable,SP_de835258031ab6dd26b8
PERSON_ZENAIDI_AMEL_KADHI,CO_SMALT_INVESTISSEMENT,administrateur,corporate,certain,SP_68c4a136dcc1f35df0b6
PERSON_SLAMA_CHIHEBEDINE,CO_SLAMA_SICAF,administrateur,corporate,certain,SP_45371e91a43bfe5ded88
PERSON_DKHILI_MOHAMED,CO_GROUPE_ASSURANCES_TUNISIE,dg,corporate,certain,SP_276e898a8a401d219ac5
PERSON_MHIRI_NEJI,CO_HOTELIERE_EL_KANTAOUI,dga,corporate,certain,SP_9340934520fce28f88fc
PERSON_ABAS_SADREDINE,CO_STAROIL,dga,corporate,certain,SP_4198335041940d97ee5c
PERSON_BARDAA_CHOKRI,CO_GAT,gerant,corporate,certain,SP_fb26d0d80f7a5b96fd0d
PERSON_ELHAMROUNI_MOHAMED_BENHASOUN,CO_HAMROUNI_GRANDS_TRAVAUX,gerant,corporate,certain,SP_b71956b181f283f3c214
PERSON_MATERI_ANISA,CO_TUNISIAN_INTERNATIONAL_TEXTILE_INDUSTRIE,administrateur,corporate,certain,SP_b662297f2cb31eb5ffb4
PERSON_MABROUK_ISMAIL,CO_TUNISIENNE_CHOCOLATERIE_CONFISERIE,president_ca,corporate,certain,SP_c776dc664eafa57ac838
PERSON_MELITI_HEDI,CO_TUNISIENNE_CHOCOLATERIE_CONFISERIE,dg,corporate,certain,SP_6fc3299ec60409218948
PERSON_KACEM_MOHAMED,CO_KACEM_ELECTRONIC_INDUSTRIE,gerant,corporate,certain,SP_c8c84497ddd8f5368b0e
PERSON_AREM_MOHAMED_ANIS,CO_ALDIANA_DJERBA,president_ca,corporate,certain,SP_19657bc9f73218549406
PERSON_SLAMA_ABDELHAKIM,CO_PACKPLUS,administrateur,corporate,probable,SP_5a4492118dc08cd658df
PERSON_SLAMA_LASAAD,CO_PACKPLUS,administrateur,corporate,probable,SP_5c5c8ff867b4487c53e1
PERSON_SLAMA_MOHAMED_AMIN,CO_PACKPLUS,administrateur,corporate,probable,SP_9fafdaa9f7b4e4c1cbb1
PERSON_SLAMA_MOHAMED_AMIN,CO_PACKPLUS,pdg,corporate,probable,SP_fff7032dd72f7f1ac18c
PERSON_KOOLI_MAHBOUBA,CO_TISSU_EPONGE_SPONGITEX,pdg,corporate,certain,SP_8693225a4d11337fd43a
PERSON_BENSEDRINE_MOHAMED,CO_TUNISIAN_HOTELS_TOURISM_SERVICE_JERBA_SUN_CLUB,president_ca,corporate,certain,SP_305ad22c916fb05e32dc
PERSON_BENSEDRINE_KARIM,CO_TUNISIAN_HOTELS_TOURISM_SERVICE_JERBA_SUN_CLUB,dg,corporate,certain,SP_af4f044417d4eaaa6b6d
PERSON_NEBGHA_SALEM,CO_VECTORYS_TUNISIE,pdg,corporate,certain,SP_144aa3e3cda1591c2fbb
PERSON_GHALI_RIADH,CO_AFRICA_INDUSTRIE,president_ca,corporate,certain,SP_8e5315920ea08415c277
PERSON_ENIGROU_MOHAMED_SAHBI,CO_ENGINEERING_PROCUREMENT_PROJECT_MANAGEMENT,administrateur,corporate,certain,SP_2f13c5ae6e49bc61a933
PERSON_BOUSBIAA_MONGI,CO_FERMETURES_EMBALLAGES_EN_PLASTIQUE,pdg,corporate,probable,SP_d749234b27c959086dd0
PERSON_AJLANI_LASAAD,CO_FERTEX,gerant,corporate,certain,SP_cabeb27968e0dcf1bbdc
PERSON_BAYAHI_TAHER,CO_SERVICE_AUTO_SSA,gerant,corporate,certain,SP_e5f5029683d038803209
PERSON_SASI_CHOKRI,CO_CARRIERES_BATIMENT,gerant,corporate,probable,SP_7dc0c51c88d43fefde4f
PERSON_MHIRI_SAMI,CO_CARRIERES_BATIMENT,gerant,corporate,certain,SP_b80bc7b51cde68e41f03
PERSON_SASI_CHOKRI,CO_CARRIERES_BATIMENT,cogerant,corporate,certain,SP_f4e4b9b58a35ec2eec91
PERSON_ESAYAH_HABIB,CO_EURO_CYCLES,pdg,corporate,certain,SP_9d173b72600502fd5b39
PERSON_AREM_ABDELHALIM,CO_BEST_BUY,gerant,corporate,certain,SP_01674016b1112d6d5722
PERSON_HORCHANI_JAMIL,CO_HORCHANI,gerant,corporate,certain,SP_1160c9ef79d0ea09596f
PERSON_BENSEDRINE_MOHAMED,CO_PROMINVEST,pdg,corporate,certain,SP_5c587fec1bb05f6ab424
PERSON_MABROUK_MOHAMED_NEJIB,CO_ARALCO,pdg,corporate,certain,SP_1a624857e7bb13f8249e
PERSON_ESAYAH_HABIB,CO_EURO_CYCLES,association_president,corporate,certain,SP_9d8a0ab64fb1f9feb678
PERSON_GHAZI_MOURAD,CO_EURO_CYCLES,administrateur,corporate,probable,SP_f7184c25b0dc03ccbd12
PERSON_BENYOUSEF_ABDELAZIZ,CO_EURO_CYCLES,administrateur,corporate,probable,SP_7c6f7294ac2caad2a27b
PERSON_SELAMI_MOHAMED,CO_DIAMANT_BLANC_NETTOYAGE_SERVICE,gerant,corporate,certain,SP_733efeb47f9b365e635c
PERSON_FAKHFAKH_MOHAMED_MONCEF,CO_SALMA,commissaire_aux_comptes,state,certain,SP_d849cc39fd1fd177ab21
PERSON_BOUSBIA_MOHAMED,CO_BANQUE_CENTRALE_TUNISIE,dg,state,certain,SP_cf8b9bf8390f3248dd6f
PERSON_ABAS_HAMADI,ORGE_2c3fabd764636f7df69b,gerant,state,certain,SP_9526bf3d41b22e209e94
PERSON_ABAS_FERID,ORGE_2c3fabd764636f7df69b,gerant,state,certain,SP_8028f4b7c5889110cc1b
PERSON_AMAR_HABIB,ORGE_ee5dc28a91fbc4865ae8,conseiller,state,certain,SP_b29a0e1c796481445f02
PERSON_KAROUI_RIADH,GOV_MINISTERE_FINANCES,chef_de_service,state,certain,SP_5f4e29de229b2dcd535a
PERSON_MEKI_ALI,GOV_MINISTERE_FINANCES,chef_de_service,state,certain,SP_c768bc4a91731e732a18
PERSON_GABOUJ_RIDHA,ORGE_14fc9d7ab216f1fedac6,unspecified,state,certain,SP_3f7ee1e56949e5d39ef6
PERSON_BENSALEM_MONCEF,CO_TRANSPORT_SAHEL,chef_de_service,state,certain,SP_a88cc439a01f49739b7e
PERSON_BOUSLAMA_BOUBAKER,GOV_MINISTERE_L_EQUIPEMENT_L_HABITAT_L_AMENAGEMENT_TERRITOIRE,chef_de_service,state,certain,SP_37ee107f2aba6b145cf3
PERSON_ZAABI_LOTFI,ORGE_14fc9d7ab216f1fedac6,unspecified,state,certain,SP_5f090152269264e1b8ad
PERSON_AMAR_HABIB,ORGE_ee5dc28a91fbc4865ae8,minister,state,certain,SP_fa51119eae978a21a58c
PERSON_KAROUI_RIADH,GOV_MINISTERE_FINANCES,unspecified,state,certain,SP_604b27f9da548af7023d
PERSON_BENOUR_FETHI,GOV_MINISTERE_L_INDUSTRIE,sous_directeur,state,certain,SP_2a3a0131f4ac1984d47f
PERSON_BENSALEM_MONCEF,CO_TRANSPORT_SAHEL,sous_directeur,state,certain,SP_03f26d61e6673acb7a7e
PERSON_BOUSLAMA_BOUBAKER,GOV_MINISTERE_L_EQUIPEMENT_L_HABITAT_L_AMENAGEMENT_TERRITOIRE,sous_directeur,state,certain,SP_fa84bf613e202c957198
PERSON_JEBALI_HELMI,GOV_MINISTERE_SANTE_PUBLIQUE,chef_de_service,state,certain,SP_0a1c4e6b12351c9b5ae8
PERSON_BOUMALOUKA_HICHEM,GOV_MINISTERE_FINANCES,chef_de_service,state,certain,SP_8cc34c5204237e776d0a
PERSON_MEKI_ALI,GOV_MINISTERE_FINANCES,unspecified,state,certain,SP_b5931b6676735408f0c6
PERSON_WAHBI_SOUAD,GOV_MINISTERE_DOMAINES_L_ETAT_AFFAIRES_FONCIERES,conseiller,state,certain,SP_2f4ee3011bd0114146d5
PERSON_JEBALI_HELMI,GOV_MINISTERE_SANTE_PUBLIQUE,sous_directeur,state,certain,SP_15d0968ace4988808c64
PERSON_BENALGIA_IBTISEM,GOV_MINISTERE_FINANCES,chef_de_service,state,certain,SP_aa9c3414853263187204
PERSON_MABROUK_ALIA,ORGE_b0da17e376a678a08deb,unspecified,state,certain,SP_20767170e6f463179f57
PERSON_BOUSLAMA_BOUBAKER,GOV_MINISTERE_L_EQUIPEMENT_L_HABITAT_L_AMENAGEMENT_TERRITOIRE,unspecified,state,certain,SP_933a0c88b86df9b2a484
PERSON_KEDHR_NOURDINE,ORGE_5c61a4a27f7c0721ee66,sous_directeur,state,certain,SP_e64c77a3e525e087e543
PERSON_BENAMOR_JAWAHER,GOV_MINISTERE_FINANCES,administrateur,state,certain,SP_c7d6a1287e62ed18973d
PERSON_BENSALEM_MONCEF,CO_TRANSPORT_SAHEL,administrateur,state,certain,SP_d0bfd69fc51a90f081ea
PERSON_BENOUR_FETHI,ORGE_7708f6bb8272c831db6b,dg,state,certain,SP_4f227a33a6c5afd0352b
