from_node_id,to_node_id,role_canonical,layer,certainty,spell_id
PERSON_MZAH_LASAAD,CO_SMVDA_RAOUDHA,representant,corporate,certain,SP_1ef2c5c1d9ef8a286be0
PERSON_MZAH_LASAAD,CO_SMVDA_RAOUDHA,pdg,corporate,certain,SP_ff3be79b0e40cec0efec
PERSON_ROBERT_JEAN_LUC_PHILIPE,CO_AIR_LIQUIDE_TUNISIE,dg,corporate,probable,SP_f351bcee7b71cdfb1c9b
PERSON_ROBERT_JEAN_LUC_PHILIPE,CO_AIR_LIQUIDE_TUNISIE_SERVICES,dg,corporate,probable,SP_0ecddb4b5496a3fac5e0
PERSON_HAMAMI_MOHAMED,CO_PROGRES_INDUSTRIEL,gerant,corporate,certain,SP_23dea1cde43f86403a8e
PERSON_BOUJBEL_INES,CO_DEYMA,gerant,corporate,certain,SP_9d62beef2340c810bd79
PERSON_BOUJBEL_INES,CO_DEYMA,gerant,corporate,probable,SP_ba92bf8ad4aad99c4af9
PERSON_ZOUAOUI_BELHASEN,CO_DAPPAREILLAGE_EQUIPEMENT_SCIENTIFIQUE_AES,gerant,corporate,probable,SP_5f609309fb257362dcce
PERSON_HAFOUDHI_SLAHEDINE,CO_FONDATION,dg,corporate,probable,SP_2f86503c0187547abf14
PERSON_BEYRAKDAR_HATEM,CO_TECHNOGAS,pdg,corporate,certain,SP_08391739732a4d7a759f
PERSON_KILANI_KAIS,CO_TUNISIE_EVIERS_CUCCINA,commissaire_aux_comptes,corporate,certain,SP_4a59fc539c24aca2ab8b
PERSON_KILANI_KAIS,CO_TUNISIE_EVIERS_CUCCINA,pdg,corporate,certain,SP_2b3caf9ebb20ab356b13
PERSON_SASI_AHMED,CO_PYRAMIDES_PARFUMS,gerant,corporate,certain,SP_07ab876e04075ef94067
PERSON_MHIRI_SAMI,CO_TOURISTIQUE_EL_MOURADI,gerant,corporate,certain,SP_0d87e1c51e26201c68f2
PERSON_GHORBEL_SLIM,CO_AFRICA_ELECTRIQUE,unspecified,corporate,certain,SP_d39928c614d8f732a4b1
PERSON_GHORBEL_SLIM,CO_MOHAMED_GHORBEL,unspecified,corporate,certain,SP_de857cb56bfc7600e196
PERSON_JELOULI_NOUREDINE,CO_CEPTUNES,president_ca,corporate,certain,SP_f85f5645f40971d73844
PERSON_CHAOUECH_HEDI,CO_GABRIELLE_NAUTIQUE,gerant,corporate,certain,SP_0d0edd983d8eb684da91
PERSON_DERBEL_FAYCEL,CO_AGRICOLE_TESTOUR,commissaire_aux_comptes,corporate,certain,SP_2d9ce043d7dc38fcd29b
PERSON_SASI_KHALED,CO_ELECTRONIQUE_INDUSTRIEL_TELECOM_SERVICES,gerant,corporate,certain,SP_3d36b47d8262e3201295
PERSON_BENKHALIFA_SAID,CO_NOS_ENFANTS,gerant,corporate,certain,SP_edd37fac0d1094deaed9
PERSON_BENAOUN_ALI,CO_AMEN_CONFORT_BRIMA,commissaire_aux_comptes,corporate,certain,SP_6f41009ee4329e15ba6f
PERSON_MAHMOUDI_HOUDA,CO_ERRAHMA_DEXPLOITATION_AGRICOLE,gerant,corporate,certain,SP_b255745effc94594ec77
PERSON_AMDOUNI_MOURAD,CO_SCEMAF,commissaire_aux_comptes,corporate,certain,SP_46ddac1fa7164e6b26a4
PERSON_BAYAHI_TAHER,CO_ISICOM,gerant,corporate,certain,SP_e3545ab9af5085a7f18b
PERSON_FARSI_MOHAMED,CO_SOCOMENIN,unspecified,corporate,certain,SP_fbe4103c19873a8b8e0e
PERSON_BENSEDRINE_FERIEL_BENALI,CO_SAFTY,gerant,corporate,probable,SP_fb120c33e089e1a5a206
PERSON_ABDELKEFI_MOHAMED,CO_CIVILE_IMMOBILIERE_ROMAIN_VILLA,gerant,corporate,certain,SP_36157ca9d34a364d6100
PERSON_DKHILI_BELGACEM,CO_TUNISIENNE_BOISSONS_CENTRE_STBC,president_ca,corporate,certain,SP_81c57f1eb9126ed39640
PERSON_DKHILI_BELGACEM,CO_TUNISIENNE_BOISSONS_CENTRE_STBC,representant,corporate,certain,SP_af99a554d0cb0f5df632
PERSON_KHEMAKHEM_MONCEF,CO_TUNISIENNE_INDUSTRIES_NAUTIQUES,pdg,corporate,certain,SP_3d3ce240c16492326d41
PERSON_CHAIEB_MOEZ,CO_CHAIEB_MARBRE,dga,corporate,certain,SP_b5d01ae56b32ffc8ede8
PERSON_TRABELSI_MOHAMED,CO_PROMOTION_RESEAUX_DISTRIBUTION,gerant,corporate,certain,SP_dba923f584cbfa472baf
PERSON_CHAIEB_ZOUBEIR,CO_GLOBAL_TELECOM,president_ca,corporate,certain,SP_63cc00dd88122e574eca
PERSON_LOUKIL_MOEZ,CO_SOTEFI,dg,corporate,certain,SP_ac0f866607e6522862cc
PERSON_KAMOUN_MONCEF,CO_TEKNIKA,gerant,corporate,certain,SP_e76fb2c8baa2ec9b45af
PERSON_DJILANI_HEDI,CO_CRJ_CONSTRUCTION,pdg,corporate,certain,SP_ba5ef6912a4f6bee9768
PERSON_BENMESAOUED_MONGI,CO_NOVASTORE_PRINT,gerant,corporate,certain,SP_82c2b5e8a34e6ea23e15
PERSON_SAIDANE_MOHAMED,CO_SAIDANE_TEINTURERIE_TISSAGE_SOSTISS,cogerant,corporate,probable,SP_ded6cd48b4c5ffc98a15
PERSON_BENCHAABANE_NAAMA_ELOUMI,CO_ELLOUMI,association_president,corporate,certain,SP_9e64243c309d2ec20434
PERSON_BELHIBA_ABDELAZIZ,CO_TETHYS_PETROLEUM_COMPANY,pdg,corporate,certain,SP_9c11b22bb55a48bf9acf
PERSON_JARAYA_SOFIEN,CO_SOFPINCE,gerant,corporate,certain,SP_afc4a1f7741ff1d1f098
PERSON_MHIRI_MOURAD,ORGMENTION_EL MOURADI SKANES BEACH 2003,pdg,corporate,certain,SP_b64b0e73704a4cd3cf10
PERSON_MOALA_TAHA,CO_CONFECTION_MODERNE_EL_AMRA_CMA,gerant,corporate,certain,SP_fe01c9cc270a1482ec8e
PERSON_MARNONI_MARIO,CO_BELLA_ITALIA_TUNISIA,gerant,corporate,certain,SP_ad39ee7256d0b9401cf6
PERSON_BENSAID_ABDELJELIL,CO_INOV,gerant,corporate,certain,SP_b152992087e5580e1b8b
PERSON_DERBEL_FAYCEL,CO_AURES,commissaire_aux_comptes,corporate,certain,SP_52ad52b3a3d5c0ca71d0
PERSON_DERBEL_FAYCEL,CO_EXPEL_CALL_CENTER,commissaire_aux_comptes,corporate,certain,SP_b34bf9cc510f3d6b3339
PERSON_TRIKI_MOHAMED_RADHOUANE,CO_MICROLUX,pdg,corporate,certain,SP_dc2f8277ef92a4d9f11f
PERSON_TRIKI_MOHAMED_SADOK,CO_MICROLUX,dga,corporate,certain,SP_8608a53609d6411a3397
PERSON_AMAR_MOHAMED,CO_MASTER_SERVICES_AND_ASSISTANCE,gerant,corporate,certain,SP_4ce6331d63a82c283201
PERSON_BOURICHA_RADHIA,CO_AFRICA_MODE,pdg,corporate,certain,SP_871b52a14224a4c82348
PERSON_TROJETE_NEJIB,CO_LUSTRERIE_MODERNE,dg,corporate,certain,SP_db883295ac59b89eb090
PERSON_SELAMI_JALEL,CO_DRINKS_AND_FOOD,commissaire_aux_comptes,corporate,certain,SP_41ccb1924b9cacc76b5b
PERSON_ABDENADHER_HABIB,CO_ABDENNADHER_DESIGN,gerant,corporate,certain,SP_2079c006efe1b39b10af
PERSON_CHAKROUN_NASR_ALI,ORGMENTION_Transformation de la forme de la société,dg,corporate,certain,SP_21ed80cab1fa4b80e431
PERSON_ELABED_MOUNIR,CO_SUCRERIE_EL_ABED,pdg,corporate,certain,SP_441578a3692cfbd9a4dc
PERSON_BOURICHA_ABDELHAMID,CO_AGRICOLE_JSK,gerant,corporate,certain,SP_354993822c243c180a79
PERSON_SAADALAH_KAMEL,CO_CARTHAGE_FOOD,gerant,corporate,certain,SP_6c545638f3c024971766
PERSON_BELAAJ_ABDELWAHEB,CO_SOPAL,administrateur,corporate,certain,SP_dfe8a05ecb4a0898f44f
PERSON_BOUALI_GHAZI,CO_GOLDEN_BIRD_SICAR,administrateur,corporate,certain,SP_2228f3004efa868aae17
PERSON_BOUALI_GHAZI,CO_GOLDEN_BIRD_SICAR,dg,corporate,certain,SP_41cf3b31670210564b28
PERSON_MZABI_SADOK,CO_MAGHREB_MOTORS,gerant,corporate,certain,SP_66d5da6e46e0c809f319
PERSON_TLILI_LAKHDHAR,CO_INDUSTRIES_CHIMIQUES_FLUOR,pdg,corporate,certain,SP_8585ce30e2931903eb5c
PERSON_BENKHELIL_LATIFA,CO_SANCELLA,administrateur,corporate,probable,SP_57d56f51a95ca3db1b62
PERSON_BENSAID_MEHDI,CO_NORMECA,gerant,corporate,certain,SP_4e4bad5013368fcc95c4
PERSON_KALEL_ABDELWAHEB,ORGMENTION_Saphir Tunisie,fondateur,corporate,certain,SP_ed81fa603e8a77bc7f5f
PERSON_ATIA_AHMED,ORGMENTION_Institut Privé Supérieur des Affaires,administrateur,corporate,certain,SP_743f983214741467819e
PERSON_MAHJOUB_BECHIR,ORGMENTION_Institut Privé Supérieur des Affaires,administrateur,corporate,certain,SP_ead09734d13b21b4daf9
PERSON_BENARAB_LOTFI,CO_IMPRIMERIE_BEN_ARAB_CIE,gerant,corporate,certain,SP_51c99be530942e27df2a
PERSON_AZABOU_FAYCAL,CO_CAPTAIN_SINDBAD,cogerant,corporate,certain,SP_894a8cdacffc741da494
PERSON_ESAFI_ABDELWAHEB,ORGMENTION_d'administration du commissaire aux,pdg,corporate,certain,SP_75a9d70c5cbf0d8257c2
PERSON_BOUDEN_MAHMOUD,ORGMENTION_d'administration du commissaire aux,unspecified,corporate,certain,SP_0f0d21946b124dd45e72
PERSON_BENKHEMIS_MOHAMED_TAOUFIK,ORGMENTION_d'administration du commissaire aux,administrateur_delegue,corporate,certain,SP_ba1980222b688780802e
PERSON_ZAHAG_OTHMAN,CO_ATI_SICAF,administrateur,corporate,certain,SP_9ab80c082666a587535f
PERSON_HAMDI_JAMEL,CO_GENERAL_ENGINEERING_INDUSTRIAL_CONSTRUCTION,gerant,corporate,certain,SP_8970e5ddbb6eca3a753b
PERSON_BOUDHINA_ISMAIL,CO_INDUSTRIELLE_TRANSFORMATION_PAPIERS_DEMBALLAGE_CARTONS_SITPE,unspecified,corporate,certain,SP_fc33b2a452365695c5bc
PERSON_BOUDHINA_ISMAIL,CO_INDUSTRIELLE_TRANSFORMATION_PAPIERS_DEMBALLAGE_CARTONS_SITPE,pdg,corporate,certain,SP_89ca317b02e0d1bf7bd0
PERSON_JEBNOUN_MOHAMED_HEDI,CO_SELECT_AGRICOLE_SERVICE,pdg,corporate,certain,SP_c0212b1d79419368b42a
PERSON_MAHJOUB_MOHAMED_SAHBI,CO_SELECT_AGRICOLE_SERVICE,dga,corporate,certain,SP_89891f6d343ae775640e
PERSON_BENAMAR_HASIB,CO_AGENCE_CONTROLE_TECHNIQUE_INTERNATIONALE,president_ca,corporate,certain,SP_3065937d8ca9a90f334d
PERSON_SELAMI_HASEN,CO_AGENCE_CONTROLE_TECHNIQUE_INTERNATIONALE,dg,corporate,certain,SP_f4b32747b3f40e28997c
PERSON_BENARBIA_NOUREDINE,CO_MAGHREB_HYGIENE,dg,corporate,certain,SP_dd93cee7ed3a40cbb917
PERSON_ESALAB_ELMAHJOUB,CO_TOURGUENESS,member,corporate,certain,SP_11e40db8ceedef19d71b
PERSON_CHOURA_MONCEF,CO_MORSI,gerant,corporate,certain,SP_a620dd0493ba57897333
PERSON_ELOUZE_MOHAMED_RIDHA,CO_GLOBAL_VIEW_INVEST_SICAF,pdg,corporate,certain,SP_032bd91b663a3f70dc72
PERSON_TRIKI_KHALED,CO_DAR_ELKHABIR_MANAGEMENT,president_ca,corporate,certain,SP_e460142c9bbd88bd9ada
PERSON_MHIRI_SAMI,CO_FRIGO_LINE,gerant,corporate,certain,SP_3208cce1c5ebd6997e04
PERSON_KILANI_SLIM,CO_IMMOBILIERE_VAGUE,gerant,corporate,certain,SP_d4ca21eaff897cda8678
PERSON_DRIS_MOHAMED_TAIEB,CO_PROFIL_METAL_DESNOYERS,administrateur,corporate,certain,SP_6647ad43ec2989a0aa03
PERSON_DRIS_CHIRAZ,CO_PROFIL_METAL_DESNOYERS,administrateur,corporate,certain,SP_7506a58c8dc03d4e81bf
PERSON_BENYOUSEF_LEILA_DRIS,CO_PROFIL_METAL_DESNOYERS,administrateur,corporate,certain,SP_f764e1e865fc6c15cb16
PERSON_ABAS_FERID,ORGMENTION_GASMARINE,administrateur,corporate,certain,SP_19d3330cbe2ff7c9a046
PERSON_MBAREK_YOUSRI,CO_CARRIERES_BEN_MBAREK_CIE_CM,cogerant,corporate,certain,SP_d50732d1bc7e93d2011b
PERSON_SLAMA_ABDELHAKIM,CO_PLAST_PACK,president_ca,corporate,certain,SP_070bac69b64e0105f169
PERSON_GDOURA_MOHAMED_AMINE,CO_BOUSSAOUD_PEINTURE_AUTOS,gerant,corporate,certain,SP_04ed9f5c0e417fc52d58
PERSON_TERZI_CHOKRI,CO_INFORMATION_MANAGEMENT_EXPERTS_IMEX,gerant,corporate,certain,SP_8cdab14bbacd7e562bd4
PERSON_TOUNSI_SLIM,CO_NOUR,gerant,corporate,certain,SP_8e446f10025827bc8ccd
PERSON_TRABELSI_MOEZ,CO_NOUR,gerant,corporate,certain,SP_cb60d0736692c3633ccc
PERSON_BOUSOFARA_SAMIRA,CO_PLASTIFILM,administrateur,corporate,certain,SP_d46dc7ae8f259d7509a2
PERSON_JAFOURA_ROUATBI,CO_PLASTIFILM,administrateur,corporate,certain,SP_cd7efbf9d7821aaf8d02
PERSON_ABIDA_RIADH,CO_SIDCO_SICAR,pdg,corporate,certain,SP_e008e45900aff5ff46d3
PERSON_CHEBI_MOHAMED_ALI,CO_MALEK_FASHION_DIFFUSION_SMFD,gerant,corporate,certain,SP_6210576b977d17d69b57
PERSON_BRAHAM_JAMEL,CO_MULTIMARQUES_GROUPE_MODE_TUNISIE,gerant,corporate,certain,SP_5321f687cf63e4c451e2
PERSON_TOUATI_CHALA,CO_MOULINS_SIDI_TLIL,administrateur,corporate,certain,SP_b2a41ffae9dcbbeb7371
PERSON_ZOUARI_ANIS,CO_EQUINOXE_PHARMA,gerant,corporate,certain,SP_763ada356b06295a1a5a
PERSON_TRIKI_MAHMOUD,ORGMENTION_Saphir Tunisie,commissaire_aux_comptes,corporate,certain,SP_6ae6e5380b72e4332519
PERSON_KALEL_ABDELWAHEB,ORGMENTION_Saphir Tunisie,president_ca,corporate,certain,SP_d32f672a26fb36b424b6
PERSON_KALEL_MEHDI,ORGMENTION_Saphir Tunisie,dg,corporate,certain,SP_efcf4a57f85efbf67a29
PERSON_CHABCHOUB_MOHAMED,CO_ABDENNADHER_REALISATION_RESEAUX_A2R,administrateur,corporate,certain,SP_601778c49084230f2090
PERSON_CHABCHOUB_MOHAMED_AMIN,CO_ABDENNADHER_REALISATION_RESEAUX_A2R,administrateur,corporate,certain,SP_d0471e307b460b7f7597
PERSON_BENCHAABANE_NAAMA_ELOUMI,CO_SOTEE,administrateur,corporate,probable,SP_8bac67bfd21db58dfda9
PERSON_BENCHAABANE_NAAMA_ELOUMI,CO_SOTEE,administrateur,corporate,probable,SP_23f8ceaad103d7c36b16
PERSON_BENCHAABANE_NAAMA_ELOUMI,CO_TUNISIE_ELECTROMENAGER_TEM,administrateur,corporate,certain,SP_f96c4af1c9bf22ca2731
PERSON_ESEGHAIER_ABDELKADER,CO_L_IMMOBILIERE_ECHARIFA,dga,corporate,probable,SP_5f5575d38e8c3a1b738b
PERSON_MAHJOUB_MOHAMED_SAHBI,ORGMENTION_Société Nouvelle Oued Rihane,dg,corporate,certain,SP_257de362d27a84dd9b85
PERSON_BAYAHI_YAHIA,CO_GENERALE_INDUSTRIELLE_ALIMENTAIRE_NORD,president_ca,corporate,certain,SP_49174784de9c14d6bf98
PERSON_BAYAHI_TAHER,CO_TRANSPORT_NORD_TUNISIEN,president_ca,corporate,probable,SP_255b1bee0a95fcafcf6d
PERSON_ELOUEKES_MOHAMED,CO_ITALO_TUNISIENNE_PRODUITS_ALIMENTAIRES,gerant,corporate,certain,SP_09a565d6bc6465858289
PERSON_TARMIZ_HABIB,CO_AFRI_CHROME,gerant,corporate,certain,SP_d5ebf0a927c479409e20
PERSON_ZOUARI_RAFIK,CO_RELATIONS_INTERNATIONALES_TUNISIE,dg,corporate,certain,SP_1baf3abcbe0c7ce34dec
PERSON_KHALFALAH_MOHAMED_SALAH,CO_CONFISERIE_AGHLABITES,pdg,corporate,certain,SP_7639021482e7bb53b8c0
PERSON_KHALFALAH_MORCHED,CO_CONFISERIE_AGHLABITES,dga,corporate,certain,SP_2890073e6736d1a18d56
PERSON_DRIS_HEDI,CO_SIFO,gerant,corporate,certain,SP_4249d52c5cc35676b61a
PERSON_SASI_LOTFI,CO_CEMENT_PRODUCTS_COMPANY_MEDINA,gerant,corporate,certain,SP_e5c515a7f6a035c479c0
PERSON_BENROMDHANE_HASEN,CO_CALEMBO,gerant,corporate,certain,SP_8244717efd1ce7bc6d72
PERSON_FEKIH_TAREK,CO_MINOTERIE_SEMOULERIE_LAVENUE_SADOK_BEY,dg,corporate,certain,SP_15ba9e8178771fe04d3c
PERSON_KHALFALAH_MOHAMED_SALAH,ORGMENTION_Compagnie Tunisienne de Semoulerie,pdg,corporate,certain,SP_f17dd5ad4f46b4e1e85c
PERSON_KHALFALAH_MOEZ,ORGMENTION_Compagnie Tunisienne de Semoulerie,dga,corporate,certain,SP_cba204800b2c294005ce
PERSON_ELOUMI_MOHAMED_IKBAL,CO_ELKA_CONSULTING,gerant,corporate,certain,SP_5e58182eb40ff6bc13b1
PERSON_AMOURI_ABDERAOUF,CO_SETINVEST_SICAF,dg,corporate,certain,SP_85eb5098abe57fadd38c
PERSON_ZNAIDI_JAMELEDINE,CO_ZNAIDI_INDUSTRIES_ALIMENTAIRES_ZINA,unspecified,corporate,certain,SP_07171f39b0329d8e354e
PERSON_DRIS_HICHEM,CO_TOURISTIQUE_MARHABA_BEACH,president_ca,corporate,probable,SP_8e848c45afe0742381ea
PERSON_DOGHRI_HASINE,CO_UTIQUE_GAZ,president_ca,corporate,certain,SP_a99914821341392a583b
PERSON_BOUZGUENDA_AHMED,CO_IMMOBILIERE_EL_HEDI,administrateur_delegue,corporate,certain,SP_74200108fbbfe88b689d
PERSON_AMAR_IMED,CO_AMMAR_FRERES_FILATURE_SAFIL,gerant,corporate,certain,SP_7fa2d2e399af5e39e04c
PERSON_KILANI_HATEM,CO_PROSPERE_IMMOBILIERE,gerant,corporate,certain,SP_71a7eaac7a021ab708b9
PERSON_KALAI_AMEUR,CO_MAGHREB_INVEST,pdg,corporate,certain,SP_fa0a5721a851cb202617
PERSON_WALHA_NEJIB,CO_AMINE_CONFORT,gerant,corporate,certain,SP_4414892571a7fb0c43c4
PERSON_TRIKI_MONCEF,CO_UNIVERS_DISTRIBUTION,cogerant,corporate,certain,SP_a89db000cf597b930f35
PERSON_SAHNOUN_NADER,CO_PRODUCTION_EAUX_MINERALES_SOPREM,dg,corporate,probable,SP_4126430fc86e99c73b03
PERSON_ZENAIDI_AMEL_KADHI,CO_SMALT_INVESTISSEMENT,pdg,corporate,probable,SP_cd8e3861acf356da6b0b
PERSON_ARFA_ALI,CO_AREX,gerant,corporate,certain,SP_feb708114a49bf00e0bb
PERSON_BAYAHI_TAHER,ORGMENTION_Société d'Exploitation et de Développement Agricole du Nord ,president_ca,corporate,certain,SP_5fe042d97b3a59656d51
PERSON_BENMANSOUR_HEDI,ORGMENTION_Société d'Exploitation et de Développement Agricole du Nord ,dg,corporate,certain,SP_40fa73b9bc998f142c9d
PERSON_FARSI_NASR,CO_SOCOMENIN,gerant,corporate,probable,SP_37d624eefb6709eca8f6
PERSON_ESEBSI_MOHAMED_HAFEDH_CAID,CO_ALMORY_DISTRIBUTION,gerant,corporate,probable,SP_457f0b61f646998c3550
PERSON_BENTANFOUS_NEJIB,CO_TUNISIENNE_D_INDUSTRIE_ELECTRIQUE_LUMIERE_STIEL,gerant,corporate,certain,SP_0338490b72145484bd15
PERSON_KAMOUN_NABIL,CO_UNIVERS_OPTIQUE,gerant,corporate,certain,SP_1113038422ba29ba75f6
PERSON_MEDEB_MOHAMED_ALI,GOV_UNITED_STATES_NATIONAL_INSTITUTES_OF_HEALTH,gerant,corporate,certain,SP_1c9897fbf0db312d1e55
PERSON_GHRAB_RIADH,CO_ARKEA,gerant,corporate,certain,SP_f93c2572e26f9ccc1f7a
PERSON_SLIM_YADH,CO_BNA_CAPITAUX,dg,corporate,certain,SP_0f13787e89a1a01b5ffb
PERSON_BOUCHAALA_ZOUHEIR,CO_SIMEG_GALVANO,gerant,corporate,probable,SP_fe8f207825d113c91671
PERSON_ZOUARI_HAFEDH,CO_MAGHREBINE_TRANSPORT_TERRESTRE_INTERNATIONAL_SMTTI,pdg,corporate,probable,SP_da7fcbac7a3499a5de10
PERSON_SELAMI_KHALED,CO_SCIERIE_AFRICAINE,pdg,corporate,certain,SP_de5eb16d8e60e537c7b7
PERSON_BENAMOR_BECHIR,CO_CIVILE_IMMOBILIERE_EL_HANA,gerant,corporate,probable,SP_006f2b28fa620c44ff28
PERSON_DEBABI_HABIB,CO_BRODERIE_ESSAMAOUEL,gerant,corporate,certain,SP_5549dccd9990c285fd98
PERSON_BOUZGUENDA_AHMED,CO_MATERIAUX_TRAVAUX_PUBLICS,pdg,corporate,certain,SP_86fe66cf2bdde3e56125
PERSON_KACEM_HAMDI,CO_BEN_KALIA,gerant,corporate,certain,SP_70039ba14fe81d8f0513
PERSON_MABROUK_MOHAMED_JAMIL,CO_MONALIZA,gerant,corporate,certain,SP_2a74ab772e381246152a
PERSON_BENAYED_MOHAMED_ELHEDI,CO_FRANCO_TUNISIENNE_INTERNATIONAL_TRADING,gerant,corporate,certain,SP_fed595e6ce042df67c6d
PERSON_CHARFEDINE_RIDHA,CO_ISSIS_PROMOTION_IMMOBILIERE,gerant,corporate,certain,SP_f09b0bc83ee9a5babd6a
PERSON_HARBAOUI_MONGI,CO_HARBAOUI_TRAVAUX_PUBLICS,gerant,corporate,certain,SP_51bb72611cffcdbab74b
PERSON_HACHICHA_SAMI,ORGMENTION_Société des Industries Nouvelles du Plastique,dg,corporate,probable,SP_e71c0143f52f150d1a0f
PERSON_ZOUARI_IMED,CO_MENUISERIE_ALUMINIUM_MODERNE,gerant,corporate,certain,SP_8d427ebda3b2388e948f
PERSON_ANTONIO_SAVARESE,ORG_UNION_OF_INDEPENDENT_TUNISIANS_FOR_FREEDOM_UTIL,gerant,corporate,certain,SP_e55ca5fd917640aa79c7
PERSON_AREM_JAMEL,CO_PROFILE_ALUMINIUM_MAGHREBIN_PALMA,administrateur,corporate,certain,SP_7f5d0af075f48a402578
PERSON_AREM_JAMEL,CO_PROFILE_ALUMINIUM_MAGHREBIN_PALMA,president_ca,corporate,certain,SP_c1c36200d62c624f3ae4
PERSON_AYED_ABDELJELIL,CO_REFINED_BOWEL_COMPANY,cogerant,corporate,certain,SP_b3824cdba3ec249b7fbc
PERSON_DRIS_MOHAMED_HEDI,CO_DRIFER,gerant,corporate,certain,SP_5ed2a1365105c863ab59
PERSON_KASRI_MONIA,CO_MAALOUF_PLUS,gerant,corporate,certain,SP_92d8adffd7fb17c61af8
PERSON_SAIDANE_MOHAMED,CO_MALEK_DEVELOPPEMENT_AGRICOLE,gerant,corporate,certain,SP_ece3eac46e32cbcb5bde
PERSON_BENAYED_YOUSEF,CO_MALEK_DEVELOPPEMENT_AGRICOLE,gerant,corporate,certain,SP_5f935108d4eb95196c86
PERSON_ZOUAOUI_HABIB,CO_ELECTRO_MAINTENANCE_INTERVENTION_RAPIDE_EMIRA,gerant,corporate,certain,SP_27a9154d0ff5bdc965ec
PERSON_CHTOUROU_FAKHER,CO_MAGHATEX,gerant,corporate,certain,SP_4c562001591a43a3d94d
PERSON_JAOUADI_ZIED,CO_MIDCOM,gerant,corporate,certain,SP_d128d50496a9fd06ac0b
PERSON_ZOUHEIR_ABDELAZIZ,CO_SANCELLA_TRADING,gerant,corporate,certain,SP_2fa0af9aa290e6377628
PERSON_MABROUK_YOUSEF,CO_NOVA_MEUBLE,commissaire_aux_comptes,corporate,certain,SP_6e4e1a5b9cb6ad0c1991
PERSON_FOURATI_MOHAMED,CO_FOURATI_CONFECTION_SOFOCO,gerant,corporate,probable,SP_b0788f1fa19993db65c4
PERSON_AJEJ_ALI,CO_GENERAL_FISH,gerant,corporate,certain,SP_eaf577369da00001d6e9
PERSON_LAARIBI_ALI,CO_ZOUIA_DATTES,gerant,corporate,certain,SP_3f234aaf7af864071c21
PERSON_BENFATOUM_ROMDHANE,CO_BEN_FATTOUM_ROMDHANE_ELECTRIC_BFR_ELECTRIC,gerant,corporate,probable,SP_d85521e2e848546e5f50
PERSON_BENTANFOUS_CHOKRI,CO_CAP_TAGUERMESS_CENTER,pdg,corporate,certain,SP_47c683731e82167b3a33
PERSON_CHAABANE_RIDHA_ALI,CO_COMPTOIR_LOASIS,gerant,corporate,certain,SP_cf4416aaf7094490cfa1
PERSON_HACHICHA_MOHAMED_HATEM,CO_INDUSTRIELLE_OLEICOLE_SFAXIENNE_SIOS_ZITEX,administrateur,corporate,certain,SP_01a9ca37934316f530c8
PERSON_SELAMI_AHMED,CO_INDUSTRIELLE_OLEICOLE_SFAXIENNE_SIOS_ZITEX,dg,corporate,certain,SP_639ab4d9fb3eabbed382
PERSON_DJILANI_HEDI,CO_REPRESENTATION_INTERNATIONALE,president_ca,corporate,probable,SP_0ad7afd0bea1e6dad179
PERSON_ESEGHAIER_ABDELKADER,CO_REPRESENTATION_INTERNATIONALE,dg,corporate,probable,SP_d6f80dd0642d459246a5
PERSON_BENYOUSEF_LEILA_DRIS,CO_PROMOTION_IMMOBILIERE_NEFISSA,gerant,corporate,certain,SP_3c48d5d9823bc087340e
PERSON_SLAMA_CHIHEBEDINE,ORGMENTION_Société d'Exploitation Agricole Domaine Jughurta,dg,corporate,certain,SP_2da7607e228073c1f86a
PERSON_DRIS_HICHEM_BENMHAMED,CO_ESSALAMA_SICAF,president_ca,corporate,certain,SP_786a5835dcf52fb736ad
PERSON_CHAABANE_RIDHA_ALI,CO_EXPANSION_2000,gerant,corporate,certain,SP_62f1de5691527785d3ff
PERSON_DOGHRI_MONCEF,ORGMENTION_Société d'Etudes et de Promotion Industrielle de Mégrine SEP,pdg,corporate,probable,SP_674d23f0ae826e2fb207
PERSON_AZAIEZ_SLIM,CO_SLIM_FRUITS,pdg,corporate,certain,SP_9ff6bfb345c0dbaa5a00
PERSON_LINCZOWSKI_ERIC,CO_MANUFACTURING_INTERNATIONAL,pdg,corporate,certain,SP_a9fa67cf0b39a2174a24
PERSON_MZIOU_WIDED_TRIKI,CO_CYBERNETIQUE,cogerant,corporate,certain,SP_cad8d732164826d510b9
PERSON_BASLY_MOUNIR,CO_INTER_MAGHREB_MEUBLES,pdg,corporate,probable,SP_8a4cd43a660ab83f0fb3
PERSON_TRIKI_FATEN_CHAKER,CO_ESTHELLE_DIETETIQUE,gerant,corporate,certain,SP_bda94a74a5e6a7909112
PERSON_CHAABANE_RIDHA_ALI,CO_TRANSPORT_SATM,gerant,corporate,certain,SP_d3578ddf8e784898fa1b
PERSON_TMAR_MOHAMED_AMIN,CO_D_ETUDE_REALISATION,gerant,corporate,probable,SP_53cb694b247c80a7a607
PERSON_HAMAMI_SALWA,CO_SOLUTIONS_COMPOSITES,unspecified,corporate,certain,SP_7d39a6042d97b997c69c
PERSON_HAMAMI_ADEL,CO_SOLUTIONS_COMPOSITES,pdg,corporate,certain,SP_0067fd0705f0eab0a022
PERSON_BAYAHI_YAHIA,CO_TPR_TRADE,gerant,corporate,certain,SP_586547b5ea6dcc28e0d9
PERSON_CHERIF_MOHAMED,CO_JERBA_COLOGNE_TOURISME,dg,corporate,probable,SP_a8cdca3481bacf751a4f
PERSON_TRIKI_MOHAMED,CO_EPARGNE_PARTENARIAT_INVESTISSEMENT,dg,corporate,certain,SP_7f3f20e33f0b542b7382
PERSON_ZAABI_MOHAMED,CO_MOULINS_SIDI_TLIL,unspecified,corporate,certain,SP_5de3e12c0b233d6d1673
PERSON_AYADI_KAMEL,CO_COMPLEXE_INDUSTERIEL_DELECTROMENAGER,gerant,corporate,certain,SP_333c18105fd305031f7d
PERSON_MEDEB_MOHAMED_ALI,CO_BOISSONS_CAP_BON,administrateur,corporate,probable,SP_b1a4ff4ade7b949b0528
PERSON_MEDEB_HOUEIDA_NASRA,CO_BOISSONS_CAP_BON,administrateur,corporate,probable,SP_5af4b8dfee6961bb9626
PERSON_TRABELSI_MOHAMED,CO_CENTRE_DIMMOBILIER_CAPITAL,gerant,corporate,certain,SP_d5b44b90bbb05caf4b9c
PERSON_CHAIBI_NABIL,CO_ULYSSE_HYPER_DISTRIBUTION,administrateur,corporate,probable,SP_0c5a7cb40ecee660ddd4
PERSON_CHAIBI_NABIL,CO_ULYSSE_HYPER_DISTRIBUTION,pdg,corporate,probable,SP_33239dd2614639ee52c0
PERSON_DOGHRI_NEJIB,CO_ENGRAINS_PRODUITS_CHIMIQUES_A_MEGRINE,unspecified,corporate,probable,SP_bf6fa533955194d97405
PERSON_TRIKI_MOHAMED,CO_SAVINORD,unspecified,corporate,certain,SP_0820158de12d4e88b4da
PERSON_TRIKI_AHMED,CO_SAVINORD,unspecified,corporate,certain,SP_251f1648093ae2868710
PERSON_TRIKI_RIDHA,CO_SAVINORD,unspecified,corporate,certain,SP_89d2c3f57b0c42dc4612
PERSON_TRIKI_NABIL,CO_SAVINORD,unspecified,corporate,certain,SP_bc9dd297a7e0b938377d
PERSON_TRIKI_NABIL,CO_SAVINORD,pdg,corporate,certain,SP_5770878740808e7d4c9d
PERSON_SELAMI_JALEL_BENHASINE,CO_RECYCLAGE_DECHETS_SOLIDE,associe,corporate,certain,SP_6d52a5f182fd513f3752
PERSON_SELAMI_JALEL_BENHASINE,CO_RECYCLAGE_DECHETS_SOLIDE,gerant,corporate,certain,SP_c23ce51b460b622e29b8
PERSON_KHELIFA_FAYCEL,CO_FIVE_STAR_INTERNATIONAL,gerant,corporate,certain,SP_ac0407624acf6623dd0e
PERSON_AZABOU_FAYCAL,CO_CAPTAIN_SINDBAD,gerant,corporate,certain,SP_0090219863b0c7142234
PERSON_ZOUARI_HAFEDH,CO_MAGHREBINE_TRANSPORT_TERRESTRE_SMTT,pdg,corporate,probable,SP_47c8e6da605bc7a3d7f3
PERSON_DERBEL_FAYCEL,CO_SMART_ASSET_MANAGEMENT,commissaire_aux_comptes,corporate,certain,SP_c31c873e6761b86f074c
PERSON_HOCHLAF_SKANDER,CO_TUNIS_ENSEIGNES,unspecified,corporate,certain,SP_1baaaa7b9313ef3c627a
PERSON_HOCHLAF_FARES,CO_TUNIS_ENSEIGNES,unspecified,corporate,certain,SP_dc0b44ed231e88530c34
PERSON_HOCHLAF_JALILA,CO_TUNIS_ENSEIGNES,unspecified,corporate,certain,SP_6237ddbff3efee347a38
PERSON_HOCHLAF_SKANDER,CO_TUNIS_ENSEIGNES,president_ca,corporate,certain,SP_3880244c9caa81b18079
PERSON_BENJEMAA_KHALED,CO_TUNISIENNE_LAIT_DERIVES,pdg,corporate,certain,SP_407daf5cfac066d64a7c
PERSON_DOGHRI_NEJIB,CO_TUNISIENNE_LAIT_DERIVES,dga,corporate,certain,SP_32d9351e8b1af310b589
PERSON_MAAMOURI_AIDA,CO_INVEST_DEVELOPMENT_SICAR,dg,corporate,certain,SP_67786acb8f40291c2255
PERSON_MHIRI_NEJI,CO_TOURISTIQUE_THERMALE_KROUMIRIE_STTK,pdg,corporate,probable,SP_f5895b7c5631606e7b4a
PERSON_ESASI_ABDELAZIZ,CO_ASSURANCES_MAGHREBIA,fondateur,corporate,certain,SP_e62110d675034930ede9
PERSON_AOUADI_NABIL,CO_PLEMIVER,gerant,corporate,certain,SP_23ec600d0f55d4be8120
PERSON_MOUTERDE_ALAIN,CO_HAMMAMI_POUR_COMMERCE_MEUBLES_USAGES,pdg,corporate,certain,SP_ad6ef609cb7e1e1ed0e8
PERSON_QUERCI_GENEVIEVE,CO_HAMMAMI_POUR_COMMERCE_MEUBLES_USAGES,pdg,corporate,certain,SP_8d9bd3653f476a46f535
PERSON_YAHIA_YASINE_BENHADJ,CO_INTERPLASTIC,pdg,corporate,certain,SP_ecc5222623e1604f83c8
PERSON_BENJEMAA_KHALED,CO_INTERNATIONAL_TELEMARKETING_AND_TELESERVICE_COMPANY,pdg,corporate,certain,SP_120f5c2d836aa2e62ed6
PERSON_BENJEMAA_LOTFI,CO_INTERNATIONAL_TELEMARKETING_AND_TELESERVICE_COMPANY,dga,corporate,certain,SP_06b89d06580975ab55a8
PERSON_HAMILA_TAREK,ORGMENTION_Société de Commerce et d'Industrie KASSO,pdg,corporate,certain,SP_3da84d2e4e22cb990e7d
PERSON_KHEMIR_HOUSEM,CO_ALTUTEX_COMPANY,gerant,corporate,probable,SP_fe03f6430939f29fb074
PERSON_KHAYECHE_ALI,CO_FONDERIE_KHAYECHE_CIE,gerant,corporate,certain,SP_45842dc32f5d7232ffd2
PERSON_SADOUD_SOFIEN,CO_DEVELOPPEMENT_AGRICOLE_MAHMOUDA,gerant,corporate,certain,SP_6209c415eadfdd912266
PERSON_TRABELSI_BELHASEN,CO_PROMOTION_TOURISTIQUE_PLAISANCE,unspecified,corporate,probable,SP_aca59bb0fec792391984
PERSON_SASI_CHOKRI,CO_CERAMIQUE_INDUSTRIE,pdg,corporate,certain,SP_3eb2023c1f57bc1e73de
PERSON_AMARA_CHAHIR,CO_DOLCE_MONDO_INTERNAZIONALE,gerant,corporate,certain,SP_4198d2aed13a26342431
PERSON_MISAOUI_TAOUFIK,CO_MESSRI,associe,corporate,certain,SP_f51082d0e8f8ee23f48d
PERSON_BENAMOR_ANIS,CO_MARQUAGE_SIGNALISATION_SECURITE_SERVICES_M3S,gerant,corporate,certain,SP_8a5a8142775c50f163c7
PERSON_BRIGUI_MOHAMED,CO_GENERALE_FINANCIERE_SICAF,pdg,corporate,certain,SP_71e268bf53ed6057b932
PERSON_TARIFA_SONIA,CO_MIXAL,dg,corporate,certain,SP_6481746bb246ecee9017
PERSON_ZOUARI_HAFEDH,CO_INDUSTRIES_MATERIAUX_CONSTRUCTION_BOMAR,pdg,corporate,probable,SP_dab9df4a064f592f280e
PERSON_MZABI_FETHI,CO_TUCOGRAS,gerant,corporate,certain,SP_f4eb146a3482ccd9d77a
PERSON_NIFAR_HABIB,CO_EMBALLAGES_ALUMINIUM_BOISSONS_GAZEUSES,administrateur,corporate,probable,SP_9e91c5f21b5c8827877c
PERSON_BENAMAR_MOURAD,CO_SERVICES_AGRICOLES_AL_MOSTAKBAL,administrateur,corporate,certain,SP_591a80416748b3ffe62f
PERSON_BENAMAR_MOURAD,CO_SERVICES_AGRICOLES_AL_MOSTAKBAL,pdg,corporate,probable,SP_b8fb513645f99d624b3c
PERSON_SAIDI_MOHAMED,CO_MARIEM_SUPPRESSION_DECHETS,gerant,corporate,certain,SP_7fe82879e27b50f39dd9
PERSON_ZAABI_MOHAMED,CO_MOULINS_SIDI_TLIL,administrateur,corporate,certain,SP_0eabf5462eb7df17dcc3
PERSON_TOUATI_NOUREDINE,CO_MOULINS_SIDI_TLIL,administrateur,corporate,certain,SP_a026fbdb6dab34a432c7
PERSON_ZAABI_MOHAMED,CO_MOULINS_SIDI_TLIL,pdg,corporate,probable,SP_4f7033f29e89cb0a721f
PERSON_SELAMI_SOFIEN,CO_MAALI,gerant,corporate,certain,SP_70e1b66f4527c2534686
PERSON_HAMAMI_MBAREK,CO_ZINA_TRAVAUX_PUBLICS,gerant,corporate,certain,SP_78d55847c961c252d3cd
PERSON_BAYAHI_YAHIA,CO_SICAM,president_ca,corporate,certain,SP_8c739eb5f901709f15d3
PERSON_SIALA_HAFEDH,CO_ARTISTIQUE_VERRERIE_MIROITERIE_SAVEMI,gerant,corporate,certain,SP_86592a7ec7ffd21ad764
PERSON_BENAHMED_BOURAOUI,CO_PRODUCTION_ALIMENTAIRE_SOPRAL,unspecified,corporate,probable,SP_434648384c1a0f7127cc
PERSON_BENAHMED_SADRI,CO_PRODUCTION_ALIMENTAIRE_SOPRAL,unspecified,corporate,probable,SP_154c08f81e86eac0bf5c
PERSON_BENAHMED_RIADH,CO_PRODUCTION_ALIMENTAIRE_SOPRAL,unspecified,corporate,probable,SP_7e60a2308819834ae5db
PERSON_BENAHMED_BOURAOUI,CO_PRODUCTION_ALIMENTAIRE_SOPRAL,pdg,corporate,probable,SP_4b2d57a0755637cad2f6
PERSON_FARSI_NASR,CO_SOCOMENIN,pdg,corporate,certain,SP_4278ca33a77a1a55d131
PERSON_MOKHTAR_DORDANA,CO_DOREMAIL,unspecified,corporate,certain,SP_f07901366dd77e4f802b
PERSON_MASMOUDI_MONIA,CO_DOREMAIL,unspecified,corporate,certain,SP_a792d25002fd162e383d
PERSON_MASMOUDI_MOHAMED_RAOUF,CO_DOREMAIL,pdg,corporate,certain,SP_11f86a560d5e0c1cd022
PERSON_MASMOUDI_MOHAMED_RAOUF,CO_DOREMAIL,dga,corporate,certain,SP_9c6efa4c86a5e9c8bc4c
PERSON_KHALIL_MOHAMED,CO_CLINIQUE_DHEMODIALYSE_SILIANA,commissaire_aux_comptes,corporate,certain,SP_b26faa25181a2ea2a533
PERSON_HAMANI_ADEL,CO_TRANS_CARGO_LOGISTIQUE,gerant,corporate,probable,SP_34a2bd0a929fc8288f05
PERSON_TRIKI_MOHAMED,CO_PALM_LINKS_IMMOBILIERE,dg,corporate,certain,SP_b4d60a3929e74f050b10
PERSON_BELAID_SALAH,CO_FMBZ_KPMG_TUNISIE,dg,corporate,certain,SP_3f69318aa1236aea6b01
PERSON_CHAIBI_TAOUFIK,CO_UTIC_DISTRIBUTION,president_ca,corporate,certain,SP_ed4fce9c1047d6275922
PERSON_HAMAMI_SASI,CO_REGIONALE_TRANSPORT_GOUVERNORAT_SFAX_SORETRAS,administrateur,corporate,certain,SP_a65b31e162a864003cdf
PERSON_BOUZGUENDA_AHMED,ORGMENTION_Société la Paix S.A,dg,corporate,certain,SP_14b45e2eaaa0a16c08f6
PERSON_HAMROUNI_MUSTAPHA,CO_SOTACIB,administrateur,corporate,certain,SP_47734c56e88deff5db74
PERSON_DRIS_MOHAMED_TAIEB,CO_AVICOLE_SAHEL,administrateur,corporate,probable,SP_da1b8709943f9980645f
PERSON_BENAYED_MOHAMED_ELHEDI,ORGMENTION_Rue El Fouladh ZI Ben Arous,gerant,corporate,probable,SP_fe83b4bdd5ec82851a32
PERSON_ZGHIDI_ADNENE,ORGMENTION_Rue El Fouladh ZI Ben Arous,commissaire_aux_comptes,corporate,probable,SP_d6c779dc08ba31fbee6a
PERSON_AREM_MONCEF,ORGMENTION_Société ALDIANA SERTS II,gerant,corporate,certain,SP_3ced4471064df3643430
PERSON_BOUJBEL_SAID,CO_INTERNATIONALE_TOURISME_COMPAGNIE,administrateur,corporate,probable,SP_2a3501af21479ef5a319
PERSON_BENMUSTAPHA_SAID,CO_INTERNATIONAL_MAGHREB_MERCHANT_BANK,administrateur,corporate,certain,SP_f0f4b4b456e159db954c
PERSON_SLAMA_RIDHA,CO_SLAMA_SICAF,pdg,corporate,certain,SP_4e26d16ff84e4b2ab07b
PERSON_BONTAZ_PHILIPE,CO_LEMAN_INDUSTRIE_CONNECTIQUE,pdg,corporate,certain,SP_fed1c65d286f490b83bf
PERSON_BENCHAABANE_NAAMA_ELOUMI,CO_CHAKIRA_CABLE,dga,corporate,certain,SP_8676ab2662dfe6b2c699
PERSON_SELAMI_MEHDI,CO_SERVICES_HUILERIES,commissaire_aux_comptes,corporate,certain,SP_f825f00301159794a8ae
PERSON_SELAMI_KHALED,ORGMENTION_Société F.I.S. » représentée par Monsieur Sofiane Sellami,pdg,corporate,probable,SP_ec22957fc08939bf9d20
PERSON_SELAMI_KAIS,ORGMENTION_Société F.I.S. » représentée par Monsieur Sofiane Sellami,dga,corporate,probable,SP_300720a706bcf0dc50fc
PERSON_JERIDI_AYMEN,CO_MARBRERIE_JERIDI,cogerant,corporate,certain,SP_f99824ec342467bedcfe
PERSON_FRADI_MOURAD,CO_LOTUS_GLOBAL_TRADING,commissaire_aux_comptes,corporate,certain,SP_afeda34bbde5b5dd44e9
PERSON_KAROUI_CHERIF,CO_ULYSSE_TUNISIE,dga,corporate,certain,SP_b75e9caf392011a32a4a
PERSON_ZGHIDI_ADNENE,CO_PROSENOL,commissaire_aux_comptes,corporate,certain,SP_50928ca80129562e0d72
PERSON_DERBEL_FAYCEL,CO_TOP_FASHION,commissaire_aux_comptes,corporate,certain,SP_fb749fb9bd7d6d730a57
PERSON_DERBEL_FAYCEL,CO_GLOBAL_UNIVERS,commissaire_aux_comptes,corporate,certain,SP_403baec54d211168ec76
PERSON_ELOUMI_HICHEM,CO_ELLOUMI,dga,corporate,certain,SP_14f9c3c34ba77b4716de
PERSON_MAHJOUB_MOHAMED,ORGMENTION_Société AGROMILLORA Méditerranée S,dg,corporate,certain,SP_19d34cca9f5b7eaf4dd6
PERSON_BRIGUI_MOHAMED,CO_TOURISTIQUE_OCEANA,pdg,corporate,probable,SP_3a09ae3fae9f4c5e31c4
PERSON_BRIGUI_MOHAMED,CO_TOURISTIQUE_OCEANA,administrateur,corporate,certain,SP_d1ded14a979efc07e909
PERSON_BOURICHA_MOHAMED_MONTASAR,CO_EL_MONTASSAR_TRANSPORT,gerant,corporate,certain,SP_80fe848a0bb3dea6c549
PERSON_BENKHEDER_MUSTAPHA,CO_MEDI_SCIENCE,unspecified,corporate,certain,SP_d9cf9597058c436aa8af
PERSON_BENJEMAA_KHALED,CO_GENERALE_IMMOBILIERE_SUD,president_ca,corporate,certain,SP_7b4f26d800eea5eb714d
PERSON_BOUKRAINE_MOUNIR,CO_OLIVES_BEJA,gerant,corporate,certain,SP_694f61b14c722104bfac
PERSON_KILANI_AMRI,CO_SFCB,gerant,corporate,certain,SP_e2785221cc39f6c44cf6
PERSON_ELOUMI_HICHEM,CO_COFICAB,gerant,corporate,certain,SP_6d7ca11ba759c600368b
PERSON_BOUJBEL_MOHSEN,"ORGMENTION_Société d'Etudes, de Formation et d'Assistance à La Gestion ",administrateur,corporate,certain,SP_98416f44968a3ed30f1c
PERSON_BOUJBEL_SAID,"ORGMENTION_Société d'Etudes, de Formation et d'Assistance à La Gestion ",administrateur,corporate,certain,SP_3d127f7dc79d5da4f6c5
PERSON_BOUJBEL_ZOUHEIR,"ORGMENTION_Société d'Etudes, de Formation et d'Assistance à La Gestion ",administrateur,corporate,certain,SP_cda84a79aefd8e86a1f9
PERSON_FRADI_MOHSEN,CO_TIBILETTI_TUNISIE,gerant,corporate,probable,SP_de2f28ec71deae625ee6
PERSON_BENMOALEM_SABER,CO_MANUF_TECHNIQUES_METAUX_MATEM,gerant,corporate,certain,SP_a294175b29fc682099ce
PERSON_PUIG_MICHEL,CO_FRANCO_TUNISIENNE_DINGENIERIE,gerant,corporate,certain,SP_965e3c8d9afa1b0ee14a
PERSON_MABROUK_FARES,CO_STOCKAGE_TRANSPORT_CARBURANT,administrateur,corporate,probable,SP_8137fc27982af9a580ee
PERSON_MABROUK_ALIA,CO_STOCKAGE_TRANSPORT_CARBURANT,administrateur,corporate,probable,SP_1677f59533eb22479b76
PERSON_MABROUK_AMEL,CO_STOCKAGE_TRANSPORT_CARBURANT,administrateur,corporate,probable,SP_6f4740f7984e3aeea6c6
PERSON_MABROUK_FARES,CO_STOCKAGE_TRANSPORT_CARBURANT,pdg,corporate,certain,SP_ac7dc0900d4c00e3525e
PERSON_CHAABANE_RIDHA_ALI,CO_DCP_2000,gerant,corporate,certain,SP_95686c32af6e846da43d
PERSON_FRIKHA_MOHAMED,CO_TELNET_TECHNOLOGIES,gerant,corporate,certain,SP_e1f10b98d28146b63d47
PERSON_MASMOUDI_YOUSEF,CO_PRODUCTION_AGRICOLE_SOMEPA,associe,corporate,probable,SP_551d123d262faaa52d00
PERSON_CHEBI_CHIRAZ,CO_TUNISIENNE_EMBALLAGES,gerant,corporate,certain,SP_191bd57650bf5ea3846f
PERSON_CHEBI_CHIRAZ,CO_SARAH_IMPORTATION,gerant,corporate,certain,SP_c6de4eac86ae449702c3
PERSON_KHALIL_MOHAMED,CO_PUBLICOM_MARKETING,commissaire_aux_comptes,corporate,certain,SP_662d84c3eed75e08d4d8
PERSON_ZOUARI_HAFEDH,CO_SHAMS_TELECOM,gerant,corporate,certain,SP_14fe8223812139ba3207
PERSON_CHAABOUNI_ABDERAZEK,CO_HYDCO,pdg,corporate,certain,SP_a544ae81d8fc9ca4e722
PERSON_ZOUARI_MOHAMED_FETHI,CO_WEBSTER,gerant,corporate,certain,SP_3fc8827d061c94ebf8b8
PERSON_ZOUARI_HAFEDH,CO_IMMOBILIERE_CONCORDE,administrateur_delegue,corporate,certain,SP_ed36f24748681fdd5879
PERSON_KAMOUN_MOHAMED,CO_KAMMOUN_DISTRIBUTION,gerant,corporate,certain,SP_74c3f0d5e5ee381e8a14
PERSON_KAMOUN_NABIL,CO_TUNISIE_OPTIQUE,gerant,corporate,certain,SP_40f3b11d93ddf5d7f9c7
PERSON_SLAMA_SAMI,CO_BABY_PANGUI,gerant,corporate,certain,SP_fe275139a109bcbe8853
PERSON_KAMOUN_MOURAD,CO_SKF,gerant,corporate,certain,SP_cf056ae7517aed6b69cc
PERSON_HORCHANI_HAYKEL,CO_IMMOBILIERE_BARDO,gerant,corporate,certain,SP_8275f02958f71f8ad516
PERSON_TRIKI_KHALED,CO_INTELLIGENCE_PROVIDER,gerant,corporate,certain,SP_f6438c5e25f9f73fd995
PERSON_ZOUARI_ABDERAOUF,CO_JAWHRA_METAL,gerant,corporate,certain,SP_681ea303bc43b6765bce
PERSON_CHAABANE_MOEZ,CO_CAFE_FONTAINE,gerant,corporate,certain,SP_77a0bd577a26e6e4d9f1
PERSON_SALIMBENI_ROBERTO,CO_LITALO_TUNISIENNE_LAGRO_ALIMENTAIRE_ITAGRO,gerant,corporate,certain,SP_6950ada41496898ddef8
PERSON_ESASI_ABDELAZIZ,CO_RENO_MOTEURS,administrateur,corporate,probable,SP_d91901154d807f1cdad3
PERSON_MHIRI_LAMIA_AREM,CO_BAYA_COMPANY,gerant,corporate,certain,SP_72c63703f46aed3b0cde
PERSON_SKHIRI_MOHAMED,CO_GESTION_D_ANIMATION_TOURISTIQUE_ITALIA,dg,corporate,certain,SP_60bf7df4849d38a23837
PERSON_BENJEMA_NEJIB,CO_ATELIERS_REUNIS,pdg,corporate,certain,SP_4def97a20275a341d31d
PERSON_ESEFI_NAJIB,CO_YOOPA,representant,corporate,certain,SP_69fabdbf25eea30d204b
PERSON_TINELI_MICHEL,CO_FRANCO_TUNISIENNE_BATIMENT,gerant,corporate,certain,SP_59ea4797b8ad0e30c3b7
PERSON_ABDELKEBIR_MUSTAPHA,CO_SODIS_SICAR,president_ca,corporate,certain,SP_1b71d28d66e60fa48b99
PERSON_MABROUK_HABIB,CO_DALIA,administrateur,corporate,probable,SP_8e65be39f69d528f20d1
PERSON_BOURICHA_MOHAMED,CO_DARMEMENT_CONSTRUCTION_NAVALES_SACNA,president_ca,corporate,certain,SP_af10625dba205f227f73
PERSON_KILANI_SLIM,CO_TUNISIENNE_QUINCAILLERIE,cogerant,corporate,certain,SP_cde4b939d8c0a5772321
PERSON_HORCHANI_RACHED,CO_ODYSSEE_PALACE,administrateur,corporate,certain,SP_e3ddad4a9df0708084be
PERSON_SELAMI_ABDELAZIZ,CO_L_IMMOBILIERE_AL_IZ,gerant,corporate,probable,SP_547a6ae9fc3ada32c9db
PERSON_MHIRI_LAMIA_AREM,CO_PROMOTION_IMMOBILIERE_KOKET,gerant,corporate,certain,SP_a1ae712a73d2776904ff
PERSON_ELOUMI_RAMZI,CO_CREATION_DAWSON,cogerant,corporate,certain,SP_d366a5b8038ae088e3cc
PERSON_AREM_NEJIA_LEJMI,CO_AL_ALDIANA_JERBA,administrateur,corporate,certain,SP_e299529da73676a3055f
PERSON_RIAHI_MOHAMED,CO_SIM_SICAR,dg,corporate,certain,SP_baa129b22611fea425be
PERSON_HAKIM_KHALED,CO_TRAVAUX_ELECTRIQUES_CABLAGE_AUTOMATISME_SOTECA_ELECTRIC,gerant,corporate,probable,SP_b41a809700811d190ee0
PERSON_HACHICHA_NOUREDINE,CO_MISE_EN_VALEUR_DEVELOPPEMENT_AGRICOLE_LEPI,pdg,corporate,certain,SP_695c0c34aeb0a271199e
PERSON_DRIS_AHMED,CO_SOTELMOD,gerant,corporate,certain,SP_422228f3fd64eb8e05b7
PERSON_BRAHEM_LOTFI,CO_AUTO_BEST_SERVICES,gerant,corporate,certain,SP_65b8d371b2f138e18a78
PERSON_JERIDI_RIDHA,CO_MARBRERIE_JERID_SMJ,pdg,corporate,certain,SP_580403f9672543bce621
PERSON_AREM_JAMEL,CO_SO_RE_CO,dg,corporate,certain,SP_6c603639562946f93f0b
PERSON_BAYAHI_YAHIA,CO_TUNISIE_PROFILES_ALUMINIUM,administrateur,corporate,probable,SP_c110922119c32de68f5c
PERSON_BAYAHI_TAHER,CO_TUNISIE_PROFILES_ALUMINIUM,administrateur,corporate,probable,SP_9944812ff0e34cd19a2c
PERSON_BAYAHI_TAIEB,CO_TUNISIE_PROFILES_ALUMINIUM,administrateur,corporate,probable,SP_e44014f8297986284e6c
PERSON_ANANE_BRAHIM,CO_TUNISIE_PROFILES_ALUMINIUM,administrateur,corporate,probable,SP_2abc347dda653fdb7908
PERSON_ELABED_MOUNIR,CO_SUCRERIE_EL_ABED,president_ca,corporate,certain,SP_2b301e2a26cd48881829
PERSON_HAMROUNI_MOHAMED_BRAIK,CO_ENNACER_D_ENTREPRISE_BATIMENT_TRAVAUX_PUBLIQUE_SERVICE,gerant,corporate,certain,SP_adff7512b81a70ef6d9f
PERSON_BELARBI_CHEKIB,CO_BELARBI_DATTES,gerant,corporate,certain,SP_fb4ccb9624af60eed21b
PERSON_HAMAMI_HEDI,CO_SODEPAG_EL_GASSAA,dga,corporate,certain,SP_d2a53790441bfa6621e3
PERSON_HAMAMI_HEDI,CO_SODEPAG_EL_GASSAA,unspecified,corporate,certain,SP_fb9719bb9894dcc31cbd
PERSON_LARNAOUT_RIM,CO_SARRA_MODE,gerant,corporate,certain,SP_0aae7ffbf479007ffebe
PERSON_BAYAHI_YAHIA,CO_TEC_SOL,gerant,corporate,certain,SP_be8e33d67a0ceb4dffed
PERSON_SASI_MUSTAPHA,CO_IDEAL_SERVICES_DIESEL_TURBO_FREINAGE,gerant,corporate,certain,SP_9a57b7c8b3c03e25f618
PERSON_ZOUARI_MAKI_MAHER,CO_PROINJECT,gerant,corporate,certain,SP_5c464179843db469f131
PERSON_LAURENT_GORGET,CO_GEORGET_PRODUCTION,gerant,corporate,certain,SP_99beec3f896a594f9541
PERSON_BENAYED_RAFIK,CO_ASSISTANCE_MANAGEMENT_INTERNATIONAL,president_ca,corporate,certain,SP_15a263dc9c015a34be19
PERSON_AMAR_MOHAMED,CO_CADEAUX_JOUETS,gerant,corporate,certain,SP_c4b98aba8c72b9e54f78
PERSON_TRIKI_SONIA,CO_ALLIANCE_AND_CO,cogerant,corporate,certain,SP_d55b77025d9e9d842367
PERSON_GHARBI_AMEUR,CO_CONSERVES_MODERNES_CAP_BON_COMOCAP,gerant,corporate,certain,SP_db112bf1457c033283f1
PERSON_KAMOUN_MONCEF,CO_EMA_KAMMOUN,gerant,corporate,certain,SP_1cadb6d0deaf5c806163
PERSON_HAFSAOUI_LAMINE,CO_BANQUE_TUNISIENNE_SOLIDARITE,administrateur,corporate,certain,SP_72e41360f59f536c79d0
PERSON_DEBABI_HABIB,CO_BRODERIE_ENNOUR,gerant,corporate,certain,SP_95974361482b9cd5daf7
PERSON_KAMOUN_MAHMOUD,CO_COMPTOIR_COMMERCE_MECANIQUE,gerant,corporate,certain,SP_ade1324c4fa7b3fccc2a
PERSON_SELAMI_MONCEF,CO_TUNISIAN_TELECOM_ELECTRIC,unspecified,corporate,probable,SP_4302e18597112cff6048
PERSON_SELAMI_RAOUDHA,CO_TUNISIAN_TELECOM_ELECTRIC,unspecified,corporate,probable,SP_5171db18d0614c9addb9
PERSON_HACHICHA_MOHAMED,CO_TUNISIAN_TELECOM_ELECTRIC,unspecified,corporate,probable,SP_f2bc6a83fdca17608c8c
PERSON_SELAMI_SLIM,CO_TUNISIAN_TELECOM_ELECTRIC,unspecified,corporate,probable,SP_c0777106e7e0e7553965
PERSON_BENSEDRINE_JEMAA,CO_TUNISIAN_TELECOM_ELECTRIC,unspecified,corporate,probable,SP_a252909af24c84a9246f
PERSON_FOURATI_LAMIA,CO_TUNISIAN_TELECOM_ELECTRIC,unspecified,corporate,probable,SP_1a9f93de0b91531e01bb
PERSON_REJEB_ALI,CO_BESTFRIGO,gerant,corporate,certain,SP_f2a185351b87572b3534
PERSON_MATAVELI_OTAVIANO,CO_ITALO_TUNISIENNE_DELECTRONIQUE,gerant,corporate,certain,SP_00d26457f9f09dd3788f
PERSON_HAMILA_TAMAHINE,CO_ATTITUDE,gerant,corporate,certain,SP_78d3c04a28b9a90738fd
PERSON_OUIJ_KARIM,CO_SORAN_SIGNALITIQUE,gerant,corporate,certain,SP_6b40e0549878b512e8cf
PERSON_ZOUARI_AHMED,CO_OLIVED,gerant,corporate,certain,SP_f4e226bf9502593eb76e
PERSON_TRIKI_SAMI,CO_TRIKI_COMMERCE_INTERNATIONAL_DISTRIBUTION_TCI_DISTRIBUTION,gerant,corporate,certain,SP_c2bbae46021c47526661
PERSON_YAHIA_ELYES_BENHADJ,ORGMENTION_National Sharing And Finance Company SHARIF,pdg,corporate,certain,SP_88ae56534f435a6b302a
PERSON_KAROUI_WALID,CO_FERTI_PRO,gerant,corporate,certain,SP_2c3ec40622bdf2ed64db
PERSON_DRIS_JALEL,CO_PICARD_INTERNATIONAL_MAROQUINERIE,president_ca,corporate,certain,SP_8ac5f3972d00030121c8
PERSON_BAKLOUTI_AHLEM,CO_PLASTIC_SFAX,gerant,corporate,certain,SP_6ab8dfb0bf624a62adbb
PERSON_HAMROUNI_ABDELAZIZ,CO_MISE_EN_VALEUR_DEVELOPPEMENT_AGRICOLE_ESSAADA,pdg,corporate,certain,SP_3e2245477c9ad93f49f0
PERSON_TRIKI_MOHAMED_RADHOUANE,CO_INTERNATIONALE_COMPUTER_TRADING,gerant,corporate,certain,SP_ba8d1ecd174428de0137
PERSON_TRIKI_MOHAMED_RADHOUANE,CO_MICRO_STAR_ELECTRONIQUE,gerant,corporate,certain,SP_f41c4d939a0e7eb6fc5e
PERSON_ZNETI_MANSOUR,CO_PIZZERIA_ITALIANO,gerant,corporate,certain,SP_9bb651c2166013949737
PERSON_SFAR_SALAH,CO_FUCHI_KA,pdg,corporate,probable,SP_d7acdaceeaa7ac30476e
PERSON_SFAR_SALAH,CO_FUCHI_KA,unspecified,corporate,probable,SP_2bae70e64d7040a71877
PERSON_SFAR_SALAH,CO_FUCHI_KA,president_ca,corporate,probable,SP_b4b30bb19f332e1c655f
PERSON_KAMOUN_MOHAMED,CO_AL_BARAKAT,gerant,corporate,certain,SP_8c604f2e037470e7bf83
PERSON_MAHJOUB_MOHAMED,CO_ESSALEM,administrateur,corporate,certain,SP_533e15c5a8ccad14d2ac
PERSON_JEBNOUN_MOHAMED_HEDI,CO_ESSALEM,administrateur,corporate,certain,SP_7816ef6ee39dc0bd4c08
PERSON_DERBEL_FAYCEL,CO_ESSALEM,commissaire_aux_comptes,corporate,certain,SP_c77a39ad9063e494fd80
PERSON_MAHJOUB_MOHAMED,CO_ESSALEM,president_ca,corporate,certain,SP_b768c520210dfd46c530
PERSON_TRABELSI_MOHAMED,CO_MOTRA_ELECTRIC,gerant,corporate,certain,SP_2ce348b976590081978f
PERSON_ZOUARI_FOURAT,CO_TRITUX,gerant,corporate,certain,SP_9913b9b79fcd4f006bff
PERSON_MABROUK_AHMED,CO_JAWHRA_PLUS,gerant,corporate,certain,SP_3ee6bd23e94d42f8ea6f
PERSON_HAMROUNI_IBRAHIM,CO_HAMROUNI_COMMERCE_MONDIAL,gerant,corporate,certain,SP_fa543d70e1f4a7fd4423
PERSON_ZOUARI_MOHAMED_FEKHER,CO_ZOUARI_DISTRIBUTION,gerant,corporate,certain,SP_9c606193fc3b811997e2
PERSON_MATAVELI_OTAVIANO,CO_ENERGIE_DEL_SOLE,gerant,corporate,certain,SP_ec1995539dd4ff14d0e9
PERSON_LARGUECHE_SLAHEDINE,ORGMENTION_Société Tunisienne d'Ingénierie Financière,administrateur,corporate,certain,SP_7f4d7f36b4c1b7ab2332
PERSON_ABDELKEFI_FADHEL,CO_TUNISIE_VALEURS,dg,corporate,certain,SP_b0a1bdf7fa47b47aad46
PERSON_LARGUECHE_SLAHEDINE,CO_TUNISIE_VALEURS,administrateur_delegue,corporate,certain,SP_314a8977b1442efea6b1
PERSON_CHABCHOUB_MOHAMED_AMIN,ORGMENTION_Tanit Petroleum SA,administrateur,corporate,certain,SP_453975b29e45d63329c9
PERSON_CHABCHOUB_MOHAMED,ORGMENTION_Tanit Petroleum SA,administrateur,corporate,certain,SP_ba0b74a5b8b21ed17835
PERSON_CHABCHOUB_MOHAMED_AMIN,ORGMENTION_Tanit Petroleum SA,pdg,corporate,certain,SP_81b5499564dcab3e3a2f
PERSON_ZOUARI_ANOUAR_MEIMOUN,CO_STAR_CONSULT,gerant,corporate,certain,SP_2366bde0e6a084015d29
PERSON_BENSEDRINE_BECHIR,CO_AFREN_DISTRIBUTION,gerant,corporate,certain,SP_2f56b2d5601ec90f9c71
PERSON_BENYOUSEF_LEILA_DRIS,CO_BIECO_MARKETING,gerant,corporate,certain,SP_5da1197fc9a082a1e2cc
PERSON_HARZALAH_HABIB,CO_TOURISTIQUE_HOTELIERE_CARTHAGE_STHC,administrateur,corporate,certain,SP_f01987744d21816b1895
PERSON_HARZALAH_HABIB,CO_TOURISTIQUE_HOTELIERE_CARTHAGE_STHC,pdg,corporate,certain,SP_203b599c2ceaaa50b124
PERSON_BATIKH_KAIS,CO_SANITAIRE_ITALIEN,gerant,corporate,certain,SP_e86fc5bd12fa126b08ab
PERSON_SASI_JAMEL,CO_OUTAIL_PRODUCTRION_ARTISTIQUE,gerant,corporate,certain,SP_39efbd69a5dde6b55f77
PERSON_CHAABANE_LASAAD,CO_SAMACO,gerant,corporate,certain,SP_f61380fb7c8c2a8369d1
PERSON_BOURICHA_MAHER,CO_HERA_CONSEILS,gerant,corporate,certain,SP_f9c6957bad92bb6fa704
PERSON_KHECHINE_ABDELHAMID,CO_IMMOBILIERE_ELMOUCHRIQUAH,gerant,corporate,certain,SP_47d62fec25dd6343512e
PERSON_MAKHLOUFI_ABDELAZIZ,CO_CHO_COMPANY,gerant,corporate,certain,SP_c2975d8858531c22797a
PERSON_DEROUICHE_MONIA,CO_DEROUICHE_ZAKHAMA,gerant,corporate,certain,SP_fe1af892fbe567dc57fe
PERSON_KAROUI_MOHAMED_CHERIF,CO_BON_PRIX,dg,corporate,probable,SP_c3ef6754985d2c662f60
PERSON_ELEUCH_MOHAMED,CO_BLOW_PACK,gerant,corporate,certain,SP_f0379e84f6e515218d29
PERSON_BENAICHA_SOFIENE,CO_ITALIA_DESIGN_AMENAGEMENT,gerant,corporate,certain,SP_78c1b4bd31b676ed02cb
PERSON_ALAIN_BREVET,CO_NOUVELLE_FRANCO_TUNISIENNE_SNFT,gerant,corporate,certain,SP_4db36509ad594b420a67
PERSON_DRIS_HASEN,CO_SAKIET_EDDAYER_METALLIQUE,gerant,corporate,probable,SP_772aba2394ea7a1223d7
PERSON_ELOUMI_HICHEM,CO_COFICAB_TUNISIE,dga,corporate,certain,SP_635c41cd563a7736b6e0
PERSON_LARBI_HEDI,CO_AGL_TECHNOLOGIES,gerant,corporate,certain,SP_3c91d6fe1c36807ae860
PERSON_SASI_NEFISA,CO_KACEM_DIMPRIMERIE,gerant,corporate,certain,SP_212c6130121ed34df5eb
PERSON_ZOUARI_JACQUELINE,CO_TUK_TUK_TUNISIE,gerant,corporate,certain,SP_04c73fac4227b2057df3
PERSON_HAMROUNI_ABDELJELIL,CO_LABORATOIRE_GEOTECHNIQUE_ROUTIERE_MATERIAUX_CONSTRUCTION_LAB,gerant,corporate,certain,SP_a353d11ed026a894af98
PERSON_RIVI_STEFANO,CO_MOSAICO_ITALIA_I_MIT,gerant,corporate,certain,SP_87d39178037977a45b2f
PERSON_MEHREZ_DRIS,CO_PLASTICAP,dg,corporate,certain,SP_d2494d287700837189b2
PERSON_MEHREZ_MOHAMED_ELFEHRY,CO_ENNADHAFA_JUDY,president_ca,corporate,certain,SP_62d051d6182cc4100fe7
PERSON_MEHREZ_CHAMSEDINE,CO_ENNADHAFA_JUDY,dg,corporate,certain,SP_55bcb2763cae259b35e8
PERSON_KILANI_WISEM,CO_RISTORI_DI_ROMAGNA,gerant,corporate,certain,SP_d372dd5b1d107c887be4
PERSON_MUCEDOLA_LUIGI,CO_STILE_ITALIANO,cogerant,corporate,certain,SP_c1fe48a5ec04902e499c
PERSON_HAMAMI_MOHAMED,CO_CONSULTING_MANAGEMENT_SERVICES,gerant,corporate,certain,SP_41d7cba14c33b7363949
PERSON_SELAMI_MOURAD,CO_GESTOP,gerant,corporate,certain,SP_c143d56d408c688240ff
PERSON_ELOUMI_HICHEM,CO_MT_ELLOUMI,dga,corporate,certain,SP_1d6141065f943a0294a0
PERSON_HAMILA_TAMAHINE,CO_REIMEX,representant,corporate,certain,SP_1be45a6f2335627677ee
PERSON_MAKNI_FARIDA,CO_REIMEX,representant,corporate,certain,SP_4e0df2c285002afe6cac
PERSON_MAKNI_FARIDA,CO_REIMEX,dga,corporate,certain,SP_cccaa88ebfd7bd358ef5
PERSON_SLAMA_ALI,CO_DIGITAL_PRODUCTION_DIGIPRO,administrateur,corporate,probable,SP_db4638116ed0a16b4172
PERSON_SLAMA_RIDHA,CO_DIGITAL_PRODUCTION_DIGIPRO,administrateur,corporate,probable,SP_8fe0a493cd585f797034
PERSON_HAMAMI_FADHEL,CO_FORMATION_ORGANISATION_ASSISTANCE_TECHNIQUE,gerant,corporate,certain,SP_cb351a1fd7da30b815d3
PERSON_BETAIEB_ALAYA,CO_SAGES_CAPITAL,representant,corporate,certain,SP_5f9f21e8500630d49bae
PERSON_TRIKI_MOHAMED_NEJIB,CO_INTERNATIONALE_MARITIME_INTERMAR,pdg,corporate,certain,SP_01d54fde105f6183ee81
PERSON_ELAMRI_KAIS,CO_MONDIAL_TEX,gerant,corporate,certain,SP_294d28bfd21615bd6415
PERSON_COMBAT_MICHEL,CO_COMMECA_TUNISIE,gerant,corporate,certain,SP_9257cbfde311f7959105
PERSON_MOKHTAR_KAIS,CO_EL_KSAR_FRIGO,gerant,corporate,certain,SP_a8e412efa2fb5f863b77
PERSON_BOURICHA_NACEUR,CO_HOTELIERE_TOURISTIQUE_OMAR_KHAYAM,dga,corporate,certain,SP_3166d65d14088d7b1d48
PERSON_FRIKHA_MOHAMED,CO_IMMOBILIERE_HELIOPOLIS,commissaire_aux_comptes,corporate,probable,SP_b0926224c352dfa513ea
PERSON_HMIMED_HECHMI,CO_ANIS_CONFECTION,gerant,corporate,certain,SP_9aa4b909720372dc84c3
PERSON_JAIDANE_RIADH,CO_SERVIPRINT,administrateur,corporate,certain,SP_bdbe665829fb05bd820a
PERSON_ABDENADHER_THAMEUR,CO_TARGET_ENGINEERING,pdg,corporate,certain,SP_75dcaa9a0cba1a2e5186
PERSON_SLAMA_RIDHA,CO_SLAMA_SICAF,unspecified,corporate,probable,SP_56052ce03793a7c00357
PERSON_SLAMA_ABDELHAKIM,CO_SLAMA_SICAF,unspecified,corporate,probable,SP_afecbbcd37be907934c9
PERSON_SLAMA_AMOR,CO_SLAMA_SICAF,unspecified,corporate,probable,SP_fb0152394a0b2f1bcccd
PERSON_BOUCHAMAOUI_GHAZI,CO_SANDRILLON,gerant,corporate,certain,SP_9cf8dff699c8996cd59a
PERSON_SLAMA_HASEN,CO_SOTEG,gerant,corporate,certain,SP_d58907d46ed72b618544
PERSON_SLAMA_CHIHEBEDINE,CO_SLAMA_OLIVETTO,dg,corporate,certain,SP_d5621c90b0a888479e40
PERSON_KCHAOU_HABIB,CO_SOTUFCA_DISTRIBUTION,unspecified,corporate,certain,SP_d950e55f438689dec5da
PERSON_KCHAOU_HABIB,CO_SOTUFCA_DISTRIBUTION,pdg,corporate,certain,SP_84ef10b7819fc0692bd1
PERSON_BOUALAGUI_JAMEL,CO_MEDICAST,fondateur,corporate,certain,SP_a8f370fd0603bcf4be32
PERSON_BOUALAGUI_JAMEL,CO_MEDICAST,pdg,corporate,certain,SP_da3a835dd6aba3f78756
PERSON_MABROUK_MOHAMED_MARWEN,CO_DIVONA_TELECOM,president_ca,corporate,certain,SP_7759249c225373e5fedd
PERSON_TOUITI_RIDHA,CO_COMPAGNIE_PHOSPHATES_GAFSA,association_president,corporate,certain,SP_d8c71dcd808795716a56
PERSON_HAMAMI_ABDERAZEK,CO_DIMASSI_BOIS,gerant,corporate,certain,SP_381386cc659370f4e07e
PERSON_CHAABANE_FARAH,CO_MAHRAJENE_FAST_FOOD,gerant,corporate,certain,SP_661355d206a7e3605646
PERSON_KAMOUN_AHMED,CO_TUNISIENNE_DENTREPOSAGE_FRIGORIFIQUE,gerant,corporate,certain,SP_f3061e420729244da491
PERSON_BENYOUSEF_LEILA_DRIS,CO_BEST_IMPORT_EXPORT_COMPANY_BIECO,cogerant,corporate,certain,SP_236c152f23e331b4f394
PERSON_SLAMA_MOHAMED,CO_MONDE_DELICIEUX_SOMODE,gerant,corporate,certain,SP_f4079017f3560d12101e
PERSON_LOUKIL_MOEZ,CO_SOTEFI,gerant,corporate,certain,SP_6a8ed4fc2644b16d1445
PERSON_BOURICHA_JALEL,CO_CONCORDE_FINANCEMENT_DINVESTISSEMENT_CONCORDE_FININVEST,pdg,corporate,certain,SP_e22d2e547d4967c00b4f
PERSON_ANTOINE_CARBONE,CO_FORGE_FRANCO_TUNISIENNE,gerant,corporate,certain,SP_e8b71887ee6e7f0eeecd
PERSON_CLERICALI_JEAN_LOUI_ROGER,CO_FORGE_FRANCO_TUNISIENNE,cogerant,corporate,certain,SP_2182808b5c8d713da9b0
PERSON_ABDENADHER_AMEUR,CO_CEFER,gerant,corporate,certain,SP_d079a07908a4e21eada3
PERSON_MHENI_MOHAMED_RAOUF,CO_PRODUITS_SPECIAUX_ALI_MHENI,dg,corporate,certain,SP_2f9bb95c353d940e5afd
PERSON_BOIRON_JOSELYN,CO_FRANCE_ALU_VOLETS,gerant,corporate,certain,SP_1b44a37ba8f27e6d72e5
PERSON_MEDEB_MOHAMED,CO_CENTRALE_LAITIERE_CAP_BON,pdg,corporate,probable,SP_091fef68cd8ed95a2fff
PERSON_SASI_AMEL_BENTMOHAMED,CO_MEUBLINOX,gerant,corporate,certain,SP_7789683d1dd13ccecd2f
PERSON_BENASR_KARIM,CO_IMMOBILIERE_ASTARTE,administrateur,corporate,probable,SP_1639668c99bb70b99f9d
PERSON_BENASR_SLIM,CO_IMMOBILIERE_ASTARTE,administrateur,corporate,probable,SP_390aaccbbd7893400fc4
PERSON_BENASR_SLIM,CO_IMMOBILIERE_ASTARTE,president_ca,corporate,certain,SP_ca2b28284b54c7321b39
PERSON_BENSALEM_RAFIAA_DRIS,CO_SANTA_FE,gerant,corporate,certain,SP_e6e0e1e0dec334abcdf7
PERSON_HLIOUI_ALI,CO_CIMENTERIE_CAP_BON,pdg,corporate,certain,SP_9ab9f7b78dc1e7faebf3
PERSON_BOULKOUT_MOUNIR,CO_SELT_MARINE,gerant,corporate,certain,SP_cbbe5068e86cb405b95c
PERSON_BOULKOUT_MOUNIR,CO_SELT_MARINE,gerant,corporate,probable,SP_24cc248484015bd2740b
PERSON_ZOUARI_MONDHER,CO_SABAH_PANACOTTA,gerant,corporate,certain,SP_e26ebeb32f4b0013248a
PERSON_KRIA_MOHAMED_ABDELMONEM,CO_POLYCOQ_TUNISIE,pdg,corporate,probable,SP_41cc5bdb5709eb2ccd94
PERSON_HORCHANI_SAMIR,CO_TUNISIENNE_PECHE_EL_BIBANE,administrateur,corporate,certain,SP_64ae37dc13a010874088
PERSON_CHAABANE_CHOKRI,CO_OPTIMUS,gerant,corporate,certain,SP_b1c3c5ebf98876d28aab
PERSON_DRIDI_ABDELKADER,CO_CARTHAGINOISE_PRODUCTION_AGRICOLE,gerant,corporate,certain,SP_0f11f07caa8c29f7dd0d
PERSON_ZOUARI_MOURAD,CO_KMF_TRAVEL,gerant,corporate,certain,SP_7c4c7e9879032a11c05c
PERSON_ABDENADHER_LATIFA,CO_MAISSA_ART_TABLE,gerant,corporate,certain,SP_90b00743bcb328a44693
PERSON_TAKTAK_SAID,CO_RISEL_INDUSTRIES,gerant,corporate,certain,SP_82dbcf8af5ca31022d5d
PERSON_HADAD_KAMEL,CO_ART_TECHNIQUE_MARBRE,gerant,corporate,certain,SP_b53f3d0738178fbc4ed8
PERSON_MOALA_SLIM,CO_GESCO,pdg,corporate,certain,SP_961a76b2a670ee1c25ab
PERSON_DJILANI_HEDI,CO_CONFECTION_RAS_JEBEL,pdg,corporate,probable,SP_49391d59beff0fa9c9b8
PERSON_ESEGHAIER_ABDELKADER,CO_CONFECTION_RAS_JEBEL,dga,corporate,probable,SP_4c754e04bb25fc23a754
PERSON_AMAR_MOHAMED,CO_COMPTOIR_REGIONAL_SERVICES_PECHES,president_ca,corporate,certain,SP_4b5d44ac13e98e1b7766
PERSON_DJERAD_ABDELMAJID_KILANI,CO_VETEMENTS_INDUSTRIELS_TUNISIE,gerant,corporate,certain,SP_b4f5b4e299f952993119
PERSON_AYADI_ONS_KHALIL,CO_FRANCO_TUNISIENNE_DEVELOPPEMENT_PRESTATIONS_INFORMATIQUE_SOF,gerant,corporate,certain,SP_4f7ac2a4bd53357c54cc
PERSON_FADHEL_MAHMOUD,CO_LIVRE,pdg,corporate,certain,SP_1ad1f77d0a1b0904241f
PERSON_BRAHEM_LOTFI,CO_MENZEL_NEW_CO,gerant,corporate,certain,SP_7ebae00794a85dba4969
PERSON_BELKHIRIA_TAHER,CO_TRANSFORMATION_POLYURETHANNE_CENTRE_SOTRAPOC,gerant,corporate,certain,SP_9ac58c60c1185cfeb336
PERSON_CHHAIDER_ABDELMAJID,CO_SMVDA_EL_KHADRA,administrateur,corporate,certain,SP_733c83259ad20c8e25a0
PERSON_BENJEMAA_KHALED,CO_SMVDA_EL_KHADRA,pdg,corporate,certain,SP_9629f288094d0e93c67a
PERSON_MZABI_MZOUGHI,CO_INTERNATIONALE_TOURISTIQUE_IMMOBILIERE_SITI,administrateur,corporate,certain,SP_0fef7e8cbf2055ee5c42
PERSON_MZABI_MONCEF,CO_INTERNATIONALE_TOURISTIQUE_IMMOBILIERE_SITI,administrateur,corporate,certain,SP_cf203e94b42b35e0901f
PERSON_MZABI_MOHAMED_SADOK,CO_INTERNATIONALE_TOURISTIQUE_IMMOBILIERE_SITI,administrateur,corporate,certain,SP_3547dd94372b0be40037
PERSON_MZABI_MZOUGHI,CO_INTERNATIONALE_TOURISTIQUE_IMMOBILIERE_SITI,pdg,corporate,certain,SP_75391324ab0a376b6d7e
PERSON_ZOUARI_MAHER,CO_NORTH_AFRICA_INTERNATIONAL_BANK,member,corporate,certain,SP_836157bfca11ee8361bc
PERSON_KAROUI_HAMED,CO_TOURISTIQUE_TOUR_KHALEF,unspecified,corporate,probable,SP_d2a3a709f229a5b78578
PERSON_DRIS_ZOHRA,CO_TOURISTIQUE_TOUR_KHALEF,unspecified,corporate,probable,SP_8bb8ae7847a77144dd1e
PERSON_ELOUMI_ABOUDA,CO_AGRO_ZITEX,president_ca,corporate,certain,SP_7b32b6125916c5af560c
PERSON_MABROUK_RAOUDHA,CO_TRANS_INVEST_MABROUK,gerant,corporate,certain,SP_aaeca05f7fa9a18c192f
PERSON_CHABCHOUB_MOHAMED,CO_ESSEYAHA,president_ca,corporate,certain,SP_dd242dcf4199cca74c33
PERSON_CHOURA_SLIM,CO_ELEGANCE_MODE,gerant,corporate,certain,SP_2d75ec5e8a0fdb5eb4be
PERSON_SLAMA_MOHAMED_RIDHA_SAHBI,CO_TUNISIENNE_GRIGNONS,gerant,corporate,certain,SP_6d8feec0ef7b7d4f29ba
PERSON_DIMASI_ADEL_EZEL,CO_TEINTURE_FINISSAGE_ITALO_TINISIEN,gerant,corporate,certain,SP_ebefb9257910f081beae
PERSON_CHAARI_LAMIA,CO_TEINTURE_FINISSAGE_ITALO_TINISIEN,gerant,corporate,certain,SP_9681d435309de4c03748
PERSON_SASI_FAYCEL,CO_HO_RE_CA_MANAGEMENT,cogerant,corporate,certain,SP_64280c7dc0060f48c84f
PERSON_ELAMRI_MOHAMED_HEDI,CO_UNIVERSAL_COLORS_TUNISIA,gerant,corporate,certain,SP_68e4a5491b2954c06de7
PERSON_HADJALI_RAFIK,CO_UNION_TUNISIENNE_DEMBALLAGE_CONDITIONNEMENT_UNITEC,pdg,corporate,certain,SP_4dac276ee067bd90f3f7
PERSON_BOURICHA_RADHOUANE,CO_HELIOFLEX_NORTH_AFRICA,dga,corporate,certain,SP_55833ae69cc51eb1f0a7
PERSON_SASI_MALEK,CO_CASABO_INDUSTRIE,gerant,corporate,certain,SP_4191912ab18f9e09976e
PERSON_BAYAHI_YAHIA,CO_PROMOTION_IMMOBILIERE_MONTFLEURY,pdg,corporate,certain,SP_153ee9fe24b7d8c4d993
PERSON_FAKHFAKH_ELYES,CO_COTREL,dga,corporate,certain,SP_9fc751fbf566b01bd7de
PERSON_ZOUARI_HAFEDH,CO_ZOUARI_CIE,pdg,corporate,probable,SP_c696d501f7a75dfe35df
PERSON_BOUSETA_MOHAMED,CO_INTER_CONSULTING_TUNISIA,gerant,corporate,certain,SP_2e44a3c10a538229ee9c
PERSON_ABDENADHER_MOHAMED,CO_ABDENNADHER_REALISATION_RESEAUX_A2R,gerant,corporate,certain,SP_3db78ed17fe9345bcaca
PERSON_DENGUEZLI_ZOUHEIR,CO_COMPAGNIE_FRANCO_TUNISIENNE_PETROLES,dg,corporate,certain,SP_e284e9402bed25fecbd6
PERSON_BOURICHA_TAHER,CO_INDUSTRIELLE_COMMERCIALE_EQUIPEMENTS_MARITIMES_SOICEM,unspecified,corporate,certain,SP_d13d2def5695ec00cec8
PERSON_BOURICHA_HEDI,CO_INDUSTRIELLE_COMMERCIALE_EQUIPEMENTS_MARITIMES_SOICEM,unspecified,corporate,certain,SP_5f2893c151450a25d4f0
PERSON_BELAGHA_SALMA,CO_ALTERNATIVE_CAPITAL_PARTNERS,administrateur,corporate,certain,SP_7a4bd91a1f5949d36d43
PERSON_SCHETINI_ERIC,CO_ALTERNATIVE_CAPITAL_PARTNERS,administrateur,corporate,certain,SP_60ba6dd138c56483eef1
PERSON_LOUED_TAHA,CO_ALTERNATIVE_CAPITAL_PARTNERS,administrateur,corporate,certain,SP_30b0c8cb17f9d4b8b2ac
PERSON_BELAGHA_KHALED,CO_ALTERNATIVE_CAPITAL_PARTNERS,administrateur,corporate,certain,SP_8a03a8dbf2d3227fba3d
PERSON_SCHETINI_ERIC,CO_ALTERNATIVE_CAPITAL_PARTNERS,president_ca,corporate,certain,SP_fad6e8dee07bffb73afd
PERSON_HAMROUNI_MUSTAPHA,CO_SERVICES_GENERAUX_SSG,gerant,corporate,certain,SP_b13096bafefeb819509c
PERSON_ALTRAD_MATHIAS,CO_ALTRAD_CEDRIA,gerant,corporate,certain,SP_89beaf078591bace845a
PERSON_JNIFEN_ANOUAR,CO_PEVERO_ITALIA_COM,gerant,corporate,certain,SP_f1435dbfc51ce9eb18dd
PERSON_CHETAOUI_NABIL,ORGMENTION_Société Tunisienne de l'Air Tunisais,administrateur,corporate,certain,SP_2ddf56044fce5f41a304
PERSON_MEHREZ_MOHAMED_ELFEHRY,CO_ENNADHAFA_JUDY,association_president,corporate,certain,SP_d647f76274d1e8f95297
PERSON_MEHREZ_CHAMSEDINE,CO_ENNADHAFA_JUDY,association_president,corporate,certain,SP_ff7d00d44f2323542107
PERSON_JENAYAH_OMAR,ORGMENTION_Société Tunisienne de Promotion du Tourisme,administrateur,corporate,certain,SP_0d3c9f23b005ee5214f2
PERSON_TROUDI_MOEZ,CO_INDUSTRIE_MONTAGE_CABLES_ICEM,gerant,corporate,certain,SP_52a8bbaef98cd126ba05
PERSON_MZABI_FAOUZIA,CO_RESOURCE_CONTACT_CENTER,gerant,corporate,certain,SP_895712756061d1664872
PERSON_MZABI_JAMEL,CO_RESOURCE_CONTACT_CENTER,gerant,corporate,certain,SP_a05aeadddf9397ea74fa
PERSON_BREVET_ALAIN,CO_NOUVELLE_FRANCO_TUNISIENNE_CONFISERIE,gerant,corporate,certain,SP_a7330b9cb4f2370721e4
PERSON_TRIKI_MOHAMED,CO_EL_KHAIR_POUR_DEVELOPPEMENT_AGRICOLE,gerant,corporate,certain,SP_dd6546ab99b8ff52bd57
PERSON_NUPONEN_PERTI,CO_BONNA_TUNISIE,administrateur,corporate,certain,SP_29cf7028b676d4af1dba
PERSON_BEJAOUI_SEIFEDINE,CO_ARAB_DEBT_RECOVERY,representant,corporate,certain,SP_efdf0df630b62b34346b
PERSON_KHECHINE_JOUDA,CO_FRIMOUSSES,gerant,corporate,certain,SP_0555da64de1f956ad6a4
PERSON_DRIS_ASOUANE,CO_SAHEL_PIECES_AUTOS,gerant,corporate,certain,SP_3fe9c8c7d161fa40f3e4
PERSON_SAIDI_AHMED,CO_INTERNATIONAL_MINERVA_TRADING,gerant,corporate,certain,SP_e3864ba4d13e5ea81949
PERSON_SCRICIOLO_RAUL,CO_EL_AMEN,gerant,corporate,certain,SP_d87e5789c3f658560113
PERSON_GIACOMAZI_FIORENZO,CO_FL_FORMAGGIO_ITALIANO,gerant,corporate,certain,SP_dcc399e2bd6e8053fa4a
PERSON_HAKMOUNI_ABDERAOUF,CO_INDUSTRIELLE_GRILLAGE_SIG,pdg,corporate,certain,SP_28ceb996355a0ba474c4
PERSON_ELOUMI_ABOUDA,CO_AGRO_ZITEX,dg,corporate,certain,SP_c2725e6c0e942c8ed71a
PERSON_LOUKIL_MOHAMED_MEKI,CO_LOUKIL_DAGRICULTURE,gerant,corporate,certain,SP_71f165feec0604727dee
PERSON_ABDELMOULA_MONCEF,CO_MAILLE_CLUB,pdg,corporate,certain,SP_92bb1dc177b92f38c0e0
PERSON_MHENI_MOUNIRA,CO_HOTELIERE_TOURISTIQUE_CHAMS_EL_HANA,unspecified,corporate,certain,SP_7e896f0e053524fcff20
PERSON_MHENI_BOURAOUI,CO_HOTELIERE_TOURISTIQUE_CHAMS_EL_HANA,unspecified,corporate,certain,SP_fa05b86ded544a56bd0b
PERSON_HAMROUNI_FAOUZI_BENALI,CO_ENNAJEH_CONFECTION,associe,corporate,certain,SP_790ceba65d3ccb0aef3c
PERSON_MABROUK_AMEL,CO_IMMOBILIERE_TUNISIENNE,pdg,corporate,certain,SP_589d996ca81f68247b61
PERSON_CHAABANE_MAHMOUD,CO_CMF_CONSULTING,dg,corporate,certain,SP_f2234e9032f94fd611e5
PERSON_BENALI_NAIMA,CO_CAFFE_ITALIA_CAFFITA,gerant,corporate,certain,SP_1a690127a359e149582a
PERSON_CERUTI_MAXIMILIAN,CO_CAFFE_ITALIA_CAFFITA,gerant,corporate,certain,SP_a8159dd4fa4bdafe5f3b
PERSON_CHAABANE_SOUHIR,CO_YAYA_NEW_CENTRE,gerant,corporate,certain,SP_fdc998cfa2acd4a63a91
PERSON_BOUDEN_MAHMOUD,ORGMENTION_SIMOP Tunisie,pdg,corporate,certain,SP_21b0bef9c995e208f23c
PERSON_ESAFI_ABDELWAHEB,ORGMENTION_SIMOP Tunisie,unspecified,corporate,certain,SP_c45a11967d8586d34c2d
PERSON_BENKHEMIS_MOHAMED_TAOUFIK,ORGMENTION_SIMOP Tunisie,unspecified,corporate,certain,SP_2423869360915bc677b9
PERSON_MILED_KARIM,CO_TUNISIE_CATERING,administrateur,corporate,certain,SP_272340493ac3416c133b
PERSON_AMOURI_ABDERAOUF,CO_HASDRUBAL_THALASSA_HOTELS,dga,corporate,certain,SP_a8e33bc53658b63678fc
PERSON_DANGELO_ANDREA,CO_GROUPPO_MODA_ITALIA,gerant,corporate,certain,SP_3e6f3fc8e64926a1af46
PERSON_SALVATORE_ARENA,CO_GROUPPO_MODA_ITALIA,cogerant,corporate,certain,SP_2ca4ab0453f88bd8b82e
PERSON_GASAB_DHEKRA_MELAEH,CO_FROMAGES_FRANCE,gerant,corporate,certain,SP_586be615be5d1c38d7c2
PERSON_HAMROUNI_HEDI,CO_EL_ISTIFA,pdg,corporate,certain,SP_0d639b7ff4d407a36512
PERSON_BENALI_NAIMA,CO_FOOD_EXPRESS,gerant,corporate,certain,SP_16cbb83eefe7535ae900
PERSON_ARTRU_JEAN,CO_VIGNAL_ARTRU_TUNISIE,gerant,corporate,certain,SP_932f8e3a2a447fc3e486
PERSON_SASI_TAOUFIK,CO_NETTYAGE_SURVEILLANCE_MASTER_SERVICE,gerant,corporate,certain,SP_bf2581e8455948d4ef9f
PERSON_SELAMI_KHALIL,CO_KRS_CONSEIL,gerant,corporate,certain,SP_36463f494d11db5def24
PERSON_HAMAMI_HABIB,CO_IMMOBILIERE_HANNIBAL,gerant,corporate,certain,SP_392c3b22ef2dc1e52d06
PERSON_SLAMA_MAHER,CO_VELONCIA,gerant,corporate,certain,SP_71819c168821af554091
PERSON_SOLTANI_HOUCINE,CO_TUNISIENNE_ACER_SOTACER,dga,corporate,probable,SP_e23388c956b149317ae4
PERSON_ALANI_SONIA,CO_TUNISIENNE_ACER_SOTACER,dga,corporate,probable,SP_6932592a4d9866780749
PERSON_BELAGHA_MOHAMED_KHALED,CO_NOUR_INVEST_SICAF,administrateur,corporate,certain,SP_181d3cc2a8fc6c5f1669
PERSON_BELAGHA_MOHAMED_KHALED,CO_NOUR_INVEST_SICAF,pdg,corporate,probable,SP_a666ff46f3f25771b566
PERSON_DIMASI_MOHAMED_BENABDELAZIZ,CO_BONNETERIE_LUXE_SOBOLUX,gerant,corporate,certain,SP_b7f2063c9f05195295f4
PERSON_MEJDOUB_MOURAD,CO_GREEN_SECURITY,gerant,corporate,certain,SP_562cfd6063671306edb7
PERSON_HMIDA_HICHEM,CO_KATEX,gerant,corporate,certain,SP_2a75f941161e9cf1efd8
PERSON_DAKHLY_MONCEF,CO_INVEST_SICAR,president_ca,corporate,certain,SP_1b7685242ab8286f660b
PERSON_ZAR_ESIA,CO_INVEST_SICAR,dg,corporate,certain,SP_d53dd79b283d7aaa8641
PERSON_BENSALAH_MAHMOUD,CO_INTERNATIONAL_DEVELOPMENT_CONSULTANTS,association_president,corporate,certain,SP_a58aa8de31bf4d26aa64
PERSON_MEGDICHE_RAOUF,CO_HUILE_NORD_OUEST,administrateur,corporate,certain,SP_a261b804c6f3c72aad2c
PERSON_MRABET_RIDHA,CO_HUILE_NORD_OUEST,administrateur,corporate,certain,SP_a2de3b6925fc0aa36421
PERSON_ABDESLEM_MOHSNI,CO_HUILE_NORD_OUEST,administrateur,corporate,certain,SP_76980a04095cd7fb75f8
PERSON_MEGDICHE_RAOUF,CO_HUILE_NORD_OUEST,pdg,corporate,certain,SP_5fc667a4a87216a9eed2
PERSON_EZEDINE_ABDELGHAFAR,CO_UNIVERS_SICAR_INVEST,president_ca,corporate,certain,SP_056c559f7f43873ee6bb
PERSON_DHEMAIED_FAOUZI,CO_UNIVERS_SICAR_INVEST,dg,corporate,certain,SP_c3cee5f9b1406e21c1bf
PERSON_BOUZGUENDA_AHMED,CO_EL_AMRA_PROMOTION_IMMOBILIERE,administrateur,corporate,certain,SP_a1f77256727d3f6180a1
PERSON_CRISTOFARO_MICHELE_DE,CO_PROCAN_TUNISIE,gerant,corporate,certain,SP_5434e9a38307e6337982
PERSON_SELAMI_ALI_BENMOHAMED_TAIEB,CO_MENUISERIE_MEUBLES,gerant,corporate,certain,SP_dbc3ed10c1efaa42067f
PERSON_ZOUARI_MAHER,CO_CLUB_AUTO,gerant,corporate,certain,SP_6e7eb5aa735843e2d353
PERSON_MKAOUAR_ABDESALEM,CO_AFROFLEX,pdg,corporate,certain,SP_bccf35ccad62d643d3b8
PERSON_MIRANDE_THIERY_YVES_HAURE,CO_AEROTECH,gerant,corporate,certain,SP_7940935909fb6ffe0b8c
PERSON_ZOUARI_HAFEDH,CO_TUNISIENNE_DISTRIBUTION_SOTUDIS,pdg,corporate,probable,SP_71f6588eb11718b14d8f
PERSON_SURGOT_BERNARD,CO_METAL_GAN,association_president,corporate,certain,SP_8533b6759a4eea23afe9
PERSON_KOUBAA_THAMEUR,CO_METAL_GAN,dg,corporate,certain,SP_09649784c326b8e5b0c8
PERSON_HORCHANI_LAMINE,CO_ASTUCE_FORMATION,gerant,corporate,certain,SP_aee65d5d1e755653e4c5
PERSON_ELOUMI_MOHAMED_ZIED,CO_ZIED_COMMERCE,gerant,corporate,certain,SP_e58c40891c21e9cca3dc
PERSON_SASI_MOHAMED,CO_HIGH_BUSINESS_SOLUTION,gerant,corporate,certain,SP_3dbc5d456c411e8294ab
PERSON_KAMOUN_HEDI,CO_MAREX_TLC,gerant,corporate,certain,SP_2cb165a8686f068ddd2e
PERSON_KAMOUN_HEDI,CO_EDUTECHNIQUE,gerant,corporate,certain,SP_b1669bef5ac61a248f4d
PERSON_BAYAHI_YAHIA,CO_PROMOTION_IMMOBILIERE,administrateur,corporate,certain,SP_e2c9709e5d1b72e7a565
PERSON_BAYAHI_YAHIA,CO_COMPAGNIE_FINANCIERE_D_INVESTISSEMENT,administrateur,corporate,certain,SP_e1d6b4b8d3d6ff6c3498
PERSON_BAYAHI_YAHIA,CO_COMPAGNIE_FINANCIERE_D_INVESTISSEMENT,pdg,corporate,certain,SP_3ff7ec0b499da6289cc6
PERSON_BAYAHI_YAHIA,CO_INDINVEST,administrateur,corporate,certain,SP_9e08a6c92412f5a9a12d
PERSON_BAYAHI_YAHIA,CO_INDINVEST,pdg,corporate,certain,SP_ec162490ef14dc0a4072
PERSON_HAMROUNI_MUSTAPHA,ORGMENTION_SOTACID S,dg,corporate,certain,SP_0d66fe191f9ffd41fb54
PERSON_HAMROUNI_HAMAID,ORGMENTION_SOTACID S,dg,corporate,certain,SP_dbad5d9510fc48b290ee
PERSON_PATRICK_MAUVAIS,CO_FRANCO_TUNISIENNE_MEGA_PHOTOS,gerant,corporate,certain,SP_aef516dc5784162c7f9e
PERSON_KRIA_MOHAMED_ABDELMONEM,CO_POLYJUMBO,administrateur,corporate,certain,SP_e4106bb9e3009286ea36
PERSON_KRIA_FATMA,CO_POLYJUMBO,administrateur,corporate,certain,SP_b23db1f9b7b4498e106e
PERSON_KRIA_MOHAMED_ABDELMONEM,CO_POLYJUMBO,pdg,corporate,certain,SP_7afcac3e6230fba1936a
PERSON_KRIA_MOHAMED_ABDELMONEM,CO_POLYCOQ_TUNISIE,administrateur,corporate,certain,SP_8a738d5060f4b2c63cb8
PERSON_KRIA_FATMA,CO_POLYCOQ_TUNISIE,administrateur,corporate,certain,SP_ae100883796fa0680bcd
PERSON_ZOUARI_JOHANA_HOFER,CO_BELLE_FEELING_WELL,gerant,corporate,certain,SP_2dcb5cb928757d31a3ca
PERSON_KHECHINE_ABDELHAMID,CO_RESIDENCE_HAMMAMET,administrateur,corporate,certain,SP_9838c67000b26baa331a
PERSON_KHECHINE_YOUSRI,CO_RESIDENCE_HAMMAMET,administrateur,corporate,certain,SP_748ecdfbf1cd34a5689c
PERSON_CHEBI_MEHREZ,CO_PATISSERIE_ESSAADA,gerant,corporate,certain,SP_0cd7234ea502daa25770
PERSON_JBEBLI_MABROUK,CO_MEDIA_PRODUCTION,gerant,corporate,certain,SP_0433e1b74cd266f0dbad
PERSON_MHADHBI_MOHSEN,CO_FIMCO,cogerant,corporate,certain,SP_3edde60673d34b0fd86a
PERSON_HAMAMI_AHMED,CO_MISE_EN_VALEUR_DEVELOPPEMENT_AGRICOLE_EL_BORJ,administrateur,corporate,certain,SP_f27d7648f494eeec5e9c
PERSON_HAMAMI_AHMED,CO_MISE_EN_VALEUR_DEVELOPPEMENT_AGRICOLE_EL_HILEL,administrateur,corporate,certain,SP_d241e41d040eea10d718
PERSON_TOUNSI_MOHAMED,CO_POLYMERES,pdg,corporate,certain,SP_a7a1b4f08fcf694472d2
PERSON_ZOUARI_BASEM_BENABDERAZEK,CO_ULYSSE_SHIPPING_AND_TRADING_COMPANY,gerant,corporate,certain,SP_703b91e8f8ed51b8f592
PERSON_ZOUARI_IMED,CO_SOCIBOIS,gerant,corporate,certain,SP_2bc5523b1e064768716e
PERSON_SLAMA_ALI,ORGMENTION_Société de Développement Agricole Dar El Bidha,pdg,corporate,certain,SP_920464b355b8d8729548
PERSON_SLAMA_CHIHEBEDINE,ORGMENTION_Société de Développement Agricole Dar El Bidha,dga,corporate,certain,SP_6850e8319a43a8ae152c
PERSON_BENROMDHANE_SAMIRA,CO_MEDIVET,president_ca,corporate,certain,SP_67ff9afe53069d553455
PERSON_KEFI_CHIRAZ,CO_TIKADHESIF,unspecified,corporate,certain,SP_1568da0a91b60e873dfb
PERSON_BOUAOUAJA_CHIRAZ,CO_PRODUITS_PHARMACEUTIQUES_SUD_PROPHASUD,gerant,corporate,certain,SP_0ee61bd898382372f6a0
PERSON_TRABELSI_MOHAMED,CO_TRABELSI,cogerant,corporate,certain,SP_0ed8cfeb4e2369486008
PERSON_ELOUMI_OMAR,CO_ICEC_MED,gerant,corporate,certain,SP_eb9697481005a3650c77
PERSON_ABAS_FERID,CO_SETCAR_INTERNATIONAL,administrateur,corporate,certain,SP_18d1c467aa5128b32b98
PERSON_KAMOUN_HEDI,CO_IFG_TUNISIA,gerant,corporate,certain,SP_f82e88b9feddc2b2f25d
PERSON_ZARAD_KAMEL,CO_DENIM_HOUSE,gerant,corporate,certain,SP_f765d039e50444aee6c2
PERSON_KAMOUN_MOEZ,CO_ADD_VALUE_CONSULTING,gerant,corporate,certain,SP_4522048d88d1db771743
PERSON_AMAR_MOHAMED,CO_AMARA_MARKETING_COMPAGNY,gerant,corporate,certain,SP_06c5b4145b87227bc97b
PERSON_SELAMI_ABDALAH,CO_BATIMENT_TRAVAUX_PUBLICS,cogerant,corporate,certain,SP_90cae355c3c6282247d5
PERSON_TRIFI_BORHANE,CO_CHAUSSURES_DESCA,gerant,corporate,certain,SP_f3447afc52e28c3d1dd1
PERSON_JERIDI_RIDHA,CO_MARBRERIE_JERIDI,gerant,corporate,certain,SP_b8a797945e14c6452d62
PERSON_JERIDI_AYMEN,CO_MARBRERIE_JERIDI,gerant,corporate,certain,SP_f2a10307cc964f8bbf24
PERSON_DANIELE_MAMBELI,CO_FORUM_LIVII,gerant,corporate,certain,SP_6536bdb4e0a88369728f
PERSON_ALBERTINA_ARCANGELI,CO_FORUM_LIVII,gerant,corporate,certain,SP_6a50edb03f9a97f5ae41
PERSON_MRABET_RIDHA,CO_INDUSTRIELLE_PRODUITS_HYGIENIQUES_SIPH,representant,corporate,certain,SP_85d954a950a34074c781
PERSON_TRIKI_YOUSEF,CO_BROCENTER,gerant,corporate,certain,SP_f295d99ccc49b133be8e
PERSON_TAMARZISTE_MEHDI,CO_BEST_CONSEIL,gerant,corporate,certain,SP_1a82b1de186c4df078a7
PERSON_MOUAKHER_MOHAMED,CO_MEDEX,gerant,corporate,certain,SP_f015fe11c354cce599ef
PERSON_ABROUG_TAHER,CO_AZIZA_CONFECTION,gerant,corporate,certain,SP_39f2e31d370cda43f371
PERSON_DRIS_HICHEM,CO_ITT_HOTEL_CORPORATION_OF_TUNISIA,unspecified,corporate,certain,SP_036670bb1805be8a27de
PERSON_DRIS_HICHEM,CO_ITT_HOTEL_CORPORATION_OF_TUNISIA,pdg,corporate,certain,SP_c9cb74b2ca9554a8bd8a
PERSON_ELOUMI_FAOUZI,CO_STIFEN_INDUSTRIE,cogerant,corporate,certain,SP_c6545d80901f8676f8e1
PERSON_CHAYATA_SEDKI,CO_TUNISIAN_GLOBAL_PLASTURGY,gerant,corporate,certain,SP_45ff861d9ca6b38ca631
PERSON_BOUZID_RAOUDAH_TRIKI,CO_D_ETUDES_DASSISTANCE_MULTIDISCIPLINAIRES_SEAM,gerant,corporate,certain,SP_989819a132f5c5d02937
PERSON_HAMAMI_MOHAMED_ALI_BENBELGACEM,CO_AZZA_WORLD_TRADING,gerant,corporate,certain,SP_4fb449a6e3b4d2028118
PERSON_NAOUI_AMOR,CO_LUCA_AMOR_FRANCO,gerant,corporate,certain,SP_52799b1f8d4db7fb739d
PERSON_AMAR_MOHAMED,CO_MENA_TUNIS_PROMOTION_IMMOBILIERE,gerant,corporate,certain,SP_f5585475718f5188f670
PERSON_JEBNOUN_MOHAMED_HEDI,CO_SADIRA,administrateur,corporate,certain,SP_a655334b266d7afae697
PERSON_MAHJOUB_MOHAMED_SAHBI,CO_SADIRA,administrateur,corporate,certain,SP_5909c8020990f83c5b97
PERSON_DERBEL_FAYCEL,CO_SADIRA,commissaire_aux_comptes,corporate,certain,SP_9ccc96c1ba90ea21e247
PERSON_AREM_SOFIEN,CO_SOFICO_IMPORT,gerant,corporate,certain,SP_dae9c36f3f0e11eee35e
PERSON_REKIK_MOHAMED_RIADH,CO_K_N_R_G_INTERNATIONAL,gerant,corporate,certain,SP_93bb4cc21068908f8b51
PERSON_MHIRI_MOKHTAR,CO_INTERMETAL,pdg,corporate,certain,SP_804c934c5e73af723366
PERSON_BOUSBIAA_MONGI,CO_FERMETURES_EMBALLAGES_EN_PLASTIQUE,dga,corporate,certain,SP_cc7ba9e6da6865ba7fc9
PERSON_AREM_JAMEL,CO_TOUTALU,association_president,corporate,certain,SP_8b220ce242bc1ad719b3
PERSON_BARBOUCH_MAJED,CO_LABORATOIRE_TETRA_HYGIENE,dg,corporate,certain,SP_358a01c8865515e7c834
PERSON_HAMAMI_NOUR,CO_EUROMAG,president_ca,corporate,certain,SP_9934f8297b22a5e00beb
PERSON_BOURICHA_MOURAD,CO_NORD_AFRICAINE_CONSEIL_EN_PROPRIETE_INDUSTRIELLE,gerant,corporate,certain,SP_735feaf64224429cc587
PERSON_MABROUK_SAMI,CO_FASHION_BOX,gerant,corporate,certain,SP_8457222dc811352d6ef9
PERSON_MHIRI_NEJI,CO_TOURISTIQUE,dga,corporate,certain,SP_f73049aaf6c8dd319240
PERSON_CAROBI_ARTURO,CO_ITALY_SERVICES,gerant,corporate,certain,SP_2f10bcac11d125fa47ab
PERSON_ABDOULI_TOUHAMI,CO_EURO_MEDITERRANEENNE_DENSEIGNEMENT_SUPERIEUR_PRIVE,pdg,corporate,certain,SP_e70533675c96df6b6819
PERSON_HRICHI_NACEUR,CO_ADAM_EXPORT,gerant,corporate,certain,SP_197965e25121bbdf5055
PERSON_MABROUK_MOHAMED_MARWEN,CO_FLY_INTERNATIONAL_AIRWAYS,unspecified,corporate,certain,SP_fee77e6a916d76c3141b
PERSON_SIALA_MOHAMED_SADOK,CO_SIALA_FRERES,gerant,corporate,certain,SP_499a24b44aff1aca2493
PERSON_CHAABANE_ABDELWAHEB,CO_TRANS_NEGOCE_INTERNATIONAL,gerant,corporate,certain,SP_14edbb785c35c2e2f228
PERSON_YAHIA_YASINE_BENHADJ,CO_INTERPLASTIC,dga,corporate,certain,SP_c53c66481728cbc9546d
PERSON_DIMASI_MORSY,CO_SANTEA,administrateur,corporate,certain,SP_99a9c0a5bc7e2f7a9de6
PERSON_MASOUDI_MUSTAPHA,CO_GENERALE_DIMPRESSION_SOGIM,unspecified,corporate,certain,SP_6783e705f47fb4818734
PERSON_HAMAMI_MOURAD,CO_HORIZON_BUREAUTIQUE_INFORMATIQUE,gerant,corporate,certain,SP_784b5b1cd34221948121
PERSON_SMAOUI_AHMED,CO_HOTELIERE_TOURISTIQUE_KORBOUS,pdg,corporate,probable,SP_4adcb1545e7951890861
PERSON_ABAS_CHIRAZ,CO_HOTELIERE_TOURISTIQUE_KORBOUS,dga,corporate,certain,SP_3dcb9d92d502f71de3ee
PERSON_ALMIA_MOHAMED_LARBI,ORGMENTION_Société Bio Fassy,president_ca,corporate,certain,SP_23971d52800531a8b808
PERSON_GHARBI_MOHAMED_RIDHA,ORGMENTION_Société Bio Fassy,administrateur,corporate,certain,SP_039f4309377312e11cf8
PERSON_ZOUARI_MEKI_MAHER,CO_PASSAGE,dg,corporate,certain,SP_d46eb033e2db610722a5
PERSON_ZAHAF_SLAHEDINE,CO_KANTAOUI_DANIMATION_LOISIRS_ACQUA_PALACE,commissaire_aux_comptes,corporate,probable,SP_e49ac756d27b72be9737
PERSON_MABROUK_JOUILI,CO_JOUILI_TRAVAUX_INDUSTRIELS_JTN,gerant,corporate,certain,SP_55d4dd4094c9aeccb8e6
PERSON_ABDENADHER_AREF,CO_ADVANCED_COMPUTER_SOLUTIONS,gerant,corporate,certain,SP_f5865013bb553faf0752
PERSON_DERBEL_FAYCEL,CO_COMPTOIR_GENERAL_INDUSTRIEL_COMMERCIAL_COGIC,commissaire_aux_comptes,corporate,probable,SP_62aa52b68d3a71993f22
PERSON_KILANI_ABDERAHMAN,CO_TUNISIE_SERVICES,gerant,corporate,certain,SP_d54773813d3c259cc580
PERSON_KOOLI_MOHAMED_SAMI,CO_RAYEN,administrateur,corporate,certain,SP_d6e6efa4f93b129d3929
PERSON_BENAYED_ABDESALEM,CO_RAYEN,administrateur,corporate,certain,SP_25a6445ba7423db123ba
PERSON_MABROUK_MOHAMED_MARWEN,CO_HOTELIERE_GAMMARTH_NORD,pdg,corporate,certain,SP_fc964cfd3e1dbc5bc4a2
PERSON_HANINI_EZEDINE,CO_SETCAR,administrateur,corporate,certain,SP_e51d4c9753439451635e
PERSON_SLAMA_SAMEH,CO_DIAGONALE,gerant,corporate,certain,SP_0a3ffa9548df2d5e7cc8
PERSON_CHOKRI_ABDENADHER,CO_ARGOS_PLUS,gerant,corporate,certain,SP_8e327c2241e4ab1b4484
PERSON_ZOUARI_ABDELKADER,CO_BOULANGERIE_AZOUZ_SBA,gerant,corporate,certain,SP_c0cabff9f0ba21e05f00
PERSON_HAMAMI_MEHREZ,CO_IFAF_COMMERCE_DISTRIBUTION,gerant,corporate,certain,SP_1c89b51368d13db41079
PERSON_TOUHAMI_MOHAMED_SALAH,CO_TOUHAMI_CARRELAGES,administrateur,corporate,certain,SP_25e0474604f4a74df1b6
PERSON_TOUHAMI_MOHAMED_SALAH,CO_TOUHAMI_CARRELAGES,pdg,corporate,certain,SP_4a919d89552953e36e52
PERSON_KAMOUN_KAIS,CO_KSP_CALL_CENTER,cogerant,corporate,certain,SP_875db27377bb3eb4b6b4
PERSON_GARALI_MOUNIR,CO_PLASTIMED,gerant,corporate,certain,SP_2158c0f6177d4abea74b
PERSON_CELENTANO_EMILIO,CO_BATIMENT,gerant,corporate,certain,SP_d9ad37cb83997e794d49
PERSON_SAMOUDA_AHMED,CO_MEDIVET,administrateur,corporate,certain,SP_578ca5fb301819813646
PERSON_SASI_NAOUFEL,CO_EL_MAZRAA,dga,corporate,certain,SP_503326eca6396d3f8ca9
PERSON_DRIS_FADHEL,CO_CADRE_STAR,gerant,corporate,certain,SP_409a07e7f40c5ef9eec5
PERSON_HAMAMI_SOUAD_AKOUCHE,CO_NARCISSE_CREATION_SNC,gerant,corporate,certain,SP_627bcd6357b0767fb82c
PERSON_KAMOUN_KAIS,CO_WORK_TEL,cogerant,corporate,certain,SP_01261b279b360f5aba27
PERSON_KTATA_FATEN_CHAABANE,CO_SELF_CLEAN,gerant,corporate,certain,SP_a5fedf11975d0aca6c90
PERSON_BOURICHA_NAJLA,CO_KAROUI_COMMERCE_KACOM,gerant,corporate,certain,SP_9759c323d4d4b9aa5436
PERSON_BENROMDHANE_DALILA,ORGMENTION_Samira Ben Romdhane,dg,corporate,certain,SP_afa4ed44812025a4f177
PERSON_MAHJOUB_ABDELMAJID,ORGMENTION_Valoris représentée par Monsieur Brechet,administrateur,corporate,certain,SP_999a073a1f0feedc240b
PERSON_MAHJOUB_ABDERAOUF,ORGMENTION_Valoris représentée par Monsieur Brechet,administrateur,corporate,certain,SP_e8aacc8c09bde850dc57
PERSON_MAHJOUB_ABDELWAHEB,ORGMENTION_Valoris représentée par Monsieur Brechet,administrateur,corporate,certain,SP_b0e345382c20aded984b
PERSON_MABROUK_FARES,CO_PATRIMOINE_SICAF,pdg,corporate,certain,SP_02299dcd5db6770410c2
PERSON_JALALI_RIDHA,CO_INTERNATIONALE_DINGENIERIE_S2I,cogerant,corporate,certain,SP_da1615f2a98b63d3d2e2
PERSON_VIALARD_ERIC_JACQUE_IMBERTY,CO_INTERNATIONALE_DINGENIERIE_S2I,cogerant,corporate,certain,SP_f6fb81437820159631b9
PERSON_ESAFI_MOHAMED_NEJIB,CO_NOUVELLE_CHIMIE,representant,corporate,certain,SP_65dca5ca517876aa56aa
PERSON_KHALFALAH_MOHAMED,CO_FRANCO_TUNISIENNE_TEXTILE_SFTT,gerant,corporate,certain,SP_c740bf4193c201b572a9
PERSON_MEZNI_CHOKRI,CO_D_ARTICLES_HYGIENIQUES,administrateur,corporate,certain,SP_6ab1c454d93371724d5b
PERSON_MEHREZ_MOUNA,CO_ENNADHAFA_NEGOCE,administrateur,corporate,certain,SP_0dbf3974617f2edb3fc4
PERSON_MEHREZ_MOHAMED_ELFEHRY,CO_ENNADHAFA_NEGOCE,pdg,corporate,certain,SP_489af4e25ff548ab552a
PERSON_AMAR_MOHAMED,CO_MENA_TUNIS_PROMOTION_IMMOBILIERE,unspecified,corporate,certain,SP_de8165834e0c211008b1
PERSON_HAMROUNI_FITOURI,CO_AMEN_MATERIAUX_CONSTRUCTION_BOIS_EN_DETAIL,gerant,corporate,certain,SP_737f25d256f7431a5a20
PERSON_KAMOUN_MOHAMED,CO_QMAX_TRADING,gerant,corporate,certain,SP_d42142855989a797be43
PERSON_FRADI_MOURAD,CO_STRATEGIE_BUSINESS_CONSULTING_INTERNATIONAL,cogerant,corporate,certain,SP_dea0275f1bf53c46496f
PERSON_MEHDI_MOHAMED,CO_STRATEGIE_BUSINESS_CONSULTING_INTERNATIONAL,cogerant,corporate,certain,SP_d8e7b371d685fce76b76
PERSON_CHERIF_MOHAMED_ALI_ELAOUANI,CO_STRATEGIE_BUSINESS_CONSULTING_INTERNATIONAL,cogerant,corporate,certain,SP_f0f248c33dc574f11e16
PERSON_CHAABANE_ADEL_MOHSEN,CO_STRATEGIE_BUSINESS_CONSULTING_INTERNATIONAL,cogerant,corporate,certain,SP_c4a3cfbc84e59dded6f9
PERSON_ABDENADHER_EZEDINE,CO_SOAMOCER,gerant,corporate,certain,SP_02f2665ca6bc75e1b081
PERSON_CHAKROUN_AMEUR,CO_FABRICATION_PRODUITS_ELECTRIQUES_SFPE,gerant,corporate,certain,SP_cdd4c2a530e6c2ad3147
PERSON_CHABCHOUB_AFIFA,CO_ABDENNADHER_REALISATION_RESEAUX_A2R,administrateur,corporate,probable,SP_08d52c6d603dd64d4cd3
PERSON_KACEM_MOHAMED_KAIS_BENALI,CO_LINEA_EXPO,pdg,corporate,certain,SP_0287035e737ccea6c287
PERSON_GHERAB_BELHASEN,CO_TUNISIENNE_INDUSTRIES_TEXTILE,gerant,corporate,probable,SP_ecdfe89d5554b2dfe013
PERSON_ELOUMI_MOHAMED_ALI,CO_ABC_WEBMAKETING,gerant,corporate,certain,SP_722b4492f81bece0a864
PERSON_TRABELSI_MOHAMED,CO_ESSOUMBOULA_PRODUCTION_AGRICOLE,gerant,corporate,certain,SP_ce98c4717363e19031fe
PERSON_BAYAHI_YAHIA,CO_CFI_SICAR,president_ca,corporate,certain,SP_8092d34d75845eb81db3
PERSON_ZOUARI_MAHER,CO_PARTNERS_PRO,gerant,corporate,certain,SP_e3d1585e54ee3327af62
PERSON_TRIKI_SAMIA_GHEZALI,CO_DRAGEES_DECO,gerant,corporate,certain,SP_046b6807d9ddedade3a2
PERSON_LABIDI_TAHER,CO_NEGOCE_ON_LINE,gerant,corporate,certain,SP_952f3828a7d1be80ec82
PERSON_MAHJOUB_MOHAMED,CO_AGRICOLE_TESTOUR,associe,corporate,probable,SP_d66acd8759da3a074608
PERSON_DERBEL_FAYCEL,CO_AGRICOLE_TESTOUR,associe,corporate,probable,SP_afca228d2c0485484d56
PERSON_BELGACEM_EZEDINE,CO_TECNO_SOLAIRE_ITALIA,gerant,corporate,certain,SP_3054501284f63ec0d427
PERSON_MLAYAH_DORA,CO_FABRICATION_MECANIQUE_DAUTOMATISME_FMA,administrateur,corporate,certain,SP_b2c471d0ba9b8061a964
PERSON_MLAYAH_RACHID,CO_FABRICATION_MECANIQUE_DAUTOMATISME_FMA,president_ca,corporate,certain,SP_5bcf32e5bcc0189c53dd
PERSON_KILANI_AMRI,CO_GE_RE_CO,gerant,corporate,probable,SP_5a96bb1d955c6e46bb01
PERSON_ELOUMI_MONDHER,CO_PLANET_MEDICAL_SERVICES,gerant,corporate,certain,SP_0956bd97ec63d0b904e8
PERSON_HAMAMI_EMNA,CO_TUNISO_LIBANAISE_AL_AFRAH,gerant,corporate,certain,SP_0575c053a1f1857fcd26
PERSON_DEGUICHE_KAMEL,CO_ZED_P_RETAIL,gerant,corporate,certain,SP_71ad2e6f4a2edd8a43d1
PERSON_SASI_MOEZ,CO_MEDIEXPORT,gerant,corporate,certain,SP_39a0445248f894053b3e
PERSON_BOURICHA_KHALED,CO_CAPINVEST,pdg,corporate,certain,SP_680262dafa99324f1e6b
PERSON_BENAYED_ABDELWAHEB,CO_MED_OIL_COMPANY,association_president,corporate,certain,SP_d33702535581d9d6f725
PERSON_CHAABANE_CHOKRI,CO_CM_LASER,gerant,corporate,certain,SP_919e8c31db7dfefeca82
PERSON_BENAYED_BILEL,CO_COMPAGNIE_DEVELOPPEMENTS_AGRICOLES_REUNIS_CODAR,gerant,corporate,certain,SP_157be925d188d83f629f
PERSON_LOUKIL_WALID,CO_COMPAGNIE_DEVELOPPEMENTS_AGRICOLES_REUNIS_CODAR,gerant,corporate,certain,SP_d35ba60cda3d41199567
PERSON_FAKHFAKH_SLIM,CO_CARREFOUR_INFORMATIQUE_INDUSTRIE,gerant,corporate,certain,SP_9179775fcb7a84731455
PERSON_CHERIF_RACHED,CO_ALTA_MEUBLES,cogerant,corporate,certain,SP_0fe681b9d4bd2dbd77b5
PERSON_GRANGER_JEAN_MARC,CO_COMPAGNY_BEACH,gerant,corporate,certain,SP_b5e5332025096dcc5b7e
PERSON_ZOUARI_ATEF,CO_MECANIQUE_PLUS,gerant,corporate,certain,SP_ce78109d39338f3fb223
PERSON_REKIK_MONCEF,CO_COMPAGNIE_FRANCO_TUNISIENNE_PETROLES,pdg,corporate,certain,SP_5a978ab57750f6865736
PERSON_DENGUEZLI_ZOUHEIR,CO_COMPAGNIE_FRANCO_TUNISIENNE_PETROLES,administrateur,corporate,certain,SP_b362a79a8dd5e526b9e9
PERSON_HACHICHA_NOUREDINE,CO_BEST_BETON,pdg,corporate,certain,SP_9512e9e18fec453d4fec
PERSON_TRABELSI_MOHAMED,CO_GOLDEN_SAPHIR,gerant,corporate,certain,SP_817b6744b892e09e6732
PERSON_TERZI_CHOKRI,CO_INTERNATIONAL_MANAGEMENT_EXPERTS,gerant,corporate,certain,SP_e439f1e62ebb7dc6d7f7
PERSON_MABROUK_AHMED,CO_MAINTENANCE_DEQUIPEMENTS_HYDRAULIQUES,gerant,corporate,certain,SP_ff7e45bff70177e9baab
PERSON_SAID_FAOUZI,CO_SIREP_PREFA,pdg,corporate,certain,SP_aa1e17ec69c7c9d50d77
PERSON_TRIKI_GHOFRANE,CO_COLOR_ART,gerant,corporate,certain,SP_184eea6ce5b13c4ed7c9
PERSON_HAJI_NOUREDINE,CO_AMC_ERNST_YOUNG,gerant,corporate,certain,SP_bde585d5eb4d3d0a407e
PERSON_TRABELSI_MOHAMED,CO_SAPHIR_SERVICES,gerant,corporate,certain,SP_e8c844e66a2296950a5e
PERSON_AYADI_TAHER,CO_IMMOBILIERE_ENNASSIM,dg,corporate,certain,SP_9a444045e0198ef7ecce
PERSON_BENSASI_MOHAMED_HABIB,CO_SOGETEX,gerant,corporate,certain,SP_048b62b1e01f88075d7d
PERSON_REICHEL_HERBERT,CO_LUFTHANSA_COMPAGNIE_AERIENNE_ALLEMANDE,unspecified,corporate,certain,SP_f795021a66df39d5ef0e
PERSON_TRABELSI_MOHAMED,CO_EL_WAFI_MEDICALE,gerant,corporate,certain,SP_83c7ddebdeafb61e2dc8
PERSON_HAMAMI_NACEUR,CO_JOIE_DACCUEIL_DIVERTISSEMENT_JAD,gerant,corporate,certain,SP_f2e1e55f047f93665f24
PERSON_AREM_LAMIA_MHIRI,CO_WELCOME,president_ca,corporate,certain,SP_2ac1a7e2712d93a35baf
PERSON_AREM_JAMEL,CO_WELCOME,dg,corporate,certain,SP_d634c43c54e72f465255
PERSON_MHIRI_NEJI,CO_DEXPLOITATION_HOTELIERE_EL_MOURADI_SEHM,pdg,corporate,certain,SP_75ad8e34e6d01725db12
PERSON_MHIRI_SAMI,CO_DEXPLOITATION_HOTELIERE_EL_MOURADI_SEHM,dga,corporate,certain,SP_936defa15ebceb44425b
PERSON_MABROUK_MOHAMED_MARWEN,CO_DANIMATION_RESTAURATION,administrateur,corporate,certain,SP_2fcacc8b27c849ef1ef7
PERSON_MABROUK_MOHAMED_ALI,CO_DANIMATION_RESTAURATION,administrateur,corporate,certain,SP_b7eec861804f07ad978a
PERSON_MABROUK_ISMAIL,CO_DANIMATION_RESTAURATION,administrateur,corporate,certain,SP_c27e22676dbb1eb7bf1f
PERSON_FILIPINI_DARIO,CO_GESTION_D_ANIMATION_TOURISTIQUE_ITALIA,cogerant,corporate,certain,SP_befcac6ea993b39aaa60
PERSON_ABID_ABDELATIF,CO_HISPANIA_PLUS,gerant,corporate,certain,SP_4702d53a19b630c80c47
PERSON_HAMROUNI_ABDELJELIL,CO_AMINA_POUR_DEVELOPPEMENT_AGRICOLE,gerant,corporate,certain,SP_38961efa50ff36429486
PERSON_ABDENADHER_AMEUR,CO_CABLERIES_BATIMENTS_SFAX,gerant,corporate,certain,SP_69124551373477a31deb
PERSON_TRABELSI_MOHAMED,CO_MONDIAL_LIGHT,gerant,corporate,certain,SP_0158292e81be98ecc01e
PERSON_ABDENADHER_KARIM,CO_BELDIMED,president_ca,corporate,certain,SP_271981411cb7d372f3e4
PERSON_MZABI_KHALED,CO_IMMOBILIERE_LERMITAGE,gerant,corporate,certain,SP_59e86c4bdc8e059e9a80
PERSON_SASI_MONDHER,CO_NTIC_SERVICES_TUNISIE,gerant,corporate,certain,SP_374608fb081633d7f697
PERSON_KILANI_MOHAMED,CO_CAMARIMCO_NEGOCE,gerant,corporate,certain,SP_5979002901bb3b62b42a
PERSON_DHIF_NADIA_RIAHI,CO_NOEDY_FRANCE,gerant,corporate,certain,SP_bf0a2e322697abe06a91
PERSON_FEKIH_ABDELATIF,CO_NEAPOLIS_IMMOBILIERE,president_ca,corporate,certain,SP_9dc37c36a1e440acd543
PERSON_SLAMA_NAIMA_BENTSALAH,CO_SARAH_QUOAD,gerant,corporate,certain,SP_31e11dd0751ed63f0e3f
PERSON_SASI_HEDI,CO_COMMERCE_SASSI_BOUHAOUAL,gerant,corporate,certain,SP_8b7f72b9e8fe00ceb356
PERSON_BENAYED_ABDELWAHEB,CO_MED_WOODS,president_ca,corporate,certain,SP_7fcb7e0efe4c0f2c1705
PERSON_WIEBELSKIRCHER_JEAN,CO_FRANCO_TUNISIENNE_MOTEURS,gerant,corporate,certain,SP_2b8070e595193e596a3f
PERSON_MOHSNI_ABDESALEM,CO_AL_DESIGN,representant,corporate,certain,SP_2c1f0cbdc45c89a53f10
PERSON_MRABET_RIDHA,CO_AL_DESIGN,representant,corporate,certain,SP_b0096e9d8aa68982e7fd
PERSON_KAMOUN_HEDI,CO_UNIVERSE_UP,cogerant,corporate,certain,SP_a6b1b88434cebdb3d560
PERSON_KAMOUN_KARIM,CO_VACANCES_LOISIRS_HOTEL_LALBATROS_HAMMAMET,member,corporate,certain,SP_15aa7cb1fae1908c68d9
PERSON_KAMOUN_KARIM,CO_INTER_HOTEL_HOTEL_COLOMBES,member,corporate,certain,SP_c6c03f6021df041e1430
PERSON_HACHICHA_SAMI,CO_INOPLAST,president_ca,corporate,certain,SP_00cce6715e5ec44a5ba2
PERSON_KASRI_KARIM,CO_INOPLAST,dg,corporate,certain,SP_deee3a0da9ad872fdca6
PERSON_MAHJOUB_MOHAMED,CO_ESSALEM,unspecified,corporate,certain,SP_264e0c016dd1fe47513b
PERSON_SLAMA_CHIHEBEDINE,CO_ESSALEM,unspecified,corporate,certain,SP_ffaa9452a71285c0e288
PERSON_MAHJOUB_MOHAMED,CO_ESSALEM,dg,corporate,certain,SP_6f135ced89e137367912
PERSON_MHIRI_MOURAD,CO_TOURISTIQUE_THERMALE_KROUMIRIE,pdg,corporate,certain,SP_f3afe90c777331f7cd02
PERSON_MHIRI_MOURAD,CO_HOTELIERE_MOURADI_GOLF,pdg,corporate,certain,SP_cd1989ab636542736904
PERSON_MHIRI_MOURAD,CO_TOURISTIQUE_EL_MOURADI,pdg,corporate,certain,SP_8849b40e8b278baf4f4c
PERSON_MHIRI_MOURAD,CO_TUNISIE_VOYAGES,pdg,corporate,certain,SP_97ab2f513688fb5e876e
PERSON_MHIRI_MOURAD,CO_HOTELIERE_MOURADI_TOZEUR,pdg,corporate,certain,SP_6174e25d046db90c8bc8
PERSON_MHIRI_MOURAD,CO_IMMOBILIERE_TOURISTIQUE_TUNISIE,pdg,corporate,certain,SP_ec5bcf3f37623bca1714
PERSON_MHIRI_SAMI,CO_DINVESTISSEMENTS_HOTELIERS_EL_MOURADI,pdg,corporate,certain,SP_6fc089608ebc88cbfa58
PERSON_MHIRI_SAMI,CO_HOTELIERE_EL_KANTAOUI,pdg,corporate,certain,SP_12d7fd761013c9c7391f
PERSON_MHIRI_SAMI,CO_TOURISTIQUE_MOURADI_TOZEUR,president_ca,corporate,certain,SP_a2a7269eeb079d63459c
PERSON_TRABELSI_MOHAMED,CO_CARTHAGE_AQUARIUM,unspecified,corporate,certain,SP_f993402ce8ab0299a094
PERSON_ESAFI_ABDELWAHEB,ORGMENTION_Prologic Tunisie,unspecified,corporate,certain,SP_d4901f038e99aa8ff5a0
PERSON_BOUDEN_MAHMOUD,ORGMENTION_Prologic Tunisie,unspecified,corporate,certain,SP_64bf77c40ad5652aa018
PERSON_BENKHEMIS_MOHAMED_TAOUFIK,ORGMENTION_Prologic Tunisie,unspecified,corporate,certain,SP_838a3a933fb0f39ea733
PERSON_BELAGHA_EZEDINE,CO_AGRI_BUSINESS_COMPANY_ABCO_SIDI_DAOUD,president_ca,corporate,certain,SP_ca2d995aa0bde9122fa6
PERSON_BELAGHA_SAMY,CO_AGRI_BUSINESS_COMPANY_ABCO_SIDI_DAOUD,dga,corporate,certain,SP_decef364a502b2406fa9
PERSON_BOURICHA_ABDERAZEK,CO_MOHAB,pdg,corporate,probable,SP_bdbbf6ce8e127f90c637
PERSON_GHORBAL_MOHAMED,CO_POLYBETON,commissaire_aux_comptes,corporate,certain,SP_982300d33de8b4e77c2b
PERSON_GHORBEL_KARIM,CO_POLYBETON,commissaire_aux_comptes,corporate,certain,SP_b92c94c9c2f2d6cc9d6e
PERSON_GHORBEL_MOURAD,CO_POLYBETON,commissaire_aux_comptes,corporate,certain,SP_b098676d5a7cb6dccd88
PERSON_MAGROUN_NAJET_GHORBEL,CO_POLYBETON,commissaire_aux_comptes,corporate,certain,SP_83a03be3c7050ec4f458
PERSON_GHORBEL_SAFIA,CO_POLYBETON,commissaire_aux_comptes,corporate,certain,SP_ff1a9d4ae74e82da4fb4
PERSON_BRAHEM_LOTFI,CO_BEST_NEW_CO,gerant,corporate,certain,SP_bbf69a0511562801759d
PERSON_BENAYED_MOURAD,CO_BEN_AYED_DISTRIBUTION_PRODUITS_MER,gerant,corporate,certain,SP_80dbead10ea8591c262e
PERSON_BAYAHI_TAIEB,CO_TUNISIE_PARK_SERVICES,pdg,corporate,certain,SP_7e9f2c4d87b974ea8382
PERSON_AROUAY_MAHMOUD,CO_TUNISIE_PARK_SERVICES,administrateur,corporate,certain,SP_47bd77048550b7a5a20a
PERSON_BAYAHI_TAIEB,CO_TUNISIE_PARK_SERVICES,administrateur,corporate,certain,SP_78f878a55f44bc749614
PERSON_CHERIF_MOHAMED,CO_SOFTWARE,representant,corporate,certain,SP_cdcb72f5f5564a320c8a
PERSON_BLIBECHE_SLAHEDINE,CO_BK_FOOD,dga,corporate,certain,SP_c3c059e07c5ff2baae77
PERSON_ZERZERI_HEDI_BENMOHAMED,CO_AXIS_TRANSPORT_ROUTIER,gerant,corporate,certain,SP_f3f25ae4135671d9b3b7
PERSON_KILANI_NOUREDINE_BENRACHID,CO_DEXPLOITATION_CAFES_LARIANA_SECA,gerant,corporate,certain,SP_1465690d3dcefb3d636a
PERSON_REKIK_SALMA_ELOUMI,CO_COFICAB_INTERNATIONAL,pdg,corporate,certain,SP_f53d0a91a78f22161f2a
PERSON_KAMOUN_MOHAMED,CO_TUNIS_ACCESSOIRES_L_INDUSTRIE,gerant,corporate,certain,SP_168a3cb18fd0d6239d77
PERSON_KORTOBI_GHAZI,CO_DISCOVERY_INFORMATIQUE,gerant,corporate,certain,SP_92be275f7fa9de0f949f
PERSON_HAMROUNI_MUSTAPHA,CO_SOTACIB_KAIROUAN,dg,corporate,certain,SP_5f996c97018a0564eb03
PERSON_DJILANI_HEDI,CO_AMILCAR_HOLDING,pdg,corporate,certain,SP_b91b35ab8d4196088505
PERSON_BENABDERAHMEN_RIDHA,CO_BOUROUZ_CONFECTION,gerant,corporate,certain,SP_28a5d3d7fefa31c7c4a8
PERSON_BAYAHI_YAHIA,CO_TUNISIE_PROFILES_ALUMINIUM,pdg,corporate,certain,SP_76e2f9b09113ecd3ab3b
PERSON_DIMASI_ANISA_MANSOUR,CO_ALLIANCE_PHARMA,administrateur,corporate,certain,SP_88c78e2f8e0ea2658302
PERSON_ZAHAF_SLAHEDINE,CO_ACIER_TECHNOLOGIE,commissaire_aux_comptes,corporate,certain,SP_abd8f76b2e533ddda0ad
PERSON_SELAMI_MONCEF,CO_BAX,commissaire_aux_comptes,corporate,certain,SP_b1bdd7cf6a04a196d78a
PERSON_BENAMOR_INES_SLAMA,CO_IMMOBILIERE_INES_TUNISIE,dga,corporate,certain,SP_5cc7a848c4cf290626e5
PERSON_GHORBEL_NAIM,CO_SICAM,dg,corporate,certain,SP_84dd64664101cce4db30
PERSON_SELAMI_MOHSEN,CO_LAMITRADING,fondateur,corporate,certain,SP_10433d0cf26b6a795045
PERSON_SELAMI_MONDHER,CO_LAMITRADING,president_ca,corporate,certain,SP_195d1fcd9ab5de468711
PERSON_SELAMI_MAHMOUD,CO_LAMITRADING,dg,corporate,certain,SP_588ff4210dca660a9c6e
PERSON_HAMAMI_HOUCINE,CO_CORNER_STORE_RESEARCH_AND_TRANING_ENGINEERING,gerant,corporate,certain,SP_274beb11d2faa40b5c69
PERSON_TRIKI_ABDELATIF,CO_WORLD_WIDE_CONSULTING,gerant,corporate,certain,SP_ec7415153fe6170f0de5
PERSON_FEKI_FAOUZI,CO_INTER_CONFECTION_FACON_TEXTILE_SICOFTEX,gerant,corporate,certain,SP_eeff821d15dbe7127868
PERSON_GHERAB_BELHASEN,CO_SOTUINTEX,gerant,corporate,probable,SP_e40977b42db294316243
PERSON_ENAIFAR_AICHA,CO_NIDA,president_ca,corporate,certain,SP_cf5ac4674915279c6751
PERSON_MASMOUDI_MOHAMED_RAOUF,ORGMENTION_8040 zone industrielle Bouargoub - Lot n°30,dg,corporate,certain,SP_8732d3eeba61776f5a9d
PERSON_MASMOUDI_MONIA,ORGMENTION_8040 zone industrielle Bouargoub - Lot n°30,dga,corporate,certain,SP_3de7215422a49a0aa6cf
PERSON_SELAMI_RAMI,CO_LIGNE_FINE,gerant,corporate,certain,SP_c227bd82af1a3541a7f6
PERSON_PILOUD_MICHEL,CO_FRANCO_SUISSE_AGRICOLE,gerant,corporate,certain,SP_85265a529c1ab9d4afbe
PERSON_SALAMI_JAMILA,CO_FRANCO_SUISSE_AGRICOLE,gerant,corporate,certain,SP_735050b11e138ab6914b
PERSON_KAROUI_WALID,CO_POLYCLINIQUE_ELBALSAM,dg,corporate,certain,SP_ec6b56831295565580ff
PERSON_NAFOUTI_HAYTHEM,CO_HAY_TEX,gerant,corporate,certain,SP_59954315476f8f116a98
PERSON_BOURICHA_JALEL,CO_YADIS_HOTELS,administrateur,corporate,certain,SP_6566a923c473954a4edc
PERSON_BOURICHA_JALEL,CO_YADIS_HOTELS,pdg,corporate,certain,SP_c2daa486f7649b3720cb
PERSON_ABDELMOULA_MUSTAPHA,CO_TUNISIENNE_BOISSONS_NORD,pdg,corporate,certain,SP_310bb068e84d1337fd50
PERSON_SLAMA_SAMI,CO_BABY_LAND,gerant,corporate,certain,SP_8bede5bc7dc728da9abb
PERSON_YAAQOUBI_ABDELAZIZ,CO_SUD_SICAR,administrateur,corporate,certain,SP_a48c74d00afa146ffbed
PERSON_CHAIBI_TAOUFIK,CO_NOUVELLE_BISCUITS_CHABANE_SNBC,unspecified,corporate,certain,SP_69ffca7af071506aae2e
PERSON_SOUISI_MOHAMED_ALI,CO_NOUVELLE_BISCUITS_CHABANE_SNBC,unspecified,corporate,certain,SP_8381153166621f672580
PERSON_OMRI_SALAH,CO_NOUVELLE_BISCUITS_CHABANE_SNBC,unspecified,corporate,certain,SP_6addc5aaebbc8d43d4b1
PERSON_BENDEBA_NEJIB,CO_NOUVELLE_BISCUITS_CHABANE_SNBC,unspecified,corporate,certain,SP_ea98cfb09a7700a9b271
PERSON_MALEK_CHIHEB,CO_NOUVELLE_BISCUITS_CHABANE_SNBC,unspecified,corporate,certain,SP_3ba8078886df6efd18ec
PERSON_CHAIBI_TAOUFIK,CO_NOUVELLE_BISCUITS_CHABANE_SNBC,president_ca,corporate,certain,SP_82803941400e68d0e888
PERSON_OMRI_SALAH,CO_NOUVELLE_BISCUITS_CHABANE_SNBC,dg,corporate,certain,SP_27c2054f3103552c7179
PERSON_OMRI_SALAH,CO_BISCUITERIE_CHABANE,gerant,corporate,certain,SP_2b51b8a225adf589adb5
PERSON_HAMAM_ABDELATIF,CO_GENERALE,administrateur,corporate,certain,SP_44fab7542189ef6f5b06
PERSON_BENSEDRINE_HEDI_LAAROUSI,CO_TUNISIAN_PRINTING_ARTS,gerant,corporate,certain,SP_efe7e92dc9fba6d5fff9
PERSON_TAKTAK_NABILA_ABDENADHER,CO_LAC_EXPO_FOIRES_CONGRES,dga,corporate,certain,SP_8f285c78679c435a1f12
PERSON_BOURICHA_ELYES,CO_PREDICTIX_TUNISIA,gerant,corporate,certain,SP_81ae4136050b4705c979
PERSON_SLAMA_CHIHEBEDINE,CO_CIVILE_AGRICOLE_ZITA,gerant,corporate,certain,SP_6e3625bcfc9aa5f65649
PERSON_HORCHANI_NARIMEN,CO_NADA_PRODUCTION_ARTISTIQUE,gerant,corporate,certain,SP_28b82dd1264b34718045
PERSON_CHAABANE_TAHER,CO_PRESTATION_SERVICES_DESIGN,gerant,corporate,certain,SP_116fe81066d306d031f6
PERSON_HAMROUNI_ABDERAHMAN,CO_SERVICES_REALISATIONS_SOSER,gerant,corporate,certain,SP_085031211f048da1b878
PERSON_GNAN_GIUSEPE,CO_ARBATAX_ITALIA,gerant,corporate,certain,SP_e6d48280dd46e4ac7968
PERSON_BAAJOUR_IYAD,CO_CYNOPROD,president_ca,corporate,certain,SP_e4417835abe8f44f8719
PERSON_KHADHRAOUI_AHLEM,CO_ECOPRINT,gerant,corporate,certain,SP_2a8e3191ecbdd898bd3b
PERSON_CHAABANE_FAOUZI,CO_CN_IMMOBILIERE,commissaire_aux_comptes,corporate,certain,SP_4a9dd99aad22ae7f885f
PERSON_KHEMAKHEM_MONCEF,CO_CITY_WOMEN,gerant,corporate,certain,SP_4857cb65718b4ac25183
PERSON_GDOURA_MOHAMED_AMINE,CO_POULINA,dg,corporate,certain,SP_c9c8ba43249f3439fb4a
PERSON_MANAI_KHALED,CO_RECYCLAGE_VALORISATION_DECHETS_PLASTIQUES_SOREVAL,pdg,corporate,certain,SP_7a114ba96feea7857db2
PERSON_ZOUARI_MOHAMED_ALI,CO_JEUNE_JOLIE,gerant,corporate,certain,SP_5398ac04910a6e6a0fba
PERSON_CHERIF_RAOUANE,CO_GALION,pdg,corporate,certain,SP_e67cf8aafb2e6cab1b6e
PERSON_ELOUMI_SLIM,CO_GALION,pdg,corporate,certain,SP_2a895b0d5e6038198ed2
PERSON_MZABI_MOHAMED,CO_HORIZON_COMMERCIAL,gerant,corporate,certain,SP_3a2184f2bf551d9cc3c6
PERSON_DJILANI_HEDI,CO_FINANCIERE_TUNISIENNE,president_ca,corporate,probable,SP_94c92c2132d0bdbea1ec
PERSON_BOURICHA_HASEN,CO_MAHMOUD_BOURICHA,gerant,corporate,certain,SP_c726016e1d11a2e2095e
PERSON_ALOUCHE_KAMEL,CO_EL_YOUSR_IND_SYNTHETIQUES_PEINTURE,gerant,corporate,certain,SP_0130fb9327a32374a203
PERSON_BENYEDER_BECHIR,CO_PARENIN,administrateur,corporate,probable,SP_53386fdb727ac163ae98
PERSON_JERIJENJ_ABDELATIF,CO_PARENIN,administrateur,corporate,probable,SP_dd0c6f8e288622961fa1
PERSON_HADAD_KHALED,CO_PARENIN,administrateur,corporate,probable,SP_483da2df004a28e3e426
PERSON_BABOU_MAHMOUD,CO_PARENIN,administrateur,corporate,probable,SP_b84155057baa0e822033
PERSON_MATHLOUTHI_MOHAMED,CO_PARENIN,administrateur,corporate,probable,SP_68f8f6891296849d23bd
PERSON_SELAMI_KAIS,CO_TUNIVEST_INNOVATION_SICAR,dg,corporate,certain,SP_d7e960d3460fa3d94afd
PERSON_BESBES_JALEL,CO_TUNIVEST_INNOVATION_SICAR,dga,corporate,certain,SP_bf81be858316da3bbd95
PERSON_CHAABANE_HAMADI,CO_MAGASIN_EL_WIFEK,gerant,corporate,probable,SP_0fe54945e1f0118b55eb
PERSON_GIUSEPE_CICALA,CO_TUNISIENNE_CABLAGE_ELECTRIQUE_STCE,gerant,corporate,certain,SP_2ec0dffcaa0bca15511e
PERSON_KAMOUN_YOUNES,CO_CAP_GAMMARTH_LOISIRS,association_president,corporate,certain,SP_543b8e61058d12839e8b
PERSON_KAMOUN_YOUNES,CO_CAP_GAMMARTH_LOISIRS,pdg,corporate,certain,SP_d2fa572921d0481f6423
PERSON_BOUGUENA_TAOUFIK,CO_ATTAOUFIK_DATTES,gerant,corporate,certain,SP_e1878d80f7e052acc25c
PERSON_NEBLI_WISEM_HAMAMI,CO_ROUMOUZ,gerant,corporate,certain,SP_9b5ef594b29b1f7e30f1
PERSON_CHAUME_NICOLAS,CO_MONATECH,gerant,corporate,certain,SP_1a15bd1287037ca03dbc
PERSON_CHAABANE_NAIMA,CO_GROUPEMENT_CREATION_ARCHITECTURALE,gerant,corporate,certain,SP_ec11c9a3ed7c60e0d297
PERSON_SELAMI_MOHAMED,ORGMENTION_Société Tunisienne d'Outillage,administrateur,corporate,probable,SP_87796362b730ca5544b9
PERSON_SELAMI_MUSTAPHA,ORGMENTION_Société Tunisienne d'Outillage,administrateur,corporate,probable,SP_2d813048650b3a3761a9
PERSON_SELAMI_HICHEM,ORGMENTION_Société Tunisienne d'Outillage,administrateur,corporate,probable,SP_6f2f3e19d6abc4ef9975
PERSON_SELAMI_MOHAMED,ORGMENTION_Société Tunisienne d'Outillage,pdg,corporate,probable,SP_4374bf42bcc0084928ea
PERSON_PRIET_GERARD,CO_AIR_LIQUIDE_TUNISIE_SERVICES,administrateur,corporate,certain,SP_ee0f6dfb34fe841957d3
PERSON_BENABDALAH_SLIM,CO_TANKAGE_MEDITERRANEE_TANKMED,dga,corporate,certain,SP_2ef087a0c70bf3275f14
PERSON_CHARIOUT_SOFIEN,CO_MATERIAUX_CONSTRUCTION_SUD_MACOSUD,gerant,corporate,certain,SP_bd864baf0aded022eaeb
PERSON_HORCHANI_HAYKEL,CO_DISMARKET_INTERNATIONAL_TRADING,gerant,corporate,certain,SP_dae8c2d35ff2200a49f6
PERSON_DRIS_SAMIA_NAJEH,CO_AVICOLE_SAHEL_SAS,unspecified,corporate,probable,SP_fd74f01b4c6a2bcb58eb
PERSON_TOUNSI_AKRAM,CO_RANIM,gerant,corporate,certain,SP_576544b8c08ee3ded88d
PERSON_HAMROUNI_ABDELKADER,CO_TUNISIENNE_INDUSTRIELLE_PAPIER_CARTON_SOTIPAPIER,associe,corporate,certain,SP_97f0ecb7de4562d89cfc
PERSON_HAMROUNI_ABDELKADER,CO_TUNISIENNE_INDUSTRIELLE_PAPIER_CARTON_SOTIPAPIER,gerant,corporate,certain,SP_308f71a19dc1aaf5a0c9
PERSON_BENAYED_ABDELWAHEB,CO_MED_INVEST_COMPANY,association_president,corporate,certain,SP_bf2447a6eba685c506bb
PERSON_BAYAHI_TAHER,CO_MED_INVEST_COMPANY,dg,corporate,certain,SP_c2d7a9fd5b1fceb29a68
PERSON_SLAMA_FAOUZI,CO_SLAMA_POUR_COMMERCE_PEAUX_SSCP,gerant,corporate,certain,SP_d2a5d7f55bc6647797ac
PERSON_MABROUK_GDAIM,CO_COMPTOIR_AMIN_COMMERCE_GENERAL,gerant,corporate,certain,SP_5bce2790427534dc787c
PERSON_SASI_HICHEM,CO_SLHEM,gerant,corporate,certain,SP_4038cbcba0bbd79b832c
PERSON_BAYAHI_YAHIA,CO_GRANDS_SILOS_BEJA,administrateur,corporate,probable,SP_87d86045f8a28d383be2
PERSON_BAYAHI_TAHER,CO_GRANDS_SILOS_BEJA,administrateur,corporate,probable,SP_28a81d0a6a4e768acec6
PERSON_BAYAHI_TAIEB,CO_GRANDS_SILOS_BEJA,administrateur,corporate,probable,SP_0a565a39161c4c12e2c1
PERSON_BAYAHI_YAHIA,CO_TRANSPORT_NORD_TUNISIEN,administrateur,corporate,probable,SP_50ab55e2fd6a48b5811d
PERSON_BAYAHI_TAHER,CO_TRANSPORT_NORD_TUNISIEN,administrateur,corporate,probable,SP_0cb30f64b64a48c95890
PERSON_BAYAHI_TAIEB,CO_TRANSPORT_NORD_TUNISIEN,administrateur,corporate,probable,SP_3bf8796ab5eb4453db57
PERSON_HAMAMI_MOUNIR,CO_COMPTOIR_GENERAL_INDUSTRIEL_COMMERCIAL_COGIC,gerant,corporate,probable,SP_77c4d1c900c316f7607a
PERSON_HAMAMI_RACHID,CO_HAMMAMI_DENTREPOSAGE_FRIGORIFIQUE_SOHAF,dg,corporate,certain,SP_3e993d318aba3f1bc3ee
PERSON_HAMAMI_BRAHIM,CO_HAMMAMI_DENTREPOSAGE_FRIGORIFIQUE_SOHAF,president_ca,corporate,certain,SP_5bfb3b8fffd819323aaf
PERSON_SASI_ILHEM,CO_EL_AMEL_TEXTILE,gerant,corporate,certain,SP_dcde1ce598f16463298e
PERSON_BELHAJ_FETHI,CO_ASMA_FROID,gerant,corporate,certain,SP_dc12944d2ba66e9c8687
PERSON_HAMROUNI_RIDHA,CO_ARTDECOR,gerant,corporate,certain,SP_15720407eb5369d8d0ac
PERSON_SAYAH_WASIM,CO_SIP_CONFECTION,associe,corporate,certain,SP_456c39c049572ddb964f
PERSON_SLAMA_MOHAMED_ALI,CO_SYNAPSES_CONSEIL,gerant,corporate,certain,SP_1cf0ce447159b0f4cd31
PERSON_MHIRI_NEJI,CO_PANOBOIS,administrateur,corporate,probable,SP_07ca2e572d0f0ec818ad
PERSON_AMARA_HASEN,CO_PANOBOIS,dga,corporate,probable,SP_472c767743358a3da269
PERSON_BOURICHA_RADHIA,CO_AFRICA_MODE,president_ca,corporate,certain,SP_1c71853b8b2fd284ff3b
PERSON_BENJEMAA_NEJIB,CO_SOTUP,gerant,corporate,certain,SP_010195333b90cc87374a
PERSON_ZOUARI_HABIB_BENSASI,CO_AGRICOLE_EL_BARAKA,pdg,corporate,certain,SP_1f10bd9726fee5420fb9
PERSON_ABDELMOULA_MONCEF,ORGMENTION_Société MC EXPORT et NEGOCE,pdg,corporate,certain,SP_7e14cb913e01df1900e6
PERSON_BENSAAD_ABDELJELIL,CO_INOV_PSE,pdg,corporate,certain,SP_1bdbc2bb14ab063418f0
PERSON_KILANI_HAITHEM,CO_COMPTOIR_MODERNE_CERAMIQUES,gerant,corporate,certain,SP_e87e9fd7b5d2db062485
PERSON_AMDOUNI_MOURAD,CO_ATLASOFT,commissaire_aux_comptes,corporate,certain,SP_22b261516f76acd66657
PERSON_ZGHIDI_ADNENE,CO_CONSULTING,commissaire_aux_comptes,corporate,certain,SP_e4f6cd85eeb00fed1413
PERSON_ZOUARI_MONDHER,CO_MISE_EN_VALEUR_DEVELOPPEMENT_AGRICOLE_OLIVIERS_SIDI_MBAREK,association_president,corporate,certain,SP_06c6a14465e8ba1219dc
PERSON_KAMOUN_NABIL,CO_KAMMOUN_VISION,gerant,corporate,certain,SP_eaef5787ff0a3ea50c2b
PERSON_SAIDANE_MOHAMED,ORGMENTION_1- approbation du rapport d'activité à soumettre à l'AGO,administrateur,corporate,certain,SP_d6ba94b8aca3d2653df9
PERSON_MHIRI_NEJI,CO_TISSAGE_MEUBLATEX,administrateur,corporate,probable,SP_6905b7ca84c323b2f658
PERSON_YEZA_ABDELMAJID,CO_TISSAGE_MEUBLATEX,dga,corporate,probable,SP_19ca2e2ecaa115abec77
PERSON_SASI_MARWEN,CO_ALFA_MARMI,gerant,corporate,certain,SP_76dde45c4a1dcc7de1b8
PERSON_BENAYED_MOHAMED_HEDI,CO_COTUNAL,gerant,corporate,certain,SP_efb8f379bf102cd7cf0f
PERSON_ELABIDINE_MOHAMED_ZINE,CO_AIGLE_ROYAL_PROMOTION,gerant,corporate,certain,SP_6b9e17ee799ab0f364e6
PERSON_ABDENADHER_AMEUR,CO_STRATIMED,gerant,corporate,certain,SP_971e3657a55a5ef1afd5
PERSON_MRAD_ABDESALEM,CO_TUNISIENNE_TRAITEMENT_SABLE_STTS,gerant,corporate,certain,SP_bd806eb21c5bdad7c06d
PERSON_CHAABANE_SLIM,CO_AFRICAINE_PEINTURE,gerant,corporate,certain,SP_cb2529c9e8d65b7796b2
PERSON_MZABI_BRAHIM,CO_2_A_TANNING,gerant,corporate,certain,SP_04c4dc23bfaac524ff81
PERSON_ABAS_MYRIAM,CO_SEFINA_SICAF,pdg,corporate,probable,SP_365d82cf9d839c11f7f7
PERSON_ABAS_FERID,CO_SEFINA_SICAF,unspecified,corporate,probable,SP_594863fe9b8837e93eed
PERSON_DENDI_MEFTEH_ABDALAH,CO_NORTH_AFRICA_INTERNATIONAL_BANK,member,corporate,certain,SP_6f7f0dfb48bb6a0678e1
PERSON_ELTOURBAN_ABDALAH_ABDALAH,CO_NORTH_AFRICA_INTERNATIONAL_BANK,member,corporate,certain,SP_d5fb6f188caec9b93315
PERSON_ZOUHEIR_ABDELAZIZ,CO_SANCELLA,dg,corporate,certain,SP_34d6e56113aa3851f551
PERSON_BENSALAH_WALID,CO_SERVICES_AFRICA,gerant,corporate,certain,SP_ea5eb394443d5f87d34c
PERSON_BENAYED_MALEK,CO_V_PRODUCTION,dga,corporate,certain,SP_160c13b2cabe2103af13
PERSON_BENOTHMAN_OMRANE,CO_EXPRESS_ASCENSEUR,cogerant,corporate,certain,SP_65411c65582f1227b09e
PERSON_CHAABANE_FAHMI,CO_IMMOBILIERE_CHAABANE,gerant,corporate,probable,SP_edb0dbe789dae138df85
PERSON_SADRI_SELA_JULIEN,CO_GASTRONOME_FRANCE,gerant,corporate,certain,SP_d7597258a0cec52ab048
PERSON_BOURGUIBA_MOHAMED,CO_PROCHIDIA,gerant,corporate,probable,SP_248d8c80ab05afc800c1
PERSON_TURKI_ADLENE,CO_CAPSA_CALL_CENTER,representant,corporate,certain,SP_71716e4be5ba197e0485
PERSON_ELAZARA_KARIM,CO_CAPSA_CALL_CENTER,pdg,corporate,certain,SP_7cad204f7bf65b30e923
PERSON_MAGMAGUI_NACEUR,CO_NACEUR_MAGMAGUI_FILS,gerant,corporate,certain,SP_b65535259c48ac747d30
PERSON_MAIETA_FRANCO,CO_ENVIRO_COLLECTE_RECYCLAGE_TUNISIE,gerant,corporate,certain,SP_1021bd776b2054cfd178
PERSON_SELAMI_SLIM,CO_TUNISIAN_TELECOM_ELECTRIC_DISTRIBUTION,unspecified,corporate,certain,SP_2328a5e82bec8524797b
PERSON_CHERIF_AHMED,CO_TUNISIAN_TELECOM_ELECTRIC_DISTRIBUTION,unspecified,corporate,certain,SP_6f07b3066f0d98679a84
PERSON_HACHICHA_MOHAMED,CO_TUNISIAN_TELECOM_ELECTRIC_DISTRIBUTION,unspecified,corporate,certain,SP_1f54d29a99f7b56e9d72
PERSON_BOURICHA_HASEN,CO_MAHMOUD_BOURICHA,commissaire_aux_comptes,corporate,certain,SP_81eeb077643d08e52879
PERSON_SASI_HEDI,CO_LURBANISATION_PROFILES_ALUMINIUM,gerant,corporate,certain,SP_83095a8559a73cc72b38
PERSON_MZABI_HABIB,CO_DIDON_NEGOCES_DISTRIBUTION,gerant,corporate,certain,SP_b61272451c0f34c01088
PERSON_RABAH_MAHER,CO_S2I_INDUSTRIES,gerant,corporate,certain,SP_34aa9403982a955bda60
PERSON_HAMAMI_FADHEL,CO_K_S_H_CONSULTING,gerant,corporate,certain,SP_ead0f217284244de1909
PERSON_BENSEDRINE_KHALED,CO_SHARE_OPEN,gerant,corporate,certain,SP_6b85dde5d19b1f330025
PERSON_BOUHARB_AHMED,CO_SILEX_COMPOSITES,gerant,corporate,certain,SP_16dc21888fe58175e76c
PERSON_DRIS_HAKIM_BENMONCEF,CO_AMY_CONFECTION,gerant,corporate,certain,SP_099efc567c866697ee03
PERSON_KHALFALAH_MOHAMED_SALAH,CO_INDUSTRIES_ALIMENTAIRES_MAGHREBINES,pdg,corporate,certain,SP_9149bbd1700ac08da743
PERSON_KHALFALAH_MOEZ,CO_INDUSTRIES_ALIMENTAIRES_MAGHREBINES,dga,corporate,certain,SP_cb19357226194dad2912
PERSON_KHALFALAH_MONTACER,CO_GENERALE,dga,corporate,certain,SP_8419eeb441d89a98b907
PERSON_TRIKI_MOHAMED,CO_COMPAGNIE_INTERNATIONALE_DEQUIPEMENT_SERVICE,gerant,corporate,certain,SP_dbf1af54094034a06cd1
PERSON_HENTATI_ABDELJELIL,CO_TUNISIENNE_PROMOTION_L_INDUSTRIE_SOTUPRIN,associe,corporate,probable,SP_3b0c56906c58bdd39bbc
PERSON_HAMAMI_ADEL,CO_TUNISIENNE_DARTICLES_SANITAIRES,gerant,corporate,certain,SP_31bf8b913d300322346a
PERSON_REKIK_SALMA_ELOUMI,CO_COFAT_TUNIS,dga,corporate,certain,SP_27a7694c0fbdcbb40ff7
PERSON_KHALIL_MOHAMED_FADHEL,CO_PARENIN,administrateur,corporate,probable,SP_0caf56e34442c447045b
PERSON_KHALIL_MOHAMED_FADHEL,CO_PARENIN,pdg,corporate,probable,SP_77c3f24d78fc85012fb7
PERSON_FERHI_NEJI,CO_GROUPE_FERHI_PLAST,fondateur,corporate,certain,SP_da35e75d220d21afeda6
PERSON_FERHI_NEJI,CO_GROUPE_FERHI_PLAST,pdg,corporate,certain,SP_ea6ceaa3d2b638125efb
PERSON_CHAIBI_MOHAMED,CO_NORTH_AFRICAN_DISTRIBUTION_COMPANY,gerant,corporate,certain,SP_99c093f3ad002cf1bec5
PERSON_BOUCHAMAOUI_AHMED,CO_SICAR_ZARAT,pdg,corporate,certain,SP_71ebd04a085dc368b1fc
PERSON_SASI_MOHAMED,CO_FLUIDES_CONCEPT,gerant,corporate,certain,SP_f7f60963e87d764f98da
PERSON_NAOUAR_KARIM,CO_EVOLUTION_FASHION_COMPANY,gerant,corporate,certain,SP_09d3d1b8cd76b320e9c9
PERSON_CERUTI_MAXIMILIAN,CO_EXPRESSO_ITALIA,gerant,corporate,certain,SP_07b20f6a1944d201693c
PERSON_BENALI_NAIMA,CO_EXPRESSO_ITALIA,gerant,corporate,certain,SP_a3ddfecbf0f8caa976d7
PERSON_KAMOUN_MOEZ,CO_PROGRES_MEDICAL,gerant,corporate,certain,SP_cf7827e8362ea0fbdbcf
PERSON_ZOUARI_ONS_BOUTHOUR,CO_CONSEIL,gerant,corporate,certain,SP_cccd8016f9b3b005b246
PERSON_HAMROUNI_KHOULOUD,CO_CONSEIL,gerant,corporate,certain,SP_1b796d98deb3900badf7
PERSON_CHAIEB_MOEZ,CO_CHAIEB_MARBRE,gerant,corporate,certain,SP_26e9dc58a8e9a757248a
PERSON_MABROUK_HENDA_TARCHOUNI,CO_CARTHAGE_CUIR,gerant,corporate,certain,SP_ce9a60bb6352c5d6af2c
PERSON_BENZAIED_ADIB,CO_TUNISO_ALLEMAND_D_INVESTISSEMENT,gerant,corporate,certain,SP_d35268d8f72d2af5bd3a
PERSON_FEVRIER_THIERY,CO_ZODIAC_EQUIPEMENT_TUNISIE,gerant,corporate,probable,SP_6946b9e033b217db1157
PERSON_VERNIER_LAURENT,CO_OWLIANCE_TUNISIE_ON_SHORE_SERVICES_OWTOS,commissaire_aux_comptes,corporate,certain,SP_40cbb066236bae6e7729
PERSON_ELOUMI_FAOUZI,CO_ELITEC_INTERNATIONAL,gerant,corporate,certain,SP_27a51b4fa031304da975
PERSON_HAMAMI_MOHAMED_ALI,CO_NOUVELLE_TRAVAUX_PUBLICS_SERVICES_SNTPS,gerant,corporate,certain,SP_7ec1900422b703686891
PERSON_CHERIF_AHMED,CO_D_ETUDE_REALISATION,pdg,corporate,certain,SP_ae479cc45f7fbe717acd
PERSON_ZOUARI_MAHER,CO_LEADER_BISCUITS_MEDITERRANEENS,unspecified,corporate,certain,SP_74eee8a09bcf7685ce77
PERSON_BIZOTO_IDA,CO_B_B_TRICOT,gerant,corporate,certain,SP_db4a32ec8492c6e0c5cf
PERSON_BOUJBEL_MARIEM,CO_HANNIBAL_SEVEN_ELEVEN,gerant,corporate,certain,SP_8c0695476c381ee046e4
PERSON_HAJI_CHAHIR,CO_ARCHIPEL_CONFECTION,gerant,corporate,certain,SP_608be805e5963703d579
PERSON_PISANI_ELIO,CO_TEXLINE_ITALIA,cogerant,corporate,certain,SP_c794cc1cce214f1267f7
PERSON_BAFOUN_SABRI,CO_ACOMED,gerant,corporate,certain,SP_19d640b618a05caba5db
PERSON_MASMOUDI_LOTFI,CO_ETS_MASMOUDI_CONSTRUCTION_METALLIQUE,gerant,corporate,certain,SP_ccfc29fede7756414d14
PERSON_ESAYAH_HABIB,CO_EURO_CYCLES,president_ca,corporate,certain,SP_41a0c6e4b18218360753
PERSON_FRIKHA_MOHAMED,CO_POLY_PEINTURE,gerant,corporate,certain,SP_983fbb7e28780844ff6c
PERSON_TURATI_ROBERTO_FRANCO_GIOVANI,CO_OASIS_TRADING,gerant,corporate,certain,SP_1e52297eb00f2394766f
PERSON_FRAJ_ABDERAZEK,CO_NORTH_AFRICA_INTERNATIONAL_BANK,dga,corporate,certain,SP_27e1a81779958f42e9ac
PERSON_KAMOUN_HEDI,CO_COMETH_INTERNATIONAL_CONSULTING,gerant,corporate,certain,SP_ab7d7a946d99f23fa88f
PERSON_KAMOUN_HEDI,CO_METRACO,gerant,corporate,certain,SP_5e3d2ce3118236a0c919
PERSON_BENYOUSEF_MONDHER,CO_YOUCOTEX_PLUS,gerant,corporate,certain,SP_3975723e277936916fa2
PERSON_HAMROUNI_DHAOUI_BENALI_BENAHMED,CO_EL_HILALI_SERVICE_DIVERS,gerant,corporate,certain,SP_299ef57ec40330f6ba4d
PERSON_BENCHAABANE_NAAMA_ELOUMI,CO_COFAT_NORD,dga,corporate,certain,SP_a21637b4f4123ad4cef6
PERSON_CHABCHOUB_MOHAMED,CO_RESEAUX_TELECOMMUNICATIONS_RETEL,dg,corporate,certain,SP_c2e99ace0ac07250d890
PERSON_FOURATI_LAMIA,CO_ONE_TECH_DEVELOPEMENT,pdg,corporate,certain,SP_ac816217f5937547f717
PERSON_AREM_JAMEL,CO_MAISON_TEMIMI,gerant,corporate,certain,SP_05bd7a19d5bd6f9d2ac6
PERSON_MAMI_MONGI,CO_FAMA,gerant,corporate,certain,SP_f3a88d15c86275ca11cc
PERSON_GHORBEL_CHERIFA_ZOUARI,CO_FAMA,commissaire_aux_comptes,corporate,certain,SP_5acf16cf9b1d8d437065
PERSON_BAYAHI_TAHER,CO_MAGASIN_GENERAL,pdg,corporate,certain,SP_3bfb47ca5784e65e6b23
PERSON_TRABELSI_MOHAMED,CO_SOPREDIS,gerant,corporate,certain,SP_42d0982cb82aedd3f41f
PERSON_ABDELMOULA_MUSTAPHA,CO_KENZA_CONFECTION,gerant,corporate,certain,SP_35fc6b6c2506c10a3618
PERSON_DRIS_SLIM,CO_WINDOTEX,gerant,corporate,certain,SP_23ac285641d3c1d8416f
PERSON_TRIKI_MOHAMED,CO_ALGERO_TUNISIENNE_COMMERCE_INTERNATIONAL_SATCI,gerant,corporate,certain,SP_96c7692ae48a208190d9
PERSON_BENASR_SLIM,CO_EURAFRICAINE_SICAF,administrateur,corporate,certain,SP_9a21585581978c5de3f9
PERSON_BENASR_KARIM_SALEM,CO_EURAFRICAINE_SICAF,pdg,corporate,certain,SP_f955221cbccc3b3a6443
PERSON_KAMOUN_HEDI,CO_DIGITAL_STORM,gerant,corporate,certain,SP_120ffdd26ab45781f80f
PERSON_BENSALAH_NAIM,ORGMENTION_Société RAMTEX,gerant,corporate,certain,SP_e46822076720c65852a9
PERSON_CURTIT_GILES,CO_FRANCO_TUNISIENNE_DEPAULETTES,gerant,corporate,certain,SP_56275b1e073397660739
PERSON_BENCHAABANE_FAOUZI,CO_TUNISIENNE_BOISSONS_NORD,president_ca,corporate,certain,SP_5507df7f90383cf010a0
PERSON_ABASI_KARIM,CO_TUNISIENNE_BOISSONS_NORD,dg,corporate,certain,SP_5c3eea54e9e281291805
PERSON_MAGDICHE_NISAF_SELAMI,CO_PLASTIC_SERVICES,gerant,corporate,probable,SP_88ba326af71062f52675
PERSON_MAHMOUDI_HOUDA,CO_OVERSEAS_TRADE,gerant,corporate,certain,SP_2bf94c777b84355124be
PERSON_CHAABANE_MONGI,CO_HUILERIE_CHAABANE,cogerant,corporate,certain,SP_6b8d48ebc49de1fcdd61
PERSON_CHEHIDA_ZOUHEIR,CO_AGRUMES_GOLFE,gerant,corporate,certain,SP_1f459fe007a9ece95b8e
PERSON_SHREINER_MAXIMILIAN,ORGMENTION_Société GARDEUR TUNISIE,gerant,corporate,certain,SP_693fea71f79478ea1c05
PERSON_CENCITO_FABRIZIO_DI,CO_DOLCE_ITALIA,gerant,corporate,certain,SP_9c345b20e4e01e40f744
PERSON_BOURICHA_ABDERAZEK,CO_BOURICHA_ABDERRAZEK_EBA,gerant,corporate,certain,SP_72d54887e4998c102948
PERSON_ZOUARI_ABDELMAJID,CO_MAGHREBINE_TRANSPORT_TERRESTRE_SMTT,administrateur,corporate,certain,SP_c7caefc51c686bb839e6
PERSON_BELAIFA_RAOUDHA,CO_SEM_SEM_EXPORT,gerant,corporate,certain,SP_3082171d26141d033ce6
PERSON_MAHJOUB_MOHAMED,CO_AMB_TRAINING_INTERNATIONAL,gerant,corporate,certain,SP_375a28a2f6db4b998fad
PERSON_KILANI_MOHAMED_HEDI,CO_KILANI_AUTOMOBILES_PIECES_SERVICES,gerant,corporate,certain,SP_ca6a4a4e89d7dbfeb1c1
PERSON_HAMAMI_RACHID,CO_PROMOTION_IMMOBILIERE_GOUBELLAT_SPIG,gerant,corporate,certain,SP_c4dcec429eac9b93c50c
PERSON_HAMROUNI_SLIM_BENALI,CO_AMEL,cogerant,corporate,certain,SP_273f7302ad6c3cc7e0e3
PERSON_ELMANAA_BRAHEM,CO_ITALIAN_KNOW_HOW_FOR_TUNISIA,gerant,corporate,certain,SP_eac29efd3ff3b840d207
PERSON_BOUDOKHANE_KHEMAIS,CO_CHIMITEX_PLUS,gerant,corporate,certain,SP_df67bcea852136f8d061
PERSON_BEJAOUI_SEIFEDINE,CO_TUNISIA_FLEET_MANAGEMENT,administrateur,corporate,certain,SP_14c9781062a1d3afe073
PERSON_JAIDANE_RIADH,CO_TUNISIA_FLEET_MANAGEMENT,administrateur,corporate,certain,SP_3115b5e10df20527d343
PERSON_DRIS_FETHI,CO_CENTRE_INTERNATIONAL_DINGENIERIE,gerant,corporate,certain,SP_717b1d213a9930778838
PERSON_KHROUF_RAJA,CO_CRK_EXPORT,gerant,corporate,certain,SP_d3142d0c286c5aa90ef7
PERSON_CHOUIKHA_MEKI,CO_COTSAR,gerant,corporate,certain,SP_876effd30b32677d9a59
PERSON_NOUIRA_HENY_GHAZI,CO_MOTORBOAT,gerant,corporate,certain,SP_aac3ce807c7590dc04bc
PERSON_NAJAR_SAMIR,CO_INTERNATIONAL_COMPANY_OUTWEAR,gerant,corporate,certain,SP_37108cbfc57f62c6a411
PERSON_HAMAMI_NOUREDINE,CO_LOUGEIN_RENT_A_CAR,gerant,corporate,certain,SP_451dc242a08d5c31f189
PERSON_REKIK_SALMA_ELOUMI,CO_MEDIMMO,gerant,corporate,certain,SP_bf00f067a7c662bba513
PERSON_MABROUK_KHEIRA_BOURAOUI,CO_TAIMATEX_INTERNATIONAL,gerant,corporate,certain,SP_1998e42d02b3b5ca7544
PERSON_BAABOURA_ALI,CO_ODYSSEE_PALACE,gerant,corporate,certain,SP_3a84946acac7954a1fd1
PERSON_NAKBI_MOHAMED,CO_CHAUSSETTES_KINDA,gerant,corporate,certain,SP_9d5300b6235521cb6c11
PERSON_BENASR_SLIM,CO_NOUVELLE_GENERALE_INDUSTRIELLE_NSGI,administrateur,corporate,certain,SP_33dde8802b4c95d5890e
PERSON_JENDOUBI_JEDIDI,CO_NOUVELLE_GENERALE_INDUSTRIELLE_NSGI,administrateur,corporate,certain,SP_e641aecad534116f4471
PERSON_BETAIEB_LASAAD,CO_GIPA,gerant,corporate,certain,SP_7de1f84c7f7c68483420
PERSON_BENAHMED_HICHEM,CO_MAGHREB_BETON,gerant,corporate,certain,SP_e5c3bf854c2bb5b05970
PERSON_SHREINER_MAXIMILIAN,ORGMENTION_Société Gardeur Tunis,gerant,corporate,certain,SP_5885b11b3b6a60e7d1e3
PERSON_MAHFOUDH_HABIB,CO_TRC1,gerant,corporate,certain,SP_ace25976c1ea41424d06
PERSON_SLAMA_RIDHA,CO_ART_LUMIERE,gerant,corporate,certain,SP_17b4eb9c2a086fe5aac2
PERSON_RHOUMA_MOEZ_BELHADJ,CO_GLOBAL_INNOVATION_TEXTILE_GITEX,gerant,corporate,certain,SP_cb9ecbae910393a982e1
PERSON_PICINI_MAURO,CO_HOTEL_KELIBIA_BEACH,administrateur,corporate,probable,SP_6e6bf771572adef5bd67
PERSON_KAMOUN_YASER,CO_BATIMENTS_ARTS_METIERS_EBAM,gerant,corporate,certain,SP_12435584f760498b91f3
PERSON_HEDFI_LATIFA,CO_GOLDEN_AGRICOL_PRODUCT,gerant,corporate,certain,SP_bd62fb23dbc55b7f173c
PERSON_MASMOUDI_MOHAMED,CO_ALLEMANDE_TECHNOLOGIES_D_ENERGIE_RENOUVELABLE_SATER,gerant,corporate,certain,SP_2fdbb5d4d68763bef785
PERSON_TABANE_MOHAMED_SADOK,CO_SFM_TECHNOLOGIES,gerant,corporate,certain,SP_67e468c834db370debe8
PERSON_KHALIL_MOHAMED,CO_COMPOSITES_TECHNIQUES,gerant,corporate,certain,SP_a4c6348bfc323ef363ae
PERSON_ITALIA_MARC,CO_QUADRITEX,gerant,corporate,certain,SP_ebbb0faa2979ace60ab6
PERSON_AYARI_FARHAT,CO_YOUSR_INTERNATIONAL,gerant,corporate,certain,SP_d4d45c34dcf8dafb216c
PERSON_NEFZI_BECHIR,CO_COMPAGNIE_GENERALE_METALLURGIE,administrateur,corporate,probable,SP_8648ff818bd4a48d1f2e
PERSON_ZOUARI_LOTFI,CO_SCAMEQ_CAP_AFRICA_MATERIELS_ELECTRIQUES_QUINCAILLERIE,gerant,corporate,certain,SP_68af4e84e9181d56df95
PERSON_GOLDONI_MASIMO,CO_IMPRIMERIE_EMA,unspecified,corporate,certain,SP_e71ccdb876bebb4b08ca
PERSON_GOLDONI_MASIMO,CO_IMPRIMERIE_EMA,gerant,corporate,certain,SP_107ac16040f41c114bd5
PERSON_MABROUK_ISMAIL,CO_MAGHREB_FINANCE,pdg,corporate,certain,SP_951b43a0081d32e22012
PERSON_GHARBI_MOHAMED,CO_GHARBI_CUIR,gerant,corporate,certain,SP_1c79457ac71aaf2685c1
PERSON_HAMAMI_AHMED_BENMOHAMED,CO_AMITEXTIL,gerant,corporate,certain,SP_b992b19ce283a4a94728
PERSON_BAYAHI_TAHER,CO_CENTRALE_MAGASIN_GENERAL,administrateur,corporate,certain,SP_988b54e79e74ffd9c9c8
PERSON_BAYAHI_TAHER,CO_CENTRALE_MAGASIN_GENERAL,pdg,corporate,certain,SP_b09e542e557ab3c9849f
PERSON_BAYAHI_TAHER,CO_MAGASIN_GENERAL,administrateur,corporate,certain,SP_b623d59c3b190e80ac67
PERSON_BAYAHI_TAHER,CO_MAGASIN_GENERAL,president_ca,corporate,certain,SP_50dbb8922489fa53866e
PERSON_BLAIECH_MOHAMED,CO_GENERALE,administrateur,corporate,certain,SP_b6e40957e357b7b650bc
PERSON_TURKI_AMIR,CO_DESIGN,administrateur,corporate,certain,SP_ee81a99e18f645e1a823
PERSON_BOUDEN_OMAR,CO_DESIGN,administrateur,corporate,certain,SP_89747b5aea6c4c555136
PERSON_CHAABANI_MOULDI,CO_DESIGN,administrateur,corporate,certain,SP_46c5ae7f9b9fb56b31ad
PERSON_CHEIKHROUHOU_MOHAMED,CO_DESIGN,administrateur,corporate,certain,SP_3fd000645b1bd90a1b10
PERSON_TAYACH_MOHAMED_ALI,CO_DESIGN,administrateur,corporate,certain,SP_502ee2378ec2001bf4d0
PERSON_TURKI_AMIR,CO_DESIGN,pdg,corporate,certain,SP_aff645c879d7d3c2d0ae
PERSON_BENHASINE_FAYCEL,CO_DESIGN,dga,corporate,certain,SP_2a17ac058c03eefc4443
PERSON_MAMI_MONGI,CO_OMEGA_MAGHREB,gerant,corporate,probable,SP_1d9302030cf4a3e5554c
PERSON_DIMASI_EMNA_BENAMOR,CO_EMNA_BEN_AMOR_SERVICES,gerant,corporate,certain,SP_b0abf5b88ee3190af4c8
PERSON_SASI_MOHAMED,CO_MARBRERIE_MON,gerant,corporate,certain,SP_31d7d9ef14487a3188fa
PERSON_SELAMI_SLIM,CO_GRAPHIA_PRINT,gerant,corporate,certain,SP_bd9f25c5c4321ffcedef
PERSON_KAMOUN_MEHDI,CO_SOPRA,gerant,corporate,certain,SP_106ebd5cab2c4c263e2f
PERSON_SEGHAIER_ISAM,CO_TELA,gerant,corporate,certain,SP_1a4dc515bec6baf72e4d
PERSON_GIAN_ANTONTO_MENEGOLO,CO_ITALIAN_TUNISIAN_SHOES,gerant,corporate,certain,SP_aba1de445cd989dcd317
PERSON_MABROUK_SAMI,CO_SAMY_MABROUK_CONSULTANT,gerant,corporate,certain,SP_7d63c86e8e4079b3b260
PERSON_SLAMA_RACHID,CO_BATIMENT_SAHEL,gerant,corporate,certain,SP_6708f9504ccd9fc69b27
PERSON_KACHOURI_MAHJOUB,CO_GENERALE_ALIMENTAIRE_JOUDA,gerant,corporate,probable,SP_68956ac3d1f52d7bd28a
PERSON_DJILANI_HEDI,"ORGMENTION_2, Rue Hédi Chaker - Ariana",pdg,corporate,probable,SP_6291063213d3f392e7f3
PERSON_MABROUK_MOHAMED_MARWEN,CO_MAGHREB_PARTICIPATION_HOLDING,pdg,corporate,certain,SP_30778e64362800da5aff
PERSON_MABROUK_RAMZI,CO_POWER_CALL,gerant,corporate,certain,SP_1e357e47e3ec56816df8
PERSON_AHRES_KARIM,CO_SATEC_TUNISIE_INTERNATIONAL,gerant,corporate,certain,SP_093b0eae6edf5a7afbcc
PERSON_CHAABANE_SARAH,CO_SARAH_CONFECTION_SARCO,gerant,corporate,certain,SP_21cf21291b023016f969
PERSON_EMNA_ABDENADHER,CO_GENERALE_TRAVAUX_SPECIFIQUES,gerant,corporate,certain,SP_a02b0bf7e1b2f2aa931c
PERSON_ZOUARI_AMIRA,CO_INDUSTRIES_MATERIAUX_CONSTRUCTION_BOMAR,administrateur,corporate,probable,SP_0da53fa585e6db761647
PERSON_DHAHRI_MOHAMED_LAMINE,CO_CONFECTION_MODERNE_KASSERINE,gerant,corporate,certain,SP_b85cbfea7b46c4011774
PERSON_GHANOUCHI_FARES,CO_ABATTOIR_AVICOLE_ESSOUASSI,unspecified,corporate,certain,SP_b8ef2f55134f3d7933a3
PERSON_SASI_SOUHEIL,CO_GREEN_STREET,gerant,corporate,certain,SP_867b3fbea7efba0b772d
PERSON_AMAR_MOHAMED,CO_APEA,gerant,corporate,certain,SP_cbb5b337edddb070b9b8
PERSON_SEGNERE_JEAN_PIERE,CO_BIOPHYMED_MAGHREB,gerant,corporate,certain,SP_833160f78c294b59c506
PERSON_BOUFATEH_BECHIR,CO_IDEALE_CONFECTION,gerant,corporate,certain,SP_460d1249871049631cf9
PERSON_HOUAS_MEHDI,CO_TALAN_TUNISIE,gerant,corporate,certain,SP_6f1af6cf7fed70f8f5a8
PERSON_KAMOUN_SOFIEN,CO_ZINC_TUNISIA,gerant,corporate,certain,SP_257ca96511522d66f33c
PERSON_RABAH_MAHER,CO_S2I_SERVICES,gerant,corporate,certain,SP_dbcfaccc2b6e7b88dcd6
PERSON_RINALDI_CLAUDIO_BIOLCATI,CO_TUNISIAN_ITALIAN_CONSULTING_GROUP,gerant,corporate,certain,SP_ed9f9fc75d9a5e6e79e4
PERSON_CHAHMI_TAHER,CO_IMPRIMERIE_PAPETERIE_ETIQUETTES_CHAHMI,gerant,corporate,certain,SP_b99005c49d6fde283f33
PERSON_MHADHBI_MOHSEN,CO_FIMCO_INTERNATIONAL,gerant,corporate,certain,SP_73c3e9ec0aabbb33e742
PERSON_MZABI_MOHAMED_MONCEF,CO_IMMOBILIERE_PROVIDENCE,gerant,corporate,certain,SP_cc1efd9cb116b6dbaa5a
PERSON_MABROUK_AMEL_BOCHRA,CO_A_PART,gerant,corporate,certain,SP_705f93b1ba6775d226b9
PERSON_RABAOUI_MAHMOUD,CO_CRACOCARTE_TUNISIE,gerant,corporate,certain,SP_31fa8f9ad95e98d8e6da
PERSON_ELOUMI_YADH,CO_COMPAGNIE_HOTELIERE_CENTRES_VILLES,commissaire_aux_comptes,corporate,probable,SP_c7f85d7e1f01d4b45305
PERSON_BENSEDRINE_KARIM,CO_INTERIMA,gerant,corporate,certain,SP_d4e3c025d2970fb984d8
PERSON_ABAS_SADREDINE,ORGMENTION_TANKOIL,gerant,corporate,certain,SP_358c2dfb2481ca034ca9
PERSON_BENAYED_RAFIK,ORGMENTION_Energy Trading Company E T C » - SA,administrateur,corporate,certain,SP_98e31f33845b68b088c6
PERSON_BENAYED_ABDESALEM,ORGMENTION_Energy Trading Company E T C » - SA,pdg,corporate,certain,SP_986b479252f278c23e11
PERSON_HAMAMI_MOUNIR,CO_HOLY_INFORMATIQUE,gerant,corporate,certain,SP_f87288262272fe872d18
PERSON_BRAHEM_LOTFI,CO_BRIQUETERIE_BRAHEM_COMPAGNIE,gerant,corporate,certain,SP_4f079baa442b6f3420de
PERSON_LANGAR_SLAHEDINE,CO_DAKHLA,dg,corporate,certain,SP_6a7117ca158d269a1223
PERSON_MAKNI_MONGI,CO_GENERALE_D_ENTREPRISES_MATERIEL_TRAVAUX_SOMATRA_GET,pdg,corporate,certain,SP_53d78da15eb0919d9af5
PERSON_MABROUK_ALI,CO_GENERALE_D_ENTREPRISES_MATERIEL_TRAVAUX_SOMATRA_GET,administrateur,corporate,certain,SP_9d96b469fee775e17f9e
PERSON_SLAMA_ALI,CO_GENERALE_INDUSTRIELLE_ALIMENTAIRE_SLAMA,administrateur,corporate,certain,SP_f5de22a4a5c584304b7e
PERSON_SLAMA_FAOUZIA_KHALFALAH,CO_GENERALE_INDUSTRIELLE_ALIMENTAIRE_SLAMA,administrateur,corporate,certain,SP_822254c4bd97aa71a121
PERSON_SLAMA_GHASEN,CO_GENERALE_INDUSTRIELLE_ALIMENTAIRE_SLAMA,administrateur,corporate,certain,SP_47efdada3699a4906130
PERSON_SLAMA_CHIHEBEDINE,CO_GENERALE_INDUSTRIELLE_ALIMENTAIRE_SLAMA,administrateur,corporate,certain,SP_6ffe683f292976934d40
PERSON_BENTANFOUS_CHOKRI,CO_CAP_TAGUERMESS_CENTER,administrateur,corporate,probable,SP_c724ff28ef14aeca9999
PERSON_BENTANFOUS_MOHAMED_NEJIB,CO_CAP_TAGUERMESS_CENTER,administrateur,corporate,probable,SP_14e1f57e4ec3da121522
PERSON_BENTANFOUS_CHAWKI,CO_CAP_TAGUERMESS_CENTER,administrateur,corporate,probable,SP_a9ea51474ccbf09035e5
PERSON_BENYOUSEF_MOHAMED_NABIL,CO_IMPRIMERIE_LORIENT,cogerant,corporate,probable,SP_0e7e8b4b471ebef3bb39
PERSON_BENSEDRINE_SAMI,CO_BOUHAIRA_INTERNATIONNAL_TRADING,cogerant,corporate,certain,SP_d02a48bc28cdc9b2ec0f
PERSON_HAMAMI_YASER,CO_IDPROD,gerant,corporate,certain,SP_a93549fe84308600ca04
PERSON_BOUAOUAJA_MALEK,CO_ZITA_TRAVEL,administrateur,corporate,certain,SP_8e39dabbdd41a9465dd0
PERSON_BOUAOUAJA_MARIEM,CO_ZITA_TRAVEL,administrateur,corporate,certain,SP_5107a1e868b880e1db09
PERSON_BENAMAR_MOURAD,CO_DINDOUX,pdg,corporate,certain,SP_46af1f38857591e11d79
PERSON_ZAHAF_SLAHEDINE,CO_TUNISIENNE_FABRICATION_PEINTURE_SOTUFAP,commissaire_aux_comptes,corporate,certain,SP_606914394c6e4130033b
PERSON_ABDELKEFI_AHMED,CO_TUNINVEST_SERVICES,president_ca,corporate,certain,SP_10dcff16c780758d786a
PERSON_MBAREK_MOHAMED_AZIZ,CO_TUNINVEST_SERVICES,dg,corporate,certain,SP_b53952e5e784797753ae
PERSON_JABRI_IMED,CO_MULTI_SERVICES_AUTOS,gerant,corporate,certain,SP_41a08182f5e90fecdb16
PERSON_TRIKI_ALI,CO_FARHAT_HACHED_MEDICAL,gerant,corporate,certain,SP_73bb1d97e5722dd244d0
PERSON_KMIMECH_CHOKRI,CO_KMIMECH_MATERIEL_CONSTRUCTION,gerant,corporate,certain,SP_0a16c7df249d4854c0b0
PERSON_NASR_MOHAMED,CO_PAPER_CUP,gerant,corporate,certain,SP_a883fd797b2855c18ff0
PERSON_AMDOUNI_MOURAD,CO_TECHNOLOGY_ASSOCIATES,gerant,corporate,certain,SP_7a41f5ca45e40e6bcec1
PERSON_CHIKHAOUI_MOHAMED,CO_PROVITAL,dg,corporate,certain,SP_1458ec9a36740734ad02
PERSON_BAYAHI_YAHIA,CO_SPEIA,gerant,corporate,certain,SP_3699731869f3929f768e
PERSON_SASI_MOHAMED,CO_MODERNE_CARRIERES_SABLE,associe,corporate,certain,SP_fa9751d15e9bbac1633f
PERSON_LAMBOTE_DANIEL,CO_IMPRIME_FRANCE,cogerant,corporate,certain,SP_394881a2c4bdcb8caad9
PERSON_GHARBI_HAFEDH,CO_INDUSTRIES_METALLIQUES_FERRONNERIE_SIMFER,gerant,corporate,certain,SP_bf13bf538710339dc406
PERSON_ZOUARI_MEKI_MAHER,CO_AGRICOLE_EL_BARAKA,gerant,corporate,certain,SP_a6b4c4a57ed03baf0b5b
PERSON_FOUGHALI_YOUSEF,CO_HUILE_KHADIJA,commissaire_aux_comptes,corporate,certain,SP_3399a6516a4336bfb32f
PERSON_TRIKI_MOHAMED,CO_BGI_BONNE_GOUVERNANCE_INFORMATIQUE,gerant,corporate,certain,SP_f47b7c338b9502d8ab98
PERSON_BENHRIZ_KHALED,CO_FOOD_DECORATION,gerant,corporate,certain,SP_224c25149a6de32af7d1
PERSON_BAYAHI_YAHIA,CO_COMPAGNIE_DEMBALLAGE_TRANSFORMATION_DALUMINIUM_CETRAM,pdg,corporate,certain,SP_5a198b9dd6a9e1d73d59
PERSON_MABROUK_YOUSEF,CO_NOVA_MEUBLE,unspecified,corporate,certain,SP_72a278ade065e5c9a34f
PERSON_MAIZA_SADOK,CO_SAVEURS_MEDITERRANENNES,pdg,corporate,certain,SP_4e5c878513e490c64b9f
PERSON_ZAR_ESIA,CO_EAUX_MINERALES_BEJA_RAYAN,commissaire_aux_comptes,corporate,certain,SP_4447632ae6c0b6b04380
PERSON_FRANCESCO_NIGRO_COSIMO,CO_AIR_PRESS_CONSULTING,gerant,corporate,certain,SP_f3eeddbee3da7d9b642d
PERSON_ABID_NOURI,CO_ESSALEM,gerant,corporate,certain,SP_58b28d5133d0b27bf09d
PERSON_TRABELSI_MOEZ,CO_ESSALEM,gerant,corporate,certain,SP_3fc326b268ab903cf952
PERSON_MOKHTAR_FETHI,CO_MINIERE_SIDERURGIQUE_TUNISIE_SMST,unspecified,corporate,certain,SP_276d681b481e5e238a77
PERSON_MOKHTAR_KAIS,CO_MINIERE_SIDERURGIQUE_TUNISIE_SMST,unspecified,corporate,certain,SP_e7f1e0714829d57a3ca9
PERSON_MOKHTAR_SADRI,CO_MINIERE_SIDERURGIQUE_TUNISIE_SMST,unspecified,corporate,certain,SP_310f1821aa87da4ef03a
PERSON_MOKHTAR_FETHI,CO_MINIERE_SIDERURGIQUE_TUNISIE_SMST,pdg,corporate,certain,SP_a7cdbaa4dff27c866ad1
PERSON_KAMOUN_MOUNIR,CO_SOKAPO,gerant,corporate,certain,SP_b5ce2eab75d5e6dde957
PERSON_KAMOUN_KAIS,CO_VOCAL_LINE,pdg,corporate,certain,SP_6065f3d82a49b1de6e6c
PERSON_RENDA_FRANCK_ALDO,CO_AGR_INDUSTRIE,gerant,corporate,certain,SP_b26c89ac891588bb4815
PERSON_MAKHLOUFI_ABDELAZIZ,CO_COMMERCE_INTERNATIONAL,gerant,corporate,certain,SP_664b4ff488583c0b955c
PERSON_MNIF_MOHAMED_NEJIB,CO_SERIBROD_CONFECTION,gerant,corporate,certain,SP_8a463b6b83d32d566e86
PERSON_BOUCHAMAOUI_RAFIK,CO_DAR_EL_FADHL_IMMOBILIERE,gerant,corporate,certain,SP_36ac8c3adf1c1d5402f5
PERSON_MATALO_CARLO,CO_GESTION_D_ANIMATION_TOURISTIQUE_ITALIA,cogerant,corporate,certain,SP_2e9d877b7933440ad58b
PERSON_DERBEL_FAYCEL,CO_IMMOBILIER_PALMARIUM_CENTER,commissaire_aux_comptes,corporate,certain,SP_cb06b6246c4246ff373a
PERSON_SASI_YOUSEF,CO_ROYALE_SAIF_AI_SHAM,gerant,corporate,certain,SP_ffab1a520d9ac4160551
PERSON_BRAHEM_JAMEL,CO_ROYALE_SAIF_AI_SHAM,gerant,corporate,certain,SP_a5914ac1f8c3d663cd18
PERSON_ABOUCHOUACHI_SOLTAN_KILANI,CO_TAMOIL_TUNISIE,association_president,corporate,certain,SP_b13c483b9a7e52152938
PERSON_BELHIBA_ABDELAZIZ,CO_TAMOIL_TUNISIE,dg,corporate,certain,SP_d8f967412dd1d1e80d2a
PERSON_SAIDANE_MOHAMED,CO_PROLABEL,administrateur,corporate,certain,SP_2fd79db36ad1624619c3
PERSON_CARIBONI_DANTE,CO_TUNISIAN_ITALIAN_LIGHTING_COMPANY,gerant,corporate,certain,SP_cc60ee89364bf45dd965
PERSON_DOGHRI_NEJIB,CO_AGRI_PRODUCTION,president_ca,corporate,certain,SP_46a1bf438ffd8bab9d40
PERSON_DRIS_MOUNIR,CO_PRIME_SERVICES_INFORMATIQUES,gerant,corporate,certain,SP_fb779f4e0bd8d7fd1824
PERSON_HAMROUNI_MUSTAPHA,CO_STATION_STOCKAGE_SOTACIB_GABES_SSS_GABES,gerant,corporate,certain,SP_6e4d29bec96d8f37f931
PERSON_SASI_HEDI,CO_COMMERCE_PIECES_RECHANGE,gerant,corporate,certain,SP_7b32dbdb6e9f396c1dee
PERSON_BENSAAD_MOHAMED_HABIB,CO_PROMOTION_FINANCEMENT_TOURISTIQUE_CARTHAGO,dga,corporate,certain,SP_96975800f19f38b3ac35
PERSON_HOCHLAF_SKANDER,CO_TUNIS_ENSEIGNES,pdg,corporate,certain,SP_b7f420c09df29bf20556
PERSON_MZABI_MZOUGHI,CO_GIBRALTAR,pdg,corporate,certain,SP_0b6f49a251c98db9c5b8
PERSON_MZABI_MZOUGHI,CO_GIBRALTAR,unspecified,corporate,probable,SP_4bd0976e8aa97c1c7ea4
PERSON_KAMOUN_BILEL,CO_OIL_GAS_ENGINEERING_COMPANY,gerant,corporate,certain,SP_59f83b8d543af723e0c4
PERSON_BENAYED_ABDELWAHEB,CO_AGRICOLE_SIDI_DAOUED,association_president,corporate,certain,SP_16eacc69bc6884d1b2df
PERSON_KOUBAA_THAMEUR,CO_AGRICOLE_SIDI_DAOUED,dg,corporate,certain,SP_bbd7e93373708a21b470
PERSON_MAIZA_SADOK,CO_SAVEURS_MEDITERRANEENNES,pdg,corporate,certain,SP_2ff3db0f0920a98a3b3e
PERSON_CHAABANE_MAHER,CO_CHAABANE_FRERES,gerant,corporate,certain,SP_28b07c54019b599cabfa
PERSON_RAJAH_KILANI,CO_MARIA_IMMOBILIER,gerant,corporate,certain,SP_f517da06cc720b40cb87
PERSON_CHAABANE_FARAH,CO_FERRAILLE,cogerant,corporate,certain,SP_b23342949d6294900508
PERSON_CHAABANE_NABIL,CO_FERRAILLE,cogerant,corporate,certain,SP_9c64c78affcd67b334c8
PERSON_KALAI_IMED,CO_MAGHREB_INVEST,administrateur,corporate,certain,SP_393376f290ac8e42cfcd
PERSON_MEDEB_MOHAMED_ALI,CO_TUNISIENNE_INDUSTRIES_ALIMENTAIRES,pdg,corporate,probable,SP_c57650cf72d7cfe327df
PERSON_BENDHIAB_MOURAD,CO_MARBRERIE_BEN_DHIAB_MARBRE_SANITAIRE,dg,corporate,certain,SP_2e572d17f3f9af4633d2
PERSON_ZERZERI_MEHDI,CO_EUROMAG,pdg,corporate,certain,SP_be778eff54c41c562672
PERSON_ZERZERI_MOHAMED_RIDHA_HEDI,CO_EUROMAG,dga,corporate,certain,SP_a3527097f0bed2c997b7
PERSON_BOURICHA_LEILA,CO_ENGINEERING_CONSULTING_SERVICES_OFFICE,gerant,corporate,certain,SP_5291dc22dda15a91a106
PERSON_CHAABANE_MOHAMED,CO_TAOUFIK_DENTREPOSAGE_FRIGORIFIQUE_SOTEF,gerant,corporate,certain,SP_a9a813ae426d90ddc866
PERSON_TRIKI_MOHAMED,CO_SOGEPI,gerant,corporate,certain,SP_836f58a2c1d156468af3
PERSON_BENAYED_FERIEL_SELAMI,CO_POIDS_LOURD_SUD_SERVICES,administrateur,corporate,certain,SP_a11f9dd7ba505b8d4fdf
PERSON_BENAYED_FERIEL_SELAMI,CO_POIDS_LOURD_SUD_SERVICES,president_ca,corporate,certain,SP_7d6091da014d80cc7beb
PERSON_STA_LAZHAR,CO_BINA_HOLDING,pdg,corporate,certain,SP_51dfb1a1a151522ee45d
PERSON_KILANI_ABDERAZEK,CO_GENERALE_TRAVAUX_GE_TRA,gerant,corporate,certain,SP_6c3991bc5f5024718471
PERSON_SAIDI_MOHAMED,CO_BEN_GRIFFIN,gerant,corporate,certain,SP_984bfa9789ddf4a462b4
PERSON_KAMOUN_KARIM,CO_MILLENIUM_GROUP,gerant,corporate,certain,SP_85e157137e249ef1dacb
PERSON_ABAS_FERID,CO_GABES_MARINE_TANKERS,pdg,corporate,probable,SP_a060fe3b3a213a60d14b
PERSON_ELOUMI_TAOUFIK,CO_D_INDUSTRIE_MECANIQUE_DIVERSE_IMD,gerant,corporate,certain,SP_fabe54cde7a8e467dcda
PERSON_AMOUS_IMED,CO_COPRAA,gerant,corporate,certain,SP_f0eb35ab6eb28aff80b9
PERSON_SIDHOM_MOHAMED,CO_MULTI_SERVICE_RAPIDE,gerant,corporate,certain,SP_98c5a963e07527342e89
PERSON_SASI_WISEM,CO_NEGOTRADE,gerant,corporate,certain,SP_0ec4009f48597b75e54a
PERSON_BOURICHA_JALILA_REGUIG,CO_BOURICHA_PROMOTION_IMMOBILIERE,gerant,corporate,certain,SP_d3f09713d30ea3a7a6de
PERSON_BELTAIFA_MOUNIR,CO_BRIDGERS_TN,gerant,corporate,certain,SP_4254fa6f9fb9076bc94d
PERSON_NAFTI_HAYET,CO_AFRIQUE_CHIMIE,gerant,corporate,certain,SP_1713d70af6b44a5f1175
PERSON_CHAABOUNI_YAHIA,CO_INDUSTRIES_NOUVELLES_PLASTIQUE_INOPLAST,commissaire_aux_comptes,corporate,probable,SP_c5003554159961d655af
PERSON_MATERI_MERYEM,CO_IMMOBILIERE_BAB_MENARA,gerant,corporate,certain,SP_601b4e75eea849a04b61
PERSON_TRIKI_SAMIA,CO_ALNAJEH_AGRICOLE,gerant,corporate,certain,SP_d7484a034ca7deaefcf0
PERSON_ZOUARI_MOHAMED,CO_ZOUARI_MOTORS,gerant,corporate,certain,SP_43b7b8401a7bd36683f9
PERSON_HAMAMI_ARBI,CO_GENERALE_TEXTILE,gerant,corporate,certain,SP_e979590a5405bffefb09
PERSON_MATERI_TAHER,CO_NEFISSA_IMMOBILIERE,gerant,corporate,certain,SP_b30b6b77a3ab08628bde
PERSON_MRAIHI_HABIB,CO_STB_SICAR,pdg,corporate,certain,SP_3edcbc1a03a091fdf909
PERSON_ABDENADHER_HAMADI,CO_NOUVELLES_CYCLES,unspecified,corporate,certain,SP_08cff00f3cc538c3492f
PERSON_ABDENADHER_HATEM,CO_NOUVELLES_CYCLES,unspecified,corporate,certain,SP_a7c0e9ae0f17c2e1c7de
PERSON_ABDENADHER_AHMED,CO_NOUVELLES_CYCLES,unspecified,corporate,certain,SP_f7acd4fb0dc18b12742d
PERSON_STEFANELI_STEFANO,CO_VENERE_COSMETICA_DETERGENTI_ITALIA,gerant,corporate,certain,SP_d870f06b658c3b7701c4
PERSON_BRAHAM_GHASEN,CO_FASHION_SQUARE,gerant,corporate,certain,SP_e0f8874d81afc180005d
PERSON_DARGHOUTH_MOHAMED_RADHI,CO_AR_FILTER,association_president,corporate,certain,SP_3114b9e7e051a475718f
PERSON_CHAABANE_MOEZ,CO_CABINET_DEXPERTISE_DASSISTANCE_CEA,gerant,corporate,certain,SP_aeadd7b960cd04bceffc
PERSON_DEBAYA_ALI,CO_SENED_SICAR,president_ca,corporate,certain,SP_86b4cbdeefd0d8ced116
PERSON_BOUKHRIS_ZIED,CO_SENED_SICAR,dg,corporate,certain,SP_430bbabb1eb07c23d364
PERSON_ABAS_HAMADI,ORGMENTION_Amwell Capital Ventures,dga,corporate,certain,SP_4a25b4d60c0389eb882e
PERSON_ABAS_SADREDINE,ORGMENTION_Amwell Capital Ventures,dga,corporate,certain,SP_65e7ebbdd59bc3b8783b
PERSON_TRABELSI_MOHAMED,CO_GENERAL_ALU,gerant,corporate,certain,SP_746b5902c04dd1b6522e
PERSON_MABROUK_YOUSEF,CO_SAPHIR_RENT_A_CAR,gerant,corporate,probable,SP_dbfe2769b3bd0f034acd
PERSON_AREM_SOFIEN,CO_CONFORT_ROTIN,gerant,corporate,certain,SP_a8b681ac1449a8fe357a
PERSON_ELABIDINE_MOHAMED_ZINE,CO_MOHAMED_ZINE_EL_ABIDINE_CIE,gerant,corporate,certain,SP_83e7e38c46d9ae60fd25
PERSON_DOUIRI_ALI_TRIKI,CO_DIAGNOSTIC_MAINTENANCE_MATERIELS,gerant,corporate,certain,SP_668f7a205c689ff5655f
PERSON_CHAABANE_FAOUZI,CO_CMR_AUDIT,gerant,corporate,certain,SP_5f6d0fc956aa31503f52
PERSON_TRABELSI_MOHAMED,CO_TRA_SERVICES,gerant,corporate,certain,SP_a4e0a4e8db9b78c1b348
PERSON_BENYEDER_HAKIM,CO_COMAR_IMMOBILIERE,gerant,corporate,certain,SP_905ae72742e554f8acfa
PERSON_BOUATAY_MOHSEN,CO_GROUPE_BOUATAY_CONFECTION,gerant,corporate,certain,SP_37f169441737003c333e
PERSON_BENAYED_MALIKA,CO_COMPAGNIE_TUNISIENNE_CHIMIE_INDUSTRIELLE,gerant,corporate,certain,SP_0d393ec0658d406d755c
PERSON_ABDELMOUMEN_HEDI,CO_BANQUE_FRANCO_TUNISIENNE,president_ca,corporate,certain,SP_569edda6ec47549b5a69
PERSON_MEDEB_MOHAMED,CO_COMPAGNIE_FROMAGERE,pdg,corporate,certain,SP_3bafd00d05203bea9a9f
PERSON_TRIKI_MOHAMED,CO_GENERALE_PROTECTION,gerant,corporate,certain,SP_17698d1ec3873f00e139
PERSON_ABDENADHER_ISAM,CO_AZIZ_CONFORT_MENAGER,gerant,corporate,certain,SP_e04c7dfaa111ceea886f
PERSON_CHAABANE_ISMAIL,CO_ISMAIL_CHAABANE_CIE,gerant,corporate,certain,SP_63e8489e496c98d04b9e
PERSON_MARIO_RAFAELE_DI,CO_HOTEL_KELIBIA_BEACH,pdg,corporate,probable,SP_302a05eb47cd6e7352a4
PERSON_ZAHAF_SLAHEDINE,CO_AGRICOLE_GARGOURI,commissaire_aux_comptes,corporate,certain,SP_f1d978035105f8ad1828
PERSON_BENAYED_AHMED,CO_EXOTICA,gerant,corporate,certain,SP_fc4ffcff0cb0b8664ad5
PERSON_ENAJARI_SAMI,CO_ENNAJJARI_FRERES,gerant,corporate,certain,SP_54cbcb053d4888a3da1b
PERSON_BENAHMED_HICHEM,CO_ESSAADA_CONFECTION,gerant,corporate,certain,SP_2b188996c483fae0e10e
PERSON_TRIKI_SAMI,CO_INTERNATIONAL_SERVICES_TRANSPORT_MANUTENTION,gerant,corporate,certain,SP_81b4c1bd48a81c2c155d
PERSON_MHIRI_SAMI,CO_BUANDERIE_CENTRALE_EL_MOURADI,gerant,corporate,certain,SP_cf6854ee9d7755218455
PERSON_CHAABANE_WASIM,CO_IMPRIMERIE_EL_HABIB,gerant,corporate,certain,SP_43e7e4c7386f1dde8fb3
PERSON_HAMROUNI_IKRAM,CO_HAMROUNI_TRAVEL_SERVICE,gerant,corporate,certain,SP_7f10ea0c67f5fac7b932
PERSON_GUERMAZI_MOHAMED,CO_TUNISIENNE_FILTRES_MISFAT,dga,corporate,certain,SP_7c9565c73816a433edff
PERSON_HAMROUNI_MOHAMED_HABIB,CO_ARCADES,gerant,corporate,certain,SP_f2289159d2b494b273f1
PERSON_HAMAMI_JAMELEDINE,CO_AGRICOLE_MARGHERITA_SAMAR,gerant,corporate,certain,SP_653f3c9748018ab1b74f
PERSON_BENAYED_ABDELWAHEB,CO_AGRICOLE_SABA,association_president,corporate,certain,SP_1d4aa163e24a2d345248
PERSON_DERBEL_FAYCEL,CO_MEA_INTERNET_GROUP,representant,corporate,probable,SP_2ac7c26c9a676210e73e
PERSON_HAMAMI_SAMI,CO_F_AST_ELEC,gerant,corporate,certain,SP_96b2b6aa47c9a6b56f87
PERSON_CHAABANE_RAJA,CO_PULIRE,gerant,corporate,certain,SP_c5fa555090c705bac59b
PERSON_HAMAMI_HABIB,CO_MIXER_TUNISIE,gerant,corporate,certain,SP_9076455e6bc958de1591
PERSON_ISMAIL_HICHEM,CO_IMPRIMERIE_EDICHEM,gerant,corporate,certain,SP_82a63fbe3b2a117253ad
PERSON_MABROUK_FETHI_BENALI,CO_WISSAL_RENT_A_CAR,gerant,corporate,certain,SP_8e36f33edaa9ddee3fbe
PERSON_HAMAMI_CHEDLI,CO_EUROBAT_LOGISTIC,gerant,corporate,certain,SP_200eecc08dacadf4c44f
PERSON_GHERISI_RIDHA,CO_TUNISO_FRANCAISE_DECLAIRAGE,gerant,corporate,certain,SP_2c00bffede59bca9f230
PERSON_ABDELHANEN_ALA,CO_ALLEMAND_TUNISIENNE_COMMERCE,gerant,corporate,certain,SP_4ee386687798058bc090
PERSON_GHARBI_IMED,CO_CIFE_WATER_ENERGY,gerant,corporate,certain,SP_0466349d2122d964c5ef
PERSON_SASI_KOUTHEIR,CO_SECURAS,dga,corporate,certain,SP_312ed5a753915e924cc3
PERSON_MABROUK_ALIA_BAKRI,CO_INTERBRANDS,gerant,corporate,probable,SP_9830544b9b7283094375
PERSON_BAKIR_ALIA_MABROUK,CO_DOCKSIDER_CHAUSSURES,gerant,corporate,probable,SP_3ce50f809f6d4a3604c9
PERSON_CHAABANE_MOURAD,CO_NEW_PACK,unspecified,corporate,certain,SP_88b96bc71acd50b0fcaf
PERSON_JAIDANE_RIADH,CO_GROUPE_FORMATION_DINGENIERIE,unspecified,corporate,certain,SP_82c55de28f5d0fb92109
PERSON_FAKHFAKH_IMED,CO_ITALIEN_STYLE_DRISS,gerant,corporate,certain,SP_c69326c932e4b636df09
PERSON_JRAD_ABDERAZEK_KILANI,CO_GENERALE_LOCATION_ENGINS_SERVICES,cogerant,corporate,certain,SP_3a1c9e959417132dce05
PERSON_KHEMAKHEM_MONCEF,CO_SANI_CONFORT,unspecified,corporate,certain,SP_7792ac0382b119386e9b
PERSON_PORETA_MARIO,CO_AMARANTE_PARFUMS,cogerant,corporate,certain,SP_b54192654fc4b0e3215c
PERSON_ELOUNI_SAMI,CO_SOPRACO,administrateur,corporate,certain,SP_fd289c0e903197194ea3
PERSON_ELOUNI_SAMI,CO_SOPRACO,pdg,corporate,certain,SP_96c4ee715e21cebcf5f4
PERSON_ZOUARI_MOHAMED,CO_PROMED,cogerant,corporate,certain,SP_0b5a575300b45e7af843
PERSON_CHAABANE_SONIA,CO_ESPACE_ARTS,gerant,corporate,certain,SP_d186fa1a81c7b8c3a6a9
PERSON_TRIKI_ADEL,CO_HSSAN_DISTRIBUTION,gerant,corporate,certain,SP_6c539a6d96cbb85774d2
PERSON_JEBNOUN_MOHAMED_HEDI,ORGMENTION_Société Nouvelle Oued Rihane,gerant,corporate,certain,SP_8fab733f29cf667b65cb
PERSON_HACHICHA_MOHSEN,CO_MEUNIERE_TUNISIENNE,unspecified,corporate,certain,SP_955d05f3e3c9fa3d6d34
PERSON_GUERMAZI_TIJANI,CO_MEUNIERE_TUNISIENNE,unspecified,corporate,certain,SP_4fcd5d28961e885862c4
PERSON_HACHICHA_FETHI,CO_MEUNIERE_TUNISIENNE,unspecified,corporate,certain,SP_cfebb0657347f528bfbb
PERSON_HACHICHA_SOUHEIL,CO_MEUNIERE_TUNISIENNE,unspecified,corporate,certain,SP_0d017b8180c4444c24e2
PERSON_HACHICHA_SAMI,CO_MEUNIERE_TUNISIENNE,unspecified,corporate,certain,SP_c9ecc032b9662de11147
PERSON_SOUA_ZIED,CO_TANNERIE_GAFSA,administrateur,corporate,certain,SP_631613f326c7af0f5ad8
PERSON_LOSI_FRANCO,CO_LAFF,gerant,corporate,certain,SP_6cd8f2e573616e97730e
PERSON_YOUNES_MOHAMED,CO_SOTUMEX,gerant,corporate,certain,SP_70f7b34f1d3d9a21f912
PERSON_MASMOUDI_YOUSEF,CO_ESSALEM_COLLECTE_LAIT,gerant,corporate,certain,SP_076553e88296e1ef2858
PERSON_NOOMEN_ZIED,CO_VILLA_ITALIA,gerant,corporate,certain,SP_e19cf37ffb0c58221c89
PERSON_HAMROUNI_RACHID,CO_CHIMICOULEURS_PEINTURE,gerant,corporate,certain,SP_935ac2733ea17e1f54de
PERSON_BENAYED_ABDELWAHEB,CO_YASMINE,president_ca,corporate,certain,SP_66366eca7f22fa044f35
PERSON_PASTRE_OLIVIER,CO_INTERNATIONAL_MAGHREB_MERCHANT_BANK,administrateur,corporate,certain,SP_cb837a8bca797e554c1e
PERSON_BOUSNINA_KACEM,CO_INTERNATIONAL_MAGHREB_MERCHANT_BANK,administrateur,corporate,certain,SP_a7f45796ac92cba3fede
PERSON_BENBOUZID_FERID,CO_INTERNATIONAL_MAGHREB_MERCHANT_BANK,administrateur,corporate,certain,SP_0db220feb64cb72cf7f5
PERSON_TRIKI_MOHAMED_TAREK,CO_INDUSTRIELLE_DEXPLOITATION_MATIERES_ORGANIQUES_SIEMO,gerant,corporate,certain,SP_2cdfd31cf902f2c831f2
PERSON_BENAYED_ABDELWAHEB,CO_ALMES,association_president,corporate,certain,SP_abf792e5c5fefdd07363
PERSON_BOURICHA_ABDELHAMID,CO_DAKHLA,association_president,corporate,certain,SP_387b1e6ed9eb98efe0c5
PERSON_AMAR_ABDELMAJID,CO_INDUSTRIELLE_ARTICLES_METALLIQUES_SIAM,president_ca,corporate,certain,SP_bb3848d1efe052fb3302
PERSON_BENAYED_SLIM,CO_EL_HADAYEK,gerant,corporate,certain,SP_1999d0c57b41c97fa1e0
PERSON_HNIHINA_TAIEB,CO_FRATERNITE_FRANCO_TUNISIENNE,cogerant,corporate,certain,SP_6da93f0a8f4f272183e8
PERSON_MAMOU_PATRICK_CHARLES,CO_BIO_LIQUIDES_TUNISIE,gerant,corporate,certain,SP_6eb588b99ca593ff8ecc
PERSON_HAMAMI_MOEZ,CO_NOUVEL_HORIZON_PLUS,gerant,corporate,certain,SP_9594a4fd2c0e70c1aac9
PERSON_KILANI_RAFIK,CO_MEDICIS_INTERNATIONAL,cogerant,corporate,certain,SP_d41c229c519fb0b1b567
PERSON_KILANI_LASAAD,CO_MEDICIS_INTERNATIONAL,cogerant,corporate,certain,SP_cb2ab4776f83c1f0b957
PERSON_HAMAMI_TAOUFIK,CO_PRINCE_FRUIT,gerant,corporate,certain,SP_15a549c1b21f9431fc1c
PERSON_NASRI_KAMEL,CO_LINDA_APPAREIL_FASHION_SOLAF,gerant,corporate,certain,SP_f538008ce5c98716c4ab
PERSON_FOURATI_KHALED,CO_SEET_TELMAGH,cogerant,corporate,certain,SP_9ecd87d9b1d3a4294326
PERSON_BENAYED_SLIM,CO_ASTER_INFORMATIQUE,association_president,corporate,certain,SP_aaab350630f65c301a2d
PERSON_TRIKI_MOHAMED,CO_CHAABENE_IMMOBILIERE,gerant,corporate,certain,SP_de10cdeda432d7579706
PERSON_LINCZOWSKI_ERIC,CO_FINISHING_INTERNATIONAL_COMPANY,pdg,corporate,certain,SP_51eb6653bd08051283db
PERSON_ABOUGAZALEH_WASFI,CO_MEDITERRANEAN_GATE_DEVELOPMENT_COMPANY,dga,corporate,certain,SP_0b82c1a2147c71aaf98b
PERSON_ZOUARI_TAREK,CO_EXACTT,gerant,corporate,certain,SP_9dcc688c33cd317bb23d
PERSON_BELKHIRIA_KAMEL,CO_FLEXO_PRINT,unspecified,corporate,certain,SP_ba0a4d990ef5692f481c
PERSON_BELKHIRIA_KAMEL,CO_FLEXO_PRINT,president_ca,corporate,certain,SP_cb587e2d3418e09a2a38
PERSON_ZOUARI_MOHAMED,CO_DHILEL_IMMOBILIERE,gerant,corporate,certain,SP_e55f0cd1a73eb0ffb3c7
PERSON_KAMOUN_HEDI,CO_ARDI_RESEARCH_2C,gerant,corporate,certain,SP_83c52a141f4cdc56f75b
PERSON_HAMROUNI_MOUNIR,CO_NEW_STAR_IMMOBILIERE,gerant,corporate,probable,SP_66e0865a44ccd92c2a43
PERSON_ZGHIDI_ADNENE,CO_ALHIFADH_SICAV,commissaire_aux_comptes,corporate,certain,SP_62c90b7c82d8f1221804
PERSON_SBAA_HAFEDH,CO_ALHIFADH_SICAV,dg,corporate,certain,SP_61edb2cdc50f2a2108f6
PERSON_ZERZERI_HEDI,CO_ALIMEX,gerant,corporate,certain,SP_e1ff08aa0865b0b94636
PERSON_KILANI_LASAAD,CO_MEDICIS_SERVICE,gerant,corporate,certain,SP_2802da19534b57f91bbb
PERSON_TRIKI_MOHAMED_RIADH,CO_MAGHREBINE_TRAVAUX_PUBLICS_EN_ABREGE_SOMATRAP,gerant,corporate,certain,SP_687d7881aec13cb3777d
PERSON_CHOUK_NEJIBA,CO_SIGMA_SICAF,commissaire_aux_comptes,corporate,probable,SP_f32ee7d4b50ccaa7c8cb
PERSON_TRIKI_ABDELGHANI,CO_EL_INTILAKA_COMMUNE_IMMOBILIERE_SIDI_ABBES_ICI_SIDI_ABBES,dg,corporate,probable,SP_458d23c19989c3e49d9c
PERSON_ELOUMI_MAHMOUD,CO_ONS_ALUMINIUM,gerant,corporate,certain,SP_fe32ab8f4ff5c3b2dada
PERSON_JENANE_RIDHA,ORGMENTION_Sté Tunisienne des Equipements pour la santé et la Sécurité ,gerant,corporate,certain,SP_242bd471eada0704a349
PERSON_MAZEI_PATRICE,CO_UNIVERS_PARTICIPATIONS_SICAF,administrateur,corporate,certain,SP_296bd3ff8b4bab3b3b5b
PERSON_LAISNEY_GIL_ALAIN,CO_CALL_FRANCE_DEVIS_MUTUELLE,gerant,corporate,certain,SP_599935b0f8c98ae33b5e
PERSON_ELOUMI_HICHEM,CO_COFICAB_MED,pdg,corporate,certain,SP_f7825765925e4300d350
PERSON_CHAABANE_HATEM,CO_EVOLUTION_SCIENTIFIQUE,gerant,corporate,certain,SP_8a73e5e0546d74b401fb
PERSON_DHAOUADI_KAMEL,CO_KIMOTEX,gerant,corporate,certain,SP_808a98c8482a5f47ebc9
PERSON_ELOUZE_MOHAMED_RIDHA,CO_GLOBAL_VIEW_INVEST_SICAF,administrateur,corporate,probable,SP_5e4bab307e017ceb40e1
PERSON_BENCHAABANE_NAAMA_ELOUMI,CO_ABM_IMMOBILIER,pdg,corporate,certain,SP_966712bd44358f294f65
PERSON_MHIRI_NEJI,CO_CLINIQUE_SOUSSE_CLINIQUE_ECHIFA,pdg,corporate,certain,SP_81c105e6924bc816972f
PERSON_BENROMDHANE_SALEM,CO_CLINIQUE_SOUSSE_CLINIQUE_ECHIFA,dga,corporate,certain,SP_649e2deb06da47005e19
PERSON_MZABI_MOHAMED_RAOUF,CO_PHARMA_FUTUR,gerant,corporate,certain,SP_59b73f307a09e68a4800
PERSON_SLAMA_NOUREDINE,CO_BOULANGERIE_MARQUISE,gerant,corporate,certain,SP_e30e5075160a5bbfe76a
PERSON_SELAMI_MOKHTAR,CO_LINA_PROMOTION_IMMOBILIERE,gerant,corporate,certain,SP_348f179ab3b69e7c227c
PERSON_BENMANSOUR_RIDHA,CO_INTERNATIONAL_MAGHREB_MERCHANT_BANK,administrateur,corporate,certain,SP_58ec4e54f3426a682390
PERSON_HAJNACER_ABDERAHMAN_ROUSTOUMI,CO_INTERNATIONAL_MAGHREB_MERCHANT_BANK,administrateur,corporate,certain,SP_0707349fd949d3dbd474
PERSON_DAJANI_ADEL,CO_INTERNATIONAL_MAGHREB_MERCHANT_BANK,administrateur,corporate,certain,SP_6d27a7c9149d367d1bcc
PERSON_MABROUK_YOUSEF,CO_NOVA_MEUBLE,association_president,corporate,certain,SP_2988eb1b037af06116e4
PERSON_JELOULI_NAJET,CO_MARBRERIE_MATERIAUX_SUD_MASUD,unspecified,corporate,certain,SP_707921e25e60948b8293
PERSON_BELGHITH_ABDELATIF,CO_MARBRERIE_MATERIAUX_SUD_MASUD,unspecified,corporate,certain,SP_462c371fe81a868a85b4
PERSON_BAKLOUTI_FOUED,CO_MARBRERIE_MATERIAUX_SUD_MASUD,unspecified,corporate,certain,SP_633be2539173fd021b39
PERSON_BELGHITH_KARIM,CO_MARBRERIE_MATERIAUX_SUD_MASUD,unspecified,corporate,certain,SP_61fb32f25ea2cc3719e4
PERSON_BELGHITH_SALAH,CO_MARBRERIE_MATERIAUX_SUD_MASUD,unspecified,corporate,certain,SP_f1c2a337914fc2ac960c
PERSON_SELAMI_MOHAMED,CO_HOTEL_ARCADES,pdg,corporate,certain,SP_671a717893b8c57a6f66
PERSON_ALBRECHT_MARKUS,CO_INTERNATIONAL_TELE_CONSULTANTS,gerant,corporate,certain,SP_caee1e7ec43d62e306f0
PERSON_ZOUARI_CHIHEB,CO_COMMERCE_MAINTENANCE_INDUSTRIELS,gerant,corporate,certain,SP_40a928e2826a3b212541
PERSON_MABROUK_BAHRI,CO_EL_HILEL,pdg,corporate,certain,SP_1649c674df5e2825942b
PERSON_KAMOUN_KARIM,CO_TOURISME_SERVICES_LOISIRS,gerant,corporate,certain,SP_9bd020b2467f0c9431ba
PERSON_MEDEB_HOUEIDA,CO_BOISSONS_CAP_BON_SBC,administrateur,corporate,probable,SP_5ed51e097221b4f56e7e
PERSON_AYADI_MEHDI,CO_PROMED,gerant,corporate,certain,SP_f2b2d9ae5e0406fcb81f
PERSON_CHAKROUN_NASR_ALI,CO_SKY_INDUSTRIES,gerant,corporate,certain,SP_61ff460b5c4be0343f64
PERSON_HAMAMI_MOHAMED,CO_CENTRALE_MAGASIN_GENERAL,administrateur,corporate,certain,SP_3c561164a3e0f12e7f97
PERSON_M_RAD_RIDHA,CO_MARETAP,administrateur,corporate,certain,SP_db156f5372a123bc7e85
PERSON_BOUOUD_KILANI,CO_YASMIN_DEQUIPEMENT_MECANIQUE_ELECTRONIQUE_SYEME,gerant,corporate,certain,SP_a5133f994cc5a7946a2d
PERSON_CHAABANE_MOHAMED,CO_ETTAOUFIK_FRUITS_SECS_SEFRUS,gerant,corporate,probable,SP_41174a3a756ec035efc2
PERSON_CHAABANE_MOHAMED,CO_HUILERIE_CHAABANE,cogerant,corporate,certain,SP_eae0be800b4b96888001
PERSON_BENAMOR_MAJED,CO_IMMOBILIERE_GESTION,pdg,corporate,certain,SP_36f44398e9eed142a6b3
PERSON_MASMOUDI_MOHAMED_RAOUF,CO_DOREMAIL,dg,corporate,certain,SP_e32b80901f3401fb9169
PERSON_MASMOUDI_MONIA,CO_DOREMAIL,dga,corporate,certain,SP_b7ca78a1bfca17f45512
PERSON_MABROUK_MOHAMED_NEJIB,CO_NACTIS,administrateur,corporate,probable,SP_80b9606a50935971924d
PERSON_MABROUK_HOUCEM,CO_NACTIS,administrateur,corporate,probable,SP_95e5248c21fe66721a53
PERSON_MABROUK_SAFIA,CO_NACTIS,administrateur,corporate,probable,SP_b25981ef81b25fbaf66a
PERSON_MABROUK_MOHAMED_NEJIB,CO_NACTIS,pdg,corporate,probable,SP_676d000e1f5b7fad357c
PERSON_KAMOUN_HABIB,CO_CAPITAL_INVESTISSEMENT_CAPINVEST,commissaire_aux_comptes,corporate,probable,SP_0589ab948ed8f2bde39a
PERSON_KAMOUN_AHMED,CO_CAPITAL_INVESTISSEMENT_CAPINVEST,commissaire_aux_comptes,corporate,probable,SP_2c43faf4c9a2f747c754
PERSON_KAMOUN_TARAK,CO_CAPITAL_INVESTISSEMENT_CAPINVEST,commissaire_aux_comptes,corporate,probable,SP_dc7987f2b3ab1507e235
PERSON_KAMOUN_FEKRIA_FOURATI,CO_CAPITAL_INVESTISSEMENT_CAPINVEST,commissaire_aux_comptes,corporate,probable,SP_09141d91001c050e9096
PERSON_TRIKI_MOHAMED_RADHOUANE,CO_COMPTOIR_TUNISIEN_DIMPORT_EXPORT_COTEX,gerant,corporate,certain,SP_51dc7f57703a1688ec5d
PERSON_SELAMI_SAMI,CO_TUNISIE_CONFECTION,gerant,corporate,certain,SP_a3f65cb52550b22bdf74
PERSON_ESAFI_MONDHER,CO_CAISSE_AGRICOLE_TUNISIENNE,gerant,corporate,certain,SP_e2c657adeb643ba208b1
PERSON_ROUISI_LOTFI,CO_BONNA_TUNISIE,administrateur,corporate,certain,SP_aafa979ff0ae0ab907ef
PERSON_HMIDA_FAOUZI,CO_RUSPINA_TELECOM,gerant,corporate,certain,SP_cd1d9feb0b04649e8027
PERSON_HAMAMI_HAITHEM,CO_NET_PLUS,gerant,corporate,certain,SP_26d6dde41f0918179e90
PERSON_HAMROUNI_MUSTAPHA,CO_TUNISO_ALGERIENNE_CIMENT_DERIVES_SOTACID,administrateur,corporate,certain,SP_af9ced2de065534bd2a1
PERSON_BAYAHI_TAHER,CO_IMMOBILIERE_HAFEDH,gerant,corporate,certain,SP_843965c0acb2cb5db858
PERSON_ZOUAOUI_MOHAMED_BENABDALAH_BENAMARA_HAMROUNI,CO_TUNISIENNE_NETTOYAGES_MAINTENANCES,gerant,corporate,certain,SP_e0322ca6a1a1a9b84c9b
PERSON_ZARIAT_MOURAD,CO_ZARIAT_FILS,gerant,corporate,certain,SP_28b19458c730049549e6
PERSON_BOUCHAMAOUI_RAFIK,CO_BOUCHAMAOUI_A_R_INDUSTRIES,administrateur,corporate,certain,SP_b7cff6a14bc330e6ba4b
PERSON_NAJAR_MOURAD,CO_ACCESSOIRES_TEXTILES_COMPANY,gerant,corporate,probable,SP_0aff72976d193be2cc79
PERSON_TLILI_HEDI,CO_AKYES,gerant,corporate,probable,SP_0d10b8e45725ebab9774
PERSON_MATALO_MARIO,CO_GESTION_D_ANIMATION_TOURISTIQUE_ITALIA,cogerant,corporate,certain,SP_e91530712ecc1097247a
PERSON_CHAABANE_SOUHIR,CO_KINGFLEX,dga,corporate,certain,SP_98be328fd91958aba7c6
PERSON_LIMEM_FETEN,CO_LINATEX_PLUS,gerant,corporate,certain,SP_1a4d2503c8cd9ca16a3b
PERSON_MELOUSE_MOHAMED,CO_ERRYADA_PROMOTION_IMMOBILIERE,pdg,corporate,certain,SP_78677f1bffc068f52d3c
PERSON_KAMOUN_BASEM,CO_WORLD_EXPORTS_COMPANY,gerant,corporate,certain,SP_b1b2c3ca1f48d007870e
PERSON_MAHJOUB_MOHAMED_SAHBI,ORGMENTION_Société Nouvelle Oued Rihane,cogerant,corporate,certain,SP_4dc3410724d460139469
PERSON_ABDENADHER_NABIL,CO_SPEED_4ALL_TUNISIE,gerant,corporate,certain,SP_0d4780a191b9343745dc
PERSON_CHAIBI_NABIL,CO_PROMOTION_COMMERCIALE_SPC,pdg,corporate,certain,SP_3616155645ae570e28e0
PERSON_SAHNOUN_AHMED,CO_TUNISIE_DETERGENTS_COSMETIQUES,unspecified,corporate,certain,SP_921cd3a93bceee4170c5
PERSON_SAHNOUN_AHMED,CO_TUNISIE_DETERGENTS_COSMETIQUES,pdg,corporate,certain,SP_9e2ed0d03762a13bb88a
PERSON_DRIS_HICHEM,ORGMENTION_Société de Stockage des Produits Pétroliers,pdg,corporate,certain,SP_38268cd61159bb857110
PERSON_FENDI_ZINE_ELABIDINE,CO_DIGITAL_TEX,association_president,corporate,certain,SP_974068b9e05bf773a742
PERSON_PECH_LOUIS,CO_BANQUE_TUNISO_KOWEITIENNE,administrateur,corporate,certain,SP_7407e1336c58edb28a5d
PERSON_KSIAA_HEDI,CO_ATTIJARI_SICAR,dg,corporate,certain,SP_b1b8f6115aa40491df29
PERSON_FARSI_NASR,CO_SOCOMENIN,unspecified,corporate,probable,SP_668c60646d84321a0a7d
PERSON_ELOUMI_SLIM,CO_GALION,administrateur,corporate,certain,SP_549ccf1d5a77bae82a42
PERSON_MHIRI_SAMI,CO_ENGINEERING_PROCUREMENT_PROJECT_MANAGEMENT,administrateur,corporate,certain,SP_4fd978ae0307f75f3a4f
PERSON_TRIKI_MOHAMED,CO_MODELE_MODERNE_DISTRIBUTION,gerant,corporate,certain,SP_71cad1551ac80f464a80
PERSON_BENSEDRINE_KARIM,CO_PROMOTRAVEL,gerant,corporate,certain,SP_afbea4f8d3e5cb6f1008
PERSON_SLAMA_MONDHER,CO_MEDITERRANEAN_CONSULTING_COMPAGNY,gerant,corporate,certain,SP_2f701befc442cce6e4f2
PERSON_SASI_NEJIB,CO_SCS_MEDITERRANEE,associe,corporate,certain,SP_e2b854b55bb033d07f6a
PERSON_BENSAAD_MOHAMED_HABIB,CO_COMPAGNIE_DASSURANCES_REASSURANCES_ASTREE,pdg,corporate,certain,SP_e6302319763b2c0af238
PERSON_CHAABANE_RADHOUANE,CO_SIDEQ,gerant,corporate,certain,SP_5ece916a827608b22014
PERSON_ZIDI_MONGI,CO_ARCHIMED_TUNISIE,pdg,corporate,probable,SP_8b5e8b1df110018ee5c7
PERSON_BAYAHI_YAHIA,CO_TUNISIE_PROFILES_ALUMINIUM_TPR,pdg,corporate,certain,SP_5edc053f2070e687b5c3
PERSON_SHREINER_MAXIMILIAN,CO_JANSSEN_TUNISIE,gerant,corporate,certain,SP_7c30fe8a0e596f9b7871
PERSON_BALWEG_THOMAS,CO_JANSSEN_TUNISIE,gerant,corporate,certain,SP_8e2adadbcac8870d17ca
PERSON_BENROMDHANE_SAMIRA,CO_MEDIVET,dg,corporate,certain,SP_9d9c8890656d29a050b8
PERSON_CHAABOUNI_HEDI,CO_HYDCO,dga,corporate,certain,SP_2229a5242a5b2f7e68a4
PERSON_CHAABANE_RIADH,CO_SOCAM,gerant,corporate,certain,SP_f6d9c42c192824a62083
PERSON_TEFJANI_RACHID,CO_RAYEN,cogerant,corporate,certain,SP_0e72d07873386e7eb80f
PERSON_BOURICHA_JALEL,CO_TOURISTIQUE,administrateur,corporate,certain,SP_9edb87882c62097045f3
PERSON_MABROUK_WALID_BENSLAHEDINE,CO_RAMSIS_IMPORT_EXPORT,gerant,corporate,certain,SP_c943ef5c361ffdfcab9a
PERSON_CHAABANE_MAHER_BENABDELHAMID,CO_GREGOIRE,gerant,corporate,certain,SP_d141fabf85fbbd65a5f0
PERSON_MHIRI_SAMI,CO_EL_KANTAOUI_TOURISME_GOLF,pdg,corporate,probable,SP_879653b7055303922407
PERSON_BENROMDHANE_SALEM,CO_EL_KANTAOUI_TOURISME_GOLF,dga,corporate,certain,SP_6fc650ff84e759a41eff
PERSON_ZOUARI_RAFIK,CO_ATLAS_THEMA_DISTRIBUTION,gerant,corporate,certain,SP_a3f244d58ac6ee41f112
PERSON_BOUSBIA_MOHAMED,CO_MISE_EN_VALEUR_DEVELOPPEMENT_AGRICOLE_AROUSSIA_EL_BEYA,pdg,corporate,certain,SP_195ef46c9063a53c26eb
PERSON_BENAYED_ABDELWAHEB,CO_POULINA_PARTNERS,pdg,corporate,certain,SP_069ead42cf3590bf7ea8
PERSON_MHIRI_SAMI,CO_SUN_SHINE_HOLIDAY_GROUP,gerant,corporate,certain,SP_10f5e6e1d3676d386024
PERSON_BENAYED_AMINE,CO_TUNISIENNE_FILTRES_MISFAT,dg,corporate,certain,SP_84ef34b447541db0902f
PERSON_MHIRI_MOURAD,CO_HOTELIERE_EL_MOURADI_GOLF,pdg,corporate,probable,SP_45f6a1cd8d1c9d9ce13e
PERSON_VACHE_YVON,CO_SCORING,cogerant,corporate,certain,SP_e4481da8924869f40d73
PERSON_SELAMI_MORCHED,CO_CEREALIS,gerant,corporate,certain,SP_0f10b6302be23f7b2cdb
PERSON_BENAYED_MOHAMED_SALAH,CO_CERAMIQUE_CHEBEDDA_SOCER,association_president,corporate,certain,SP_625d5c471b40d4b65e2b
PERSON_SASI_CHOKRI,CO_PLAISANCE_NAUTIQUE,gerant,corporate,certain,SP_34f4e766b9b281ede1ee
PERSON_SLAMA_HABIB,CO_SLAMA_BATIMENT,gerant,corporate,certain,SP_beb58e9408e018903f00
PERSON_HSAIRI_MOHAMED,CO_CHAUSSURES_PALACE,gerant,corporate,certain,SP_45707657b14e4f4ea634
PERSON_SASI_FOUED,CO_FREE_STYLE_TRAVEL,gerant,corporate,certain,SP_e3788f45847342264da7
PERSON_ESID_ZOUHEIR,CO_GRES_CERAMIQUES_CAP_BON,pdg,corporate,probable,SP_5d767c23f028a5b9d788
PERSON_MHIRI_MOURAD,CO_TRADE_AND_RETAIL,pdg,corporate,certain,SP_5d436bd12a0826126dff
PERSON_BENMARZOUK_SAMI,CO_CHAFRA_TUBES,gerant,corporate,certain,SP_005c9576cf3835cca2a2
PERSON_MHIRI_KHALED,CO_KAREK_DISTRIBUTION,gerant,corporate,certain,SP_869630cff78f75cd673d
PERSON_CHERAIT_ABDERAZEK,CO_PHILIPS_TUNISIENNE_DECLAIRAGE,administrateur,corporate,probable,SP_f253faf9d20e9841e95d
PERSON_BENROMDHANE_SALEM,CO_TOURISTIQUE_EL_MOURADI,unspecified,corporate,certain,SP_0ce592079e3a259f0028
PERSON_KAFEL_MOHAMED_RACHID_RAFIK,CO_RECOPNEU_RECOPNEU_ALPHA,administrateur,corporate,probable,SP_27b727af16f85bc9bf2d
PERSON_CHAGHAL_LOTFI,CO_RECOPNEU_RECOPNEU_ALPHA,dga,corporate,probable,SP_d00f0a04ff76840b27ad
PERSON_HAMAMI_BOCHRA,CO_GENERALE_QUINCAILLERIE,gerant,corporate,certain,SP_d98fe03f365bd074f986
PERSON_BENSALEM_KORAICH,CO_SICAF_BS,administrateur,corporate,certain,SP_ea7f344d290867c13f8b
PERSON_BENSALEM_ZAKARIA,CO_SICAF_BS,administrateur,corporate,certain,SP_85d58d444c218135582f
PERSON_BENSALEM_RAFAA,CO_SICAF_BS,administrateur,corporate,certain,SP_4151b29feee95e662ecb
PERSON_BENSALEM_KORAICH,CO_SICAF_BS,pdg,corporate,certain,SP_a289fa204688140e1a3f
PERSON_PECASTAINGS_FREDERIC,CO_MAGHREB_FINANCIERE,dg,corporate,certain,SP_5a4b8b420859027c8651
PERSON_MABROUK_ISMAIL,CO_MAGHREB_FINANCIERE,pdg,corporate,certain,SP_49b8d1b7c963601fada6
PERSON_HAMAMI_HICHEM_BENMOULDI,CO_ESPACE_EL_MEHRI_LAFRAH,gerant,corporate,certain,SP_cb29cec382301bda8a24
PERSON_MABROUK_ABDERAOUF,CO_ARMADIS,gerant,corporate,certain,SP_0bade02ff2e9e2af11f4
PERSON_MABROUK_IMED,CO_IRAMIS,gerant,corporate,certain,SP_bbc1cf30769e876b516a
PERSON_AYED_ABDELJLIL,CO_CAP_SICAF,pdg,corporate,certain,SP_3ea9d91cafe9c6cce4b2
PERSON_HAMILA_TAREK_BENYASINE,CO_YKH_HOLDING,pdg,corporate,certain,SP_e69bb0f044db2bceed38
PERSON_HAMROUNI_KHEIREDINE,CO_SICAF,administrateur,corporate,certain,SP_6935cf6dac7d5fc8ac06
PERSON_HAMAMI_AHMED,CO_ESSANAOUBAR,dg,corporate,certain,SP_7e8ed9aa744a398ab494
PERSON_BENAYED_ABDESALEM,CO_DEMAT,pdg,corporate,certain,SP_f9cb0bf7f27ec125fb66
PERSON_SASI_ISAM,CO_AQUA_TUNISIE,gerant,corporate,certain,SP_45e07d3bdc6972382dfd
PERSON_MAJDOUB_SALEM,CO_MEDITERRANEE_TEXTILES,gerant,corporate,certain,SP_317eb2ba75201a9ac7bd
PERSON_DRIS_HEDI,CO_SODRIBOIS,gerant,corporate,certain,SP_ac750e8867bc954e7206
PERSON_BOULAARES_HAMZA,CO_BON_PIN_ITALIA,gerant,corporate,certain,SP_711ffb0b25db55d862e6
PERSON_KAMOUN_FADOUA_CHAABENE,CO_CHAABANE_PROPRIETES_SERVICES,gerant,corporate,certain,SP_8e3e7edc54ddd1d9dba2
PERSON_MOUMNI_MOHAMED,CO_CONCEPT,gerant,corporate,certain,SP_ec17485a324cec68f55a
PERSON_HAMAMI_ABDELAZIZ,CO_SUD_INVEST,dg,corporate,certain,SP_f1f3880f3171f2490919
PERSON_JENANE_MONCEF,CO_CENTRALE_IMMOBILIERE_LAVENUE,unspecified,corporate,certain,SP_a91f4b2b4199ff84f29f
PERSON_MZABI_MZOUGHI,CO_CENTRALE_IMMOBILIERE_LAVENUE,unspecified,corporate,probable,SP_ca5515cd3af74e7f04c8
PERSON_MZABI_MOHAMED_SADOK,CO_CENTRALE_IMMOBILIERE_LAVENUE,unspecified,corporate,probable,SP_b9b6c8b9afc965ae45f8
PERSON_JENANE_MONCEF,CO_CENTRALE_IMMOBILIERE_LAVENUE,pdg,corporate,certain,SP_297ff56a2bb63490f724
PERSON_FRIKHA_MOHAMED,CO_PLM_SYSTEMS,associe,corporate,certain,SP_8cf7b00a0d1f5893a355
PERSON_KAROUI_YOUSEF,CO_CAP_SABLE,administrateur,corporate,certain,SP_82ac6afbe4192b2922d4
PERSON_DJEDIDI_YOUNES,CO_FONDERIE_YOUNES,gerant,corporate,probable,SP_2d4f888c5c9db9bc5e55
PERSON_SLAMA_HASEN,CO_GALERIE_MACHINES_OUTILS,gerant,corporate,certain,SP_208be9c95ab57c943d9a
PERSON_ABDENADHER_HATEM,CO_TANIT_DEV,liquidateur,corporate,certain,SP_c5e93d55c888c835f8c1
PERSON_TRABELSI_MOHAMED,CO_CLEOPATRE_SERVICES_INFORMATIQUE,gerant,corporate,certain,SP_25b90541a5ad87dfca08
PERSON_BENAYED_TAOUFIK,CO_MED_OIL_COMPANY,president_ca,corporate,certain,SP_c5ff4fe2df030514284c
PERSON_OSCAR_RUBEN,CO_EUROWIND_TUNISLA,gerant,corporate,certain,SP_210d75ce5732e025f08f
PERSON_ESASI_ABDELAZIZ,CO_D_ETUDE_DEVELOPPEMENT_INDUSTRIEL,gerant,corporate,certain,SP_ef0428ca3d56d91af88d
PERSON_HORCHANI_SAMIR,CO_INTER_LINK_FRESH_COMPANY,gerant,corporate,certain,SP_b08a11f12bd8ba7f5715
PERSON_ABDENADHER_EMNA,CO_ABDENNADHER_MOLKA_EXPORT_SAME,gerant,corporate,certain,SP_b98217398e193d7518f5
PERSON_KOOLI_ABDELAZIZ,CO_FERZ,gerant,corporate,certain,SP_bf458295c1ec28e4d3a7
PERSON_ABDALAH_ALIA,CO_CLUB,administrateur,corporate,certain,SP_93e4a00b6a48586c3785
PERSON_BOUJBEL_MOHSEN,"ORGMENTION_Société d'Etudes, de Formation & d'Assistance à la Gestion S",administrateur,corporate,certain,SP_007bd9fbf0cf2ff370da
PERSON_BOUJBEL_SAID,"ORGMENTION_Société d'Etudes, de Formation & d'Assistance à la Gestion S",administrateur,corporate,certain,SP_e6bb17bba9991d8c7c79
PERSON_BOUJBEL_ZOUHEIR,"ORGMENTION_Société d'Etudes, de Formation & d'Assistance à la Gestion S",administrateur,corporate,certain,SP_6caa24958d0894199102
PERSON_BENSALAH_AMOR,CO_MOHAMED_TEX,administrateur,corporate,certain,SP_fb6111317e3909de5e37
PERSON_BENSALAH_ABDELHAKIM,CO_MOHAMED_TEX,administrateur,corporate,certain,SP_5bdc8614531cd89536a1
PERSON_BENSALAH_AMOR,CO_MOHAMED_TEX,pdg,corporate,certain,SP_16dde7958728105aed3d
PERSON_HAMLILI_MOHAMED,CO_CONSEIL,administrateur,corporate,certain,SP_4760978d9071a8e145ae
PERSON_STAALI_AIDA,CO_STAALI_CONFECTION,gerant,corporate,certain,SP_e2588ce1ffbc581cd03c
PERSON_HIDOUSI_AISA,CO_BEST_LEASE,president_ca,corporate,certain,SP_49bd32bac3fe106f4585
PERSON_JENDOUBI_KAMEL,CO_SICAV_CROISSANCE,pdg,corporate,certain,SP_36e129ea51749f43d797
PERSON_GUERMAZI_MOHAMED,CO_BOURSE_TUNISIE,administrateur,corporate,probable,SP_b47bf343eb39f38e0b6a
PERSON_ZEGHAL_SLIM,CO_FZ_HOLDING,administrateur,corporate,certain,SP_0eaa0cdb55b985a86a43
PERSON_ZEGHAL_SLIM,CO_FZ_HOLDING,pdg,corporate,certain,SP_a9ba9807f93895e8ccab
PERSON_SCHINTGEN_MARC,CO_PRODUCTION_INTER_CIE,gerant,corporate,certain,SP_384738b3fdf30eaa5111
PERSON_BENGHORBAL_NACEUR,ORGMENTION_Société Papeterie du Belvédère,pdg,corporate,probable,SP_85ba4c07ad90b94591d1
PERSON_MELOULI_SONIA,ORGMENTION_Société Papeterie du Belvédère,administrateur,corporate,certain,SP_79cc340f69d04b3216a1
PERSON_HAMAMI_RIADH,CO_GENERALE_COMMERCE_COMMERCANT_EN_GROS_TOUS_PRODUITS,gerant,corporate,certain,SP_bcb45d60d05e45273b02
PERSON_SOUISI_MOHAMED,CO_HAYATCOM_TUNISIE,gerant,corporate,certain,SP_0a56c7816fc88b6521ff
PERSON_DRIS_CHOKRI_BENBRAHIM,CO_EURAFRICAINE_BREDERO,unspecified,corporate,certain,SP_d79f8231ce40bdca5203
PERSON_SASI_HOUCINE,CO_INFORMATIQUE_PROFESSIONNELLE,gerant,corporate,certain,SP_188b69cbe68adce4629e
PERSON_BLANGI_FAOUZI,CO_TUNISIE_HUILE,gerant,corporate,certain,SP_5b383d35e94ebf614915
PERSON_TRIKI_DONIES,CO_RANA_MEUBLE,gerant,corporate,certain,SP_d3927b115896729d609e
PERSON_HAMROUNI_MOHAMED_NEJIB,CO_SOCOMER,gerant,corporate,certain,SP_3ad659c8dae9544d177a
PERSON_RAJHI_ABDELKARIM,CO_AMAL_GROUP,gerant,corporate,probable,SP_b0e89c2a03aa24e3065f
PERSON_YAICHE_NIZAR,CO_YSTRAT,gerant,corporate,certain,SP_1a46c6dc6006c746804d
PERSON_ABDERAHIM_SOUAD,CO_OXYCHEM,gerant,corporate,certain,SP_5ae9db31e76ff55c703e
PERSON_MEZGHANI_ALI,CO_SOTUPROM,gerant,corporate,certain,SP_350a2e473bcbd7af87ab
PERSON_SASI_MEHDI,CO_PHONE_MARKETING,gerant,corporate,certain,SP_17f618a0b6f528aceed4
PERSON_ZOUARI_ABDELKADER,CO_PATISSERIE_AZZOUZ,gerant,corporate,certain,SP_408840585be518d674a5
PERSON_AREM_JAMEL,CO_TUNISIENNE_DEQUIPEMENT_STEQ,administrateur,corporate,probable,SP_934995cd91460deb31f9
PERSON_AREM_MOHAMED_WALID,CO_TUNISIENNE_DEQUIPEMENT_STEQ,administrateur,corporate,certain,SP_b47053da1b44e4824bc9
PERSON_AREM_MEHDI,CO_TUNISIENNE_DEQUIPEMENT_STEQ,administrateur,corporate,certain,SP_d13a3c1e9195c9d01fc4
PERSON_AREM_JAMEL,CO_TUNISIENNE_DEQUIPEMENT_STEQ,president_ca,corporate,certain,SP_620165f16f9fa1585429
PERSON_GUEDOUAR_SONIA,CO_CITIBANK,dg,corporate,certain,SP_8da9614e7a0dcd56274d
PERSON_MABROUK_MOHAMED_ALI,CO_TUNISIENNE_PARTICIPATION_GESTION,pdg,corporate,certain,SP_ed710d8ff73b8b50f245
PERSON_CHAIBI_TAOUFIK,CO_BISCUITERIE_MEDITERRANEENNE,president_ca,corporate,certain,SP_af34249336d4d17b1e5c
PERSON_ABIDA_RIADH,CO_PROMOTION_IMMOBILIERE_INDUSTRIELLE_CENTRE_SOPIC,fondateur,corporate,certain,SP_095702b1902b11d2fa49
PERSON_ABIDA_RIADH,CO_PROMOTION_IMMOBILIERE_INDUSTRIELLE_CENTRE_SOPIC,pdg,corporate,certain,SP_cdc35c7ab4fa6b6d1205
PERSON_ALOULOU_IMEN_TRIKI,CO_OPTICAL_SOURCING,gerant,corporate,certain,SP_590365d96f9ae0b899ae
PERSON_ZNAIDI_JAMELEDINE,CO_ZNAIDI_INDUSTRIES_ALIMENTAIRES_ZINA,cogerant,corporate,certain,SP_3b7f0486a08bdfd2e86b
PERSON_BOURICHA_ABDELAZIZ,CO_TOURISME_LOISIRS,pdg,corporate,certain,SP_086e7f364fb70f894ddb
PERSON_DRIS_MOHAMED_SABRI,CO_STYLE_ITALIEN,gerant,corporate,certain,SP_48cc41b16ea21cc2c32b
PERSON_SELAMI_AHMED,CO_SELLAMI_TRANSIT,gerant,corporate,certain,SP_2686938f8ce02b4bc781
PERSON_MANAI_DHAMIR,CO_CYBER_SECURITY_LAB_27,gerant,corporate,certain,SP_1d9228fa654b66b20cdd
PERSON_RIAHI_SLIM,CO_SODIS_SICAR,representant,corporate,certain,SP_ec2b062d8e3aec73a311
PERSON_KILANI_KARIM,CO_IMMOBILIERE_VAGUE,cogerant,corporate,certain,SP_8229834e95e7f7a5e75c
PERSON_BAABOURA_ALI,CO_MEDIGEL,gerant,corporate,certain,SP_3f341d1416324c0a038d
PERSON_BENSEDRINE_KAIS,CO_21_LOGIX,gerant,corporate,certain,SP_56cfdb406f7d8ef2e998
PERSON_ZOUARI_MOEZ,CO_AGRICOLE_ALFARAJ,gerant,corporate,certain,SP_8830c95d56e419a98585
PERSON_DOGHRI_NEJIB,CO_ENGRAINS_PRODUITS_CHIMIQUES_A_MEGRINE,pdg,corporate,probable,SP_ddf39db244105a696ae5
PERSON_DOGHRI_MONCEF,CO_ENGRAINS_PRODUITS_CHIMIQUES_A_MEGRINE,dga,corporate,probable,SP_cd8c5c803dfcc4329682
PERSON_MHIRI_MOURAD,CO_PANOBOIS,administrateur,corporate,probable,SP_c8a250b91eebdd9c4804
PERSON_MHIRI_MOURAD,CO_TISSAGE_MEUBLATEX,administrateur,corporate,probable,SP_031c9d00499478fa67ad
PERSON_ABDENADHER_CHOKRI,CO_SECI,gerant,corporate,certain,SP_0f8994afa40a1e99f3be
PERSON_KAMOUN_HEDI,CO_TIL_CONSULTING,gerant,corporate,certain,SP_52685b1ca97bb9cec0e7
PERSON_CHERPION_FRANCOIS,CO_CIMENTS_DENFIDHA,dga,corporate,certain,SP_268a080f720482e6d38d
PERSON_BOUZGUENDA_MOHAMED,CO_INDUSTRIE_TECHNIQUE,president_ca,corporate,certain,SP_a230530fae5f0ebd84da
PERSON_KOUBAA_THAMEUR,CO_INDUSTRIE_TECHNIQUE,dg,corporate,certain,SP_ffb055b469c8670d6603
PERSON_DJILANI_MOHAMED_HECHMI,CO_CONFECTION_RAS_JEBEL,member,corporate,certain,SP_dee598ec7cab99f3ce8e
PERSON_TRIKI_WAJDI,CO_ARCHI_MOD,gerant,corporate,certain,SP_8b7edf710d359e89eff6
PERSON_CHAABANE_MALIKA,CO_SOMACOB_SUD,gerant,corporate,certain,SP_565fa2ffbf882439271f
PERSON_HAMAMI_NOUREDINE,CO_BARKA_SHOES,gerant,corporate,certain,SP_af42337fa6cd7cf8da43
PERSON_ELOUMI_FAOUZI,CO_COFAT_MATEUR,pdg,corporate,certain,SP_2718030e683d470767a7
PERSON_ZOUARI_HAFEDH,CO_INDUSTRIES_MATERIAUX_CONSTRUCTION_BOMAR,administrateur,corporate,probable,SP_e9981010fec07ba189f3
PERSON_ZOUARI_SAIDA,CO_INDUSTRIES_MATERIAUX_CONSTRUCTION_BOMAR,administrateur,corporate,certain,SP_6388b8463aadc0facced
PERSON_ZOUARI_NEDRA,CO_INDUSTRIES_MATERIAUX_CONSTRUCTION_BOMAR,administrateur,corporate,certain,SP_d5f38788a67b24cb0107
PERSON_STA_LAZHAR,CO_GRANDS_CARRIERES_NORD_TRADE_GCN_TRADE,pdg,corporate,certain,SP_930b0058d881d4c0788e
PERSON_MZABI_MOHAMED,CO_TUNIVEST_INNOVATION_SICAR,gerant,corporate,certain,SP_bd460dad315b8ac735e1
PERSON_AZABI_SLIM,CO_NORTH_AFRICA_GROUP,unspecified,corporate,certain,SP_e04399215bdcbc2d6be9
PERSON_HAMDI_SALEM,CO_CAFE_RESTAURANT_OLIVETTE,gerant,corporate,certain,SP_c0441aac667c2ce9092e
PERSON_SASI_ABDELWAHEB,CO_MEDITERRANEAN_GENERAL_INDUSTRIE,gerant,corporate,certain,SP_710fcdc5ef5b740ce6e9
PERSON_TRIKI_SAMEH_NEJIB,CO_INTERNATIONALE_MARITIME_INTERMAR,administrateur,corporate,certain,SP_45e57e28f72eb3357ff2
PERSON_MZABI_MZOUGHI,CO_PALM_AZUR,pdg,corporate,certain,SP_bfbd73e28b1991e8e55b
PERSON_BOUGUENA_ABDELHAMID,CO_GOLDEN_EXPORT,pdg,corporate,certain,SP_a4baa31c18b9be599026
PERSON_KAMOUN_KHEDIJA_LASRAM,CO_ZMORDA_CULTURE_LOISIRS,gerant,corporate,certain,SP_95b4ab6fab3c6fc562c1
PERSON_ELFEKI_MOHAMED_SAMI,CO_ITALO_TUNISIENNE_DACCESSOIRES_DALUMINIUM_SITAL,associe,corporate,certain,SP_d12478bfa9c237c10e8a
PERSON_GUERMAZI_MOHAMED,CO_PLACEMENTS_TUNISIE_SICAF,administrateur,corporate,certain,SP_910cc400b207f527c0c3
PERSON_KAMOUN_HABIB,CO_DEXPLOITATION_AGRICOLE_BEN_MEFTAH_CIE,gerant,corporate,probable,SP_46fd34bc121b1aaeb0a7
PERSON_SAADI_MOHAMED_SALAH,CO_L_IMMOBILIERE_MONOPRIX,pdg,corporate,certain,SP_865b67da4bc4b648ffea
PERSON_LUIGIA_ZARATA_MARIA,CO_ITALIAN_MOD,gerant,corporate,certain,SP_70d54ecf0f474bccfe56
PERSON_MHIRI_SAMI,CO_EL_MOURADI_POUR_COMMERCE,gerant,corporate,probable,SP_48f3718165d475a7ef5a
PERSON_HAMROUNI_SAIDA,CO_SOLDAINI_VENTE_EN_GROS,unspecified,corporate,certain,SP_41ad9230a5b42b5c1993
PERSON_FATNASI_HASOUNA,CO_ACTIA_TUNISIE,pdg,corporate,certain,SP_ee2c0f8a633894c72202
PERSON_CHAABANE_ALI,CO_TAKAPES_SERVICES,gerant,corporate,certain,SP_14bec58a4a9cdc04abf5
PERSON_BENTANFOUS_CHOKRI,CO_CAP_TAGUERMESS_CENTER,unspecified,corporate,certain,SP_53c9f711f018d6e597e4
PERSON_HAMAMI_MOHAMED_ALI,CO_GENERALE_SERVICES,gerant,corporate,certain,SP_0b28721a05ea429fd693
PERSON_ABAS_FERID,ORGMENTION_CARGO TRAIL SA,administrateur,corporate,certain,SP_20673970669853ca2051
PERSON_ABAS_HAMADI,ORGMENTION_CARGO TRAIL SA,president_ca,corporate,certain,SP_f6e50cd6621e1e69ba92
PERSON_ABAS_SADREDINE,ORGMENTION_CARGO TRAIL SA,dg,corporate,certain,SP_7ad6b92210702022171b
PERSON_SLAMA_AMOR,CO_JINANE_SLAMA,pdg,corporate,certain,SP_98c01806751caa02f70b
PERSON_MAHJOUB_MOHAMED,ORGMENTION_Société Agromillora Méditerranée,dg,corporate,probable,SP_6c5b0196236ef30999ee
PERSON_ZOUARI_FERID,CO_TUNISIE_ASSISTANCE,gerant,corporate,certain,SP_fb901ae5166ccba1146f
PERSON_AREM_MAHMOUD,CO_IPAAC_DISTRIBUTION,gerant,corporate,certain,SP_86950a9f8e9af08cf9c0
PERSON_ALAYA_ADNEN,CO_EMC_PLUS,gerant,corporate,certain,SP_27642ebfde7c26e0f77e
PERSON_JAZIRI_MOHAMED,CO_CHAUDRA,cogerant,corporate,certain,SP_0a21f0404071924b5018
PERSON_SASI_CHAIMA,CO_MULTIVENT,gerant,corporate,certain,SP_3f66d6a231bec199d6c2
PERSON_MABROUK_MOHAMED,CO_RITEGE_TRAVEL_SERVICE,gerant,corporate,certain,SP_ff52d46ee6a27e837809
PERSON_HUKALO_YVES,CO_PLUS_CONSULTING_ITALY,gerant,corporate,certain,SP_1e9a3dced96f788b9406
PERSON_GHARBI_LAMIA,CO_RED_BOX_ONE,gerant,corporate,certain,SP_d441bb6c2eafbdb7eb37
PERSON_TRABELSI_MOHAMED,CO_TRABELSI_COMMERCE_INTERNATIONAL,gerant,corporate,certain,SP_b9d97ae325ce966edf06
PERSON_ELOUMI_HICHEM,CO_SOTEE,pdg,corporate,certain,SP_c2c5155555aff6c3ccbe
PERSON_BAYAHI_TAHER,CO_COMPAGNIE_FINANCIERE_D_INVESTISSEMENT,unspecified,corporate,probable,SP_cd248aa51d7fe6c1d5d5
PERSON_DRIS_MHAMED,CO_AVICOLE_SAHEL_SAS,administrateur,corporate,probable,SP_f8de761c3c6519cfd1e7
PERSON_SLAMA_ALI,CO_INJECTION_PLASTIQUE_SIP,gerant,corporate,certain,SP_5b7cea846007948c5582
PERSON_YAHIA_ELYES_BENHADJ,ORGMENTION_TARSIS - SA,pdg,corporate,certain,SP_90b2566e60afdc93717d
PERSON_DRIS_DRISI,CO_IDEAL_CLEAN,gerant,corporate,certain,SP_69161fcdecfd7e2090ea
PERSON_MZABI_SAMI,CO_IMMOBILIERE_RICHELIEU,gerant,corporate,certain,SP_f323ded46360487a83f5
PERSON_SELAMI_MONCEF,CO_TUNISIAN_TELECOM_ELECTRIC,administrateur_delegue,corporate,certain,SP_f40c4c8ca93cc994582f
PERSON_BOURICHA_MOHAMED_TAHER,CO_AGENCE_MARITIME_TAHER_BOURICHA_CIE,president_ca,corporate,certain,SP_8cd1a567ecd6fd7a0001
PERSON_BOURICHA_SONIA,CO_AGENCE_MARITIME_TAHER_BOURICHA_CIE,dg,corporate,certain,SP_8108fcd219aa470529d6
PERSON_BOURICHA_MOHAMED_TAHER,CO_AGENCE_MARITIME_TAHER_BOURICHA_CIE,unspecified,corporate,certain,SP_51e281fca684ef49d033
PERSON_BOURICHA_MOHAMED_HEDI,CO_AGENCE_MARITIME_TAHER_BOURICHA_CIE,unspecified,corporate,certain,SP_bf866490485cf8bd7ab3
PERSON_BOURICHA_SONIA,CO_AGENCE_MARITIME_TAHER_BOURICHA_CIE,unspecified,corporate,certain,SP_2c6799faddb80425ebf0
PERSON_CHAABANE_SARAH,CO_SARAH_CONFECTION_SARCO,pdg,corporate,certain,SP_e965fd7c63cee4e89731
PERSON_OUALHA_MOHAMED,CO_LUXIAME,gerant,corporate,certain,SP_f28456b6759fc282783e
PERSON_TRABELSI_RENE,CO_ROYAL_FIRST_HOTELS,gerant,corporate,certain,SP_d4e592ebdaafa48cc5c8
PERSON_JOMAA_ABDERAZEK,CO_MINOTERIES_INDUSTRIES_DIVERSES_SIMID,administrateur,corporate,probable,SP_6cc5f5225dec20f894a8
PERSON_JOMAA_KAIS,CO_MINOTERIES_INDUSTRIES_DIVERSES_SIMID,administrateur,corporate,probable,SP_d88e54ff73747211277c
PERSON_JOMAA_MOHAMED_ALI,CO_MINOTERIES_INDUSTRIES_DIVERSES_SIMID,administrateur,corporate,certain,SP_1f552b99f0e1d55c153f
PERSON_JOMAA_ABDERAZEK,CO_MINOTERIES_INDUSTRIES_DIVERSES_SIMID,pdg,corporate,certain,SP_9cdd292d71a06dc3d17f
PERSON_DJILANI_MOHAMED_HECHMI,CO_FINANCES_INVESTISSEMENTS_SICAF,administrateur,corporate,certain,SP_6361083df68e201912dd
PERSON_DJILANI_MOHAMED_HECHMI,ORGMENTION_Adjoint de la société,administrateur,corporate,certain,SP_ab5591c189b611d25b0f
PERSON_ESEGHAIER_ABDELKADER,ORGMENTION_Adjoint de la société,pdg,corporate,certain,SP_406e3ae1bf504c99411b
PERSON_DJILANI_HEDI,ORGMENTION_Adjoint de la société,dga,corporate,certain,SP_1d0f4a68e9d4882492e5
PERSON_DJILANI_MOHAMED_HECHMI,"ORGMENTION_2, Rue Hédi Chaker - Ariana",administrateur,corporate,certain,SP_90ace97749cb3a30d981
PERSON_DJILANI_MOHAMED_HECHMI,"ORGMENTION_2, Rue Hédi Chaker - Ariana",dga,corporate,certain,SP_24ac50eed7043740f569
PERSON_KAMOUN_MOHEDINE,CO_PROMOTION_IMMOBILIERE_CIBLE,gerant,corporate,certain,SP_3017085840130b053e38
PERSON_BAYAHI_YAHIA,CO_CETRAM_CO,gerant,corporate,certain,SP_996cd2c6667cadcff7a7
PERSON_CHAABOUNI_HEDI,CO_MATCO,gerant,corporate,certain,SP_581e1b11dbbacc4695cb
PERSON_TRIKI_SOUHIR,CO_BREF_MEDIAS_TUNISIE,gerant,corporate,certain,SP_e3180602f5e386be687e
PERSON_AMARA_RAFIK,CO_MEDINET_TV,gerant,corporate,certain,SP_62d99c038ae167216ded
PERSON_HABIB_MAMDOUH,CO_TUNISIENNE_TENUE_TRAVAIL_S3T,gerant,corporate,certain,SP_09cc250f8b4241ea5c12
PERSON_HASNI_IMED,ORGMENTION_Société Tunisienne d'Olives de Table et de Conditionnement a,administrateur,corporate,certain,SP_1d5b5a4b024e195d03a2
PERSON_ZOUARI_ONS_BOUTHOUR,CO_RAYAN_EVENTS,gerant,corporate,certain,SP_085ef5679443f401e9b3
PERSON_BENABDENADHER_FOUED,CO_FUTURE_INFORMATIQUE_TELECOMMUNICATIONS,gerant,corporate,certain,SP_92161f0b3ed5261b22ad
PERSON_LAADHARI_ALI,CO_SIGEMAK,gerant,corporate,certain,SP_a038ef1438dd8ae4559d
PERSON_KHLIL_HEDI,CO_SIGEMAK,cogerant,corporate,certain,SP_05313f19a459a053882d
PERSON_BOUASIDA_MONDHER,CO_ELEMENTS,administrateur,corporate,certain,SP_8da0d91b2c353d0adabf
PERSON_MEZGHANI_HABIB,CO_ELEMENTS,dg,corporate,certain,SP_b045b9f9d3ec0cc14ff6
PERSON_CHAABANE_FAHMI,CO_DENDUIT_MODERNE_BATI_SMART,cogerant,corporate,certain,SP_ff5586dbb0013e7d9907
PERSON_ABDELMOULA_MEHDI,CO_MABROUK_DIFFUSION,dg,corporate,certain,SP_8612cd3ecea739a01b69
PERSON_ABDELMOULA_MONCEF,CO_MABROUK_DIFFUSION,president_ca,corporate,certain,SP_6fdefce8b0f1abb847fe
PERSON_AREM_ABDELHALIM,CO_AREM_MEUBLE_DAMEUBLEMENT_LEMDINA_SAMA_LEMDINA,gerant,corporate,certain,SP_a08ab19465619f2d289d
PERSON_KOOLI_MOHAMED_SAMI,CO_PAPIERS_COLLECTIVITES,unspecified,corporate,certain,SP_b1a40840b7d4d1d09dfe
PERSON_BENAYED_ABDESALEM,CO_PAPIERS_COLLECTIVITES,unspecified,corporate,certain,SP_d172bcaff01c5996a429
PERSON_BENAYED_RAFIK,CO_PAPIERS_COLLECTIVITES,unspecified,corporate,certain,SP_4adaf454e5ad87efbd8a
PERSON_LOUKIL_BASEM,CO_ATELIERS_MECANIQUES_SAHEL,president_ca,corporate,certain,SP_6cc858cf68c631b69907
PERSON_DOGUI_LOTFI,CO_ATELIERS_MECANIQUES_SAHEL,dg,corporate,certain,SP_64e575d17ca9231cb4b6
PERSON_GRISA_MOHAMED,CO_IMPRIMERIE_EL_ASRIA,gerant,corporate,certain,SP_06c478c3c29b2a013153
PERSON_BAYAHI_TAHER,CO_INDINVEST,unspecified,corporate,probable,SP_49bd3e47ab310931970e
PERSON_HAMAMI_MOHAMED,CO_HAMMAMI_DELECTRO_MENAGER_SOHEM,gerant,corporate,certain,SP_72ece746517346e13a51
PERSON_AKOUI_TIJANI,CO_AKOUI_TEX,gerant,corporate,certain,SP_f584b7b841c5a3764572
PERSON_MANSOUR_HAMZA,CO_ALLIANCE_PHARMA,dg,corporate,certain,SP_92b968066e4e07bcd98e
PERSON_MANSOUR_FATMA,CO_ALLIANCE_PHARMA,dg,corporate,certain,SP_941ac0f3396b0edfbb5b
PERSON_HAMAMI_SOFIEN,CO_MIS,gerant,corporate,probable,SP_807ddb758025a0b06eed
PERSON_MECHRI_GLEYA,CO_MECHRI_STAR_TEX,administrateur,corporate,certain,SP_adb3df0fcb2f600b61d0
PERSON_TLIJANI_NAJIB,CO_MECHRI_STAR_TEX,administrateur,corporate,certain,SP_37c8aefde4036e8d7f3c
PERSON_GAMRA_HOUCINE,CO_MECHRI_STAR_TEX,commissaire_aux_comptes,corporate,certain,SP_3244545be6cf3b1288ed
PERSON_MECHRI_GLEYA,CO_MECHRI_STAR_TEX,pdg,corporate,certain,SP_5e169bc40c1944d8c2b3
PERSON_BAATI_ABDENADHER,CO_THALASSA_COMMERCE_INTERNATIONAL,associe,corporate,certain,SP_5d0f89f528eaf4de1155
PERSON_SAHNOUN_MOHAMED,CO_CARTHAGE_TRADING_COMPANY,gerant,corporate,certain,SP_706b3ac7348c0faf0142
PERSON_DERBEL_FAYCEL,ORGMENTION_SELECT FR UITS S,commissaire_aux_comptes,corporate,certain,SP_90bf16bace58a2761d69
PERSON_MAHJOUB_MOHAMED_SAHBI,ORGMENTION_SELECT FR UITS S,pdg,corporate,certain,SP_e31954c6c9bca39a9441
PERSON_JEBNOUN_MOHAMED_HEDI,ORGMENTION_SELECT FR UITS S,dga,corporate,certain,SP_587459e5fd37e4fa38e3
PERSON_DJILANI_MOHAMED_HECHMI,CO_CRJ_CONSTRUCTION,administrateur,corporate,certain,SP_c17b138d8fba0e421c35
PERSON_SASI_MOURAD,CO_M_2_S,gerant,corporate,certain,SP_3bf336c48bd2002be4ce
PERSON_BOURICHA_ABDELHAMID,CO_FRANCO_TUNISIENNE_DEVELOPPEMENT_TOURISTIQUE,administrateur,corporate,certain,SP_3775fff35ef4cc150be6
PERSON_BENARAB_AMINE,CO_MODERNE_CUIRS_PEAUX_SMCP,gerant,corporate,certain,SP_3c66f78cf8185a645f9d
PERSON_HAMROUNI_ABDERAHMAN,CO_CENTRE_CONSTRUCTION_METALLIQUE,fondateur,corporate,certain,SP_ca4965661665ffe5ede9
PERSON_HAMROUNI_ABDERAHMAN,CO_CENTRE_CONSTRUCTION_METALLIQUE,pdg,corporate,certain,SP_3f17336dfff837298db3
PERSON_HAMAMI_MONTASAR,CO_SERVICES_AERIENS,gerant,corporate,certain,SP_892f9aa2d29ac43ff2af
PERSON_MABROUK_SKANDER,CO_TUNISIAN_JANTSA,gerant,corporate,certain,SP_7b3748bdbbc751a38677
PERSON_MZABI_MOHAMED,CO_OZONE_SPARE_PARTS,gerant,corporate,certain,SP_663c0a66a54d5e437977
PERSON_SLAMA_ANISA,CO_IMMOBILIERE_INES_TUNISIE,pdg,corporate,certain,SP_489c31fa08d41a2ef6fb
PERSON_BENAMOR_INES_SLAMA,CO_IMMOBILIERE_INES_TUNISIE,commissaire_aux_comptes,corporate,certain,SP_e2d530f14e64e63cb90d
PERSON_ELGHOUL_HAZEM,CO_SERPHADOM,pdg,corporate,certain,SP_92f153717c31e3175773
PERSON_MABROUK_FARES,CO_STOCKAGE_TRANSPORT_CARBURANT,president_ca,corporate,certain,SP_8c8d151e88c0aabf8ccf
PERSON_IDRIS_KRAIEM,CO_IMMOBILIERE_MEDICAR,gerant,corporate,certain,SP_338d17a6feee59764021
PERSON_MOUAFEK_RIADH,CO_MOONA_FOOD,gerant,corporate,certain,SP_1cee9d9c5405b2d35eef
PERSON_AYADI_KHALED,CO_FLEXO_PRINT,dga,corporate,certain,SP_4cc8b93129226dccf10e
PERSON_CHAOUACHI_TAREK,CO_TRANSFORMATION_PRODUITS_ALIMENTAIRES_STPA,cogerant,corporate,certain,SP_74f551760eeefa205cb2
PERSON_MEJRI_MOHAMED_BAROUKA,CO_EL_BARAKA_SHOES,gerant,corporate,certain,SP_01f3048c50659cb7a6aa
PERSON_AMOURI_MOHAMED,CO_SETINVEST_SICAF,president_ca,corporate,certain,SP_f2583899befc13a08305
PERSON_BOURICHA_SAMIR,CO_DARMEMENT_CONSTRUCTION_NAVALES_SACNA,gerant,corporate,certain,SP_b8c6fd2078e2b0accb0e
PERSON_BAYOUDH_FETHI,CO_IDEAL_BRIQUE,pdg,corporate,certain,SP_c1ef28d53f115b84cd36
PERSON_DRIS_MAAMAR,CO_PRINCESSE,gerant,corporate,certain,SP_b0c8a4b22f81cff41dc0
PERSON_BAYAHI_YAHIA,CO_PROMOTION_CULTURELLE_TOURISTIQUE_LOISIRS_EL_MELGA_JERBA_AJIM,commissaire_aux_comptes,corporate,probable,SP_9870f0013eab47b94783
PERSON_DOGHRI_DRIS,CO_SUCRIERE_DAGGLOMERATION_DEXPORTATION_SUCRAGEX,cogerant,corporate,certain,SP_2897817980803cd8d21b
PERSON_BENSEDRINE_SAMI,CO_MAHABA_POUR_PROMOTION_IMMOBILIERE,gerant,corporate,certain,SP_403f02b95943d9079203
PERSON_SASI_JAWHAR,CO_D_ETUDE_BATIMENT_CARRIERES_SETBAT,gerant,corporate,certain,SP_fd8cb98acb4ca710c054
PERSON_JEBNOUN_HEIFA,CO_BNCO,representant,corporate,certain,SP_b4d476e06c6fce2f3ba3
PERSON_BENAYED_TAOUFIK,CO_BRIQUETERIE_BIR_MCHERGA,president_ca,corporate,certain,SP_9bd340f2c3800609957a
PERSON_KETARI_TAIEB,CO_BRIQUETERIE_BIR_MCHERGA,dg,corporate,certain,SP_0c421fcc6638057235c3
PERSON_ZOUARI_HAFEDH,CO_LABORATOIRES_PHARMACEUTIQUES_DORCAS,administrateur_delegue,corporate,probable,SP_df2c6e93cfdc76a0da3f
PERSON_LOUKIL_WALID,CO_LOUKIL_TUNISIE,cogerant,corporate,certain,SP_ee46abde4bf0d158398c
PERSON_BOUZGUENDA_MOHAMED,CO_SIDI_OTHMANE,president_ca,corporate,certain,SP_1703a785c21b65c14f48
PERSON_KHALIL_MOHAMED,CO_BAHA_CONSULTING,gerant,corporate,certain,SP_58f61959f057078b30b7
PERSON_ABDALAH_ALIA,CO_TUNISIE_SICAR,administrateur,corporate,certain,SP_9b4326913b4919c476f9
PERSON_KNANI_SAHBI,CO_TUNISIE_SICAR,administrateur,corporate,certain,SP_fe2a0a308e8c67ab700d
PERSON_BELMABROUK_ADEL,CO_BRIQUETERIE_BELMABROUK,dg,corporate,certain,SP_0c115b839e5a12a9ea8b
PERSON_BELMABROUK_RIDHA,CO_BRIQUETERIE_BELMABROUK,dga,corporate,certain,SP_0ff73fb2d69e99ea14ca
PERSON_BELMABROUK_HOUCINE,CO_BRIQUETERIE_BELMABROUK,administrateur,corporate,certain,SP_da571ccec7585b357f04
PERSON_BELMABROUK_ADEL,CO_BRIQUETERIE_BELMABROUK,pdg,corporate,certain,SP_967cba1de0874a17694f
PERSON_MEZNI_JALILA,ORGMENTION_DOUIRTI,gerant,corporate,certain,SP_ccf35b9156b53d574b97
PERSON_AREM_OLFA_KHALIL,CO_EYES_COACH,gerant,corporate,certain,SP_4fdf8eb8a2ddd385164f
PERSON_HAMAMI_ALI_BENCHEDLI,CO_ASSURANCES_SALIM,dg,corporate,certain,SP_b24eed90e15f5017e452
PERSON_KILANI_ZIED,CO_UNIT,fondateur,corporate,certain,SP_d13b44cbfdadfa6adbc1
PERSON_KILANI_ZIED,CO_UNIT,pdg,corporate,certain,SP_b2367ac003193d2ae8f4
PERSON_HAMAMI_KHEDIJA,CO_TUNISIAN_MEDITERRANEAN_SERVICES,gerant,corporate,certain,SP_50ccdaf2e0a31e89fb96
PERSON_HAMAMI_RIM,CO_TUNISIAN_MEDITERRANEAN_SERVICES,gerant,corporate,certain,SP_e5a289fdfd6cf91d9eef
PERSON_BOUCHAALA_JAWEHER_TRIKI,CO_JAWEHER_DISTRIBUTION_AUTRES_SERVICES,gerant,corporate,certain,SP_6563ae410c824a0a8ddf
PERSON_BAYAHI_TAHER,ORGMENTION_Société B.H.M Promogro S.A,pdg,corporate,certain,SP_c07eebdbf1afffda932e
PERSON_ANANE_BRAHIM,ORGMENTION_Société B.H.M Promogro S.A,administrateur,corporate,certain,SP_50b16c57d875402589cc
PERSON_MABROUK_FAOUZI_BENAHMED_BENSALAH,CO_FLEX_TUNIS,gerant,corporate,certain,SP_830f9eb18efb197a5ee1
PERSON_RHIMI_KHEMAIS,CO_STUCOD_AGRI,gerant,corporate,certain,SP_156726f13c91211a346e
PERSON_MABROUK_MOUNIR,CO_MOUNIR_RENT_A_CAR,gerant,corporate,certain,SP_103d9594afdbbf8b952a
PERSON_MANSOUR_AHMED,CO_NEWREST_CATERING_TUNISIE,representant,corporate,certain,SP_c5e5f7cd1d15272033dc
PERSON_BOUAZIZ_HABIB,CO_ZEMNI_IMMOBILIERE,unspecified,corporate,certain,SP_1da5e4d38ec8bce4e487
PERSON_BENABDALAH_MOHAMED_SLIM,CO_MARQUAGE_SIGNALISATION_SECURITE_SERVICES_M3S,cogerant,corporate,certain,SP_75ca1c30540e7f2083d4
PERSON_BENAYED_TAOUFIK,CO_CARTHAGO_BETON_CELLULAIRE,association_president,corporate,certain,SP_9bcf2576f29310e8f5c2
PERSON_KETARI_TAIEB,CO_CARTHAGO_BETON_CELLULAIRE,dg,corporate,certain,SP_309088db94066b7611ca
PERSON_TRIKI_IMED_BENBECHIR,CO_DEQUIPEMENTS_GENALES_MODERNES_MAISON_BOULONS,unspecified,corporate,probable,SP_7d8cc97847bf1629b494
PERSON_ZOUARI_MAKREM,CO_FEEDBACK_LEADERS,commissaire_aux_comptes,corporate,certain,SP_ed69dfd32bc6e13cebac
PERSON_CHERIF_SLIM,CO_EL_AMEN_MATERIAUX_CONSTRUCTION,gerant,corporate,certain,SP_d41293307e381206c9d0
PERSON_SLAMA_ABDELBASET,CO_MARINA_ERISTYS_OY,gerant,corporate,certain,SP_ae8ebdf0c3e97ccb5efb
PERSON_HACHICHA_FETHI,CO_GENERAL_SPORT_EQUIPEMENT_INTERNATIONAL,gerant,corporate,certain,SP_6da61962355e4c546773
PERSON_YOLANDE_WISHAUPT,CO_FRANCO_TUNISIENNE_CONSEIL_MARKETING,gerant,corporate,certain,SP_3c1bddce18c9d848970b
PERSON_BOURICHA_ABDELHAMID,CO_CARTHAGO_BRIQUES,association_president,corporate,certain,SP_e665d8c7420e2d21e952
PERSON_KILANI_KERDAOUI,CO_GEME,gerant,corporate,certain,SP_57b1640cb26d909dee57
PERSON_MHIRI_MOHAMED_SALAH,CO_TRANSPOOL,dg,corporate,certain,SP_41de0fed14860b885318
PERSON_THERALAZ_CYRIL_JEAN_CLAUDE,CO_TUNISIE_CONCEPT,gerant,corporate,certain,SP_1e7e4ab98140d503230e
PERSON_AMARA_MAHBOUBA_MHIRI,CO_DISTRIBUTION_COMMERCE_DISCOM,gerant,corporate,probable,SP_f95d800a060d811e288e
PERSON_ZOUARI_KALTHOUM,CO_UNITED_PLASTIC_INDUSTRY,gerant,corporate,certain,SP_12c740f45aa1eb7e25f4
PERSON_ESAFI_ABDELWAHEB,ORGMENTION_ADVANCED COMPUTER TECHNOLOGY,commissaire_aux_comptes,corporate,certain,SP_92f4662d8c6eec44d4d1
PERSON_ELOUMI_ABOUDA,CO_AGRO_ZITEX,administrateur,corporate,certain,SP_5c3937821735f98634ae
PERSON_BOUHLEL_AMINE,CO_MOUNA_FASHION,gerant,corporate,certain,SP_93a780e5707cc090f443
PERSON_TLILI_ADEL,CO_MEHDIDES_HUILES_ALIMENTAIRES_SMHA,gerant,corporate,certain,SP_8dea0dad8ee302664e44
PERSON_SASI_NAOUFEL,CO_EL_MAZRAA,dg,corporate,certain,SP_d80203f0412428f332f7
PERSON_BAYOUDH_HAMED,CO_METALLURGIQUE_CENTRE_SMC,unspecified,corporate,certain,SP_9d021fdbf13933cc0565
PERSON_KILANI_MOHAMED,CO_SORAMAP_RIM_LOGISTIC,gerant,corporate,certain,SP_4c5261965fe028ed1c38
PERSON_DHAOUI_ALI,CO_DHAOUI_FRERES,gerant,corporate,certain,SP_d8af53b89c7ad4b2d463
PERSON_ZGHAL_MOHAMED_SAAFENE,CO_RELIURE_DART,gerant,corporate,certain,SP_51de5a59a5c398158dfc
PERSON_MABROUK_MOHAMED_MARWEN,CO_INDUSTRIES_CARROSSAGE_AUTOMOBILES,administrateur,corporate,certain,SP_5591e4657332dd2a10d8
PERSON_KILANI_MOHAMED,CO_PETROMAR,association_president,corporate,certain,SP_2a721442c213565ee56b
PERSON_GHORBEL_MOURAD,CO_POLYBETON,dga,corporate,certain,SP_36473c81583a5b1c69b0
PERSON_BENFRAJ_SAHBI,CO_VERGERS_BEN_SALAH,gerant,corporate,certain,SP_98746d5b07d3c633dbfb
PERSON_KILANI_SLIM,CO_DELTA_INDUSTRIES,cogerant,corporate,certain,SP_cda99361de51c3cdef83
PERSON_KOOLI_MOHAMED_SAMI,CO_GENERAL_IMMOBILIERE_L_AVENIR,gerant,corporate,certain,SP_d35260b58f38453be6e0
PERSON_FARJALAH_HMIDA,CO_FARJALLAH_MOHAMED_HAMIDA_AMOR,gerant,corporate,certain,SP_454174ff3b10a456fff8
PERSON_ZAYANI_MOHAMED,CO_SHAMSY,gerant,corporate,certain,SP_ad731aec829de0eea01c
PERSON_ABDENADHER_AMIL,CO_AB_PROMOTION_IMMOBILIERE,gerant,corporate,certain,SP_c855cf61e3371f8d0b31
PERSON_SELAMI_SIHEM_SASI,CO_MADONA,gerant,corporate,certain,SP_be147958afaa2c099a83
PERSON_ZOUARI_HEDIA,CO_MEDICO_CONFORT,gerant,corporate,certain,SP_2753ac264af603de9eb3
PERSON_TRABELSI_MOHAMED,CO_SILVER_SAPHIR,gerant,corporate,certain,SP_f9227a736951c5b97405
PERSON_ZOUARI_MOHAMED,CO_AGET_CONSTRUCTION,gerant,corporate,certain,SP_7212fb04c11b6ab6919b
PERSON_KHEMAISA_HAYKEL,CO_INFINITIF_CONFECTION,gerant,corporate,certain,SP_cba9982936d028acaa82
PERSON_MDHAFER_MOHAMED,CO_CHEMA_CONFECTION_DRAPS,gerant,corporate,certain,SP_78658e58b231a2bbe5d2
PERSON_ZOUARI_MOHAMED,CO_AGET_TECHNOLOGIE,gerant,corporate,certain,SP_a1f31762f91fe5073e5b
PERSON_AMAR_RACHID,CO_AL_ANAAM,gerant,corporate,certain,SP_c1f03c6f79ae2f79a4b3
PERSON_CHAABANE_NOUREDINE,CO_GENERALE_TRAVAUX_MAINTENANCE_SERVICES,gerant,corporate,certain,SP_08589128c9a4d0074a52
PERSON_BELAZREG_ALI,CO_MECATRONIC_SYSTEMS_PRODUCTION_ENGINEERING,gerant,corporate,certain,SP_d53eff04e050f1dbe575
PERSON_LAHMAR_HOSNI,ORGMENTION_Société Géologie Carrières & Travaux,dg,corporate,certain,SP_5709a91cface7b6fa1cc
PERSON_GHEDIRA_ANIS,CO_HBG_INSTALLATION_MAINTENANCE,gerant,corporate,certain,SP_56c30896d4fa01c9bb4a
PERSON_TERZI_CHOKRI,CO_AFRICAIN_GLOBAL_SERVICES_TUNISIE,gerant,corporate,certain,SP_953b3b1f8be6fbb214c8
PERSON_SIOUD_TAHER,CO_TANIT_INTERNATIONAL,administrateur,corporate,certain,SP_c008851b3a22d29e7bcb
PERSON_BENAMOR_MAJED,CO_PROMOTION_TOURISTIQUE_MOHAMED_V,administrateur,corporate,certain,SP_1c7ca503eabd7c2b66bb
PERSON_ELOUZE_MALEK,CO_PROMOTION_TOURISTIQUE_MOHAMED_V,administrateur,corporate,certain,SP_d75b73aacacf7067a67b
PERSON_MELOUSE_MOHAMED,CO_ERRYADA_SICAR,pdg,corporate,certain,SP_744955bd39e3172ae676
PERSON_TRABELSI_MOHAMED,CO_VERGERS_SOLEIL,associe,corporate,certain,SP_56d93ed41ea295f0080b
PERSON_BENACHOUR_NOUREDINE,CO_HYGIENE_ENVIRONNEMENT_SANTE_PLUS,gerant,corporate,certain,SP_0f2abd99c3fe00d1eb9d
PERSON_CHAABANE_NIZAR,CO_VOLUMES_DESIGN,gerant,corporate,certain,SP_517fad520b483e3055b1
PERSON_MOHAMED_ABDENADHER,CO_TUNISIENNE_VETEMENTS_CHAUSSURES,gerant,corporate,certain,SP_d9e45a3e02e27caedbf9
PERSON_KAMOUN_HEDI,CO_TRAFIC_URBAN_PLANNING,gerant,corporate,certain,SP_a481e16c1e5d09560be8
PERSON_TAVELI_MAURO,CO_FERRO_BATTUTO_ARTISTICO_ITALIANO,gerant,corporate,certain,SP_3f70dc757f56cd58cf2a
PERSON_ABDENADHER_AMEUR,CO_INTERNATIONAL_CONSULTING_SERVICE,gerant,corporate,certain,SP_507b6242e642dd7dd96c
PERSON_SIMONI_DANIELE,CO_GELATERIA_ITALIA,gerant,corporate,certain,SP_d5145ebeea3fe2f8e7b9
PERSON_NEFZAOUI_SALAH,CO_AMC_CONFECTION,gerant,corporate,probable,SP_5c1bd2f6b06d02fa3317
PERSON_BENSEDRINE_KAIS,CO_WESHIRTS,gerant,corporate,certain,SP_974e9f890625d568ad0c
PERSON_CHAABANE_KHALED,CO_TECHNIQUES_PLASTIQUE_TEPLA,gerant,corporate,certain,SP_2ca91638d09ef6d01352
PERSON_GARNAOUI_MERIAM_DRIS,CO_COMPTOIR_NATIONAL_PLASTIQUE,pdg,corporate,certain,SP_3ded65b60a0c845823c2
PERSON_SASI_LASAAD,CO_ZHOUR_RENT_A_CAR,conseiller,corporate,certain,SP_ea9ebd215d7d1f1da506
PERSON_HABACHI_MONDHER,CO_PROTOTYPE,gerant,corporate,certain,SP_ed95a7119691d538b843
PERSON_OUERGHEMI_MOHAMED,CO_GENERAL_PIECES_RECHANGE_ALLEMANDE,gerant,corporate,certain,SP_d19ac4544b79b749893b
PERSON_BADREDINE_WAJIH,CO_GENERAL_PIECES_RECHANGE_ALLEMANDE,gerant,corporate,certain,SP_bc588cf68a370838c3ce
PERSON_SASI_MOHAMED,CO_MENUISERIE_ALUMINIUM,pdg,corporate,certain,SP_3a74f7fb18fc6921e837
PERSON_MABROUK_MOHAMED_MARWEN,CO_INVESTEC,administrateur,corporate,certain,SP_435d4cc4e687258ee222
PERSON_TOMAC_IBTISEM_MABROUK,CO_OTB,gerant,corporate,certain,SP_a88c754dc1077956a1d6
PERSON_ZERZERI_RIDHA_HEDI,CO_CEREALES_COLLECTE,gerant,corporate,certain,SP_26db0a624378c708c4af
PERSON_CHEBI_MEKI,CO_EURO_MEDITERRANEE_TECHNOLOGIES,gerant,corporate,certain,SP_b2dee4f645da0685a939
PERSON_MABROUK_FETHI,CO_ROUA_VENTE_ACHAT_EN_GROS,gerant,corporate,certain,SP_a74716fea55ebdf26e86
PERSON_ESEGHAIER_ABDELKADER,CO_L_IMMOBILIERE_ECHARIFA,pdg,corporate,probable,SP_1d762f943819f3295587
PERSON_DJILANI_HEDI,CO_L_IMMOBILIERE_ECHARIFA,dga,corporate,probable,SP_90a40b10acb41d601b13
PERSON_HORCHANI_CHEKIB,CO_PRIMA_NOVA,fondateur,corporate,certain,SP_1e4aac8b2764ddf7bacc
PERSON_ZOUARI_HOUCEM,CO_CMC_DISTRIBUTION,gerant,corporate,certain,SP_506750b32425756f03d2
PERSON_MOKHTAR_KAIS,CO_CARTHAGE_INDUSTRIES,cogerant,corporate,certain,SP_ad67f36730dd4e714fe8
PERSON_SASI_MOHAMED,CO_COMPAGNIE_TUNISO_SUEDOISE_D_INDUSTRIES_AGRO_ALIMENTAIRES,gerant,corporate,certain,SP_81660f5448ae7e4a2004
PERSON_CHAABANE_FARAH,CO_METAL_FARAH,gerant,corporate,certain,SP_13b3a30bb1049c7e42ef
PERSON_ROUROU_MONDHER,CO_GENERALE_VENTE,administrateur,corporate,certain,SP_0a8a34f276492d0102f3
PERSON_SYBILAIN_ALEXANDRE_RAPHAEL,CO_FRANCE_TUNISIE_INDUSTRIE,gerant,corporate,certain,SP_7af4dc869f9115163a52
PERSON_BENJEMAA_KHALED,ORGMENTION_Société BLK immobilière SCI,gerant,corporate,certain,SP_9a37d85715bf91a0956e
PERSON_BENJEMAA_LOTFI,ORGMENTION_Société BLK immobilière SCI,gerant,corporate,certain,SP_6545f4d3ce7ae16256a7
PERSON_ZOUARI_RAOUF,CO_UNIVERS_PROFESSIONNEL_SERVICES,gerant,corporate,certain,SP_3f117a594a427c25a174
PERSON_BENYOUSEF_AHMED,CO_SIM_SICAR,dga,corporate,certain,SP_e78e6282386d64c5a428
PERSON_DJILANI_HEDI,CO_FINANCES_INVESTISSEMENTS_SICAF,administrateur,corporate,probable,SP_18697cb5d4b30c4afc67
PERSON_JAOUADI_FATMA,CO_FINANCES_INVESTISSEMENTS_SICAF,administrateur,corporate,probable,SP_8b38bcabd17c61c14847
PERSON_ESEGHAIER_ABDELKADER,CO_FINANCES_INVESTISSEMENTS_SICAF,administrateur,corporate,probable,SP_d2da38a14e6b1d67ed36
PERSON_DJILANI_HEDI,CO_FINANCES_INVESTISSEMENTS_SICAF,pdg,corporate,probable,SP_3ef11e149081eed0cdf6
PERSON_HAMDI_SADOK,CO_MINERAUX_BROYES_SUD,pdg,corporate,probable,SP_0786e2d9f37621c041b7
PERSON_BENTANFOUS_CHAWKI,ORGMENTION_CAP Taguermess,administrateur,corporate,probable,SP_1f46ac92392fbe0d5769
PERSON_BENTANFOUS_MOHAMED_NEJIB,ORGMENTION_CAP Taguermess,administrateur,corporate,probable,SP_fedae1ab517be4fb154f
PERSON_RBAII_KAMEL,CO_FLUIDES_SERVICES_INDUSTRIE,gerant,corporate,certain,SP_7341e157614ff4118e01
PERSON_DAMAK_MOHAMED,CO_DEVELOPPEMENT_AGRICOLE_CHOUIGUI_SODAC,gerant,corporate,certain,SP_fda2f5c6ce31f175ef9f
PERSON_ROBERTO_STRADA,CO_ITALO_TUNISIENNE_DENGINEERING,gerant,corporate,certain,SP_fe8c4e7a452fbcd8069d
PERSON_BENSEDRINE_SAMI,CO_MAHABA_INTERNATIONAL_TRADING,gerant,corporate,certain,SP_1fd853ac73ead734488c
PERSON_DJILANI_HEDI,CO_CONFECTION_RAS_JEBEL,administrateur,corporate,probable,SP_a1e910834b5071185377
PERSON_JAOUADI_FATMA,CO_CONFECTION_RAS_JEBEL,administrateur,corporate,probable,SP_0c8cd9e99ddb07965a58
PERSON_ESEGHAIER_ABDELKADER,CO_CONFECTION_RAS_JEBEL,administrateur,corporate,probable,SP_e88c95f10ec161c705cd
PERSON_DJILANI_MOHAMED_HECHMI,CO_CONFECTION_RAS_JEBEL,administrateur,corporate,probable,SP_87573ad2be33c13dbb1a
PERSON_DJILANI_HEDI,CO_CONFECTION_RAS_JEBEL,association_president,corporate,probable,SP_47bbb35e930dfd981e7e
PERSON_GAHBICHE_KARIM,CO_BOLERIO,pdg,corporate,certain,SP_8d12a2599205e1d8f5e8
PERSON_BRAHEM_LOTFI,CO_BEST_NEW_CALL,gerant,corporate,certain,SP_0b2962a5700d644cf7fe
PERSON_SLAMA_MOHAMED_LASAAD,CO_FARAH_BATIMENT,gerant,corporate,certain,SP_8e810140454b39fd0f85
PERSON_SAKROUFI_ABDELHAFIDH,CO_HOLDING_TUNISO_LIBYEN_POUR_DEVELOPPEMENT_INDUSTRIE_SERVICES,gerant,corporate,certain,SP_d3e01ce8aaa7c88905ed
PERSON_BOUNEB_MOURAD,CO_BOUNEB_NUTRITION_ANIMALE_SBNA,gerant,corporate,certain,SP_b96b8355c84ee76fefd7
PERSON_MABROUK_KAMEL,CO_IMMOBILIERE_LAYOUNI,gerant,corporate,certain,SP_6fc6489ff2521c486b76
PERSON_KAMOUN_MOHAMED_OUSAMA,CO_ZEPHIR_HOTEL,gerant,corporate,probable,SP_f2b1802366abb5a9af57
PERSON_ZAKHAMA_BOUBAKER,CO_INTERNATIONAL_HOSPITAL_CENTER_OF_TUNISIA,administrateur,corporate,certain,SP_56301e0818f1bf29a59e
PERSON_ZGHIDI_ADNENE,CO_INTERNATIONAL_HOSPITAL_CENTER_OF_TUNISIA,commissaire_aux_comptes,corporate,certain,SP_b37f44dbf66227855501
PERSON_ZAKHAMA_BOUBAKER,CO_INTERNATIONAL_HOSPITAL_CENTER_OF_TUNISIA,pdg,corporate,certain,SP_148e64f70db099abea88
PERSON_ZAKHAMA_BILEL,CO_INTERNATIONAL_HOSPITAL_CENTER_OF_TUNISIA,dga,corporate,certain,SP_2e3b240e2f10f64061ee
PERSON_COMBAT_MICHEL,CO_CONSULTING,gerant,corporate,certain,SP_f17e399d9979f691f172
PERSON_AREM_JAMEL,CO_HAYTEC,association_president,corporate,certain,SP_0c02bb1be93ef64a3d1b
PERSON_AREM_MOHAMED_WALID,CO_HAYTEC,dg,corporate,certain,SP_471965f309c3f7eaec84
PERSON_SELAMI_HEDI_KARIM,CO_HELIOFLEX_NORTH_AFRICA,pdg,corporate,certain,SP_e4fc4f9cfad4f228c9aa
PERSON_MAHMOUDI_HOUDA,CO_ELIS_COMMERCE_SERVICES,gerant,corporate,certain,SP_639b6c84c226431a5f50
PERSON_MHIRI_MOHAMED_MALEK,CO_VARIETES_INUDSTRIELLES,associe,corporate,probable,SP_db142a58425785ebc3c9
PERSON_RUSO_OLGA,CO_GM_ITALIA,gerant,corporate,certain,SP_6b7c144038e2eda0e4e8
PERSON_SALHI_KAMEL,CO_UNION_COMPTABLES_FRERES,gerant,corporate,certain,SP_37860aa29517b5754403
PERSON_TRIKI_NABIL,CO_MOULIN_INTERNATIONAL,gerant,corporate,certain,SP_abb32bfabe4629e6f7bc
PERSON_CHAABANE_NEDIA,CO_ARTISIANA,gerant,corporate,certain,SP_970eec7012b99fa6d69e
PERSON_BRIBECH_HABIB,CO_INFORMATION_TECHNOLOGY_SYSTEM,gerant,corporate,certain,SP_b27bdab6295898428794
PERSON_HAMAMI_MOHAMED_AII,CO_TAPISSIER,gerant,corporate,certain,SP_75f90257e510fb4f97ab
PERSON_FATNASI_HASOUNA,CO_COMPAGNIE_INTERNATIONALE_PROMOTION_INDUSTRIELLE_ACTIA,pdg,corporate,certain,SP_cc0b563c28da5efd459d
PERSON_SLAMA_JALILA,CO_LABEL_PRINTING,administrateur,corporate,certain,SP_ffcc43f21220e9d31ba4
PERSON_SLAMA_ALI,CO_LABEL_PRINTING,administrateur,corporate,certain,SP_02dda072ce0b25bae6ff
PERSON_SLAMA_RIDHA,CO_LABEL_PRINTING,administrateur,corporate,certain,SP_0fe3138155894d900281
PERSON_HOUSEIN_FETHI_BENMOHAMED,CO_LABEL_PRINTING,administrateur,corporate,certain,SP_5a673bb71c493a65d9c5
PERSON_HOUSEIN_FETHI_BENMOHAMED,CO_LABEL_PRINTING,president_ca,corporate,certain,SP_04d727b112b4d4e0f4f9
PERSON_BOURICHA_ABDERAZEK,CO_ROYAL_TUNISIAN_MARBLE,gerant,corporate,certain,SP_459c8683ccfe46c43aeb
PERSON_CHAABANE_SABRI,CO_GELATERIA_ARTIGIANALE_ITALIANA,gerant,corporate,certain,SP_910a8523b7428ed5ec1c
PERSON_ZOUARI_IMED,CO_EYA_MEUBLE,gerant,corporate,certain,SP_391008bbb56e8ec3939b
PERSON_ABDENADHER_MOHAMED,CO_FLOOR_GRES_TUNISIE,gerant,corporate,certain,SP_bffd680dd9c4dad28278
PERSON_ABDENADHER_FATMA_BOUALI,CO_FLOOR_GRES_TUNISIE,gerant,corporate,certain,SP_73facadbddd5e6c2a121
PERSON_CHAOUCH_SLAHEDINE,CO_CHAOUCH_CIE_PRODUITS_ALIMENTAIRE,gerant,corporate,probable,SP_5f73fd6989e03a495992
PERSON_MZABI_JAMEL,CO_FACTO_EDITION,gerant,corporate,certain,SP_208bb40a1dce99982fa7
PERSON_ZGHIDI_ADNENE,CO_TRANSCOM_WORLDWIDE_TUNISIE,commissaire_aux_comptes,corporate,certain,SP_6e1a3d84d0d4ea39ab25
PERSON_CHIARA_DOT_GIUSEPE_DALA,CO_LARIA_INT,association_president,corporate,certain,SP_cbfa0ac412a0e5a725d7
PERSON_KETARI_TAIEB,CO_LARIA_INT,dg,corporate,certain,SP_5c4c94967274846f8a6e
PERSON_RIAHI_LEILA,CO_IRIS,gerant,corporate,certain,SP_5ef1412c187a0619ca13
PERSON_KHECHINE_TAHER,CO_SAIL_SERVICES,cogerant,corporate,certain,SP_62ad9fc6c0d779af03e8
PERSON_BENROMDHANE_HATEM,CO_AMD_SERVICES,representant,corporate,certain,SP_13d408580cefc9e765a4
PERSON_LOUKIL_WALID,CO_AURES_AUTO,dga,corporate,certain,SP_69b90eece2cba1f3f296
PERSON_BENMILED_MOHAMED_MOUNIR,CO_NOUVELLE_MAISON_VILLE_TUNIS_MONOPRIX,vice_president,corporate,certain,SP_44d374f03f28392b2a93
PERSON_SAADI_MOHAMED_SALAH,CO_NOUVELLE_MAISON_VILLE_TUNIS_MONOPRIX,administrateur,corporate,certain,SP_63e7bc848a7dc0fb5f84
PERSON_OUN_SALAH,CO_HAZOUA_DATTES,administrateur,corporate,certain,SP_25298983c7cf8b75c330
PERSON_HAMAMI_MEHREZ,CO_TOP_TRUIT,gerant,corporate,certain,SP_a989adacb7c4015f79ef
PERSON_TAIOLA_ALESIA_JENY,CO_FERRO_BATTUTA_ARTISTICO_ITALIANO,gerant,corporate,certain,SP_32ddf741396411648148
PERSON_TAVELI_MAURO,CO_FERRO_BATTUTA_ARTISTICO_ITALIANO,gerant,corporate,certain,SP_966a8c3e8afa553473ca
PERSON_BOUZID_HABIB_BENMOHAMED,CO_ITALO_TUNISIENNE_COMMERCE_INTERNATIONALE,gerant,corporate,certain,SP_20a91552f1cc7459af42
PERSON_BENAYED_MOHAMED,CO_AGRAL,gerant,corporate,certain,SP_a0c5df0a9093e2aeab2f
PERSON_LOUKIL_BASEM,CO_LOUKIL_TUNISIE,gerant,corporate,certain,SP_50cea0dc7511e2095984
PERSON_ESID_HABIB,CO_OZITA_DIFFUSION,gerant,corporate,certain,SP_15f3fe66e6e3c10934d0
PERSON_JERIBI_TAREK,CO_FRANCE_TUNISIE_INVESTISSEMENT,pdg,corporate,certain,SP_3f1ca017cde28c8c3b7b
PERSON_TEKAYA_ARAFET,CO_PLASTEKA,cogerant,corporate,certain,SP_f66c1b1b65aa4fc7451f
PERSON_SASI_AZIZ,CO_ACTION_RAPIDE,gerant,corporate,certain,SP_d1114b28e5b27d3af4db
PERSON_BOURICHA_ABDERAZEK,CO_ELITKANE_PROMOTION_IMMOBILIERE,pdg,corporate,probable,SP_fd9b64363451dfab4a9b
PERSON_CHAABANE_AMANI,CO_TUNISIENNE_DAMBULANCES,gerant,corporate,probable,SP_aeb01c66164cc74b7507
PERSON_ABDENADHER_KARIM,CO_AL_AKKAR_PROMOTION_IMMOBILIERE,president_ca,corporate,certain,SP_df93d1244ff69c6a0e86
PERSON_HAMAMI_ABDELMONAEM,CO_2F_DEVELOPMENT_AND_ENGINEERING,gerant,corporate,certain,SP_25968a7610acb9e5d42f
PERSON_KILANI_SIHEM,CO_DASILA,gerant,corporate,certain,SP_5280e5c3a5a04b0ca2f1
PERSON_JENDOUBI_KAMEL,CO_UNIVERS_SERVICES_BETON,gerant,corporate,certain,SP_705d20a0f60f47e1a92b
PERSON_CHAABANE_FATMA_SLIMA,CO_TRADTNG_INTERNATIONAL_ERRIDHA,gerant,corporate,certain,SP_561164cb41aa275ace0f
PERSON_MOKHTAR_KAIS,CO_CARTHAGE_GRAINS,dga,corporate,probable,SP_8adaa1d5155476c66e28
PERSON_MOKHTAR_FETHI,CO_CARTHAGE_GRAINS,pdg,corporate,probable,SP_9125b95e0d0f3f9a7077
PERSON_BENAYED_MOHAMED_FARES,CO_CERAMIQUE_ARTISTIQUE_TUNISIE_CERAT,pdg,corporate,certain,SP_7b84fce144adc3212871
PERSON_BENAMOR_BECHIR,CO_GENERALE_PARTICIPATION_GESTION_FINANCIERE_SOGEF,pdg,corporate,certain,SP_7243863630c00a8daefd
PERSON_HAFOUDHI_SLAHEDINE,CO_HYDROSOL_FONDATIONS,pdg,corporate,probable,SP_138c587f88d4cebda108
PERSON_DERBEL_FAYCEL,CO_HYDROSOL_FONDATIONS,unspecified,corporate,certain,SP_8ee95dc95932883ca457
PERSON_ABDELKEBIR_MUSTAPHA,CO_CENTRE_D_ETUDES_PROMOTION_NOUVELLES_TECHNOLOGIES_CEPENT,president_ca,corporate,probable,SP_5e6aa522f2a1f960ebeb
PERSON_BENAYED_ABDELWAHEB,CO_AGRICOLE_SIDI_DAOUED,gerant,corporate,certain,SP_daa3ac745e5d49cf4ecc
PERSON_DERBEL_FAYCEL,CO_TFH_TUNISO_FRANCAISE_DHABILLEMENT,commissaire_aux_comptes,corporate,probable,SP_c19383b9d2ad200be852
PERSON_DRIS_ALOUI_SLIMANI,CO_ASD_CONSULTING,gerant,corporate,certain,SP_052f00b9f78cdb3f7c94
PERSON_BENALI_MOHAMED,CO_EL_IMTIAZ_PECHE,gerant,corporate,certain,SP_6b68d9c42fa42e1a458f
PERSON_AREM_JALEL,CO_AREM_DEQUIPEMENT_METALLIQUE_SAFEM,gerant,corporate,certain,SP_c85ea9f018d70e266384
PERSON_MABROUK_NACEUR,CO_GENERALE_MATERIAUX_CONSTRUCTION_SGMC,gerant,corporate,certain,SP_9e6254e0fe2313b50c6c
PERSON_HAMAMI_AHMED,CO_CASA_DORA,gerant,corporate,certain,SP_8f5cc598b6b94ed291d0
PERSON_ZAABI_MOHAMED,CO_MOULINS_SIDI_TLIL,member,corporate,certain,SP_c5f43c22e1ca3351e7fb
PERSON_TOUATI_NOUREDINE,CO_MOULINS_SIDI_TLIL,member,corporate,certain,SP_98047003f9bc267c1dd7
PERSON_HAMAMI_KHALED,CO_FABRICATION_POUDRES_PIERRE_SOFAP,gerant,corporate,certain,SP_2aa38bc32527486403b7
PERSON_MAHJOUB_RIM,CO_CARTHAGE_EVENTS,gerant,corporate,certain,SP_b0399b985be4cb62359a
PERSON_MAHJOUB_RIM,CO_CARTHAGE_ARTS_HOUSE,gerant,corporate,certain,SP_77cde623e6e761167370
PERSON_ZOUARI_MOHAMED_BENABDESALEM,CO_TOP_SECURITY_ELECTRONIC,gerant,corporate,certain,SP_fcf51c532aeeb559c478
PERSON_TORKHANI_MONDHER,CO_SAVEURS_FRANCE,gerant,corporate,certain,SP_a07ed702fc8ac347b619
PERSON_SLAMA_FAOUZIA_KHALFALAH,"ORGMENTION_Rue du Lac Toba Immeuble Goldina, Les Berges du Lac Tunis",administrateur,corporate,probable,SP_7455109d0dbf845d2345
PERSON_BAABOURA_ALI,CO_ODYSSEE_HOTELS,gerant,corporate,probable,SP_de80155c35f650d00e73
PERSON_ELOUMI_WISEM,CO_SEPCO,gerant,corporate,certain,SP_68a103172e4ff71e17ab
PERSON_MESINESI_JEAN,CO_BANQUE_INTERNATIONALE_ARABE_TUNISIE,administrateur,corporate,certain,SP_82507c5e3c9f85a356c3
PERSON_ABDALAH_ALIA,ORGMENTION_Compagnie d'Assurances et de Réassurances,administrateur,corporate,certain,SP_6b33ec496bfaf3b39337
PERSON_HASEN_ZOUHEIR,ORGMENTION_Compagnie d'Assurances et de Réassurances,administrateur,corporate,certain,SP_605c3073d1f274c79227
PERSON_GUERMAZI_MOHAMED,ORGMENTION_Compagnie d'Assurances et de Réassurances,administrateur,corporate,certain,SP_0ef520dde2bf0e00145a
PERSON_BOUSETA_MOHAMED,CO_WOOD_PLAST,pdg,corporate,certain,SP_ec66786e6fb15189fac3
PERSON_ZOUARI_KAIS,CO_MEDITERRANEENNE_EXPORT_IMPORT_COMMERCIALISATION,gerant,corporate,certain,SP_ffeb28b22b265ad36d6e
PERSON_BOURICHA_ABDELHAMID,CO_HOTELIERE_DEVELOPPEMENT_TOURISTIQUE,administrateur,corporate,certain,SP_1e4c4c083e9cf6180ada
PERSON_YOUNES_MOHAMED,CO_SOTUMEX,pdg,corporate,certain,SP_74daad4254fc60b99cae
PERSON_MEHREZ_IDRIS,CO_ENNADHAFA_JUDY,dga,corporate,certain,SP_a2c287eccd544a2434e8
PERSON_BOUROUIS_TAOUFIK,CO_SISAC,representant,corporate,certain,SP_881db13702f809cf4523
PERSON_CHTIOUI_MOHAMED_HABIB,CO_NINA_FLATCHER_SCHUHE_GERMANY,gerant,corporate,certain,SP_26ef5b51c7bd4f409bab
PERSON_SLAMA_ALI,CO_CIVILE_AGRICOLE_ZITA,president_ca,corporate,certain,SP_aaf73764babba766490d
PERSON_SLAMA_CHIHEBEDINE,CO_CIVILE_AGRICOLE_ZITA,dg,corporate,certain,SP_3d00748d0997a4159c1f
PERSON_TRABELSI_MOHAMED,CO_COMPTOIR_PIECES_AUTO_CAMIONS,gerant,corporate,certain,SP_ac4e0c15bf79933de533
PERSON_KILANI_RAFIK,CO_MEDICIS,cogerant,corporate,certain,SP_74ad6401cfa37d049089
PERSON_KILANI_LASAAD,CO_MEDICIS,cogerant,corporate,certain,SP_6e1a3a93f40c12cff76d
PERSON_TROUDI_MOHAMED,CO_TROUDI_AVOCATS_CONSULTING,gerant,corporate,certain,SP_b9fd4b081cc1584e9619
PERSON_DOGHRI_NEJIB,CO_TUNISIENNE_D_ENGRAIS_CHIMIQUES_STEC,vice_president,corporate,certain,SP_f7cd3988b90ecf091430
PERSON_ZOUARI_MOURAD,CO_CENTRAL_PARC_AUTO,cogerant,corporate,certain,SP_69e73110c67cb4914acd
PERSON_MEZNI_JALILA,CO_AZUR,dg,corporate,certain,SP_21c21f954217b3c65456
PERSON_DOGHRI_NEJIB,CO_TUNISIE_LAIT,president_ca,corporate,certain,SP_a332456b31923084b59c
PERSON_JEDIDI_HABIB,CO_TUNISIE_LAIT,dg,corporate,certain,SP_a45184462c38e05d2511
PERSON_MZABI_MZOUGHI,CO_SAKFI,gerant,corporate,certain,SP_4d46e12cfc4e4d193b67
PERSON_SLAMA_ABDELJELIL,CO_TECHNIQUE_REALISATION_PROMOTION_IMMOBILIERE,gerant,corporate,certain,SP_1c73c820e75ae466c6f6
PERSON_BOUCHAALA_ZOUHEIR,CO_SIMEG_PLUS,gerant,corporate,certain,SP_b0838294ade478f3aae4
PERSON_KAMOUN_DORA,CO_FIRST_SECURITY,gerant,corporate,certain,SP_4af698fe82217507e99b
PERSON_DRIS_RAOUDHA_CHAABOUNI,CO_SKY_TUNISIE,gerant,corporate,certain,SP_b0ca4fe70965dd8155cd
PERSON_HAMROUNI_JAMEL,CO_GENERALE_PRODUITS_SERVICES_AGRICOLES,gerant,corporate,certain,SP_58cb15a5b9651d42c4fc
PERSON_AREM_JAMEL,CO_JAEGER_CONTROLS_TUNISIA,pdg,corporate,certain,SP_3bde401f9a72f5ec2cbf
PERSON_DERAZEY_BERTRAND,CO_TELEPERFORMANCE_INTERMEDIATION,unspecified,corporate,certain,SP_a011dd7a2d819849bceb
PERSON_JRAD_ABDERAZEK_KILANI,CO_RAHMA_SERVICES,gerant,corporate,certain,SP_4b3d5350423137350d0d
PERSON_STEPHANE_SENSEY,CO_FRANCE_LNFO_SEC,gerant,corporate,certain,SP_ba6906aa6d2efc1ff4e8
PERSON_HAMAMI_ABDELAZIZ,CO_SICAV_PLACEMENTS,dg,corporate,certain,SP_7bb8fe740b4dc9e6000d
PERSON_NEGRO_CAROLE_SOPHIE_BETO,CO_DELICES_FRANCE,unspecified,corporate,certain,SP_8470bd8f87eeb0c4a189
PERSON_ABDENADHER_SABA,CO_SUCRI,pdg,corporate,certain,SP_2b72819c0e306aeeedf9
PERSON_MAHJOUB_RIM,CO_CARTHAGE_EVENTS,cogerant,corporate,certain,SP_325e0583b52030a866d5
PERSON_MHIRI_MOURAD,CO_MEUBLATEX,president_ca,corporate,certain,SP_a69546f76c34a664328c
PERSON_MHIRI_NEJI,CO_MEUBLATEX,president_ca,corporate,certain,SP_6774f468848ee550ac24
PERSON_BENAYED_ABDELWAHEB,CO_INSTITUT_TUNIS_DAUPHINE,administrateur,corporate,certain,SP_d11c06fd29fce70c7bcd
PERSON_BESBES_HICHEM,CO_INSTITUT_TUNIS_DAUPHINE,commissaire_aux_comptes,corporate,certain,SP_ecbd8529f959eecaa461
PERSON_FERCHIOU_RIDHA,CO_INSTITUT_TUNIS_DAUPHINE,pdg,corporate,certain,SP_5886f7e79762b74081d1
PERSON_TRIKI_MAHMOUD,CO_STAYFAX,gerant,corporate,certain,SP_a8f0490bbfc052fa8276
PERSON_BENSALEM_MONCEF,CO_MARTA,gerant,corporate,certain,SP_afdaad326ca4d7826fe4
PERSON_SELAMI_KAIS,CO_TUNINVEST_SICAR,dg,corporate,certain,SP_eefd881d9a1bf3b2d859
PERSON_BESBES_JALEL,CO_TUNINVEST_SICAR,dg,corporate,certain,SP_184df1f4257e1fc61620
PERSON_ABDENADHER_MOHAMED,ORGMENTION_Société Immobilière du Nord,gerant,corporate,certain,SP_2c0991a4cf3aafd9db97
PERSON_KHOUAJA_MAHDI,CO_FINANCIERE_WIDED_SICAF,dga,corporate,certain,SP_85fc66456fb00dd906c8
PERSON_RIAHI_SKANDER,CO_INDUSTRIELLE_DARTICLES_BUREAUX_SIAB,administrateur,corporate,certain,SP_8887439e8c419cd8bc74
PERSON_MZABI_LAROUSI,CO_SEEM,cogerant,corporate,certain,SP_508b04937ef51019233c
PERSON_AZOUZI_RAOUF,CO_RESTAURANT_GRAND_ITALIA,gerant,corporate,certain,SP_a724671a09a093c164c2
PERSON_BENSEDRINE_ANIS,CO_BRODWAY,administrateur,corporate,certain,SP_99cc8d02ac2c9cabc5c2
PERSON_BOUJBEL_WISEM,CO_HADJ_SLIMANE_BOUJBEL_CIE,gerant,corporate,certain,SP_5fa15bcfd36bcc22997f
PERSON_CHAABANE_SONIA,CO_MAGASIN_FOLLA,gerant,corporate,certain,SP_85e10417fe272e3d198c
PERSON_AYED_KARIM,CO_EAGLE_OLIVE_OIL,gerant,corporate,certain,SP_7fd047d8387c11d93b02
PERSON_MABROUK_ISMAIL,CO_MAGHREB_FONCIERE,gerant,corporate,certain,SP_7adbab95dddae214f84a
PERSON_TARENTINI_MASIMO,CO_GELATERIA_ITALIA,cogerant,corporate,certain,SP_84e95b33622697e5d5f1
PERSON_ZITOUNA_NEDIA_DRIS,CO_PRIMO_PACK,gerant,corporate,certain,SP_0651710bc150d941b055
PERSON_BOUABID_HASEN,CO_HIGHEST_CLOTHES_MAKING,cogerant,corporate,certain,SP_e86f7fddec4ad5dc0f34
PERSON_HAMAMI_BARISA,CO_TUNISIENNE_TRAVAUX,gerant,corporate,certain,SP_e231e938e42cdd9921ca
PERSON_KHALIL_MOHAMED,CO_PRESTON,gerant,corporate,certain,SP_b9f5b2248e136407b4c4
PERSON_ALI_FRAJ,CO_REGIONALE_TRANSPORT_GOUVERNORAT_SFAX_SORETRAS,administrateur,corporate,certain,SP_812eb10137af117b64fd
PERSON_BOUAZRA_KAIS,CO_TUNISIENNE_INDUSTRIELLE_DETERGENTS,gerant,corporate,certain,SP_af990e000c2242d92844
PERSON_ESID_HABIB,CO_LIBERTE_DIFFUSION,gerant,corporate,probable,SP_0cdd303750ae71411c9f
PERSON_HAMAMI_HAKIM,CO_KHAYRAT_MEHRINE,cogerant,corporate,certain,SP_323eba56ba2348d612ec
PERSON_SAIDANE_MOHAMED,CO_NOUVELLES_CARRIERES_SUD,gerant,corporate,certain,SP_f38ae96c30dd25332a52
PERSON_TRABELSI_MOHAMED_ALI,CO_ENGINEERING_MACHINING_PRECISION,gerant,corporate,certain,SP_a3279854da732c897f4b
PERSON_LAJNEF_FAIROUZ,CO_ROTIN_LAJNEF,gerant,corporate,certain,SP_ecf836090555941c6104
PERSON_BOUZAYNE_KHEMAIES,CO_PYRAMIDE_PLUS,gerant,corporate,certain,SP_2c7afec2d1beb5d478da
PERSON_TRIKI_ABDELKADER,CO_AMIN_INFORMATIQUE_SAMIF,gerant,corporate,certain,SP_2d35685e3dbd33d27b3f
PERSON_AYADI_LOTFI,CO_BEN_JABALLAH_SRU,gerant,corporate,certain,SP_1a017a8db8c35b88abc3
PERSON_ELOUZE_MALEK,CO_PROMOTION_IMMOBILIERE_ARABE_TUNISIE,pdg,corporate,certain,SP_0fa1109d876ddfb47fe2
PERSON_ELOUZE_MALEK,CO_TAAMIR,gerant,corporate,certain,SP_2ec3b53218cac3f88858
PERSON_KARAY_SLIM,CO_3D,gerant,corporate,certain,SP_06e685d80b135112e77f
PERSON_SAIDANE_MOHAMED,CO_DEVNET,gerant,corporate,certain,SP_f6c696c58f60c44c9582
PERSON_DRIS_KAMEL,CO_PATISSERIE_GELATERIE,gerant,corporate,certain,SP_afa928e1ee1d0c0ced56
PERSON_JAI_BOUBKER,CO_CONSEIL,administrateur,corporate,certain,SP_0f879eeebba6a10084f6
PERSON_HAMOUDA_SAMI,CO_EPIC,gerant,corporate,certain,SP_a0271d01c834a891adac
PERSON_ELOUMI_HICHEM,CO_CHAKIRA_CABLE,administrateur,corporate,probable,SP_cde6b5b4db4b1aa67d41
PERSON_DAHMANI_ABDELAZIZ,CO_FOIRE_INTERNATIONALE_SOUSSE,pdg,corporate,certain,SP_af96270c07e811d82ffb
PERSON_CHAABANE_FARAH,CO_TUNISIENNE_RECYCLAGE_METAUX_PLUS_STRM,gerant,corporate,certain,SP_d13b236fd41640cd0f3d
PERSON_CHAABANE_NABIL,CO_TUNISIENNE_RECYCLAGE_METAUX_PLUS_STRM,gerant,corporate,certain,SP_a853ae8d5a0446c69c19
PERSON_BAYAHI_YAHIA,CO_TUNISIENNE_CLIMATISATION_ECOCLIM,gerant,corporate,certain,SP_b74a9b120812a4be68ab
PERSON_BENCHEIKH_ABDELHAKIM,CO_BEN_CHEIKH_ABDELHAKIM_SOBECA,gerant,corporate,certain,SP_98643e1e0c5e192dc6f6
PERSON_ATIA_AHMED,CO_TUNISIAN_HIGH_BUSINESS_SCHOOL_UNIVERSITE_PRIVEE_THBS_UP,administrateur,corporate,probable,SP_2c8f0acd04cb464ba81d
PERSON_MANSOUR_ANISA,CO_TUNISIAN_HIGH_BUSINESS_SCHOOL_UNIVERSITE_PRIVEE_THBS_UP,administrateur,corporate,probable,SP_1361d4090fd24aa38d4a
PERSON_BAYAHI_TAHER,CO_BHM_DISTRIBUTION,gerant,corporate,certain,SP_81e986df4b60388e761b
PERSON_JAIDANE_RIADH,CO_ECO_PLUS,representant,corporate,certain,SP_ad04777546ff0fd6cf3f
PERSON_SLAMA_SIHEM,CO_HAILEY,gerant,corporate,certain,SP_768732fa1c7c48840767
PERSON_SELAMI_KHEIREDINE,CO_ROYAL_BETON,gerant,corporate,certain,SP_ea901d536d4b22f46900
PERSON_KAMOUN_DALENDA_HAMAMI,CO_SARA_SERVICES,gerant,corporate,certain,SP_abcc97169166e563d922
PERSON_AREM_HABIB,CO_IMMEUBLE,gerant,corporate,certain,SP_79b742989af1ab95ab42
PERSON_RUSO_FRANCESCO,CO_ITALO_TUNISIENNE_SERVICES,gerant,corporate,certain,SP_283c8dd8438615eaa5a4
PERSON_SASI_DORA,CO_DS,gerant,corporate,certain,SP_d0f63a54293250c2f003
PERSON_AREM_JAMEL,CO_PROMOTION_TOURISTIQUE_MERIDIANA,pdg,corporate,certain,SP_e48f662c26c29a3192bf
PERSON_AREM_MOHAMED_WALID,CO_PROMOTION_TOURISTIQUE_MERIDIANA,unspecified,corporate,certain,SP_aa02080930845710f988
PERSON_TRABELSI_MOHAMED,CO_CARTHAGE_MICRO_ALGUES,gerant,corporate,certain,SP_915134c0fcf1f103b3f0
PERSON_KELIBI_MONCEF,CO_ALPHA_BUS_TUNISIE,dg,corporate,certain,SP_5d85b64581195c1f5cf4
PERSON_HAMAMI_MOHAMED_ANES,CO_HAMMOUDA_PLASTIC,gerant,corporate,certain,SP_cf2f7ccfec7d9b49e5f1
PERSON_HAJABDELAZIZ_MOHAMED,CO_GENERALE_CONFECTION_TEXTILE_GECOTEX,gerant,corporate,certain,SP_9b376199267638b74665
PERSON_DOS_MOHAMED,CO_GENERALE_CONFECTION_TEXTILE_GECOTEX,cogerant,corporate,certain,SP_a817fb290ab525eedfff
PERSON_BENYOUSEF_WIDED_KALFAT,CO_UTIC_CALL_CENTER,gerant,corporate,certain,SP_4a384ae3a7338191a215
PERSON_OUESLATI_ALI,ORGMENTION_Accepté la démission de Monsieur Tahar Ladjimi de son poste ,administrateur,corporate,certain,SP_6c3a7e846d06dfce3ab8
PERSON_OUESLATI_ALI,ORGMENTION_Accepté la démission de Monsieur Tahar Ladjimi de son poste ,pdg,corporate,certain,SP_e13c0a8c186c0dd0b379
PERSON_BENYOUSEF_SLIM,CO_UTHINA,gerant,corporate,certain,SP_7edd35a928cf2937c52b
PERSON_NAILI_TAHER_BENBELGACEM,CO_RESTAURANT_PIZZERIA_ITALIANO,gerant,corporate,certain,SP_9cb29ffeb751df0fd399
PERSON_BENAMOR_WALID,CO_LOTEZ_CONFECTION,gerant,corporate,certain,SP_0117d2ef5bfe93fa7006
PERSON_MABROUK_MOHAMED_ALI,CO_IFI_CORP,administrateur,corporate,certain,SP_972b0c48ddce1fe3b413
PERSON_CHARFI_MOHAMED_NACIR,CO_OMNIPLAST,unspecified,corporate,certain,SP_555b5e43b82b6f661903
PERSON_FOURATI_HATEM,CO_OMNIPLAST,unspecified,corporate,certain,SP_7928238921f9467cbd59
PERSON_GHARBI_MOHAMED_RIDHA,ORGMENTION_Société DE TRANSFORMATION DU VERRE PLAT,administrateur,corporate,certain,SP_5179e973024df767672a
PERSON_ALMIA_MOHAMED_LARBI,ORGMENTION_Société Bio Fassy,association_president,corporate,certain,SP_92b0f88a2efde3c3e027
PERSON_DOGHRI_MONCEF,CO_PULVAGRI,gerant,corporate,certain,SP_1c1a714df0a35de5b5d6
PERSON_ZOUARI_MOEZ,CO_ZEN_IMMOBILIERE,gerant,corporate,certain,SP_85fb28d7778e3d720f33
PERSON_BENSEDRINE_SABER,CO_MISS_DYNA,gerant,corporate,certain,SP_49bf6fafc38ae67e054b
PERSON_GUEDICHE_FOUED,CO_SUN_ANTIPASTI,gerant,corporate,certain,SP_5e3c4caa5154efe03288
PERSON_MABROUK_RAMZI,CO_ECKO_CONSEILS,gerant,corporate,certain,SP_5d7941b52b22770ce5ff
PERSON_MEDEB_MOHAMED,CO_CENTRALE_LAITIERE_CAP_BON,administrateur,corporate,probable,SP_8f92c3bd1438ce7531a2
PERSON_OUESLATI_ALI,CO_BT_SICAR,pdg,corporate,certain,SP_9c37e2f873be6c40c165
PERSON_ZGOLI_TOUHAMI,CO_FONDERIE_MODERNE_TUNISIE,administrateur,corporate,certain,SP_479ff40a314d56faaf92
PERSON_ZGOLI_TOUHAMI,CO_FONDERIE_MODERNE_TUNISIE,president_ca,corporate,certain,SP_3eb70b4045da3bfb3531
PERSON_DJILANI_DADOU,CO_WAHRA_RENT,gerant,corporate,certain,SP_7b966fa5730e0166b989
PERSON_DRIS_SLIM,CO_TUNISIE_PECHE,gerant,corporate,certain,SP_b979997f6bf3b32946ef
PERSON_KILANI_ABDELFATEH,CO_CARTHAGE_RESTATE_CONSULTANTS,cogerant,corporate,certain,SP_8509f9b0a19e7625acce
PERSON_SELAMI_ADEL_BENMOHAMED,CO_OLYMPIC_EXPORT_IMPORT,gerant,corporate,certain,SP_a96b2dcbc510da3c04b7
PERSON_SLAMA_RIDHA,CO_FOOD_INGREDIENTS_ENGINEERING,administrateur,corporate,certain,SP_26971158b09511fd9603
PERSON_SLAMA_RIDHA,CO_FOOD_INGREDIENTS_ENGINEERING,administrateur,corporate,probable,SP_c66aaeb80b28055a0d1e
PERSON_SLAMA_GHASEN,CO_FOOD_INGREDIENTS_ENGINEERING,administrateur,corporate,certain,SP_e5ebe72b5f45d9a6d18b
PERSON_SLAMA_GHASEN,CO_FOOD_INGREDIENTS_ENGINEERING,pdg,corporate,certain,SP_7a12ef90a41bd8f2ba8a
PERSON_AMAR_HABIB,CO_HA_CONSULTING,gerant,corporate,certain,SP_0efed6e2c362dc50c06a
PERSON_TABANE_MOHAMED_HEDI,CO_MAXULA_DISTRIBUTION,dga,corporate,certain,SP_9811c66fcf0f09b2679e
PERSON_CHAHLOUL_KHADIJA,CO_TUNISIAN_QATARI_BANK,representant,corporate,certain,SP_798a63625d6601d9ca3c
PERSON_SLAMA_SKANDER,CO_HUILERIES_REUNIES,gerant,corporate,certain,SP_21b8c67b2e668617d55c
PERSON_SLAMA_SKANDER,CO_CARTHAGINOISE_PRODUCTION_AGRICOLE,gerant,corporate,certain,SP_70d8ec7c34c26b0fe270
PERSON_RATLE_ALEXANDRE,CO_ARKA,gerant,corporate,certain,SP_61ffed0d04b32b550bdc
PERSON_SLAMA_MUSTAPHA,CO_RENAISSANCE_MECANIQUE,gerant,corporate,certain,SP_9ec9cee77eba4cb30110
PERSON_DRIS_MHAMED,CO_INDUSTRIELLE_BOISSONS,gerant,corporate,certain,SP_e152e30cfc3b113526fa
PERSON_BOURAS_ANIS,CO_INTELLIGENT_SYSTEM_ENGINEERING_INSEN,dg,corporate,certain,SP_107404fe539ab4da7de4
PERSON_FRIKHA_FETHI,CO_PEINTURE_METALLISATION_SUR_PLASTIQUE,gerant,corporate,certain,SP_9e5bbc4faf9d47821446
PERSON_SASI_MOHAMED,CO_HOLDING_MARBRE_COMPANY,gerant,corporate,certain,SP_ad0efb7866bda85b4f2d
PERSON_KILANI_HAFEDH,CO_ENTREPOTS_FRIGORIFIQUE_BORJ_ZARAT,gerant,corporate,certain,SP_1036353847dc026d0336
PERSON_TEKAYA_ARAFET,CO_PLASTEKA,gerant,corporate,certain,SP_298850fe93d5d95cf4b0
PERSON_BENALI_NAIMA,CO_ELECTROLUX,gerant,corporate,certain,SP_8e7e9adb687a3d050f37
PERSON_DIMASI_MORSY,CO_ARAB_TUNISIAN_DEVELOPMENT,dg,corporate,certain,SP_facc9a404cd6966ff1e0
PERSON_CHAABANE_FAOUZI,CO_SAVEURS_LORIENT,gerant,corporate,certain,SP_d3938d15cbda73b47da8
PERSON_SELAMI_TAREK,CO_TRANSFORMATION_METAUX,gerant,corporate,certain,SP_a5b1c3330086fa6e1bc2
PERSON_MECHERGUI_ZOUHEIR,CO_FRANCE_TUNISIAN_MOTOS,gerant,corporate,certain,SP_de7e0b9c817662feb22d
PERSON_HAMROUNI_MUSTAPHA,CO_SILOS_SOTACIB,gerant,corporate,certain,SP_3a064f9389f9e9beeeb7
PERSON_CHAABANE_MOHAMED,CO_EL_HADAIK_SERVICES,gerant,corporate,certain,SP_df0e660fedbd4039cf79
PERSON_TRIKI_RADHOUANE,CO_ART_GRAPHIC,gerant,corporate,certain,SP_61180bccdfc6c10c8a02
PERSON_GUENOUN_ALEXA,CO_TEMENOS_FRANCE,representant,corporate,certain,SP_0f5b4194c08cc4e5c62e
PERSON_BELHAJ_KHALED,CO_TUNISIE_EXPORT_CUIR,gerant,corporate,probable,SP_e11e2bdda810e967edae
PERSON_BARAKET_MOHAMED,CO_RAYAN_TUNIS_SOLUTIONS_FOR_REAL_ESTATE,dg,corporate,certain,SP_9937cd51aca1584975f9
PERSON_GANDOR_SAM,CO_RAYAN_TUNIS_SOLUTIONS_FOR_REAL_ESTATE,president_ca,corporate,certain,SP_4aeb63d1de5a21a23eb6
PERSON_JAIDANE_RIADH,CO_NEWCORK,representant,corporate,certain,SP_d7a42c509e1df2053d6a
PERSON_HAMAMI_TAOUFIK,CO_TUBOPLAST,gerant,corporate,certain,SP_0e7185d4da82355511a9
PERSON_PETEGHEM_FRANCE_ANE_VAN,CO_BAGATEL,gerant,corporate,certain,SP_d1198dc5eeec01d98345
PERSON_ZOUARI_MOHAMED,CO_SEBEH_PATISSERIES_TRADITIONNELLES,gerant,corporate,certain,SP_60abe1c8d3095e25c94a
PERSON_ABDELI_ABIR,CO_SIRC,gerant,corporate,certain,SP_5ff73557546c062ac605
PERSON_DRIS_ZOHRA,CO_THALASSO_SHOP_LM,gerant,corporate,certain,SP_5e6c137e7cec2a57214f
PERSON_DRIS_ZOHRA,CO_THALASSO_SHOP_TK,gerant,corporate,certain,SP_261da5a723e8d02827c6
PERSON_BOUAOUAJA_FETHI,CO_ZARZIS_HOTEL,administrateur,corporate,probable,SP_e94e1bb8c9e4e9c7ae05
PERSON_BOUAOUAJA_LEILA,CO_ZARZIS_HOTEL,administrateur,corporate,probable,SP_3fd94d8aa55d0c178605
PERSON_BOUAOUAJA_FAOUZIA,CO_ZARZIS_HOTEL,administrateur,corporate,probable,SP_9493829755cc1356eaf5
PERSON_BOUAOUAJA_NOUREDINE,CO_ZARZIS_HOTEL,administrateur,corporate,probable,SP_380c27d0ca126d6c22bd
PERSON_BOUAOUAJA_FETHI,CO_ZEPHIR_HOTEL,administrateur,corporate,probable,SP_b007caf58388bcdb562b
PERSON_BOUAOUAJA_LEILA,CO_ZEPHIR_HOTEL,administrateur,corporate,probable,SP_016bec2fa4f2f8c17f66
PERSON_BOUAOUAJA_FAOUZIA,CO_ZEPHIR_HOTEL,administrateur,corporate,probable,SP_56b783967b4f0d5bd311
PERSON_BOUAOUAJA_NOUREDINE,CO_ZEPHIR_HOTEL,administrateur,corporate,probable,SP_d686d255fbadc3120661
PERSON_ZENAIDI_AMEL_KADHI,CO_SMALT_INVESTISSEMENT,administrateur,corporate,certain,SP_68c4a136dcc1f35df0b6
PERSON_TRIKI_SOUHEIL,CO_CUBIC,gerant,corporate,certain,SP_2622d7df51b68b068050
PERSON_SASI_MOHAMED,CO_SOCABON,gerant,corporate,certain,SP_76ccab637d95b264c124
PERSON_MABROUK_LOTFI,CO_HORIZON_CONSEILS,gerant,corporate,certain,SP_1c413c422517b83a20c3
PERSON_GHAMGUI_FATEN_HAMAMI,CO_COFATEX,gerant,corporate,certain,SP_a7228cb54821d25a9204
PERSON_ELOUMI_WISEM,CO_SEPCO_CONFECTION,gerant,corporate,certain,SP_bf663d3a71ecb408d194
PERSON_MSEDI_ABDELMAJID,CO_MARBRERIE_SFAX_SMS,gerant,corporate,certain,SP_8d07d26f36f68e6640d1
PERSON_HAMAMI_HABIB,CO_HF_PLASTIC,gerant,corporate,certain,SP_fed552e02140225597a1
PERSON_BENJEMAA_LOTFI,ORGMENTION_Société Immobilière Mahboubine S.A,administrateur,corporate,certain,SP_00fa36faca17bef1d325
PERSON_DOGHRI_NEJIB,ORGMENTION_Société Immobilière Mahboubine S.A,administrateur,corporate,certain,SP_52aafb050f501892dbca
PERSON_BENJEMAA_KHALED,ORGMENTION_Société Immobilière Mahboubine S.A,dg,corporate,certain,SP_77217b2be204cfee9236
PERSON_DOGHRI_NEJIB,ORGMENTION_Société Immobilière Mahboubine S.A,president_ca,corporate,certain,SP_bf688dd38c31c42de507
PERSON_MZIOU_WIDED_TRIKI,CO_CYBERNETIQUE,gerant,corporate,certain,SP_382117aec738378e22b6
PERSON_ELABIDINE_MOHAMED_ZINE,CO_SAFAGRIN,gerant,corporate,certain,SP_e6b7b8e2e4466f233e0f
PERSON_SLAMA_SOFIEN,CO_AL_BADR,gerant,corporate,certain,SP_ebf559784fa05a0738b7
PERSON_TRIKI_OMAR,CO_BUSINESS_GROWTH_CONSULTING,gerant,corporate,certain,SP_885fc41d9b100270a51e
PERSON_GLOULOU_HABIB,ORGMENTION_Société CARRIERES EL GHALI ET GLOULOU,gerant,corporate,certain,SP_452c7f0ab5c1d31d1c99
PERSON_MABROUK_MOURAD,CO_SOTRADIV,gerant,corporate,certain,SP_094de2f3c4c3f7a7e49e
PERSON_HAMAMI_AMIN,CO_TROIS_CENT_SOIXANTE_DEGRE_360,gerant,corporate,certain,SP_334e99614046810a87ad
PERSON_ZOUARI_MOHAMED_ALI,CO_DIVERS_PACK,gerant,corporate,certain,SP_853c39033d9b37b42d70
PERSON_KHLAS_KARIMA_TRIKI,CO_KTK_CONSULTING,gerant,corporate,certain,SP_46060f1233dcf032eb35
PERSON_HAMAMI_MOHAMED,CO_LINEA_CONCEPT,gerant,corporate,certain,SP_49b5dd788cd05d6e41d4
PERSON_BRADAI_NAJET_SELAMI,CO_REFENDAGE_TOLE_SORETOL,dga,corporate,certain,SP_37916b3f7b7fee69909c
PERSON_AYED_KARIM,CO_INDUSTRIAL_MAINTENANCE_INTERNATIONAL,gerant,corporate,certain,SP_06f801b97c331d791458
PERSON_CHAABANE_NAHLA_ELHAKIM,CO_HARMONIE,cogerant,corporate,certain,SP_75f6030abbd6405f72fb
PERSON_CHAABANE_MOHAMED,CO_HARMONIE,cogerant,corporate,certain,SP_30ff8f08b99c1abddcf9
PERSON_OUESLATI_KARIM,CO_OUESLATI_UNIFORME,gerant,corporate,certain,SP_bef6fbda9b91668d2351
PERSON_ZOUARI_KHALIL,CO_MAINTENANCE_DASSISTANCE_TECHNIQUE_SMAT,gerant,corporate,certain,SP_bc04e913e24c061180f1
PERSON_HAMROUNI_HMAIED,CO_TUNISIENNE_MORTIERS_MODERNES_STMM,unspecified,corporate,certain,SP_412528aeeb098fdf5d53
PERSON_HAMROUNI_MUSTAPHA,CO_TUNISIENNE_MORTIERS_MODERNES_STMM,unspecified,corporate,certain,SP_26bdf422b4bc4ac45fb1
PERSON_HAMROUNI_HMAIED,CO_TUNISIENNE_MORTIERS_MODERNES_STMM,pdg,corporate,certain,SP_f008fe4481111ccf26f5
PERSON_SELAMI_MOHSEN,CO_PLYBOIS_7,pdg,corporate,certain,SP_99fc337a014e657151e1
PERSON_SELAMI_MAHMOUD,CO_STRAMICA,vice_president,corporate,certain,SP_bd0d9f4a44d3bd08840a
PERSON_SELAMI_KHALED,CO_STRAMICA,dga,corporate,certain,SP_9f887c0a82811c023399
PERSON_SLAMA_KHALIL,CO_STAFELEC,gerant,corporate,certain,SP_f67e51f9f2b06f86632b
PERSON_MAKHLOUF_WAFA,CO_ELKACEM_IMMOBILIERE,gerant,corporate,certain,SP_7c05f6e043380e01d07a
PERSON_KAMOUN_HABIB,CO_TUNISOR,gerant,corporate,certain,SP_697d3c7b71cf6a82a8e4
PERSON_BOUSADA_HBIB,CO_SARRATEX,gerant,corporate,certain,SP_38cbbc4b6eb80efe71e7
PERSON_SELAMI_MONCEF,CO_FONCIA,commissaire_aux_comptes,corporate,certain,SP_089187a82064d3ba9a96
PERSON_MALKI_JAMIL,CO_SETCAR,dga,corporate,certain,SP_b58d950ee85d3edff0c3
PERSON_FEKIH_MOHAMED,CO_UNITED_GULF_FINANCIAL_SERVICES,president_ca,corporate,certain,SP_ec56a71472e04eaee0f1
PERSON_FRAD_MOHAMED_SALAH,CO_UNITED_GULF_FINANCIAL_SERVICES,dg,corporate,certain,SP_83ee4b8252004ad0b5f3
PERSON_ESASI_ABDELAZIZ,CO_ASSURANCES_MAGHREBIA_VIE,president_ca,corporate,certain,SP_d4e64fdd35b76b1f867d
PERSON_BENHASINE_HABIB,CO_ASSURANCES_MAGHREBIA_VIE,dg,corporate,certain,SP_d714aef2e94e3b54a3f7
PERSON_DERBEL_ABDELAZIZ,CO_ASSURANCES_MAGHREBIA_VIE,administrateur_delegue,corporate,certain,SP_4fcdeadf87b3bd5e7072
PERSON_CHETOUANE_BRAHIM,CO_PROMAX,administrateur,corporate,certain,SP_67339b8c187cb4cf3b72
PERSON_CHETOUANE_BRAHIM,CO_PROMAX,pdg,corporate,certain,SP_c05740807148539d16ed
PERSON_JENAYAH_OMAR,CO_COMPAGNIE_TUNISIENNE_DEVELOPPEMENT_TOURISTIQUE,administrateur,corporate,certain,SP_58883262e09c2eaa112c
PERSON_DRIS_AICHA,CO_COMPAGNIE_TUNISIENNE_DEVELOPPEMENT_TOURISTIQUE,administrateur,corporate,certain,SP_009f431878f3c840454b
PERSON_JENAYAH_OMAR,CO_COMPAGNIE_TUNISIENNE_DEVELOPPEMENT_TOURISTIQUE,president_ca,corporate,certain,SP_5a70619f1c387e2a46af
PERSON_DOGHRI_TAOUFIK,CO_SUCRIERE_DAGGLOMERATION_DEXPORTATION_SUCRAGEX,gerant,corporate,certain,SP_7f5b807bdb59fd026ea0
PERSON_SKHIRI_MOHAMED,CO_IMMOBILIERE_SKIRI,gerant,corporate,certain,SP_680f0338d8b4d7fd4707
PERSON_KHALIL_MOHAMED,CO_PROTOTYPES_WORKS,gerant,corporate,certain,SP_5cc04085e089f7453804
PERSON_HAMAMI_RIADH,CO_HAMMAMI_AGRO,gerant,corporate,certain,SP_5a0f167a8ab7841e7ce7
PERSON_MHIRI_ALI,CO_ALKIMIA_PACKAGING,pdg,corporate,certain,SP_1e4519ac333f0a793cca
PERSON_HAMAMI_MAHER,CO_NO_LIMIT_PRET_A_PORTER,gerant,corporate,certain,SP_b22bc2de662e74f8a4d2
PERSON_KILANI_NADHIR,CO_GBMC,gerant,corporate,certain,SP_d27ff27bce0dbe7beeb0
PERSON_AMAR_KARIM,CO_ALMES,dg,corporate,certain,SP_158ad5c10ce97f325633
PERSON_BENAYED_ABDESALEM,CO_TUNISIENNE_FILTRES_MISFAT,president_ca,corporate,certain,SP_12c3842193708a7c43df
PERSON_SLAMA_CHIHEBEDINE,CO_SLAMA_SICAF,administrateur,corporate,certain,SP_45371e91a43bfe5ded88
PERSON_VAZ_ARNAUD,CO_HUTCHINSON_TUNISIE,cogerant,corporate,certain,SP_0f27a115011a5d93c466
PERSON_POIRIER_LAURENT,CO_HUTCHINSON_TUNISIE,cogerant,corporate,certain,SP_b69109a70a5290c4c9fb
PERSON_BAKLOUTI_JAMEL,CO_HORIZON_TEXTILE_HTEX,cogerant,corporate,certain,SP_e25171a5cba45023e900
PERSON_TRIKI_MEHDI,CO_PIONNER_TELECOM_CONSULTING,gerant,corporate,certain,SP_9199ed4ec2c5422ef488
PERSON_GARMA_NIZAR,CO_CAP_SAISONS,pdg,corporate,certain,SP_27de970f2f0289d2c9c4
PERSON_SASI_KARIM,CO_TUNISIENNE_FABRICATION_CAPSULES_EN_PLASTIQUE_TUNICAPLAST,gerant,corporate,certain,SP_f4443e9d663ecfce0485
PERSON_BAABOURA_ALI,CO_HORCHANI_OLIVE_OIL,gerant,corporate,probable,SP_42a886f2622bdb819835
PERSON_KISTI_ABDENADHER,CO_CLAROM,gerant,corporate,certain,SP_470a82b7341ce674b9c2
PERSON_FUMAROLA_ANTONIO,CO_ITALIAN_FASHION_INDUSTRY,gerant,corporate,certain,SP_4b2d01d3a4f5cc54f67b
PERSON_JOUDI_MOEZ,CO_MED_CONSULTING,gerant,corporate,certain,SP_c3ce01f50e1c8255ecd7
PERSON_BENAYED_ABDELWAHEB,CO_TUNISIE_DEVELOPPEMENT_SICAR,association_president,corporate,certain,SP_62995028e902ab2ae3a4
PERSON_AMAR_KARIM,CO_TUNISIE_DEVELOPPEMENT_SICAR,dg,corporate,certain,SP_51c3256fd04dc3419578
PERSON_ESAFI_MOHAMED_NEJIB,CO_TUNISIENNE_SYSTEMES_SECURITE_ST2S,representant,corporate,certain,SP_87ad030f34f07a0d5784
PERSON_ZAROUK_HICHEM,CO_MARCUS,gerant,corporate,certain,SP_1ecb172ee787474b7c7f
PERSON_MHIRI_SAMI,CO_ECOLE_HOTELIERE_EL_MOURADI,gerant,corporate,probable,SP_163df208b054faf10a51
PERSON_CAREAU_FRANCE,CO_FRANCO_TUNISIENNE_CERAMIQUE,gerant,corporate,certain,SP_d884aed63cb5f9453cfc
PERSON_GARAALI_CHEKIB,CO_TECHNIQUES_DINJECTION_PLASTIQUE_DASSEMBLAGE_IPLAST,administrateur,corporate,certain,SP_7682a696f81376ce0be1
PERSON_GARALI_KAIS,CO_TECHNIQUES_DINJECTION_PLASTIQUE_DASSEMBLAGE_IPLAST,administrateur,corporate,certain,SP_d680cb1dfa839cf64854
PERSON_GARALI_KAIS,CO_TECHNIQUES_DINJECTION_PLASTIQUE_DASSEMBLAGE_IPLAST,dga,corporate,certain,SP_4b41b1a6999bd3b7a705
PERSON_KASRI_MONIA,CO_INTERNATIONAL_MAALOUF,gerant,corporate,certain,SP_14036ce8fad5126e1b65
PERSON_SASI_FRANCO,CO_CONGENIA,gerant,corporate,certain,SP_3de0bfbc8130ad302e91
PERSON_ZGHAL_SAMIR,CO_AX_SOLUTIONS,pdg,corporate,certain,SP_883dfeb95eab7ee927ac
PERSON_TEKAYA_MEHDI,CO_AX_SOLUTIONS,pdg,corporate,certain,SP_854877a6c141113a6c6e
PERSON_KARMANI_RAOUF,CO_AX_SOLUTIONS,dga,corporate,certain,SP_1324c6c06e2c0b24bc88
PERSON_LOUKIL_MYRIAM_MZABI,CO_BLUE_BELL,gerant,corporate,certain,SP_dfef8730b93731d73162
PERSON_ZILI_MOHAMED_CHAWKI,CO_MENUISERIE_ALUMINIUM_MODERNE,commissaire_aux_comptes,corporate,certain,SP_3b0b61d9a28428321d6e
PERSON_BENAYED_AMEL,CO_HOTELIERE_TOURISTIQUE_SUD_SHTS,administrateur,corporate,certain,SP_0063c2464ef294502fdd
PERSON_BENAYED_RAFIK,CO_HOTELIERE_TOURISTIQUE_SUD_SHTS,pdg,corporate,certain,SP_56b19e1707b8c542c964
PERSON_ZOUARI_AZIZA,CO_GLOBAL_COSMETIQUE,gerant,corporate,certain,SP_04ba07dfbd435d2b1cf0
PERSON_BENMILED_AKRAM,CO_INDUSTRIELLE_CONSERVES_ALIMENTAIRES_SICA,gerant,corporate,certain,SP_294897b831c2579ef9ee
PERSON_BOUCHAMAOUI_GHAZI,CO_IDEE_MAISON_CASA,gerant,corporate,certain,SP_d902278cab29973701d8
PERSON_ZOUARI_HENDA,CO_SUN_7,gerant,corporate,certain,SP_51ea90f9ac7280cc5cf4
PERSON_BOUZAIENE_ABDELKADER,CO_TASMID_INDUSTRY,gerant,corporate,certain,SP_8178d4201c8619384523
PERSON_AOUADI_RAOUF,CO_MAXULA_PLACEMENT_SICAV,pdg,corporate,certain,SP_4451a3e5b14b5e6ba693
PERSON_HAMROUNI_ABDALAH,CO_SERGUINI,gerant,corporate,certain,SP_620c672587175a060986
PERSON_ZOUARI_HAFEDH,CO_TRAVAUX_D_AMENAGEMENT_URBAIN_RURAL_STAUR,president_ca,corporate,certain,SP_2c211c2761ab5b4a7283
PERSON_IDRIS_KRAIEM,CO_IMMOBILIERE_HORCHANI,gerant,corporate,probable,SP_f77c53fcc822a1da2710
PERSON_SELAMI_MAHMOUD,CO_STRAMIFLEX,dg,corporate,certain,SP_b21f06422df61767ce05
PERSON_KILANI_ABDELATIF,CO_PROMOINTERPHARMA,unspecified,corporate,certain,SP_daa482bd2cec7e584c55
PERSON_BENAYED_MONCEF,CO_AYED_FRERES,gerant,corporate,certain,SP_390ba1aa59ff543befcd
PERSON_TEKAYA_MEHDI,ORGMENTION_CASSIOPAE MEA,administrateur,corporate,certain,SP_2663ed51e20104edf908
PERSON_ZGHAL_SAMIR,ORGMENTION_CASSIOPAE MEA,administrateur,corporate,certain,SP_011c981e198b06b15542
PERSON_TEKAYA_MEHDI,ORGMENTION_CASSIOPAE MEA,dg,corporate,certain,SP_d07560763699c2615e0d
PERSON_BENYOUSEF_ADEL,CO_ARABE_REALISATIONS_IMMOBILIERES_RC,administrateur,corporate,probable,SP_1e75ce16470d7fa6d486
PERSON_DKHILI_MOHAMED,CO_GROUPE_ASSURANCES_TUNISIE,dg,corporate,certain,SP_276e898a8a401d219ac5
PERSON_NAJAR_CHAABANE,CO_IDEAL_BOIS,gerant,corporate,certain,SP_e8246bb9c1a92c1504fe
PERSON_ZOUARI_ABDELHAK,CO_AGRLCOLE_SAHEL,gerant,corporate,certain,SP_e60f91f59ea0b1491442
PERSON_HAMAMI_RAOUDHA,CO_MULTI_CONTACT_CENTER,gerant,corporate,certain,SP_b3710dd9f1d112aed747
PERSON_CHAABANE_NOURI,"ORGMENTION_84, Rue 8600 La Charguia 1 Tunis",unspecified,corporate,certain,SP_7aa7ce28825cacd85625
PERSON_CHAABANE_NOURI,"ORGMENTION_84, Rue 8600 La Charguia 1 Tunis",pdg,corporate,certain,SP_e38c83dc75867ea10d3a
PERSON_KACEM_HAMDI,CO_BEN_KALIA,fondateur,corporate,certain,SP_eecdf434897dc06c50a1
PERSON_KACEM_HAMDI,CO_BEN_KALIA,pdg,corporate,certain,SP_83031cc4f360687490b0
PERSON_HAMROUNI_HOUCEMEDINE,CO_HAMROUNI_FRERES_BATIMENTS,gerant,corporate,certain,SP_f7307b64014604862763
PERSON_MEZNI_JALILA,CO_D_ARTICLES_HYGIENIQUES,administrateur,corporate,probable,SP_d914de0168eafaef8a28
PERSON_MHIRI_NEJI,CO_HOTELIERE_EL_KANTAOUI,dga,corporate,certain,SP_9340934520fce28f88fc
PERSON_ABDENADHER_LOTFI,CO_SANIMED,administrateur,corporate,certain,SP_2c7b5400a924b9782dfe
PERSON_ABDENADHER_KARIM,CO_SANIMED,administrateur,corporate,certain,SP_830e1a46bc393ab1b47e
PERSON_TRIKI_FETHI_BENMOHAMED,CO_TRIKI_CIE,gerant,corporate,certain,SP_0ae3fa68679782651662
PERSON_KAMOUN_HEDI,CO_MG_TRADING,gerant,corporate,certain,SP_17ab0b339e698fddc9f4
PERSON_CHTOUROU_KHALIL,CO_TAPARURA_CONGRES_EVENEMENTS,gerant,corporate,certain,SP_ec41e0a3f7e010364af4
PERSON_KHALIL_MOHAMED,CO_HABANA,gerant,corporate,certain,SP_6669c4b5e754cea53097
PERSON_HAMAMI_ROCHDI,CO_SKANDER_ELISSA_SSE,gerant,corporate,certain,SP_6ba0f35f8d0952ef5a61
PERSON_ZUCHERELI_GIUSEPE,CO_VITROPLANT_TUNISIA,president_ca,corporate,certain,SP_43687c61d7867171fe88
PERSON_GRILI_GERARDO,CO_VITROPLANT_TUNISIA,dg,corporate,certain,SP_7cf826e790803545715f
PERSON_HAMAMI_RACHID,CO_VITROPLANT_TUNISIA,dga,corporate,certain,SP_a5713881de7bbbbd26d1
PERSON_CHARGUI_ESIA_BACAR,CO_MODERNE_DELEVAGE_SME,cogerant,corporate,certain,SP_e8b8549d0c6f578afbaa
PERSON_JRAD_ABDERAZEK_KILANI,CO_GENERALE_LOCATION_ENGINS_SERVICES,gerant,corporate,certain,SP_83fa8f09799306aa669f
PERSON_HAMAMI_HABIB,CO_TRANSPORT_MARCHANDISES_THYNA_STMT,gerant,corporate,certain,SP_ad834ed23163e22ce74d
PERSON_TRIKI_MOHAMED,CO_SUD_SUD_TRAVAUX,administrateur,corporate,certain,SP_1e5a62616ec235aef517
PERSON_KAMOUN_HEDI,CO_AGROCO_MED,gerant,corporate,certain,SP_c71dcfd20d361633b49c
PERSON_KILANI_NADHIR,CO_INTERIOR_DESIGN_CONTRACT,gerant,corporate,certain,SP_f3e246efbd13478a5e89
PERSON_SLAMA_MOHAMED,CO_HOTEL_PLUS,gerant,corporate,certain,SP_91dd4e4a27d2c1ab3400
PERSON_BENATIA_ADEL,CO_SOFT_HYGIENE,gerant,corporate,certain,SP_eec92e16693347fd0949
PERSON_SLAMA_ALI,CO_AL_NASEEM_TUNIS,administrateur,corporate,certain,SP_75eb27a13668d54c8f1b
PERSON_SLAMA_GHASEN,CO_AL_NASEEM_TUNIS,dg,corporate,certain,SP_2e30d4d614d5a7098355
PERSON_HAMAMI_MOHAMED,CO_FACE_A_FACE_PRET_A_PORTER,gerant,corporate,certain,SP_ac8998ba79556d5fd517
PERSON_KILANI_LASAAD,CO_TUNISIE_RECOUVREMENT,unspecified,corporate,certain,SP_7abf1964645d89a79745
PERSON_LAJNEF_MOHAMED_TOUMI,CO_LAJNEF_MAISONS_BOIS_LBM,gerant,corporate,certain,SP_50545576623518255bf1
PERSON_CHAABANE_AHMED,CO_COCCINELLA,gerant,corporate,certain,SP_7b8310d7b750778571a4
PERSON_ABAS_FERID,CO_SETCAR,administrateur,corporate,probable,SP_8d1d00c5e6a515282779
PERSON_HAMDI_MOUNIR,CO_IMMOBILIERE_SICCA_VENERIA,gerant,corporate,certain,SP_b417ccf2b95bd27b61f9
PERSON_HAMROUNI_FETHI,CO_SEMAP,commissaire_aux_comptes,corporate,certain,SP_12ca6651dc647edd1017
PERSON_KADHI_RAJIET_ELHOUDA_MZABI_BEL,CO_C_C_BTP,gerant,corporate,certain,SP_79c08943831f138d0c78
PERSON_TOUATI_GHODHBANI_BENFAHEM,CO_MOULINS_SIDI_TLIL,dg,corporate,certain,SP_044d1ba323efcaf230b5
PERSON_HAMAMI_AHMED_BECHIR,CO_ROSA,cogerant,corporate,certain,SP_b4dcfa9bc30db49260f3
PERSON_BOURICHA_ABDERAZEK,CO_TUNISIAN_ALUMINIUM_COMPANY,gerant,corporate,certain,SP_8c353e4dd4388eebb1ea
PERSON_BENSEDRINE_KARIM,CO_CUIS_TOT,gerant,corporate,certain,SP_8d7e0d569a96ec0e8e40
PERSON_HAMROUNI_IMEN,CO_DARINE_BEAUTE,gerant,corporate,certain,SP_7a872521b6f7b2598e3f
PERSON_SASI_SOFIEN,CO_BSA_VOYAGES,cogerant,corporate,certain,SP_faf8d90f1bdc89a564b4
PERSON_TRIKI_MEKI,CO_ALUMINIUM_CHARPENTE_METALLIQUE_SACM,gerant,corporate,certain,SP_c72df79c4c4c8a183a34
PERSON_ZRIG_MOHAMED,CO_CENTRE_D_ETUDES_FORMATION_PROFESSIONNELLE,gerant,corporate,certain,SP_7f8e05ba0e30065723a1
PERSON_HEDFI_MOHAMED_MEHDI,CO_SPIC_PAPAGALLO,pdg,corporate,certain,SP_7d48c94be001952158c4
PERSON_ESAFI_MOHAMED_NEJIB,CO_SPIC_PAPAGALLO,administrateur,corporate,certain,SP_5aa16f2e49edf3dae06c
PERSON_HEDFI_MOHAMED_FAOUZI,CO_SPIC_PAPAGALLO,administrateur,corporate,certain,SP_67c56e0d0abb260e659f
PERSON_CHAABANE_TAHER_BENSADOK,CO_CHAABANE_CONSTRUCTION_SERVICES_SCCS,gerant,corporate,certain,SP_d4832217384c3264e807
PERSON_HAMROUNI_KHADHRA,CO_EL_JOUDA,gerant,corporate,certain,SP_8117a48fa01defd786f5
PERSON_DKHILI_MOHAMED,CO_SOFIGAT_SICAF,pdg,corporate,certain,SP_236c173a6832615e30fc
PERSON_MABROUK_MOHAMED_MARWEN,CO_FLY_INTERNATIONAL_AIRWAYS,pdg,corporate,certain,SP_82b8ebe23ae58825f118
PERSON_MABROUK_ISMAIL,CO_MAGHREB_INVEST,president_ca,corporate,certain,SP_fbc3afc468f1605dfcd3
PERSON_BARGAOUI_ABDELFATEH,CO_SHAUBER,president_ca,corporate,certain,SP_8baf7c50b0fe94fce7f1
PERSON_ZOUARI_RIDHA_BENMOKHTAR,CO_MKC_CONSEIL_EN_DEVELOPPEMENT_TRANSFORMATION_D_ENTREPRISE,dg,corporate,certain,SP_d984ab250d6893716027
PERSON_SLAMA_MOEZ,CO_TUNISIA_FOOD_DISTRIBUTION,gerant,corporate,certain,SP_b4147bb2198d6ebad59f
PERSON_BOUZGUENDA_AHMED,CO_SICEP_TUNISIE,administrateur,corporate,certain,SP_1b07e01c68a74954a79c
PERSON_BOUZGUENDA_ABDELAZIZ,CO_SICEP_TUNISIE,administrateur,corporate,certain,SP_c4aa1371b801a29b2526
PERSON_SASI_AHMED,CO_YOUSERIF_PARFUM,gerant,corporate,certain,SP_3cecc3d7fe98c185898c
PERSON_ZOUARI_HENDA,CO_ENERGY_INDUSTRIE,dg,corporate,certain,SP_8bd13fc84cd33d0bcc48
PERSON_CHAABANE_TIJANI,CO_HAMDI_FRERES_TRANSPORT_SERVICES,commissaire_aux_comptes,corporate,certain,SP_35273477b2713f9371ba
PERSON_ELOUMI_MOHAMED_ELYES,CO_COUSCOUSSERIES_SUD_CDS,dg,corporate,certain,SP_fc04ce7bf65ed4167b66
PERSON_CHAABANE_SKANDER,CO_TRANSPORT_ERRIDHA,gerant,corporate,certain,SP_0e01db2c78fbb98447d9
PERSON_ZOUARI_MEKI_MAHER,CO_NORD_PACK,gerant,corporate,certain,SP_63d2bdc97eaca43e1e23
PERSON_BENKILANI_FETHI,CO_INTER_INFO,gerant,corporate,certain,SP_293ba94f1621fd71c895
PERSON_SLAMA_NAIMA_BENTSALAH,CO_NAIMA,gerant,corporate,certain,SP_8d25572b8937107e3930
PERSON_CHAABANE_MOKHTAR,CO_ENIETEC,gerant,corporate,certain,SP_d91566138d8994a2a5b2
PERSON_TRIKI_LAMJED,CO_2M_INFORMATIQUE,gerant,corporate,certain,SP_77ec7da384dd97fc31e1
PERSON_DARGHOUTH_FATMA,CO_AR_FILTER,pdg,corporate,certain,SP_ab90777c048cbc5b3f78
PERSON_TEKAYA_MEHDI,CO_OXIA_CONSULTING,gerant,corporate,certain,SP_64c7dc81eafa29a76b24
PERSON_SLAMA_MANSOUR,CO_ECOLE_SLAMA_UNIVERSITAIRE,pdg,corporate,certain,SP_d45d06b18e236139d69f
PERSON_BAYAHI_YAHIA,CO_ALUFOND,pdg,corporate,certain,SP_79195b982eda03622ac5
PERSON_HAMAMI_SAMI,CO_MEDITERRANEENNE_CONFECTION_LUXE,gerant,corporate,certain,SP_c3ca2bc857c4128f57d3
PERSON_HAMAMI_SABRI,CO_DREAM_ELEGANCE,gerant,corporate,certain,SP_f86c149c95a6379cb316
PERSON_SLAMA_JACKY,CO_GENERALE_DISTRIBUTION_SAHEL,gerant,corporate,certain,SP_12b2fffe3fe065714ed8
PERSON_GHEDIRA_BELIGH,ORGMENTION_UNILEVER TUNISIE S.A,administrateur,corporate,certain,SP_9e2dbe49313056e50009
PERSON_FOURATI_LAMIA,CO_ONE_TECH_DEVELOPEMENT,administrateur,corporate,probable,SP_9706a1244c7692a766e3
PERSON_SELAMI_MONCEF,CO_ONE_TECH_DEVELOPEMENT,administrateur,corporate,probable,SP_f6cba487a4fd37e79419
PERSON_NABLI_SOUHEIL,CO_TUNISIE_RECOUVREMENT,dg,corporate,certain,SP_715cf80985a2afc073cb
PERSON_BENHAMIDA_MOHAMED,CO_BHM,gerant,corporate,certain,SP_7f643ed1275108afa641
PERSON_BOURICHA_ABDELAZIZ,CO_PARADISE_SPA,gerant,corporate,certain,SP_35daf2a93d1addc8d3ae
PERSON_TRIKI_MOHAMED,CO_STAR_TECHNOLOGIE_SERVICE,gerant,corporate,certain,SP_4ddf68e879d4a044ae7a
PERSON_MABROUK_MOHAMED,CO_RITEGE_RENT_A_CAR,gerant,corporate,certain,SP_1476223a1fb655853bde
PERSON_FERNANDEZ_FLAVIO,CO_ITALIAN_FASHIAN,cogerant,corporate,certain,SP_7ada80aa2a73e35216f0
PERSON_TRIKI_AHMED,CO_IMMOBILIERE_AL_AQSA,gerant,corporate,certain,SP_39a5de1c1a9813f79963
PERSON_TEKAYA_MEHDI,CO_OXIA_TUNISIE,pdg,corporate,certain,SP_0a6294e15a920fd1fcb5
PERSON_ELOUMI_ZIED,CO_EGECO_IMMOBILIER,pdg,corporate,certain,SP_0b74f0ecb695d94cec1c
PERSON_MARZOUGUI_AHMED,CO_OLFA_TEX,commissaire_aux_comptes,corporate,certain,SP_ac222dfcf7bc6cef4df7
PERSON_HAMED_OLFA,CO_OLFA_TEX,pdg,corporate,certain,SP_f9d05a17dfa948e32ad4
PERSON_ROUROU_TAREK,CO_MOSAICA_DESIGN,gerant,corporate,certain,SP_06ec26bec260b6ed41d5
PERSON_DHIFI_WAFA,CO_AFRIKISOL_INDUSTRIE,gerant,corporate,certain,SP_11ce758f9ac171559146
PERSON_GIOVE_PAOLO,CO_GESTION_D_ANIMATION_TOURISTIQUE_ITALIA_SGATI,gerant,corporate,certain,SP_676023b6d632e5ec5b58
PERSON_LYUDMYLA_ANTIPOVA,CO_GESTION_D_ANIMATION_TOURISTIQUE_ITALIA_SGATI,gerant,corporate,certain,SP_e50ef8d1faccd380f0b5
PERSON_BENAYED_HEDI,CO_SAHA,gerant,corporate,certain,SP_6c96ac53555a0eaa4488
PERSON_KAMOUN_ABDERAOUF,CO_KAMMOUN_TRAVAUX,gerant,corporate,certain,SP_9143f421fc46cf34148f
PERSON_JELASI_MONGI,CO_INDUSTRIELLE_DAPPAREILLAGE_MATERIELS_ELECTRIQUES,pdg,corporate,certain,SP_e7ab616694a25a559e13
PERSON_ZAYANI_MOHAMED,CO_INDUSTRIELLE_DAPPAREILLAGE_MATERIELS_ELECTRIQUES,dga,corporate,certain,SP_2d05c9e023cfc31c7274
PERSON_GHORBEL_KARIM,ORGMENTION_S.P.T. BAHIA BEACH,dga,corporate,certain,SP_aa903c6178fd5be6435a
PERSON_ABDENADHER_SAWSEN,CO_NASR_CONTRACTORS,president_ca,corporate,certain,SP_36d2baee5f1df20a7b23
PERSON_ABDENADHER_THAMEUR,CO_NASR_CONTRACTORS,unspecified,corporate,certain,SP_d964e1725ea95f19b3a6
PERSON_MZABI_MOHAMED_SADOK,CO_SMVDA_MANDARINES,pdg,corporate,certain,SP_b6adfad55dace032f3ce
PERSON_MABROUK_SALEM,CO_DEVELOPPEMENT_AGRICOLE_ZITOUNA_I,dga,corporate,certain,SP_e57af05beac84525fac6
PERSON_KARAY_SLIM,CO_TANIT_EMBALLAGE,administrateur,corporate,certain,SP_780b125c092dd6162502
PERSON_KARAY_SLIM,CO_TANIT_EMBALLAGE,pdg,corporate,certain,SP_4abb37c6fff4beb005bd
PERSON_FRIKHA_MOHAMED,CO_AZIZ_TEXTILE,gerant,corporate,certain,SP_f991d5b8931f4db4916d
PERSON_HAMAMI_SAMIR,CO_SAMAR_COMMERCE,gerant,corporate,certain,SP_b0cfb9f72bf5d3289a77
PERSON_ESID_HOUCINE,CO_PIECES_MOTEUR_ALLEMAND_SOPIMAL,gerant,corporate,certain,SP_c4491ea8ae592348f49e
PERSON_CHAABANE_HATEM,CO_EZZAHRA_D_INDUSTRIE_DIVERSE,gerant,corporate,certain,SP_a2f19f79ded0d8791a80
PERSON_ABAS_FERID,ORGMENTION_(A titre de régularisation de procédures juridiques),administrateur,corporate,probable,SP_f0fbefd1a70bce0909c3
PERSON_HADJAYED_ALI,CO_JOINT_INDUSTRIEL,gerant,corporate,probable,SP_2af4fca8a9f9f2440447
PERSON_HAMROUNI_AYATALAH,CO_ESPRIT_DESIGN,cogerant,corporate,certain,SP_6e5cba9246e0dfc211c6
PERSON_ABAS_SADREDINE,CO_STAROIL,dga,corporate,certain,SP_4198335041940d97ee5c
PERSON_KAMOUN_NEJIB,CO_KAMMOUN_COMPANY,gerant,corporate,certain,SP_a97608af664c90723550
PERSON_MHIRI_NEJI,CO_IMMOBILIERE_TOURISTIQUE_TUNISIE,dga,corporate,certain,SP_0d9aff5278f07a73825b
PERSON_MHIRI_NEJI,CO_HOTELIERE_EL_MOURADI_GOLF,dga,corporate,certain,SP_b15204c78aa4e892f2fc
PERSON_MHIRI_NEJI,CO_TOURISTIQUE_EL_MOURADI,dga,corporate,certain,SP_e4725436f0b919b02f0b
PERSON_BARDAA_CHOKRI,CO_GAT,gerant,corporate,certain,SP_fb26d0d80f7a5b96fd0d
PERSON_HAMAMI_MONGI,CO_NORD_FRUITS_LEGUMES,gerant,corporate,certain,SP_cbc2f44b6990d96c377d
PERSON_ZGHIDI_ADNENE,CO_SERVICOM,commissaire_aux_comptes,corporate,certain,SP_5df851869886a1f93f8e
PERSON_ZAHAF_SLAHEDINE,CO_MANUFACTURE_CONFECTION_SUD,unspecified,corporate,certain,SP_56f8246a7a23816d6543
PERSON_CHAABANE_RIADH,CO_THE_ISLAND_BEACH,gerant,corporate,certain,SP_582f09855fbe5b3f89b9
PERSON_TRIKI_ALI,CO_TRANSPORT_PUB,gerant,corporate,certain,SP_d9cc15ad76f04999dfa9
PERSON_BELKAHIA_NABIL,CO_GHEZALA_FRUITS,association_president,corporate,certain,SP_f992f80a6124fd1e3dd8
PERSON_HEMAYED_HAFEDH,CO_AZUR_INVEST_SICAF,administrateur,corporate,certain,SP_d84e7907f952b010338b
PERSON_HEMAYED_HAMED_AMINE,CO_AZUR_INVEST_SICAF,administrateur,corporate,certain,SP_f4ffb640e4e9c46b1202
PERSON_HEMAYED_HAFEDH,CO_AZUR_INVEST_SICAF,pdg,corporate,certain,SP_ec8c15bc55cc7d2ea18b
PERSON_KHALIL_MOHAMED,CO_KAST,gerant,corporate,certain,SP_774fa51334f4d16a6628
PERSON_JELJELI_NACEUR,CO_IMPRIMERIE_PAPIER_CARTONNAGE_SIMPACT,gerant,corporate,probable,SP_c2da01c510926837f045
PERSON_BELHAIZA_MAHMOUD_YASINE,CO_CORETEX,gerant,corporate,certain,SP_e5b21a8333f226e07dad
PERSON_HAMZA_MALEK,CO_CORETEX,gerant,corporate,certain,SP_b396666f4545efca4f87
PERSON_HADJBELGACEM_SOFIEN_EI,CO_FRERES_DEXPLOITATION_CARRIERES_FEC,gerant,corporate,certain,SP_104f0abec97433d69481
PERSON_HADJBELGACEM_SAMI,CO_FRERES_DEXPLOITATION_CARRIERES_FEC,gerant,corporate,certain,SP_0512d69886be8482c6d6
PERSON_BAABOURA_ALI,CO_BLUEFIN_TUNISIE,gerant,corporate,certain,SP_b5e813b3065c5f86bf74
PERSON_BAABOURA_ALI,CO_HORCHANI_DISTRIBUTION_PRODUITS_MER,gerant,corporate,certain,SP_e478ff7e73a2bc0302f6
PERSON_BENSEDRINE_KARIM,CO_ECO_STYLE,gerant,corporate,certain,SP_ced6db8f99486f5b28ef
PERSON_SHELBA_MONCEF,CO_MEDITERRANEAN_FISH,gerant,corporate,certain,SP_95b6f4ebd2cb99cabd74
PERSON_TRIKI_MOHAMED,CO_SOTIB,gerant,corporate,certain,SP_779fe2fe2d817809ce95
PERSON_FINDELING_PATRICK,ORGMENTION_Société INJECTION PLASTIQUES SYSTEMES I,unspecified,corporate,certain,SP_0ad2fbf878f2d06d32b4
PERSON_ZAROUK_SLIM,ORGMENTION_Société INJECTION PLASTIQUES SYSTEMES I,unspecified,corporate,certain,SP_c56f9bc66e35c3a7ed11
PERSON_FINDELING_PATRICK,ORGMENTION_Société INJECTION PLASTIQUES SYSTEMES I,president_ca,corporate,certain,SP_21ef2c213388d8435f12
PERSON_DEBABI_CHEKIB,ORGMENTION_Société INJECTION PLASTIQUES SYSTEMES I,dg,corporate,certain,SP_cb2fb4ec92fc2165678a
PERSON_ZOUARI_MAKREM,CO_MAGHREBINE_DISTRIBUTION_MADIS,gerant,corporate,certain,SP_a9f8fa1d694620abf401
PERSON_DRIS_MOUELHI,CO_BAUXIT,gerant,corporate,certain,SP_5f3fb87eab8c5a75f20d
PERSON_BENSEDRINE_KARIM,CO_BIO_PRODUCT,gerant,corporate,certain,SP_73a00e15337491c8815a
PERSON_ABAS_SADREDINE,CO_SETCAR,dga,corporate,certain,SP_9651a16c6f2d6094baac
PERSON_LABAIED_MONCEF,CO_VITROPLANT_TUNISIA,dga,corporate,certain,SP_33484289a1a140d22b44
PERSON_NOUIRA_CHEKIB,CO_TUNISIA_BROADCASTING,administrateur,corporate,certain,SP_64100314e15ca069dc72
PERSON_ALI_KHALED_BELHADJ,CO_OPTIMA_SICAR,pdg,corporate,certain,SP_e85857c9082b814b52d1
PERSON_HAMAMI_HAKIMA,CO_CHAIMA,gerant,corporate,certain,SP_daf44c8c3b7637abb798
PERSON_SASI_BASMA,CO_ASSISTANCE_CONSEILS_EN_GENIE_THERMIQUE,gerant,corporate,certain,SP_719e3cd6d2eaf7ce380c
PERSON_KAMOUN_KAIS_BENMOHAMED_BENHASINE,CO_KENZA_CREATION_ARTISANALE,gerant,corporate,certain,SP_3aa274e5b61b013a5a3f
PERSON_ELHAMROUNI_MOHAMED_BENHASOUN,CO_HAMROUNI_GRANDS_TRAVAUX,gerant,corporate,certain,SP_b71956b181f283f3c214
PERSON_KOOLI_ALI,CO_ARAB_BANKING_CORPORATION_TUNISIE,dg,corporate,certain,SP_2d0632037f6b69e68113
PERSON_KHALFALAH_CHEDLIA,CO_KHALIL_TEX,pdg,corporate,certain,SP_df9b58e9d9b90068ae76
PERSON_JAIDANE_RIADH,CO_CENTRE_ENVIRONNEMENT,representant,corporate,certain,SP_dd43cb78756323c2bc2a
PERSON_HAMROUNI_MOHAMED,CO_MUTUEL_BASE_SERVICES_PECHE_GHAR_MELH,gerant,corporate,certain,SP_12dab2d52dedbee3570a
PERSON_BAATI_AHMED,CO_NOKIA_SOLUTIONS_AND_NETWORKS_TUNISIA,administrateur,corporate,certain,SP_31f4a00408955a7ed39c
PERSON_OMRI_SALAH,CO_BISCUITERIE_MEDITERRANEENNE,dg,corporate,certain,SP_206364fe5effef563ca9
PERSON_BOUALEGUI_WAJIH,CO_WAJIH_TEX,pdg,corporate,certain,SP_33793a92e145cfed49f7
PERSON_BOURICHA_KHALED,CO_COMPTOIR_TUNISIEN_PAPIERS,administrateur,corporate,certain,SP_8b91208d531484da5b1b
PERSON_BOURICHA_KHALED,CO_COMPTOIR_TUNISIEN_PAPIERS,pdg,corporate,certain,SP_01bbc079f7df623caa3a
PERSON_DOGHRI_MONCEF,CO_AGRIBAT,gerant,corporate,probable,SP_4468001c1b2fcd4103f2
PERSON_SASI_ABDELWAHEB,CO_TUNISIENNE_D_INDUSTRIE_MARBRIERE,gerant,corporate,certain,SP_69299ddfda9014bace81
PERSON_SMAOUI_RIADH,CO_CERAMIQUE_SUD_SOCES,gerant,corporate,certain,SP_03d87155ce1ec989b693
PERSON_SLAMA_KHEMAIES,CO_SLAMA_FORAGE_MAINTENANCE,member,corporate,certain,SP_2b5e754882533b562276
PERSON_SLAMA_KHEMAIES,CO_SLAMA_FORAGE_MAINTENANCE,pdg,corporate,certain,SP_a01875120345ec1658b0
PERSON_ANGELERI_MAURO,CO_AMP,cogerant,corporate,certain,SP_bcc18b0515d657124e0c
PERSON_PENATI_MAURO,CO_AMP,cogerant,corporate,certain,SP_441729d81f77416a32db
PERSON_TORJMEN_ASMA_TRIKI,CO_MINIATURE_CREATION,gerant,corporate,certain,SP_8d0a8d98b12a1be2bbe7
PERSON_DRIS_MOEZ,CO_MAKLADA_SPRING_WIRE,pdg,corporate,certain,SP_d34daddd2a92d439780c
PERSON_KAMOUN_HOUCINE_BENHEDI,CO_GLOBAL_NETTOYAGE,gerant,corporate,certain,SP_e142bd0179738d60f912
PERSON_TRIKI_NEFISA_AMAR,CO_CIEL_BLEU,gerant,corporate,certain,SP_a562364a8e6a74c808df
PERSON_MERGHENI_SAIFEDINE,CO_PRINTEA_TUNIS,gerant,corporate,certain,SP_65ecb7c7d78587a90df2
PERSON_TAMARZISTE_MEHDI,CO_MENINX_CONSEILS,gerant,corporate,certain,SP_e8305c5c9b9346eb5190
PERSON_BOUSBIA_HMAIED,CO_BOUSBIA_RENT_A_CAR,gerant,corporate,certain,SP_5ae1cd6f244e8f47d5ad
PERSON_KAMOUN_NOUEFEL,CO_ATELIERS_MEDITERRANEENS_MECANIQUE_PRECISION,gerant,corporate,certain,SP_5f1903ec0f61ba0c0ccc
PERSON_BOUZAMITA_MOHAMED_HABIB,CO_NOBLESS_ALUMINIUM_COMPANY,gerant,corporate,certain,SP_a540f69ee9d6d7d8bfb1
PERSON_CHERIF_MOHAMED_ABDELWAHEB,CO_MAC_INTERNATIONAL,president_ca,corporate,certain,SP_91177d7752fdeb829568
PERSON_BENCHAABANE_MOURAD,CO_MAC_INTERNATIONAL,dg,corporate,certain,SP_d70664a1ba25dd8bddff
PERSON_JENAYAH_OMAR,CO_PROMOTION_TOURISTIQUE,unspecified,corporate,certain,SP_c52e8ac91f76acbf71f9
PERSON_JENAYAH_OTHMEN,CO_PROMOTION_TOURISTIQUE,unspecified,corporate,certain,SP_5f48a210d47f195029af
PERSON_JENAYAH_BECHIR,CO_PROMOTION_TOURISTIQUE,unspecified,corporate,certain,SP_2b58b70be6ec6474475e
PERSON_JENAYAH_OMAR,CO_PROMOTION_TOURISTIQUE,president_ca,corporate,certain,SP_1bf45f1b9e4e0f68cb48
PERSON_SASI_NEJIB,CO_AMIE_BUREAUTIQUE,gerant,corporate,certain,SP_7790e44852956bb01ec3
PERSON_BENSALEM_SALEM_ALI_KHALIFA,CO_TAIBA,gerant,corporate,certain,SP_560580c2a68af4560d07
PERSON_ZERZERI_FARES,CO_ELITE,gerant,corporate,certain,SP_680ab3f6d3395a6fb69c
PERSON_MSADEK_HEDI,CO_SERVICE_ETUDE_CONSEIL,gerant,corporate,certain,SP_119b2b3a39ad81b61d98
PERSON_SMAOUI_AHMED,CO_HOTELIERE_PORT_PRINCE,unspecified,corporate,probable,SP_2b09105668b0383e21e8
PERSON_RAHMOUNI_NADER,CO_SOPACK,gerant,corporate,certain,SP_135a40106b15a4a82969
PERSON_COMBAT_DAVID,CO_COMMECA_TUNISIE,cogerant,corporate,certain,SP_7f0053da1b83e94a0ec3
PERSON_SLAMA_CHIHEBEDINE,CO_CARTHAGE_OLIVE_OIL,administrateur,corporate,certain,SP_84b5c9a6dea4d9ad028d
PERSON_ELOUMI_MOHAMED_KHALIL,CO_D_ETUDES_TRAVAUX_FORAGE_REGENERATION_SETFOR,commissaire_aux_comptes,corporate,certain,SP_c274b40f69c6134b7fea
PERSON_FRANCE_PATRICK_RAZAT,CO_MECAHERS_AEROSPACE,cogerant,corporate,certain,SP_5fb7f5df57de892a0803
PERSON_BENARBIA_NOUREDINE,CO_KAPITAL_BUSINESS_INVESTMENT,dg,corporate,certain,SP_d9842db7692b6c7dbea8
PERSON_ZGHAL_HASIB,CO_COFITEL,dg,corporate,certain,SP_2cc7cb01b4ad4fd349c0
PERSON_CASINI_ROBERTO,CO_NEW_STYLE_ITALIAN,gerant,corporate,certain,SP_6f7ed5620368a6522aa3
PERSON_CASINI_CLAUDIO,ORGMENTION_SOCIETE CIESSE ITALIAN TRICOT C.I.T,gerant,corporate,certain,SP_799e918600f0436fe095
PERSON_ZOUARI_KHALIL,CO_EXTRA_DAME,gerant,corporate,certain,SP_296e387a0555392828e7
PERSON_SELAMI_AHMED,CO_INDUSTRIELLE_OLEICOLE_SFAXIENNE_SIOS_ZITEX,president_ca,corporate,certain,SP_4cd315002fb3fcaf22ad
PERSON_HADRICHE_KHALED,CO_COMPTOIR_SFAXIEN,gerant,corporate,certain,SP_d8d297331b601afaae51
PERSON_ZORGUI_HICHEM,CO_TUNISIAN_ITALIAN_LIGHTING_COMPANY_PLUS_TILC,gerant,corporate,certain,SP_9ff856945a028a59aca4
PERSON_AZAIEZ_SAMIR,CO_ESPADON_CONCEPT,gerant,corporate,certain,SP_d22638e3369c75b75609
PERSON_BENAYED_ISMAIEL_BENHEDI,CO_BEN_AYED_FRERES_PEINTURE_BADIGEONNAGE,gerant,corporate,certain,SP_620b707cd52b23340918
PERSON_ABDENADHER_ADEL,CO_ABDENNADHER,gerant,corporate,certain,SP_8cafdf74ae795f443b8d
PERSON_HENDAOUI_MOHAMED_SADOK,CO_ARIKA,gerant,corporate,certain,SP_0d95ddeadbbb8291790a
PERSON_SLAMA_MOEZ,CO_EUROMED_DISTRIBUTION,gerant,corporate,certain,SP_7f636a61f720826ac78a
PERSON_ZOUARI_KARIM,CO_HANA_GLOBAL_TRAIDING_COMPANY,gerant,corporate,certain,SP_2d5a46d1f14430dc9237
PERSON_LAZHERI_NOURI_SGHAIER,CO_FRANCO_TUNISIENNE_GATRANA,gerant,corporate,certain,SP_da61105b0fdce672b890
PERSON_ABDENADHER_MOHAMED_AMIN,CO_ELECTRO_ABDENNADHER,gerant,corporate,certain,SP_96fc8c380c7331949ab0
PERSON_HAMAMI_DIEB,CO_GEOPHYSICS_MORE,gerant,corporate,certain,SP_8af3c38ef53d86a616e7
PERSON_FARJALAH_NIZAR,CO_NADINE,gerant,corporate,certain,SP_849458f27096105be465
PERSON_BOUZOUITA_NADER,CO_COMPTOIR_INDUSTRIEL_PLASTIQUE,gerant,corporate,certain,SP_f030d322e9eee512244c
PERSON_MEDEB_MOHAMED_ALI,CO_TUNISIENNE_INDUSTRIES_ALIMENTAIRES,administrateur,corporate,probable,SP_4510e024371ff30cbe01
PERSON_AMAR_HABIB,CO_INDUSTRIE_BRIQUES_NORD,commissaire_aux_comptes,corporate,certain,SP_cc674c4af5a04b792a38
PERSON_BENRHOUMA_AMAR,CO_GESTION_POLE_INDUSTRIEL_TECHNOLOGIQUE_GABES,commissaire_aux_comptes,corporate,certain,SP_0479d012ca419994512a
PERSON_BENRHOUMA_AMAR,CO_GESTION_POLE_INDUSTRIEL_TECHNOLOGIQUE_GABES,pdg,corporate,certain,SP_4f8362e89152fe2f422a
PERSON_ABAS_FERID,CO_STAROIL,president_ca,corporate,certain,SP_115da99ee55acfa0d487
PERSON_TRIKI_WALIM,CO_UNIVERS_EQUIPEMENTS,gerant,corporate,certain,SP_69f2331a8fc557de97b5
PERSON_ZGHIDI_ADNENE,CO_RAYEN_FOOD_INDUSTRIES,commissaire_aux_comptes,corporate,probable,SP_c82cafb110fd4dce1476
PERSON_TRIKI_NABIL,CO_SWICORP,president_ca,corporate,certain,SP_3d3331d7ff4d3885846c
PERSON_ZINE_LILIA_BENAMAR,CO_CAP_SAVEURS,gerant,corporate,certain,SP_08762a618b9eb38c3a5c
PERSON_SASI_SKANDER,CO_MENUISERIE_ALUMINIUM_CAP_BON,gerant,corporate,certain,SP_5989c158df68acb988bc
PERSON_CHOUK_MOHAMED,CO_KLAM_ELLOUH,gerant,corporate,certain,SP_b6a7199e249178481e39
PERSON_HAMILA_OUSAMA,CO_ROI_BETON,gerant,corporate,certain,SP_4e0c1d52a3a2e13c7fa3
PERSON_HAMAMI_TAREK,CO_H_PLAST,gerant,corporate,certain,SP_e49682d55b5692a71345
PERSON_ZOUARI_FAROUK,CO_MEDITERRANEAN_BUSINESS_CONSULTING,gerant,corporate,certain,SP_823469fe9acec1c90b1f
PERSON_HAMAMI_ALI,CO_PROMOTION_IMMOBILIERE_POUR_VENTE_LOCATION_SOPIVEL,president_ca,corporate,certain,SP_50532fd1361848ee76d7
PERSON_CHAABANE_MAHMOUD,CO_ELEC_POWER,gerant,corporate,certain,SP_2c8279a01ecb514c01ed
PERSON_YAICHE_NIZAR,CO_YFIDELITY,gerant,corporate,certain,SP_79a29443f2808c277269
PERSON_SELAMI_ABDELAZIZ,CO_SIVO,pdg,corporate,certain,SP_1e3dbd5b97ac167a9672
PERSON_AREM_JAMEL,CO_TOURISTIQUE_HOTELIERE_SUD_STHS,dg,corporate,certain,SP_f64d787896e53ced3040
PERSON_AREM_MEHDI,CO_TOURISTIQUE_HOTELIERE_SUD_STHS,unspecified,corporate,certain,SP_a8f088209a99c5351d41
PERSON_HAMILA_TAREK,CO_YKH_CONSULTING,gerant,corporate,probable,SP_0c85f6f5357609acca83
PERSON_SAHNOUN_AHMED,CO_TUNISIENNE_CONDITIONNEMENT_STC,pdg,corporate,certain,SP_af87210391aaeb367a79
PERSON_MOKHTAR_FETHI,CO_SACINOR,pdg,corporate,certain,SP_5d3d76b5a441100fe6f6
PERSON_ELOUMI_MOHAMED_KHALIL,CO_CARTHAGE_CALL_CENTER,commissaire_aux_comptes,corporate,certain,SP_8efd64bb6687e9c3739f
PERSON_ZIEDI_KILANI,CO_COMPTOIR_PRODUITS_DIMPRIMERIE_CPI,gerant,corporate,certain,SP_466f7d6420dd9a00d2de
PERSON_NAIFER_MOHAMED_NAFAA,CO_FRANCO_TUNISIENNE_LHABILLEMENT,gerant,corporate,certain,SP_80fd366a05ce2270cdd8
PERSON_TRIKI_AHMED,CO_IRARGAL,gerant,corporate,certain,SP_8465a90b262436edf425
PERSON_ABROUD_HAFEDH,CO_AH_CREATION,gerant,corporate,certain,SP_7cc8ea897470f11cd03f
PERSON_CHAABANE_WASILA_BENHAMIDA,CO_DISTRI_PRO,gerant,corporate,certain,SP_625cca94bf52aaf59f0e
PERSON_ABAS_FERID,CO_SETCAR_INTERNATIONAL,pdg,corporate,certain,SP_9fbe8d59069a56e74b0d
PERSON_HAMAMI_MOHAMED_HOUCEM_EDINE,CO_BEST_LIFE,gerant,corporate,certain,SP_ac94ff4ff0a146fe6e83
PERSON_NOVELI_MASIMILIANO,CO_MCW,gerant,corporate,certain,SP_51c55ffa5a3e97748453
PERSON_BENETOUMI_MOHAMED,CO_TOUMI_CIMENT_INDUSTRIALISE,gerant,corporate,certain,SP_0cc3ed9c9b53931a5f91
PERSON_BENGHARBIA_MEHDI,CO_WFS_INTERNATIONAL,gerant,corporate,certain,SP_001b15e9dee2ad98fcc2
PERSON_GARA_CHEKIB,CO_JUNIOR,gerant,corporate,certain,SP_37c1ccc6e43af614f8d3
PERSON_BENDHIFALAH_MOHAMED_ZIED,CO_TUNISIENNE_REMORQUAGE,gerant,corporate,certain,SP_59218a240a4e7c96638f
PERSON_BENYOUSEF_MOHAMED_NABIL,CO_STUDI_INTERNATIONAL,gerant,corporate,certain,SP_4472d1ce748af0c7eb96
PERSON_MEHREZ_CHAMSEDINE,CO_PLASTICAP,president_ca,corporate,certain,SP_268dae869a4923dc88c7
PERSON_MABROUK_ISMAIL,CO_TUNISIENNE_CHOCOLATERIE_CONFISERIE,president_ca,corporate,certain,SP_c776dc664eafa57ac838
PERSON_MELITI_HEDI,CO_TUNISIENNE_CHOCOLATERIE_CONFISERIE,dg,corporate,certain,SP_6fc3299ec60409218948
PERSON_ZOUARI_MEHDI,CO_ZOUARI_CIE,administrateur,corporate,certain,SP_8db65482788e5aa51272
PERSON_MEHREZ_CHAMSEDINE,ORGMENTION_Société PRO CLEAN SARL,gerant,corporate,certain,SP_ae544e2378e92fd6c83a
PERSON_MEHREZ_CHAMSEDINE,ORGMENTION_Société CIBO 2000 SARL,gerant,corporate,certain,SP_6169f3b3cf30a7cd47bb
PERSON_MEHREZ_IDRIS,CO_AEROSOL_CAP_BON,gerant,corporate,certain,SP_95a376655924e9d52b86
PERSON_GANOUNI_WALID,CO_SILICATI_ITALO_TUNISINI,gerant,corporate,certain,SP_4a5aab1a55fe6133d61e
PERSON_SELAMI_MOHSEN,CO_STRAMICA,gerant,corporate,certain,SP_304691de930228d837a5
PERSON_SELAMI_MONDHER,CO_STRAMICA,cogerant,corporate,certain,SP_507d5d3989b929ec1205
PERSON_SELAMI_MOHAMED_AZIZ,CO_AM3S_IMMOBILIERE,gerant,corporate,certain,SP_da2ce37476cc0499e65a
PERSON_ZOUARI_RADHOUANE,CO_MISE_EN_VALEUR_D_AMENAGEMENT_AGRICOLE,gerant,corporate,certain,SP_b7866d708f9d74f689e5
PERSON_ABAS_HAMADI,CO_SEFINA_SICAF,unspecified,corporate,probable,SP_195d1b2bdcbe36277cfd
PERSON_GHENIM_KARIM,CO_SICAR_AVENIR,pdg,corporate,certain,SP_556e9258c79307a5d862
PERSON_FOURATI_RACHED,CO_FIDAL_TUNISIE,pdg,corporate,certain,SP_1202814a7747d2d3c864
PERSON_DJILANI_HEDI,ORGMENTION_4. Avenue de Monastir El Menzah VII - Ariana,pdg,corporate,probable,SP_eae75bc6e02c613117d3
PERSON_DJILANI_MOHAMED_HECHMI,ORGMENTION_4. Avenue de Monastir El Menzah VII - Ariana,dga,corporate,probable,SP_013ab2568744417d8421
PERSON_CHAABANE_NOURI,CO_HOTEL_PALACE,unspecified,corporate,certain,SP_9e7ecb1f97e6db0fb148
PERSON_ELOUMI_MOHAMED_ALI,CO_A4CONTENT,cogerant,corporate,certain,SP_c97be4b094139ba30e3b
PERSON_KOOLI_ABDELAZIZ,CO_KAMG_IMMOBILIERE,unspecified,corporate,certain,SP_570a645c993d961cb8b1
PERSON_KOOLI_MOHAMED_ALI,CO_KAMG_IMMOBILIERE,unspecified,corporate,certain,SP_2a83bc201e8d66349fe2
PERSON_KOOLI_AZIZ,CO_KAMG_IMMOBILIERE,unspecified,corporate,certain,SP_ebcffa72da94eb82bc54
PERSON_KOOLI_ABDELAZIZ,CO_KAMG_IMMOBILIERE,pdg,corporate,certain,SP_2086d4fa5f2620092a65
PERSON_NAIFER_MOHAMED_NAFAA,CO_TUNISO_FRANCAISE_COMMERCE_INTERNATIONAL,gerant,corporate,certain,SP_4cf0c6db65ce189a5a86
PERSON_MZABI_LAROUSI,CO_SOLVALOR83,cogerant,corporate,certain,SP_d425f1e1715f943f8475
PERSON_JAIDANE_RIADH,CO_INTER_PAPER,representant,corporate,certain,SP_c16e2544ba6fdd79fed8
PERSON_BELTAIFA_MOUNIR,CO_BUSINESS_INTEGREATORS,gerant,corporate,certain,SP_bd46f46451d27e3ed573
PERSON_MABROUK_SOUAD,CO_ELFAWEZ,gerant,corporate,certain,SP_4cfce908d43704c3be4e
PERSON_JOUDI_MOEZ,CO_MAGASIN_GENERAL,administrateur,corporate,certain,SP_dee866c5d0f56721677c
PERSON_TRIFA_MOHAMED,CO_PLACEMENTS_TUNISIE_SICAF,pdg,corporate,certain,SP_c9a010041e45ca07b920
PERSON_CIUMELI_GIACINTA,CO_NEXTRONICS,gerant,corporate,certain,SP_5dd25ae52cd09a689c08
PERSON_BOUAZIZ_HABIB,CO_COMPAGNIE_INTERNATIONALE_LEASING,administrateur,corporate,certain,SP_3b049fa2991ce61ef951
PERSON_RIAHI_MEHREZ,CO_AMEN_CAPITAL,dg,corporate,certain,SP_ab0178fec6bebb8f32af
PERSON_BENYEDER_WASIM,CO_AMEN_CAPITAL,dga,corporate,certain,SP_6618a18f6bd84a38109c
PERSON_HAMROUNI_HOUDA,CO_SERVICES_PAPALIA,gerant,corporate,certain,SP_bdb9c08df311f89e5b46
PERSON_CARIERO_ANTONINO,CO_MED_FOOD,gerant,corporate,certain,SP_3d551735a6cc9b412bdf
PERSON_OMRI_SALAH,CO_BISCUITERIE_NORD_AFRICAINE,dg,corporate,certain,SP_cf64e4de474885ed29c2
PERSON_BOUCHAMAOUI_WIDED,CO_ANSSEM,gerant,corporate,certain,SP_feff0d2ea77aabe4c1e8
PERSON_CHAABANE_EZEDINE,CO_SERVICES_ETUDES_CONCEIL,gerant,corporate,certain,SP_0d256b0a0828e88a7792
PERSON_MUNCK_JOHN,CO_COMPOSITES_POUR_SANITAIRE_L_INDUSTRIE_TUNISIE,president_ca,corporate,certain,SP_59c135ba1bc9a39ed297
PERSON_PAGEL_JEAN_FRANCOIS,CO_COMPOSITES_POUR_SANITAIRE_L_INDUSTRIE_TUNISIE,dg,corporate,certain,SP_24338495c20b3c2af1a8
PERSON_MRABET_RIDHA,CO_SODINO,dga,corporate,certain,SP_99d7ef4993a3b9c96ab8
PERSON_SASI_FAHMI,CO_SOGEFEC,gerant,corporate,certain,SP_d95a5216ec3af2187675
PERSON_BOUZGUENDA_SLIM,ORGMENTION_Société North Africa Contractors SA NAFCO,administrateur,corporate,certain,SP_8ce27067dfab652036b0
PERSON_KAMOUN_MAHER,CO_INDUSTRIES_PHARMACEUTIQUES_TUNISIE_SIPHAT,administrateur,corporate,certain,SP_e0fdb628044223eaab83
PERSON_DAKHLAOUI_KILANI,CO_WORLD_CAR_PROSPECTING,gerant,corporate,certain,SP_803f082a8abf724229ae
PERSON_CHAABANE_RIDHA_ALI,CO_CHAABANE_FILS,gerant,corporate,certain,SP_a8e7d0e8e1f1e76c838f
PERSON_AYADI_MANSOUR,CO_FARAH_CREATION,gerant,corporate,certain,SP_6d1247af60ce0257ead3
PERSON_SASI_ABDELKADER,CO_INDUSTRIELLE_VETEMENT,gerant,corporate,certain,SP_1d2413ab1ce410017f98
PERSON_BELAID_MEKI,CO_SOMEF_TUNISIE,administrateur,corporate,certain,SP_a5e58d6953e4adbfea62
PERSON_CHAIBI_NABIL,CO_ULYSSE_LOGISTICS_COMPANY,president_ca,corporate,certain,SP_e1d5f391896abe0113a8
PERSON_HAMAMI_LASAAD,CO_CHREIF_HAMMAMI_PLAST,gerant,corporate,certain,SP_a77f70843e4d0e9232ba
PERSON_CHAABANE_AMIR,CO_INTERCRAFT,gerant,corporate,certain,SP_40107003d56ced375118
PERSON_ABAS_FERID,CO_STAROIL,pdg,corporate,certain,SP_40ddb06d68ebbd311909
PERSON_CHAABANE_ABDELAZIZ,CO_PROMOTION_IMMOBILIERE_EL_BEIT_BEITEK,gerant,corporate,certain,SP_aabec3823aa1e4b51ff5
PERSON_SLAMA_HASEN,CO_SLAMA_SERVICES,gerant,corporate,certain,SP_f0e81e0fca1470326b57
PERSON_SASI_SAMEH,CO_MULTIPLATRE,cogerant,corporate,certain,SP_d2ce197ae9858fb362b3
PERSON_LOUKIL_BASEM,CO_SACEM_INDUSTRIES,administrateur,corporate,certain,SP_70977d1ed8e4353350fa
PERSON_LOUKIL_WALID,CO_SACEM_INDUSTRIES,administrateur,corporate,certain,SP_8032ab0ae7f24aa057e6
PERSON_BELKHIRIA_KAMEL,CO_PATES_WARDA,pdg,corporate,certain,SP_7e13f9883a68c95010f4
PERSON_BENAYED_AHMED,CO_TUNISIENNE_ASCENSEURS_SCHINDLER_STAS_SCHINDLER,gerant,corporate,certain,SP_51d58c06eeae0f56f727
PERSON_KACEM_MOHAMED,CO_KACEM_ELECTRONIC_INDUSTRIE,gerant,corporate,certain,SP_c8c84497ddd8f5368b0e
PERSON_ARFAOUI_CHOKRI,CO_PERSPECTIVE_PRODUCTION,gerant,corporate,certain,SP_cd054b564a7c3ba45183
PERSON_AYOUB_MONCEF,CO_GRANDE_FABRIQUE_CONFISERIE_ORIENTALE,dg,corporate,certain,SP_3d37bcb85aa8d21f5b9e
PERSON_ZRIBI_LAMIA,CO_BANQUE_FINANCEMENT_PETITES_MOYENNES_ENTREPRISES,administrateur,corporate,certain,SP_078896f1e8e32bad0b8f
PERSON_BEJA_SADOK,CO_BANQUE_FINANCEMENT_PETITES_MOYENNES_ENTREPRISES,administrateur,corporate,certain,SP_99fd392d71a1335eb097
PERSON_ABDENADHER_LOTFI,CO_MODERNE_CERAMIQUE_SOMOCER,president_ca,corporate,certain,SP_2a97414198a6af8eede4
PERSON_SELAMI_MONCEF,CO_TUNISIAN_TELECOM_ELECTRIC,administrateur,corporate,probable,SP_acf82c9df8e65979f13d
PERSON_SELAMI_RAOUDHA,CO_TUNISIAN_TELECOM_ELECTRIC,administrateur,corporate,probable,SP_6cf1cf81a6b6260eb078
PERSON_FOURATI_LAMIA,CO_TUNISIAN_TELECOM_ELECTRIC,administrateur,corporate,probable,SP_13d48e638c13098b79d0
PERSON_CHERIF_IMEDEDINE,CO_UNION_FACTORING,administrateur,corporate,probable,SP_490c43ec64d46d62ba3d
PERSON_MABROUK_BELGACEM,CO_AGROLIVA_INTERNATIONAL,commissaire_aux_comptes,corporate,probable,SP_769e7ae335c61f6fb135
PERSON_AMOR_LEILA_BENCHEIKH,ORG_ASSOCIATION_TUNISIENNE_POUR_SAUVEGARDE_MUSEES_SITES_ARCHEOLO,secretaire_general,corporate,certain,SP_b3828dfe9991f39851ba
PERSON_FEKI_HOUCINE,ORG_ASSOCIATION_TUNISIENNE_POUR_SAUVEGARDE_MUSEES_SITES_ARCHEOLO,treasurer,corporate,certain,SP_c4dca6032557f2c402b7
PERSON_DAMAK_MOHAMED,ORG_ASSOCIATION_TUNISIENNE_POUR_SAUVEGARDE_MUSEES_SITES_ARCHEOLO,member,corporate,certain,SP_2465bacf0f531e53253d
PERSON_HOUSEIN_FETHI,ORG_ASSOCIATION_TUNISIENNE_POUR_SAUVEGARDE_MUSEES_SITES_ARCHEOLO,member,corporate,certain,SP_8f7663d0bc0e72234d0c
PERSON_MARZOUK_MOHAMED,ORG_ASSOCIATION_TUNISIENNE_POUR_SAUVEGARDE_MUSEES_SITES_ARCHEOLO,member,corporate,certain,SP_6a22dc4329d14efbacd1
PERSON_BAHRI_MOHAMED_FATHI,ORG_ASSOCIATION_TUNISIENNE_POUR_SAUVEGARDE_MUSEES_SITES_ARCHEOLO,member,corporate,certain,SP_3e7bcda3aa48e59451d4
PERSON_SLAMA_RIDHA,ORG_ASSOCIATION_TUNISIENNE_POUR_SAUVEGARDE_MUSEES_SITES_ARCHEOLO,member,corporate,certain,SP_57319ef70599e1c3068c
PERSON_CHOYAKH_FAEZ,ORG_ASSOCIATION_TUNISIENNE_POUR_SAUVEGARDE_MUSEES_SITES_ARCHEOLO,member,corporate,certain,SP_82cd2325e200fcfb9d56
PERSON_BESBES_MYRIAM,ORG_ASSOCIATION_TUNISIENNE_POUR_SAUVEGARDE_MUSEES_SITES_ARCHEOLO,member,corporate,certain,SP_7ea0c066e7b148cad579
PERSON_SLAMA_RAMLA,ORG_ASSOCIATION_TUNISIENNE_POUR_SAUVEGARDE_MUSEES_SITES_ARCHEOLO,member,corporate,certain,SP_b621cff0ab55c7519ec1
PERSON_SLAMA_HAROUN,ORG_ASSOCIATION_TUNISIENNE_POUR_SAUVEGARDE_MUSEES_SITES_ARCHEOLO,member,corporate,certain,SP_2d1daf8860eac9d80500
PERSON_ABDELAOUI_ABDALAH,CO_GERMAN_CONNEX_CONSULT_GCC,gerant,corporate,certain,SP_c7259d3781e9deef3449
PERSON_MABROUK_RIADH,CO_INTERNATIONAL_DIGITAL_SERVICES,gerant,corporate,certain,SP_00694ed0611e873157a2
PERSON_SASI_IBTISEM,CO_BOULANGERIE_PATISSERIE_LAC,gerant,corporate,certain,SP_c6be027fe6f64bc44149
PERSON_AMAR_KARIM,CO_PARTNER_INVESTMENT,dg,corporate,certain,SP_2f616a4f657f0cb7b9be
PERSON_TAHER_HASEN,CO_AGRICOLE_FRUITS_IDEALES_SAFI,gerant,corporate,certain,SP_23a750c6e7ceb6ea89d4
PERSON_MZABI_HABIB,CO_LAS_PALMAS_JERBA,gerant,corporate,certain,SP_4e2c2f4460b4eebe0f98
PERSON_ELOUMI_SLIM,CO_ABM_INFORMATIQUE,gerant,corporate,certain,SP_33c156cef24a32b3cf43
PERSON_GUERMAZI_TIJANI,CO_MEUNIERE_TUNISIENNE,pdg,corporate,probable,SP_e635d0076d9dc9509b42
PERSON_SLAMA_KHALIL,CO_STAFROID,gerant,corporate,certain,SP_62783ddd163851fe1c3e
PERSON_NOUIRA_CHEKIB,CO_C_N_SICAR,president_ca,corporate,certain,SP_90db36071c7a9daa3d18
PERSON_MZID_KHALED,CO_C_N_SICAR,dg,corporate,certain,SP_244a6602ab5ea7c132e9
PERSON_TRABELSI_MOHAMED,CO_TRABELSI_MOSAIQUE_CERAMIQUE_DAR,gerant,corporate,certain,SP_d825a2c7a0135f466653
PERSON_MHIRI_MOURAD,CO_HOTELIERE_EL_KANTAOUI,dga,corporate,certain,SP_bb107c2a0aa3c7f8ebeb
PERSON_MHIRI_MOURAD,CO_BALNEAIRE_HAMMAMET_SUD,dga,corporate,certain,SP_c384db35f87568b4c5c5
PERSON_MHIRI_SAMI,CO_BALNEAIRE_HAMMAMET_SUD,dga,corporate,certain,SP_93bfb15391aedcdde458
PERSON_MHIRI_SAMI,CO_HOTELIERE_MOURADI_TOZEUR,dga,corporate,certain,SP_ea2bc538bd14089f4bbc
PERSON_MHIRI_SAMI,CO_TOURISTIQUE,dga,corporate,certain,SP_b2db1e9addaf3e174fc5
PERSON_MHIRI_SAMI,CO_IMMOBILIERE_TOURISTIQUE_TUNISIE,dga,corporate,certain,SP_61d9cc940fb003f34d25
PERSON_MHIRI_SAMI,CO_TOURISTIQUE_EL_MOURADI,dga,corporate,certain,SP_afdb1f9059a9642d322c
PERSON_MHIRI_SAMI,CO_TOURISTIQUE_THERMALE_KROUMIRIE,dga,corporate,certain,SP_ff36f8c7a39ac9b1fe47
PERSON_MHIRI_MOURAD,CO_MEUBLATEX,dga,corporate,certain,SP_94701a13bf731c7c2749
PERSON_MHIRI_MOURAD,ORGMENTION_Société Clinique de Sousse,dga,corporate,certain,SP_df219252b907a4562ea3
PERSON_MHIRI_SAMI,ORGMENTION_Société Clinique de Sousse,dga,corporate,certain,SP_caf2484a77f2fbb1ca22
PERSON_MHIRI_MOURAD,CO_DINVESTISSEMENTS_HOTELIERS_EL_MOURADI,dga,corporate,certain,SP_575a1b6ab385dabd722d
PERSON_CHAABANE_TAREK,CO_EL_WIFAK_MARBRE_SOWIMAR,gerant,corporate,certain,SP_f4fb01e9f03f362e507c
PERSON_ZOUARI_TAREK,CO_REMPLAST,commissaire_aux_comptes,corporate,certain,SP_8320f7a76d4a9ba7ea63
PERSON_MABROUK_IMED,CO_CUE_3D_TECHNOLOGY,gerant,corporate,certain,SP_9994a67cbb6d018dee9d
PERSON_AYADI_KHALED,CO_FLEXO_PRINT,dg,corporate,certain,SP_c73128ea4607f7a846ba
PERSON_KOUBAA_THAMEUR,CO_MEDFACTOR,dg,corporate,certain,SP_d2623381530ab0ab8122
PERSON_BENSIR_NADIM,CO_NATURALLIANCE,gerant,corporate,certain,SP_e1da925c9e78e083d710
PERSON_KRAIEM_MOHAMED_FADHEL,CO_TOPNET,administrateur,corporate,certain,SP_5e4481075b0de1d7d11a
PERSON_GALVANI_MATHIEU,CO_TOPNET,administrateur,corporate,certain,SP_dc3294b8cc39280a4294
PERSON_BAYAHI_YAHIA,CO_GRANDS_SILOS_BEJA,president_ca,corporate,probable,SP_b58d81f8b2cdcf4a0c65
PERSON_BAYAHI_TAHER,CO_TRANSPORT_NORD_TUNSIEN,president_ca,corporate,probable,SP_d754fa5af1f12f89b2e0
PERSON_CHAABANE_WALID,CO_KOBRA_CALZATURE,gerant,corporate,certain,SP_b5ca0ee8ce179dc517f9
PERSON_CHAABANE_MOHAMED_NEJIB,CO_SCEN,gerant,corporate,certain,SP_afd49ee0f1e5e022c6bb
PERSON_BENAYED_RIADH,CO_AZUR,pdg,corporate,certain,SP_5c4b43d538ff19e7f755
PERSON_AREM_MOHAMED_ANIS,CO_ALDIANA_DJERBA,president_ca,corporate,certain,SP_19657bc9f73218549406
PERSON_HAMROUNI_WALID,CO_ILEF,gerant,corporate,certain,SP_5fa5ddf88b4e84552e0d
PERSON_SLAMA_SALAH,CO_BALLACK,gerant,corporate,certain,SP_e07461acede2ff3ae9f6
PERSON_TRIKI_WASIM,CO_LEZ_ARTS,gerant,corporate,certain,SP_db11458aa819ff056674
PERSON_NEFZI_BECHIR,CO_STAROIL,administrateur,corporate,certain,SP_d049b5c2c7acbc964166
PERSON_HAMAMI_BCHIRA,CO_SOTAS,gerant,corporate,certain,SP_a24b4d3aa270ef7736f7
PERSON_BENHAMAMIA_TAHER,CO_SMART_SPECTRA,gerant,corporate,certain,SP_3cf08e8ae0b4b3f58679
PERSON_HAMAMI_CHAARI_GIHEN,CO_TRANSACTION_GESTION_IMMOBILIERE,gerant,corporate,certain,SP_a9aeba37c31f0066de3b
PERSON_SANDI_RAMZI,CO_WINTHROP_PHARMA_TUNISIE,administrateur,corporate,certain,SP_ef885def754e3b245d48
PERSON_SASI_AYMEN,CO_TRAVAUX_SASSI_FILS,gerant,corporate,certain,SP_b37c6600d82a48a20a69
PERSON_CESARIO_FRANCESCO,CO_FRANCO_GELATO_TUNISIE,cogerant,corporate,certain,SP_032b8f4f53ba1a644e9b
PERSON_ELOUMI_ALI,CO_IMMOBILIERE_FEKRIA,gerant,corporate,certain,SP_3db1c90057a37bcaee81
PERSON_SLAMA_FAKHRI,CO_ASSIL,gerant,corporate,certain,SP_9720508e1c888a1cabac
PERSON_SFAR_MOHAMED_ELBECHIR,ORGMENTION_SOCIETE COMMERCIALE ET INDUSTRIELLE M'HAMED SFAR,administrateur,corporate,certain,SP_acebb0caac401350c68b
PERSON_SFAR_ZEINEB_AICHA,ORGMENTION_SOCIETE COMMERCIALE ET INDUSTRIELLE M'HAMED SFAR,administrateur,corporate,certain,SP_bcb32bf92096d6c53960
PERSON_HAMROUNI_HAMAID,CO_TUNISO_ALGERIENNE_CIMENT_DERIVES_SOTACID,administrateur,corporate,certain,SP_b4dadd59c0dde97db8dc
PERSON_BENYEDER_ANIS,CO_INDUSTRIELLE_PLASTIQUE_ARME_SINPAR,gerant,corporate,certain,SP_c4fb13d68ca3f3792934
PERSON_TRIKI_MOHAMED_ALI,CO_MW,cogerant,corporate,certain,SP_b62102beb8e82ba6715a
PERSON_KAMOUN_MOHAMED,CO_NK_TRAINING,gerant,corporate,certain,SP_15940e3e4cb3699efe78
PERSON_HAMAMI_AMEL,CO_SANI_MODE,gerant,corporate,certain,SP_d7166362cd333c6771da
PERSON_JABALI_ABDELBASET,CO_CESAR,gerant,corporate,certain,SP_3989560a2a698c0b123d
PERSON_ZOUARI_MOHAMED,CO_RESTO_TICKET_LUNCH,gerant,corporate,certain,SP_68c0e1ab736bdb4e02fd
PERSON_KILANI_NABIL,CO_NORTH_AFRICAN_PRODUCTS_PROMOTION_AGENCY,gerant,corporate,certain,SP_b679a6c46154e805c4d5
PERSON_ABDALAH_MOHAMED,CO_NOOR_OIL_COMPANY,gerant,corporate,certain,SP_188175933fc2d3d37afd
PERSON_TRABELSI_MOHAMED,CO_DA_VINCI,administrateur,corporate,certain,SP_3bb071c199512afdf098
PERSON_MEDIMAGH_REFKA_MABROUK,CO_MEDIA_VISION_STORE,gerant,corporate,certain,SP_b8d3f94956280f7198cb
PERSON_BOUGUENA_ABDELHAMID,CO_GOLDEN_EXPORT,dga,corporate,certain,SP_a1df09e147922af15a06
PERSON_MABROUK_AMEL,CO_PATRIMOINE_SICAF,administrateur_delegue,corporate,certain,SP_9a66c631eb2362b0b017
PERSON_KAMOUN_KARIM,CO_INTERNATIONAL_CONSULTING_SERVICES,gerant,corporate,certain,SP_dc8b27291453b124c897
PERSON_ELHAMDI_LOTFI,CO_PITA_SHOES,cogerant,corporate,certain,SP_6ebdc3f7beeff3ede9b9
PERSON_TRIKI_AHMED,CO_DEX,gerant,corporate,certain,SP_d1d2445a9d5213b5b59c
PERSON_CHAABANE_MBAREK,CO_SOTULAME,gerant,corporate,certain,SP_cd8c94302ce508d944ab
PERSON_KAMOUN_MOEZ,CO_FOCUS_LOCATION,gerant,corporate,certain,SP_927edbce15975f61c4c3
PERSON_DRIRA_MOHAMED,CO_DREAM_FASHION_TUNISIE,gerant,corporate,certain,SP_7b3d1800df76cabb7f5e
PERSON_HAMAMI_MOHAMED_ALI,CO_ESPACE_FORM,gerant,corporate,certain,SP_411d0e66c57915bbb9b3
PERSON_SLAMA_ABDELHAKIM,CO_PACKPLUS,administrateur,corporate,probable,SP_5a4492118dc08cd658df
PERSON_SLAMA_LASAAD,CO_PACKPLUS,administrateur,corporate,probable,SP_5c5c8ff867b4487c53e1
PERSON_SLAMA_MOHAMED_AMIN,CO_PACKPLUS,administrateur,corporate,probable,SP_9fafdaa9f7b4e4c1cbb1
PERSON_SLAMA_MOHAMED_AMIN,CO_PACKPLUS,pdg,corporate,probable,SP_fff7032dd72f7f1ac18c
PERSON_HAMAMI_KHEDIJA,CO_ALLO_TAXI_SFAX,gerant,corporate,certain,SP_5cc0d7ee4b89d1e44bd7
PERSON_ZOUARI_TAREK,CO_EXACTT_CONSULTING_TUNISIE,gerant,corporate,certain,SP_0be40ba548ab6a6601ca
PERSON_HORCHANI_NAJIA,CO_SERVICE_NETTOYAGE_SOSEN,gerant,corporate,certain,SP_4992e7d3b8e8c44164a0
PERSON_SELAMI_MONCEF,CO_FUBA,administrateur,corporate,probable,SP_8e1a336f700c87c258fa
PERSON_HAMROUNI_NAIMA,CO_DASSAINISSEMENT_DENTRETIEN_SAHEL,gerant,corporate,certain,SP_8d2ae52308e1c6520d78
PERSON_CHAABANE_THAMEUR,CO_CHAABANE_COMMERCE_INTERNATIONAL,gerant,corporate,certain,SP_c7d38ddc2d9e61e41539
PERSON_HORCHANI_YOUSEF,CO_PRESSING_EL_HORCHANI,gerant,corporate,certain,SP_34196e196b8f9c5b6e06
PERSON_KAMOUN_HABIB,CO_SPID_TUNIS,dga,corporate,certain,SP_1e48c02b715b52e420b9
PERSON_SELAMI_RAMI,CO_LINGERIE_FASHION,gerant,corporate,certain,SP_2225b288f4fca472cc9b
PERSON_ZOUARI_ISMAIL,CO_ZOUARI_MENUISERIE_ALUMINIUM_SOZOMA,gerant,corporate,certain,SP_51e0871ba3fd080e6a11
PERSON_SASI_RAMZI,CO_ROYAUME_ELEC,gerant,corporate,certain,SP_88ccbe674200f3f76ed8
PERSON_HAMROUNI_ABDELKADER,CO_SICAF,commissaire_aux_comptes,corporate,certain,SP_7a5c1d2842ac9b3100b3
PERSON_HAMROUNI_ABDELATIF,CO_SICAF,commissaire_aux_comptes,corporate,certain,SP_a13f284d701e1e3de20e
PERSON_HAMROUNI_KHEIREDINE,CO_SICAF,commissaire_aux_comptes,corporate,certain,SP_8811d0e3714a8e9f8f9b
PERSON_BENYAGHLANE_MOHAMED,CO_ARTISANALE_MOBILIER_CONTEMPORAIN_SOAMCO,gerant,corporate,probable,SP_58bfe58ce3c8c342da95
PERSON_HAMAMI_HAKIM,CO_KHAYRAT_EL_MEHRINE,cogerant,corporate,probable,SP_1ae7bb0da008df5f4040
PERSON_ZOUARI_MOHAMED,CO_ALLIANCE_DIFFUSION,gerant,corporate,certain,SP_fbee0d1e4df12f613f0f
PERSON_SLAMA_NABIL,CO_3D_SOFT,cogerant,corporate,certain,SP_55f1dda111a08fdebb59
PERSON_BELMABROUK_RIDHA,CO_MISE_EN_VALEUR_DEVELOPPEMENT_AGRICOLE,dga,corporate,certain,SP_709881ef2193e9928905
PERSON_SASI_ABDELKADER,CO_EXTRA_MARMI,gerant,corporate,certain,SP_ed4a6e29ee8216c1be70
PERSON_AREM_MAHMOUD,CO_FEERIE,gerant,corporate,certain,SP_e2a7f9c1133b6503d709
PERSON_TRIKI_MARIEM_DAMAK,CO_MARIEM_DAMAK_TRIKI_CIES_OPTIQUE,gerant,corporate,certain,SP_c319aff3daecd627c8b8
PERSON_ROUIS_MOHAMED_ELARBI,CO_LEONI,administrateur,corporate,certain,SP_d3ed239e2fa56e9d3727
PERSON_HAMAMI_HELA,CO_TRIANGLE_INTERNATIONAL_SERVICES_LINKS,gerant,corporate,certain,SP_59bc5a9bf7b880b57c66
PERSON_DRIS_MALEK,CO_VIRGOAPPS,gerant,corporate,certain,SP_c691c73d03eeb5bf7aa6
PERSON_HACHICHA_MOHSEN,CO_INDUSTRIES_ALIMENTAIRES_RANDA,administrateur,corporate,probable,SP_43a37bcb5a82211b27ed
PERSON_HACHICHA_FATHI,CO_INDUSTRIES_ALIMENTAIRES_RANDA,administrateur,corporate,probable,SP_cb5b9be991695f51710a
PERSON_HACHICHA_SOUHEIL,CO_INDUSTRIES_ALIMENTAIRES_RANDA,administrateur,corporate,probable,SP_4d404807546cb3cb6a54
PERSON_HACHICHA_SAMI,CO_INDUSTRIES_ALIMENTAIRES_RANDA,administrateur,corporate,probable,SP_169043f9fcd635046401
PERSON_KHOUAJA_MAHDI,CO_INDUSTRIES_ALIMENTAIRES_RANDA,administrateur,corporate,probable,SP_3a62356e1d913374f4de
PERSON_BENMOUSA_ALI_BENBRAHIM,CO_FONCIERE_LAVENUE_FRANCE,dg,corporate,certain,SP_a1d04f19ca77df859ee6
PERSON_BENMOUSA_ALI_BENBRAHIM,CO_CIVILE_UNION_FRANCO_ITALIENNE,dg,corporate,certain,SP_f3a8cb8936339b7c3a8b
PERSON_EZIO_MIGLIORINI,CO_GENERAL_BETON_TUNISIE,unspecified,corporate,certain,SP_a57455fc1ea3c71bac7f
PERSON_TRIKI_KHALIL,CO_HOZONE_TRADING,gerant,corporate,certain,SP_0c32cd16e04d9c0e2521
PERSON_ZOUARI_KHALED,CO_SOGECOF_ZARZIS,gerant,corporate,certain,SP_5b07d28dea832d9ecdaa
PERSON_FETNASI_SAMI,CO_ZOUABI,gerant,corporate,certain,SP_2a9e3c2415dec5f241cc
PERSON_KILANI_WALID,CO_EWA_SECURITE,gerant,corporate,certain,SP_63354f185e4e891e04b9
PERSON_TLILI_LAKHDHAR,CO_INDUSTRIES_CHIMIQUES_FLUOR,president_ca,corporate,certain,SP_4fe5c23e96373bddf6de
PERSON_HERMASI_ALI_BENAMAR,CO_HERMESS_CARBONATE,pdg,corporate,certain,SP_979b528031ff2f780fe6
PERSON_HERMASI_ALI_BENAMAR,CO_STIC,pdg,corporate,certain,SP_d818c37425f55dbdba67
PERSON_SASI_MOHAMED_ALI,CO_ELECTRO_MAGIC,gerant,corporate,certain,SP_c82fc0af641e1ae72a63
PERSON_MARQUIER_MARTINE,CO_CONTROL_CONSULTING,gerant,corporate,certain,SP_4fbf57e41beb9ec3a653
PERSON_DENGUEZLI_HATEM,ORGMENTION_LAND'OR,administrateur,corporate,probable,SP_08fdf1475fc1a7a2cde2
PERSON_AYED_HICHEM,ORGMENTION_LAND'OR,administrateur,corporate,probable,SP_cdbae9d9294e81ca5e31
PERSON_CHOURIA_RIDHA,ORGMENTION_LAND'OR,administrateur,corporate,probable,SP_6a32b6d5b7c70b92e758
PERSON_HAMAMI_HAMOUDA,CO_SIRCAR_PLUS,gerant,corporate,certain,SP_fd5364a9f59e4cb3172a
PERSON_BOUZAIENE_ABDELKADER,CO_TASMID_INDUSTRY,administrateur,corporate,certain,SP_fc002ecb3bbe59e9286f
PERSON_TAKTAK_AMINE,CO_TUNISIENNE_INDUSTRIES_ENERGETIQUES,gerant,corporate,certain,SP_05f5b4ebe7f3b7e5a623
PERSON_KAMOUN_FADHEL,CO_IDEBA_IMMOBILIERE,gerant,corporate,certain,SP_91167866ab5250148d43
PERSON_MZABI_KHALED,CO_DJO_WORLD_TRADING,gerant,corporate,certain,SP_5c5e5c4b033624170464
PERSON_GAMBINI_RENZO,CO_PROJECT_ITALIA,gerant,corporate,certain,SP_f62ddd1271a4e9e32fb6
PERSON_KILANI_AMIN,CO_KILANI_COMPUTER_COMPANY_K2C,gerant,corporate,certain,SP_d35467d485384e9b29f0
PERSON_HAMROUNI_AYATALAH,CO_TUNISIENNE_LEXPLOITATION_ALIMENTAIRE,gerant,corporate,certain,SP_7f3f197c53fa80a7f78b
PERSON_KILANI_JIHEN,CO_AFRICAN_TRADE_INTERNATIONAL,gerant,corporate,certain,SP_6284a7d8012dd52554dc
PERSON_RZEM_ABDELHAMID,ORGMENTION_Société Nouvelle des Villages de Vacances,dg,corporate,certain,SP_03e2c35779bd1919ce90
PERSON_LINCZOWSKI_ERIC,CO_NABIHA_STORY,gerant,corporate,certain,SP_eb34769a2de548cf1f8c
PERSON_ERIK_MARCON,CO_GENERAL_PAV_TUNISIE,gerant,corporate,certain,SP_0387c3d2b4f0c05650b4
PERSON_EZIO_MIGLIORINI,CO_GENERAL_PAV_TUNISIE,unspecified,corporate,certain,SP_c59a311bdbe832af1c11
PERSON_HAMAMI_NEJIB,CO_FAMILY_ADVENTURE,gerant,corporate,certain,SP_b1ae7f0385b1f49e48d6
PERSON_BOCHER_GERARD_CELESTIN,CO_FRANCE_INTERNATIONAL_SERVICES,gerant,corporate,certain,SP_95d99c7a1483c94037bf
PERSON_DRIS_MOHAMED_TAIEB,CO_PROFIL_METAL,administrateur,corporate,certain,SP_fbc672767d3576733484
PERSON_DRIS_CHIRAZ,CO_PROFIL_METAL,administrateur,corporate,certain,SP_5e365c71245623d68294
PERSON_DRIS_TAOUFIK,CO_PROFIL_METAL,administrateur,corporate,certain,SP_81c66b4a1fb1ba8173d7
PERSON_DRIS_FAYCEL,CO_PROFIL_METAL,administrateur,corporate,certain,SP_e3cfbc5a6d03f117abb7
PERSON_DRIS_MOHAMED_TAIEB,CO_PROFIL_METAL,pdg,corporate,certain,SP_f59709fd1ae3792c9754
PERSON_SELAMI_HEDI_KARIM,CO_AUTO_CABLES_TUNISIE,administrateur,corporate,probable,SP_5257251204eda923fa41
PERSON_MANAI_DHAMIR,CO_CYBER_SECURITY_LAB_27,pdg,corporate,certain,SP_bbfdbfb7d01f42734ae7
PERSON_SLAMA_ALI,CO_INFORMATION_TELECOM_TECHNOLOGY_DISTRIBUTION,administrateur,corporate,certain,SP_75907772da621cfafccf
PERSON_SLAMA_GHASEN,CO_INFORMATION_TELECOM_TECHNOLOGY_DISTRIBUTION,administrateur,corporate,certain,SP_b57299b7c8944f6c79ec
PERSON_SLAMA_FAOUZIA_KHALFALAH,CO_INFORMATION_TELECOM_TECHNOLOGY_DISTRIBUTION,administrateur,corporate,certain,SP_c7c4ef402c0960b4bee8
PERSON_SLAMA_CHIHEBEDINE,CO_INFORMATION_TELECOM_TECHNOLOGY_DISTRIBUTION,administrateur,corporate,certain,SP_2d6944c61b729bfbe21c
PERSON_MAHMOUDI_HOUDA,CO_INFORMATION_TELECOM_TECHNOLOGY_DISTRIBUTION,administrateur,corporate,certain,SP_75ff7ee8acbc3670700b
PERSON_SLAMA_FAOUZIA_KHALFALAH,CO_INFORMATION_TELECOM_TECHNOLOGY_DISTRIBUTION,president_ca,corporate,certain,SP_4a3b1ecffb9a18c5c621
PERSON_SLAMA_CHIHEBEDINE,CO_INFORMATION_TELECOM_TECHNOLOGY_DISTRIBUTION,dg,corporate,certain,SP_a677bcb295eb223ed6b9
PERSON_CHABOUH_JABEUR,CO_ENTREPOTS_FRIGORIFIQUES_TAZARKA_LEFT,gerant,corporate,certain,SP_b3158b779c179e3ddfd0
PERSON_KOOLI_MAHBOUBA,CO_TISSU_EPONGE_SPONGITEX,pdg,corporate,certain,SP_8693225a4d11337fd43a
PERSON_SASI_HATEM,CO_IMMOBILIERE_MEDITERRANEENNE,gerant,corporate,certain,SP_6870bb83005f67e51c5a
PERSON_MABROUK_ISAOUI,CO_ALPHA_CUISINE,gerant,corporate,certain,SP_77b4bc2f034b3e4a73c8
PERSON_DENGUIR_TAHER,CO_TECHNIQUES_MARBRE_TECNOMARBRE,gerant,corporate,certain,SP_65bff15690ba65a54f40
PERSON_HAMROUNI_MOHAMED_KACEM,CO_STAFF_CREATIONS,gerant,corporate,certain,SP_888d16a2fd96d021a5c6
PERSON_SELAMI_HEDI_KARIM,CO_ELEONETECH,commissaire_aux_comptes,corporate,probable,SP_b2bc53efa1ee28c2bfe9
PERSON_SELAMI_MONCEF,CO_ELEONETECH,commissaire_aux_comptes,corporate,probable,SP_3d87d73ed42af249dc2f
PERSON_SELAMI_SLIM,CO_ELEONETECH,commissaire_aux_comptes,corporate,probable,SP_8f51880754b188d5579c
PERSON_ABDELKEFI_AHMED,CO_TUNISIE_VALEURS,administrateur,corporate,probable,SP_e7a2f3fad18b8f73e394
PERSON_MBAREK_AZIZ,CO_TUNISIE_VALEURS,administrateur,corporate,probable,SP_9e64cdd9022ab3edb214
PERSON_BENAMAR_ABDERAZEK,CO_TUNISIE_VALEURS,administrateur,corporate,probable,SP_02aaab88cbd214cf40c6
PERSON_MAAOUI_MONCEF,CO_TUNISIE_VALEURS,administrateur,corporate,probable,SP_c3986e64bdcfceb19bff
PERSON_LARGUECHE_SLAHEDINE,CO_TUNISIE_VALEURS,administrateur,corporate,probable,SP_78db488576863f0fd5b6
PERSON_MESTIRI_FETHI,CO_TUNISIE_VALEURS,administrateur,corporate,probable,SP_3612f30f7917f6eb522f
PERSON_ESEBSI_SLAHEDINE_CAID,CO_TUNISIE_VALEURS,administrateur,corporate,probable,SP_0877de20044535f0d05b
PERSON_HAMAMI_LAROUSI,CO_GENERALE_PILOTAGE_SUIVI,gerant,corporate,certain,SP_bbbc3189a804bafdb188
PERSON_ABDENADHER_HATEM,CO_TANIT_WEB_ENGINEERING,gerant,corporate,certain,SP_c9c1bf82947929b79788
PERSON_KHALFALAH_MOEZ,CO_EMBALLAGES_SUD_SES,dga,corporate,certain,SP_0611e4d897e398104dbc
PERSON_MOKHTAR_SADRI,CO_SACINOR,dga,corporate,certain,SP_235d19c9b96346ceccc1
PERSON_MHIRI_MOURAD,CO_TOURISTIQUE,dga,corporate,certain,SP_59747832ab038b84c429
PERSON_SLAMA_IMEN_BORNAZ,CO_EXCELLENCE_INFORMATIQUE,gerant,corporate,certain,SP_0cd15819c02c5bfc1395
PERSON_ELOUMI_GHAZI,CO_SERVICE_TELEPHONIQUE_SUD_SOSTELSUD,gerant,corporate,certain,SP_626c3f0f3697cde46bba
PERSON_MRAD_SLAH,CO_AMIR_CONFECTION,gerant,corporate,certain,SP_520ddd995482142f3d63
PERSON_MEHREZ_CHAMSEDINE,CO_JUDY_POUR_TRANSPORT_SERVICES,gerant,corporate,certain,SP_c6e9af640d1dc552d0a0
PERSON_MEHREZ_IDRIS,CO_JUDY_POUR_TRANSPORT_SERVICES,cogerant,corporate,certain,SP_68faaf075a0f7f02f38a
PERSON_KILANI_ANIS,CO_KYRANIS_DISTRIBUTION,cogerant,corporate,certain,SP_50f7785fea95ab280967
PERSON_TRABELSI_MOHAMED,CO_MEDITERANENNE_COMMERCE_INTERNATIONALE,gerant,corporate,certain,SP_bea4974156712d71d670
PERSON_LOUKIL_BASEM,CO_LOUKIL_MANAGEMENT_CONSEIL,pdg,corporate,probable,SP_81a72072712e6d43b9e7
PERSON_DERBEL_FAYCEL,CO_LOUKIL_MANAGEMENT_CONSEIL,commissaire_aux_comptes,corporate,probable,SP_b07fbaed02fd488130e4
PERSON_GHRAIEB_FETHI,CO_GHRAIEB_DEXPLOITATION_DISTRIBUTION_SOGEDIS,gerant,corporate,certain,SP_e69f7da03ce75b3ee9be
PERSON_SELAMI_WAHID,CO_DEVELOPPEMENT_BARAKA_SODEBA,gerant,corporate,certain,SP_b569dc526a3bd9748574
PERSON_PANFILO_MASIMO_DI,CO_CENTRE_BRODERIE_ITALIA,gerant,corporate,certain,SP_fabf7de36043026a204f
PERSON_PIERSANTE_DANIELE,CO_CENTRE_BRODERIE_ITALIA,cogerant,corporate,certain,SP_66ca2f5912164b8631fc
PERSON_IDRIS_KRAIEM,CO_MAKATEB_EL_HORCHANI,gerant,corporate,probable,SP_a0bc3cf4bc03f96680fe
PERSON_BOURICHA_HASEN,CO_ETS_MAHMOUD_BOURICHA,pdg,corporate,certain,SP_ac774493caa149a862b4
PERSON_BENROMDHANE_SAMIRA,ORGMENTION_Société Desert Evasion Events» - SARL,administrateur,corporate,probable,SP_3ea9d40d3b75d75501fc
PERSON_MEKI_AMRI,CO_CENTRE_GERMANO_ARABE_TUNISIE,gerant,corporate,certain,SP_3207632a599bcf8bd0f4
PERSON_SASI_HATEM,CO_CIVITAS,gerant,corporate,certain,SP_b39f7ee9389a569bb706
PERSON_TRIKI_MOHAMED,CO_INTERNATIONAL_CONSULTING_PROSPECTION,gerant,corporate,certain,SP_97b6b9014fdf7eeb64b6
PERSON_HAMAMI_FADHEL,CO_HUMAN_RESOURCES_CONSULTING,gerant,corporate,certain,SP_a2576ade1feaac2c0677
PERSON_BARGAOUI_MOHAMED_SALAH,CO_EL_MEZRIA_PROMOTION_IMMOBILIERE_SEPIM,gerant,corporate,certain,SP_eaa3240add72708bc3c4
PERSON_HAMAMI_MOHAMED,CO_ARABE_TRAVAUX_SERVICES,gerant,corporate,certain,SP_1ba97cff68627cbcc8d8
PERSON_KHECHINE_ABDELHAMID,CO_MAGHREBINE_DORFEVRERIE_MAGHORF,administrateur,corporate,certain,SP_65961a0acacc4ed65689
PERSON_ZOUARI_SARAH_KHECHINE,CO_MAGHREBINE_DORFEVRERIE_MAGHORF,administrateur,corporate,certain,SP_d9ff8451ee7923aebee7
PERSON_KHECHINE_MOURAD,CO_MAGHREBINE_DORFEVRERIE_MAGHORF,administrateur,corporate,certain,SP_c98dd92f890ff3c365c1
PERSON_ISMAIL_SONIA_KHECHINE,CO_MAGHREBINE_DORFEVRERIE_MAGHORF,administrateur,corporate,certain,SP_83b1b9836bfc923c0c95
PERSON_KHECHINE_KHEDIJA_CHAKROUN,CO_ELECTRICITE_SERVICES,gerant,corporate,certain,SP_ab3f3397922958bc3a7a
PERSON_KOCHBATI_FAHED,CO_ITALIA_DIESEL,gerant,corporate,certain,SP_304474afba92d961b28d
PERSON_SLAMA_AMIN,CO_DIMANET,gerant,corporate,certain,SP_5558ddb2786bf6afc5c0
PERSON_BENHALIMA_MONCEF,CO_MEGA_PUB,gerant,corporate,certain,SP_e7cd2ec3b1e8aba55052
PERSON_ZANINA_RACHED_BENMOHAMED,CO_PRO_WEAR,gerant,corporate,certain,SP_f8e8407fdfe0a90a6f59
PERSON_DRIS_JALEL,CO_PICARD_TUNISIE,gerant,corporate,certain,SP_7272df2908401ed80b23
PERSON_HAMAMI_WISAL,CO_WISSAL_DENARO,gerant,corporate,certain,SP_3822d533610ca96fa3f0
PERSON_KNANI_SAHBI,ORGMENTION_Décidé de coopter Monsieur Sahbi Knani en tant qu'administra,administrateur,corporate,certain,SP_fe84cb5fa88a7611dfe8
PERSON_KNANI_SAHBI,ORGMENTION_Décidé de coopter Monsieur Sahbi Knani en tant qu'administra,pdg,corporate,certain,SP_9464038ca5cb294f5989
PERSON_ZOUHEIR_ABDELAZIZ,CO_SANCELLA,administrateur,corporate,probable,SP_553f720b38b168c870cd
PERSON_LAJILI_MAHER,CO_MAGHREBINE_PRODUITS_CERAMIQUES_SMPC,gerant,corporate,certain,SP_93c49853bcfd4f3a1df2
PERSON_KAMOUN_HABIB,CO_PLASTICUM_TUNISIE,gerant,corporate,certain,SP_56694eea3e287db871dc
PERSON_BONTAZ_PHILIPE,CO_SYSTELEM,gerant,corporate,certain,SP_ec2efb8d05d333162542
PERSON_TRIKI_SAMI,CO_ZITOUNA_MEDICAL,gerant,corporate,certain,SP_c06b1e199efdcfb2cd34
PERSON_DRIS_MOHAMED_SADOK,CO_ARAB_TUNISIAN_LEASE,conseiller,corporate,certain,SP_c69ba4d673d3bd335fd1
PERSON_MHIRI_SAMI,CO_TOURISTIQUE_MOURADI_TOZEUR,pdg,corporate,certain,SP_0e7afde7e08e3a96dcdf
PERSON_MHIRI_MOURAD,CO_TOURISTIQUE_MOURADI_TOZEUR,dga,corporate,certain,SP_56fa16290205a1c1dbe5
PERSON_HAMROUNI_ABDELKADER,ORGMENTION_TRANSFORMATION DE SARL EN STE ANONYME,administrateur,corporate,certain,SP_33acf446dcd4061c88d3
PERSON_FOURATI_MOHAMED,ORGMENTION_TRANSFORMATION DE SARL EN STE ANONYME,administrateur,corporate,certain,SP_bea2ee581099169eca7e
PERSON_HAMROUNI_ABDELATIF,ORGMENTION_TRANSFORMATION DE SARL EN STE ANONYME,administrateur,corporate,certain,SP_afc800a56f8ad0d3fb84
PERSON_HAMROUNI_KHEIREDINE,ORGMENTION_TRANSFORMATION DE SARL EN STE ANONYME,administrateur,corporate,certain,SP_31ae1a86cb8f1c9d10a1
PERSON_ZAYATI_JALEL,CO_ORTHOFOAM,gerant,corporate,certain,SP_3575b9aa7dbcfc3c2d55
PERSON_VIALARD_ERIC_JACQUE_IMBERTY,CO_INTERNATIONALE_DINGENIERIE_S2I,gerant,corporate,certain,SP_2e7d5801ee9ded77adad
PERSON_MABROUK_MONCEF,CO_COMPTOIR_DEQUIPEMENTS_MEUBLES_BATIMENTS_CEQUIMEB,gerant,corporate,certain,SP_7474ed8543c815e7719f
PERSON_YOUNES_MOHAMED,CO_SOTUMEX,dg,corporate,certain,SP_d2a4c422a566bbcc10f1
PERSON_BOURICHA_SONIA,CO_SIM_SICAR,representant,corporate,certain,SP_c4f186479a638c0478b8
PERSON_BAYAHI_YAHIA,CO_COMPAGNIE_DEMBALLAGE_TRANSFORMATION_DALUMINIUM_MDJEZ_EL_BAB,unspecified,corporate,probable,SP_194e5ebabefa3acb9b51
PERSON_BAYAHI_YAHIA,CO_COMPAGNIE_DEMBALLAGE_TRANSFORMATION_DALUMINIUM_MDJEZ_EL_BAB,pdg,corporate,certain,SP_272c6edde3c84fabffe1
PERSON_ABAS_FERID,CO_SETCAR,cogerant,corporate,certain,SP_799c2809dc1ac48eb22f
PERSON_TRIKI_IMED,CO_MEDICAL_WEAR,administrateur,corporate,certain,SP_18d16b5a45c2cf2b7955
PERSON_TRIKI_SAMIA,CO_MEDICAL_WEAR,administrateur,corporate,certain,SP_f0f4d5d687c8b7008714
PERSON_TRIKI_IMED,CO_MEDICAL_WEAR,pdg,corporate,certain,SP_9fd7ae93376b80ea7fcf
PERSON_KAMOUN_HANEN,CO_CARTHAGE_AUDIO,gerant,corporate,certain,SP_3999cb4bc41a2d818a7e
PERSON_CICALA_GIUSEPE,CO_CONVOGLIA_ITALIA_CONSULTING,gerant,corporate,certain,SP_832fcba37129711272fe
PERSON_JEAIEM_HAMIDA,CO_JOCONFEX_PLUS,gerant,corporate,certain,SP_d3e2d70961d1b2ba347b
PERSON_SASI_MONTASAR,CO_FAFOU_RENT_A_CAR,gerant,corporate,certain,SP_33e71fdc51e212524de1
PERSON_SELAMI_KAMEL_EDINE_BENAHMED,CO_BOULANGERIE_SLAIMI,gerant,corporate,certain,SP_682d647421a9ce31565c
PERSON_JAIDANE_RIADH,CO_LOOKA_E_BUSINESS,representant,corporate,certain,SP_1bf09568f1fbee550a13
PERSON_BEREHOUMA_AYMEN,CO_LOOKA_E_BUSINESS,representant,corporate,certain,SP_7b8d194a50a8e7ccbfde
PERSON_RADHOUANI_MOHAMED_SASI,CO_GROUPE_FORMATION_TECHNOLOGIQUE,fondateur,corporate,certain,SP_4a45e4ebe44d4122f7e7
PERSON_RADHOUANI_MOHAMED_SASI,CO_GROUPE_FORMATION_TECHNOLOGIQUE,dg,corporate,certain,SP_6062a7ec89cca73cb5e6
PERSON_SELAMI_KHALED,CO_TUNIBRIDGE,gerant,corporate,certain,SP_7e056b21741fdbfd1def
PERSON_PARZIALE_FABIO,CO_ATELIER_ITALIA,gerant,corporate,certain,SP_01b24c950d5a08d88233
PERSON_PARZIALE_MARIO,CO_ATELIER_ITALIA,cogerant,corporate,certain,SP_7cb6756819f5edba1f71
PERSON_KALEL_ABDELWAHEB,CO_ASSAD_INTERNATIONAL,administrateur,corporate,certain,SP_1bf9c6a7e443140875af
PERSON_MOALA_TAHA,CO_CONFORT_LINE,cogerant,corporate,certain,SP_d0a1fbe93c7dcd056e2c
PERSON_DERAZEY_BERTRAND,CO_MEDITERRANEENNE_TELESERVICES,dga,corporate,certain,SP_6639105f0779e6133fbd
PERSON_MZABI_MONCEF,CO_IMMOBILIERE_BOUALI,gerant,corporate,certain,SP_af83b8866a90d9978ad5
PERSON_TOUMI_MOHAMED_ALI,CO_BISHOP_TECHNOLOGY,gerant,corporate,certain,SP_a893eb8d11596bdf6b0c
PERSON_BENABDALAH_ILYES,CO_AGENCE_FRANCO_TUNISIENNE_DARCHITECTURE_AFTA,gerant,corporate,certain,SP_a8e8a7adefb6cee50d0f
PERSON_BRAHEM_HABIB,CO_BRODERIE_SRIGRAPHIE_PERFORMANCE_BSP_PLUS,gerant,corporate,certain,SP_7e81afc0ccc760405573
PERSON_KILANI_LAMJED,CO_IMEX_MAHMOUD_GHANNAY,gerant,corporate,certain,SP_d3a67cd7a88936aff671
PERSON_GHORBEL_RAJA,CO_YR_DESIGN,gerant,corporate,certain,SP_880548f43563e1498916
PERSON_SELAMI_HENI,CO_DELEGACION_Y_SERVICIOS_PAPA_CONGRESOS_Y_CONVENCIONES_TUNISIA,gerant,corporate,certain,SP_b3138c35ef78ac109d42
PERSON_ZOUITEN_HEDI,CO_DEXPANSION_LITERIE_MATELASSERIE_SELIMAT,administrateur,corporate,certain,SP_3f3847d0c79a6c62999a
PERSON_HAMAMI_MOHAMED_ALI,CO_TASSNIM_SERVICES,gerant,corporate,certain,SP_6e337ebbae9ef518bef1
PERSON_TRABELSI_MOHAMED_RIDHA,CO_ITALIAN_FASHION,gerant,corporate,certain,SP_f0b32bf995929ce6b8b7
PERSON_GRENCI_CARLO,CO_ESPRESSO_ITALIANO,gerant,corporate,certain,SP_a4cc9b3e48c62490736d
PERSON_HAMROUNI_WAEL,CO_HAMROUNI_TOUT_TRAVAUX,gerant,corporate,certain,SP_d3ea70f8e22e9a01a2d8
PERSON_BENHASINE_YAHIA,CO_CHOKRI_YAHIA_CONFECTION_PLUS_CYC,gerant,corporate,certain,SP_da2662cdcfa6c6d20eb1
PERSON_ELBEHI_IMED,CO_PROMOCUISINE,cogerant,corporate,certain,SP_7df93984d2dc12affc22
PERSON_AREM_AHMED,CO_ELWIFAK_MAROQUINERIE,gerant,corporate,certain,SP_2d08551420c106ad07d0
PERSON_HEMAYED_HAFEDH,CO_EXCEL_FISH,unspecified,corporate,certain,SP_e9e8d7f6bac587223a8d
PERSON_HEMAYED_EMIRA,CO_EXCEL_FISH,unspecified,corporate,certain,SP_1674bfe84a6e2013beb9
PERSON_HEMAYED_HAMED_AMINE,CO_EXCEL_FISH,unspecified,corporate,certain,SP_884fb4561909e2ea07c4
PERSON_HEMAYED_HAFEDH,CO_EXCEL_FISH,pdg,corporate,certain,SP_a9d0eb1dfc258ad80f8a
PERSON_ELKSIR_RIDHA,CO_MEUBLE_ITALIEN,gerant,corporate,certain,SP_a5c2355ce96ed4ec771e
PERSON_POLVERARI_MARCO,CO_EUROMED_ENGERGY_CONSULTING,gerant,corporate,certain,SP_0dcbd210d2b223611b33
PERSON_KHECHINE_SAMIR,CO_MOTO_LOISIRS_CUIR,gerant,corporate,certain,SP_7a8dace98900b5398104
PERSON_SELAMI_KHALED,CO_L_IMMOBILIERE_COMPTOIR,gerant,corporate,certain,SP_0427ca71bdf744d2decd
PERSON_SELAMI_MOHSEN,CO_L_IMMOBILIERE_COMPTOIR,cogerant,corporate,certain,SP_a9ab5ffd52a28dcb0327
PERSON_MASMOUDI_MOHAMED_RAOUF,CO_DOREMAIL_STORE,gerant,corporate,certain,SP_58b12f17a41966e30604
PERSON_TRABELSI_MOHAMED,CO_GENERAL_TRADING_SERVICE,gerant,corporate,certain,SP_b502ebf14196b1d6aeae
PERSON_SELAMI_JAOUIDA,CO_INTERBOIS,pdg,corporate,certain,SP_9bd2b57aaf96752373fe
PERSON_SELAMI_SONIA,CO_INTERBOIS,dga,corporate,certain,SP_84f841e658833afb3123
PERSON_SELAMI_MOHSEN,CO_INTERBOIS,association_president,corporate,probable,SP_65f6c72429333a102734
PERSON_MABROUK_SALEM,CO_TUNISIENNE_PRODUCTION_DEXPLOITATION_AGRICOLE_ZITOUNA_II,dga,corporate,certain,SP_35f22bffaa90827d5e09
PERSON_CHERIF_MOHAMED_ZINE_ELABIDINE,CO_AMC_ERNST_YOUNG,commissaire_aux_comptes,corporate,probable,SP_cc2d207442e53109eda5
PERSON_DRIS_TAHER,CO_BOULANGERIE_AZIZ,cogerant,corporate,certain,SP_65ae7e972867bcec1245
PERSON_BOUGUERA_RAFIK,ORGMENTION_Comptoir Maghrébin de Commerce et de Négoce,gerant,corporate,certain,SP_12de95900e9fbd23d45d
PERSON_YOUNES_MOHAMED,CO_SOTUMEX,president_ca,corporate,certain,SP_e54c08df357b78bf135c
PERSON_MOKHTAR_FETHI,CO_MINIERE_TUNISIE_SMT,pdg,corporate,certain,SP_f68e1ea5554b6635892e
PERSON_MABROUK_MOHAMED_MARWEN,CO_ICAR_DISTRIBUTION,administrateur,corporate,certain,SP_e390cbf19ad10f44f884
PERSON_AYADI_KAMEL,CO_GARDIAN_SERVICES_INTERNATIONAL,gerant,corporate,certain,SP_7c6229ebf04a5f8b75f1
PERSON_MARCO_SANTARELI,CO_R_INDUSTRIE,gerant,corporate,certain,SP_1148ff5381bd48de71e2
PERSON_DOGHRI_HASINE,CO_CARTE,pdg,corporate,certain,SP_7ca4461d9c470c2b4b87
PERSON_CHAABANE_GAABAL,CO_ESPRIT_TEXTILE,gerant,corporate,certain,SP_b3864db5b78cd41d09b8
PERSON_SLAMA_GHASEN,CO_GIAS_INGREDIENTS,gerant,corporate,certain,SP_063e3c9840617e0158c3
PERSON_CHAABANE_BECHIR,CO_CHAUSSURES_JAWDA,gerant,corporate,certain,SP_7a3bca4d38a3842fd0d6
PERSON_BRAHIM_YASINE,CO_TELNET_HOLDING,administrateur,corporate,certain,SP_d4dc18eef417c29ade47
PERSON_ELOUMI_MOUHIB,CO_ELLOUMI_EXPORT_INTERNATIONAL,gerant,corporate,certain,SP_2876d9ffa0857105810c
PERSON_SASI_FARHAT,CO_MARSA_TRADING,gerant,corporate,certain,SP_f52924cdd6cceca4d65a
PERSON_BAICHE_MONGI,CO_AFRIKA_MAGLIERIA_CONFEZIONE,gerant,corporate,certain,SP_0675c420af9be136e003
PERSON_LAHMAR_ABDELAZIZ,CO_BRIQUETERIE_LAHMAR_COMPAGNIE,pdg,corporate,certain,SP_341b403be4e3b8d38a13
PERSON_HEMAYED_HAFEDH,CO_ROYAL_DRINKS,pdg,corporate,certain,SP_30234555f7b4174fe5e7
PERSON_OUALI_BADREDINE,CO_VERMEG_FACTORY,association_president,corporate,certain,SP_e91178b22f192eba8677
PERSON_HFAIEDH_ISAM,CO_LART_BETON_GAFSA,gerant,corporate,certain,SP_c41c115590fcd0a5571b
PERSON_TRIKI_CHERIF,CO_TRIKI_ARTS_GRAPHIQUES,gerant,corporate,certain,SP_dcce843d73f61c78162c
PERSON_JACQUES_JEAN_LOUIS,CO_AIR_LIQUIDE_SPECNA,gerant,corporate,certain,SP_b153bc87f4d54035b19f
PERSON_MABROUK_AHMED,CO_GLOBAL_PARTNERS,gerant,corporate,certain,SP_3235a4eb089d0ae719d3
PERSON_BELGUECEM_NABIL,CO_COULEURS_OLIVE,gerant,corporate,certain,SP_b83f871439bbd937f1f0
PERSON_LUIGI_DELACROCE,CO_STILE_ITALIANO_INTERNATIONAL,gerant,corporate,certain,SP_8c4a5d6c0bab39b62a50
PERSON_CHOUCHENE_FAOUZI,CO_NEWFATEX,gerant,corporate,certain,SP_e07b0b5dc94f4ba4f5d5
PERSON_MEZGHANI_HABIB,CO_ELEMENTS,administrateur,corporate,probable,SP_0f920d696a6274b0dafc
PERSON_LOUKIL_BASEM,CO_AURES_AUTO,administrateur,corporate,probable,SP_f5a85c2386a9682c4af8
PERSON_SELAMI_AHMED,CO_STYLLUX,gerant,corporate,certain,SP_4c629705bc3005f457c1
PERSON_KAMOUN_MOHAMED_AIMEN,CO_AMIN_FROID,gerant,corporate,certain,SP_5c0d1fa0c474bf7635cd
PERSON_KHELIFI_BECHIR,CO_MAGHREBEFOURS,gerant,corporate,certain,SP_5977dc462da646826751
PERSON_SASI_MONTASAR_BENLASAAD,CO_MONTA_RENT_A_CAR,gerant,corporate,certain,SP_4299bb8a7cf41e01cdaa
PERSON_ELOUZE_FETHI,CO_ITALO_TUNISIENNE_DACCESSOIRES_DALUMINIUM,gerant,corporate,certain,SP_3942c309930a8169ded0
PERSON_MEDEB_RADHI,CO_COMETE_ENGINEERING,pdg,corporate,certain,SP_5c2e2e224e71f7708820
PERSON_TRABELSI_MOHAMED,CO_KALLEL_RECYCLAGE,gerant,corporate,certain,SP_8fd469e3839d31afc53a
PERSON_JANET_AMEL,CO_CREA_TEX,pdg,corporate,certain,SP_f5f036f2f366713af110
PERSON_KOOLI_ALI,CO_INTERMAK,gerant,corporate,certain,SP_7f5dcee2a20f3474edec
PERSON_BENAYED_ABDELWAHEB,CO_AGROMED,pdg,corporate,certain,SP_c06a5a2ede34d5401b12
PERSON_AMAR_KARIM,CO_GIPA,dg,corporate,certain,SP_d2b4b0b0c6def96c7ad3
PERSON_CHIKHAOUI_MOHAMED,CO_CEDRIA,dg,corporate,certain,SP_71a7ca9ef2aeb21f4d88
PERSON_GUERMAZI_YASINE,CO_IDEAL_RECYCLAGE,gerant,corporate,certain,SP_1256ac5bdcf5e2dde6ad
PERSON_BAHRI_MOHAMED,CO_GAMMARTH_LOISIRS,gerant,corporate,certain,SP_990638ae05be76dae820
PERSON_MAHMOUDI_HOUDA,CO_EASY_COM_DISTRIBUTION,gerant,corporate,certain,SP_2dd744e46384a16c085a
PERSON_BENKHEDER_MUSTAPHA,CO_MEDI_SCIENCE,administrateur,corporate,certain,SP_d4f10afcd97dd5b85992
PERSON_BENKHEDER_DANIELE,CO_MEDI_SCIENCE,administrateur,corporate,certain,SP_36804ebe8761b22a0a87
PERSON_BENKHEDER_SONIA,CO_MEDI_SCIENCE,administrateur,corporate,certain,SP_a187bff7c364d13f8cb1
PERSON_SLAMA_JALILA,CO_LABEL_PRINTING,pdg,corporate,certain,SP_e0223a76e1dd494e78a5
PERSON_HOUSEIN_FETHI_BENMOHAMED,CO_LABEL_PRINTING,dga,corporate,certain,SP_6f0953bff81e7986a736
PERSON_KAMOUN_CHEDIA,CO_YES_BOUTIQUES,gerant,corporate,certain,SP_990d312a16b5ee85a321
PERSON_BOUZGUENDA_AHMED,CO_SOPRIN,administrateur,corporate,certain,SP_91e32f0abbe96f043574
PERSON_BOUZGUENDA_ABDELAZIZ,CO_SOPRIN,dga,corporate,certain,SP_a45a378c61ef52537591
PERSON_HAMAMI_KAIS,CO_AFRICAINE_DEVELOPPEMENT_ECHANGES_COMMERCIAUX,pdg,corporate,certain,SP_cfe084fce1731d8796be
PERSON_KARAOUD_SABER,CO_AMIS,gerant,corporate,certain,SP_4ddc54f3d9f33abf16c4
PERSON_BAABOURA_ALI,CO_PROCESS,gerant,corporate,probable,SP_5de13ab096f1edb4a88e
PERSON_ELOUMI_WALID,CO_TECHNOPOLE_SERVICES,gerant,corporate,certain,SP_1128e28bafd47fd725f5
PERSON_BOUHAFA_ICHRAF_BENSEDRINE,CO_AERO_TUNISIA,administrateur,corporate,certain,SP_b290816c44661882833b
PERSON_DHEMAIED_FAOUZI,CO_AERO_TUNISIA,administrateur,corporate,certain,SP_31019ffc387c4f7b4117
PERSON_ABDENADHER_NAJAH,CO_TITA,gerant,corporate,certain,SP_6386a8b8f50b17bc2a61
PERSON_ESAFI_NAJIB,CO_LART_BUREAU,administrateur,corporate,certain,SP_e87e50ac30e8e1d00a13
PERSON_MARGHLI_ZOUHEIR,CO_FRANCO_TUNISIENNE_LOGISTIQUE_SFTL,commissaire_aux_comptes,corporate,certain,SP_870e103a1a8f9762a947
PERSON_BLONDEL_GREGOIRE,CO_FRANCO_TUNISIENNE_LOGISTIQUE_SFTL,pdg,corporate,certain,SP_bccf7d22e73b51ce2c7d
PERSON_CHAABANE_ADEL,CO_OUTILLAGE_COMPOSITES,gerant,corporate,certain,SP_cb65aa3adec7e4e5f275
PERSON_MANAA_ADEL,CO_ELECTROSTAR,administrateur,corporate,certain,SP_38ecd5cb695ead6350f8
PERSON_FOURATI_AHMED,CO_YOSRA_TEXT_AND_COMPAGNY_SYTAC,gerant,corporate,certain,SP_2c85a1f998f2bc519031
PERSON_GAHBICHE_MOHAMED_SALAH,CO_TECHNOLATEX,association_president,corporate,certain,SP_1f9cf7e291bb7ffd9dd6
PERSON_GAHBICHE_MOHAMED_AYMEN,CO_TECHNOLATEX,dg,corporate,certain,SP_68b6b5801ca3981b69c9
PERSON_TLILI_INES,CO_EQUERRE_MODE,dg,corporate,certain,SP_ddfbcb4b1fadd6257435
PERSON_BATIKH_MONGI,CO_SCARPA_MIA,gerant,corporate,certain,SP_f3a28c4facf9d7f2152a
PERSON_BENZID_MOHAMED,CO_SICAT,gerant,corporate,certain,SP_b05be341c67387ff5b29
PERSON_ELOUMI_MOHAMED,CO_PREGO_COMMERCE,gerant,corporate,certain,SP_db06d8d80792d1db4ffa
PERSON_AREM_LAMIA_MHIRI,CO_WELCOME,administrateur,corporate,probable,SP_ac03440dde451885ade0
PERSON_AREM_LAMIA_MHIRI,CO_WELCOME,association_president,corporate,probable,SP_7218528af4f46346c357
PERSON_HAMAMI_FIRAS,CO_AMEN_ALUMINIUM,gerant,corporate,certain,SP_4c241907ae68cc32e5ca
PERSON_SELAMI_ABDELAZIZ,CO_L_IMMOBILIERE_AL_IZ,associe,corporate,probable,SP_3925022f49b9228439fd
PERSON_BAYOUDH_WASIM,CO_CORSET_CONFECTION,gerant,corporate,certain,SP_e1fd967914788663b26e
PERSON_BAYOUDH_WASIM,CO_NEW_CORSET,gerant,corporate,certain,SP_da2ac4d1de1e0d469d0d
PERSON_ZAHAF_SLAHEDINE,CO_GARGOURI_EMBALLAGE,associe,corporate,certain,SP_0e5580be9fade2991bec
PERSON_TRIKI_MOHAMED_AZIZ,CO_NOOR_PRESTIGE,gerant,corporate,certain,SP_ee5ee465a45cf221ac41
PERSON_ABDENADHER_MOHAMED,CO_MYRIAM_PRET_A_PORTER,gerant,corporate,certain,SP_237b9831d84638998daf
PERSON_ZGHAL_HASIB,ORGMENTION_TELESTAR SA,dga,corporate,certain,SP_b08b0852164470a151e6
PERSON_DEBABI_CHEKIB,CO_TUNISIE_PLASTIQUES_SYSTEMES,dg,corporate,probable,SP_1e9271a2c6983aabf660
PERSON_ZAROUK_SLIM,CO_TUNISIE_PLASTIQUES_SYSTEMES,administrateur,corporate,probable,SP_d191e7e0422dc9daef23
PERSON_FERCHIOU_YOUNES,CO_TUNISIE_PLASTIQUES_SYSTEMES,administrateur,corporate,probable,SP_4ef0f575dfb0350d10d8
PERSON_FINDELING_PATRICK,CO_TUNISIE_PLASTIQUES_SYSTEMES,administrateur,corporate,probable,SP_cac5c4e7d6799615e00e
PERSON_MHIRI_SAMI,CO_MAISON_SECURITE_DINCENDIE,gerant,corporate,probable,SP_7abda74d135b370898af
PERSON_RATLE_ALEXANDRE,CO_THUSSEN_INDUSTRY,gerant,corporate,certain,SP_4057c94c5c92d081857f
PERSON_HAMROUNI_RAFIKE_BENOUREDINE,CO_ANES_RENT_CAR,gerant,corporate,certain,SP_011a88773f7fcabb65a8
PERSON_ELEUCH_SLIM,CO_COFISAC,gerant,corporate,certain,SP_9c6641771d5340159aa7
PERSON_GAMOUDI_ABDELHAMID,CO_DISCOVERY_TEXTILLE,gerant,corporate,certain,SP_0ea5661e9b72202783d3
PERSON_MOSBEH_HABIB,CO_MODERNE_MAROQUINERIE,cogerant,corporate,certain,SP_ebd8f324ca9b82f032c6
PERSON_GHARBI_IMED,CO_MODERNE_MAROQUINERIE,cogerant,corporate,certain,SP_9d7a30905cf6fe7082d4
PERSON_JELASI_TAOUFIK,CO_JUS_FRAIS,gerant,corporate,certain,SP_7299bbdec39e3dc0185e
PERSON_BENABDALAH_SLIM,CO_TANKAGE_MEDITERRANEE_TANKMED,dg,corporate,certain,SP_6e60f905355a42766edd
PERSON_DRIS_MEHREZ,CO_ENNADHAFA_NEGOCE,gerant,corporate,certain,SP_525633171a39a0e6eca3
PERSON_HAMAMI_TAREK,CO_GENERALE_TRAVAUX_SERVICES,gerant,corporate,certain,SP_8796a18b61b6bcbcf0cc
PERSON_HEMAYED_HAFEDH,CO_ROYAL_JUICE,pdg,corporate,certain,SP_658e19f52a55f76b385a
PERSON_BENZID_MOEZ,CO_BIZERTE_CAP_3000,pdg,corporate,certain,SP_65b353a528b6f5d308ab
PERSON_HAMROUNI_CHEDLI,CO_GLOBAL_VISION,gerant,corporate,certain,SP_c9eb951318bddb461f56
PERSON_HAMAMI_MOHAMED_ANIS,CO_INNOVATION_AND_CONSULTING_IN_ENGINEERING,administrateur,corporate,certain,SP_504181898bce75356a65
PERSON_HAMAMI_HABIB,CO_TUNISIAN_GYPSUM_OF_MESTAWA,pdg,corporate,certain,SP_a968a15bea2eb3823f14
PERSON_HAMAMI_MAHMOUD,CO_NATIONALE_DISTRIBUTION_PETROLES_SNDP,pdg,corporate,certain,SP_bf291f735b6798d1f7fb
PERSON_ELOUZE_LASAAD,CO_INDUSTRIELLE_CARRELAGE_SIJOUMI_SICAS,gerant,corporate,probable,SP_33dda8d26e56a8852020
PERSON_ELOUMI_MOHAMED_ALI,CO_ACCESS_TO_E_BUSINESS,dg,corporate,certain,SP_30c980f7ca086a777aaf
PERSON_SELAMI_LEILA,CO_MSL_DIFFUSION,dg,corporate,certain,SP_cd25e875f5b79fcdae07
PERSON_MATAVELI_OTAVIANO,CO_ENERGIE_DEL_SOLE,pdg,corporate,certain,SP_f4835a52ee4b7846cbf6
PERSON_BAYAHI_TAHER,CO_CFI_SICAR,unspecified,corporate,probable,SP_2326d10a15a8430a55be
PERSON_BAYAHI_YAHIA,CO_CFI_SICAR,pdg,corporate,certain,SP_00c12fe8d8a50a2bac99
PERSON_LOUKIL_MOHAMED,CO_INTER_EQUIPEMENT,administrateur,corporate,probable,SP_2046a214647b46f2a4d8
PERSON_LOUKIL_WALID,CO_INTER_EQUIPEMENT,administrateur,corporate,probable,SP_324053fb3cd24e6c97af
PERSON_ZGHIDI_ADNENE,CO_GOLD_FISH,commissaire_aux_comptes,corporate,certain,SP_f097e36c63c3d29855d6
PERSON_BONTAZ_PHILIPE,CO_LEMAN_TUNISIE,president_ca,corporate,certain,SP_ce09f48b2eec0e330778
PERSON_GIGUET_MONIQUE_LOUISE,CO_COMPAGNIE_FRANCO_TUNISIENNE_DINFORMATIQUE_CFTI,gerant,corporate,certain,SP_983c5244524b0cf1792f
PERSON_BENSEDRINE_MOHAMED,CO_TUNISIAN_HOTELS_TOURISM_SERVICE_JERBA_SUN_CLUB,president_ca,corporate,certain,SP_305ad22c916fb05e32dc
PERSON_BENSEDRINE_KARIM,CO_TUNISIAN_HOTELS_TOURISM_SERVICE_JERBA_SUN_CLUB,dg,corporate,certain,SP_af4f044417d4eaaa6b6d
PERSON_HAMAMI_JALEL,CO_COLOMBE_PLUS,cogerant,corporate,certain,SP_ee9164ebddff6926a4f8
PERSON_KAMOUN_BILEL,CO_OGEC_TRAINING_CENTRE,gerant,corporate,certain,SP_0dbd0e26d2e224681bae
PERSON_FRIKHA_MOHAMED,CO_JARDIN_DEDEN_CONDITIONNEMENT_TRANSFORMATION_DATTES,administrateur,corporate,certain,SP_1f55bc7b1b7072c837fc
PERSON_ELOUZE_HASIB,CO_JARDIN_DEDEN_CONDITIONNEMENT_TRANSFORMATION_DATTES,administrateur,corporate,certain,SP_95f7a36c64d9d974458b
PERSON_FRIKHA_MOHAMED,CO_JARDIN_DEDEN_CONDITIONNEMENT_TRANSFORMATION_DATTES,president_ca,corporate,certain,SP_19b669c2a4efb84d9d2f
PERSON_ZGHAL_LOTFI,CO_JARDIN_DEDEN_CONDITIONNEMENT_TRANSFORMATION_DATTES,administrateur,corporate,certain,SP_114c0520be4326c28ee3
PERSON_HAMAMI_ADEL,CO_ENGINEERING_DESIGN_ANAL_YSIS_SOLUTIONS,gerant,corporate,certain,SP_2ee2652503ee92d098aa
PERSON_MABROUK_ISAM,CO_ISM,gerant,corporate,certain,SP_fc0eda3a8a8ab23e5230
PERSON_BENSLAMA_KARIM,CO_FRANCO_TUNISIENNE_SERVICE_PRODUCTION_AGRICOLE,gerant,corporate,certain,SP_61956e43b7b27a15282a
PERSON_PINTHEIRO_JOSE_OSVAL,CO_FRANCO_TUNISIENNE_SERVICE_PRODUCTION_AGRICOLE,cogerant,corporate,certain,SP_91f15d5f75df01580539
PERSON_TORIANI_JONATHAN_STENT,CO_NEWREST_SERVICES_TUNISIE,administrateur,corporate,certain,SP_8f03a7a10ae5c8e44f7a
PERSON_TRIKI_AHMED,CO_GESTION_IMMOBILLERE_MOULIN_SGI_MOULIN,gerant,corporate,certain,SP_b1f6b34ee3e98e05404d
PERSON_BENJEMAA_KACEM,CO_KACEM_PATISSERIE_CONFISERIE_KAPCO,gerant,corporate,probable,SP_7f3468ced6a0d7c628ef
PERSON_BERICH_JAMIL,CO_ORIENT_BRODERIE,gerant,corporate,certain,SP_e7a1bf260fee72911e6c
PERSON_BERICHE_HICHEM,CO_ORIENT_BRODERIE,cogerant,corporate,certain,SP_61ab3faef3333419de55
PERSON_BOUCHLAGHEM_FAYCEL,CO_TUNISIAN_PLASTIC_GROUP,administrateur,corporate,certain,SP_e9e804253d08ae48abbc
PERSON_BENAMOR_INES_SLAMA,CO_TUNISIAN_PLASTIC_GROUP,pdg,corporate,certain,SP_438d42cbfb3e2e2a16bd
PERSON_RATLE_ALEXANDRE,CO_ORION_CORPORATE_ADVISORY,gerant,corporate,certain,SP_0a8446bdff6ba570f3c5
PERSON_ZOUARI_MOURAD,CO_R_M_CONFECTION,gerant,corporate,certain,SP_686457c78c63b5b42102
PERSON_BOUDHAOUIA_KHEMAIES,CO_SAFAA_MEDITERANEE,gerant,corporate,certain,SP_1cc8668a9184996170d8
PERSON_KHALIL_MOHAMED,CO_GAMBERO_ROSSO,gerant,corporate,certain,SP_3f528d03947d0ac41559
PERSON_KARAOUD_SABER,CO_INTERNATIONAL_ATEF_TEXTILE,gerant,corporate,certain,SP_08bad95c9d602e75932a
PERSON_SAYES_NAJEH,CO_INTERNATIONAL_ATEF_TEXTILE,gerant,corporate,certain,SP_e83e8e35a25e2c0b45dd
PERSON_HAMROUNI_INSAF_BENOTHMANE,CO_INSAF_ARCHITECTURE_URBANISME_CONSULTING,gerant,corporate,certain,SP_8e3d3291e9988d6a1262
PERSON_CHAIEB_MOHAMED,CO_APHRODITE_GESTION_HOTELIERE,gerant,corporate,certain,SP_0f8ce6fd8940a4c41f80
PERSON_BENYAHIA_ZOHRA,CO_FRENCH_LOLA,cogerant,corporate,certain,SP_f6016bd36602461d803c
PERSON_ZBIDI_IMEN,CO_FRENCH_LOLA,cogerant,corporate,certain,SP_4a3f3e4e73cec6e17102
PERSON_BOYER_KHADIJA,CO_FRENCH_LOLA,cogerant,corporate,certain,SP_f702a994ac9f9cc487e0
PERSON_NASRI_TAHER,CO_SODEK_SICAR,pdg,corporate,certain,SP_15c39f468bc88d579f61
PERSON_CHAIEB_ZOUBEIR,CO_GLOBAL_TELECOM_NETWORKING,administrateur,corporate,certain,SP_16cc59736a59951256ae
PERSON_ZOUARI_HAFEDH,CO_VIRGIN_OLIVE_GROVE_TUNISIA_VOG_TUNISIA,pdg,corporate,certain,SP_bc460ee30367f112fbba
PERSON_DRIS_ANIS,CO_VET,gerant,corporate,certain,SP_b697dbe89e858707285f
PERSON_BOUAJILA_KILANI,CO_ASMA,gerant,corporate,certain,SP_25ed3df9b9823ccd64df
PERSON_BOUHAMED_HAMADI,CO_ACEM_INDUSTRY,gerant,corporate,certain,SP_c8e4d7f3619cf54839d9
PERSON_ZAYANI_FAYCAL,CO_SILMA_DALIMENT_POUR_BETAILS_SOSAB_SILMA,gerant,corporate,certain,SP_9441724c49b28c90384b
PERSON_RAJAH_MOHAMED_CHAABANE,CO_AFIFA,cogerant,corporate,certain,SP_63946d32cd0e6abef728
PERSON_SLAMA_AHMED,CO_COGEMHY,member,corporate,certain,SP_9df2d3310c80c0fdebf8
PERSON_BELAID_MONCEF,CO_TUNISIENNE_PRODUITS_ALUMINEUX_STPA,gerant,corporate,probable,SP_ee918f636e16fd64c98f
PERSON_CHAABANE_WALID,CO_KOBRA_SHOES,gerant,corporate,certain,SP_06dd8a6a854ac8e8b02d
PERSON_SASI_MONCEF,CO_SOTRA_COM,cogerant,corporate,certain,SP_4db0d74e32bc0d862ff8
PERSON_SASI_BOUBAKER,CO_BEST_INTERIM_SERVICE,gerant,corporate,certain,SP_8c7b7799ec54c173a254
PERSON_CHAABANE_RAJAH_MOHAMED,CO_ARABCOM,gerant,corporate,certain,SP_37cb028f532a370ae0dd
PERSON_KARMANI_RAOUF,CO_THY_DATA_TUNISIE,gerant,corporate,certain,SP_2343e76a0fdc108767b9
PERSON_HENTATI_RIADH,CO_GENERALE_TRAVAUX,pdg,corporate,certain,SP_3fca1d27a20896d6c88b
PERSON_BOUHAFA_ICHRAF_BENSEDRINE,CO_TUNISIE_EVIERS_CUCCINA,administrateur,corporate,certain,SP_2430b8c37eb55d653dbd
PERSON_ZANGAR_KAIS,CO_INFORMATIQUE_TELEMATIQUE,administrateur,corporate,certain,SP_f21494dc8709ce14f687
PERSON_ZANGAR_KAIS,CO_INFORMATIQUE_TELEMATIQUE,pdg,corporate,certain,SP_d1d4605b4fd9eafe78b7
PERSON_TRIKI_ABDELKADER,CO_MON_TRICOT,gerant,corporate,certain,SP_f8a1b912039ba16d89ff
PERSON_AYADI_KAMEL,CO_LOTUS_GLOBAL_TRADING,gerant,corporate,certain,SP_6b2e8c0de8521d44bcde
PERSON_MAHJOUB_AMEUR,CO_NEW_TUNIRAMA,gerant,corporate,certain,SP_e391dc3549c5ec3cc33b
PERSON_HAMAMI_ABDERAZEK,CO_GENERAL_ENGINEERING_SERVICES,gerant,corporate,certain,SP_2aebcc78effe8c130057
PERSON_BENCHAABANE_NAAMA_ELOUMI,CO_MT_ELLOUMI,administrateur,corporate,probable,SP_6fa4587f0bebfcff600d
PERSON_KOOLI_ALI,CO_K_A_M_G_IMMOBILIERE,dga,corporate,certain,SP_ecca59cc7deb654969d7
PERSON_MZABI_MOHAMED,CO_PROVIDENTIAL_HOME_IMMO,gerant,corporate,certain,SP_321c5773d95947c84b83
PERSON_SASI_AHMED_SAMIR,CO_AUTOTEC,gerant,corporate,certain,SP_ef4edb75a6b44033a8fd
PERSON_OUESLATI_NOURHENE_KARIMA_KAMOUN,CO_UNIVERSEL_PIECES_RECHANGES,gerant,corporate,certain,SP_462920012e3a01a3df3e
PERSON_CHAABANE_MONCEF_BENTAIEB,CO_EQUIPEMENTS_NOUVEAUX,gerant,corporate,certain,SP_0ec81c49ece4a565466d
PERSON_ZAAG_FRAJ,CO_AL_BARAKA_BANK_TUNISIA,dga,corporate,certain,SP_fbf34d28589ecb343095
PERSON_BELAID_TAIEB,CO_SIMEF_ELECTRIC,gerant,corporate,probable,SP_c61eb51660f0cc1f3be5
PERSON_SELAMI_TAREK,CO_SOMAC,gerant,corporate,certain,SP_e3627a109d8cb144fc33
PERSON_BENSALEM_KORAICH,CO_CONCEPT_STORE,gerant,corporate,certain,SP_60b4dc41b2774deb4c53
PERSON_ZOUARI_ABDELKARIM,CO_GELATRIE_STELLA,gerant,corporate,certain,SP_bfdb80862bdb7e38ee8b
PERSON_SLAMA_AHMED,CO_FLEURES_TUNISIENNES_PRODUITS_COSMOTIQUE,gerant,corporate,certain,SP_3f823527b6930b694583
PERSON_CHAABANE_NAJD_BENFAHMI,CO_IMMOBILIERE_3N,cogerant,corporate,certain,SP_ea3a2920ab9938617533
PERSON_LORTEN_BARBARA,CO_SLIM_CAP,gerant,corporate,certain,SP_aa85fdad0840acca8d63
PERSON_SASI_ABDELATIF,CO_GENERALE_CONSTRUCTION_METALLIQUE,gerant,corporate,certain,SP_20b04e5839f30aa84e82
PERSON_HORCHANI_MIDANI,CO_MIDANI_HORCHANI_DATTES,gerant,corporate,certain,SP_26902cc72b3257a2630d
PERSON_CHAABANE_CHAWKI,CO_URGENCE_PRIVEE_MATEUR,gerant,corporate,certain,SP_108a20a88cea1f6cdc0d
PERSON_ZOUARI_GHANEM,CO_ESPACE_MEUBLE,gerant,corporate,certain,SP_f1387442cdf9b49beb72
PERSON_ELOUMI_MOHAMED_YASINE,CO_TUNISIE_AVENTURES,gerant,corporate,certain,SP_899fc252d06c4838c5bb
PERSON_ESEGHAIER_ABDELKADER,CO_L_IMMOBILIERE_AL_KADIRIA,administrateur,corporate,probable,SP_a963d5ed3e80705e7fc4
PERSON_DJILANI_HEDI,CO_L_IMMOBILIERE_AL_KADIRIA,administrateur,corporate,probable,SP_a88b8037d6ff37e4d323
PERSON_ABID_ABDELATIF,CO_HISPANIA_FLORIMPORT,unspecified,corporate,certain,SP_d7eb6a2184893765f2f2
PERSON_LORAYEDH_ATIA,CO_GESTION_COMPLEXE_INDUSTRIEL,fondateur,corporate,certain,SP_b802e9d87f5735fab4e8
PERSON_LORAYEDH_ATIA,CO_GESTION_COMPLEXE_INDUSTRIEL,dg,corporate,certain,SP_e4d3750d3e545e55c987
PERSON_HAMAMI_MOUNIR,CO_JETEE_IMMOBILIERE,gerant,corporate,certain,SP_b7ccd67f659d6bcde56d
PERSON_HAMAMI_AYMEN,CO_ANB_INFORMATIQUE,gerant,corporate,certain,SP_82d431e6e1987aab2c57
PERSON_HAMAMI_HAMDI,CO_HAMMAMI_TRAVAUX_GAZ_SHTG,gerant,corporate,certain,SP_3118f29daa0e10d7bbb5
PERSON_DERBEL_FAYCEL,CO_LOLITA,unspecified,corporate,probable,SP_4a1f9450add720a4ca89
PERSON_HORCHANI_RACHED,CO_ODYSSEE_TRADING,gerant,corporate,certain,SP_95531d95880633489264
PERSON_HAMROUNI_ATEF,CO_STAR_INDUSTRIE_PUBLICITAIRE,gerant,corporate,certain,SP_aef7233a3ad92bf72f8e
PERSON_HAMAMI_ADEL,CO_NEW_HORIZON_CONSULTING,gerant,corporate,certain,SP_efe58ff4d607218ab8fe
PERSON_MABROUK_MOUNIR,CO_LIDEALE_DISTRIBUTION_SID,gerant,corporate,certain,SP_0b6967241ba27b63dd37
PERSON_ABDENADHER_HAJEUR_DAMAK,CO_BELGACALL,gerant,corporate,certain,SP_eadf0b7727352f82443b
PERSON_SASI_MOEZ,CO_SERT_ELC,gerant,corporate,certain,SP_6341d8ff65af7ebfa704
PERSON_NASRAOUI_SLIM,CO_AURASOL,pdg,corporate,certain,SP_054e7008eb893765a73d
PERSON_TRIKI_KHALED,CO_KTRANSIT_POUR_LIMPORT_LEXPORT_KTIEX,gerant,corporate,certain,SP_a67d003d0a53e08ee9ca
PERSON_BENSAAD_MOHAMED_HABIB,CO_CLUB,pdg,corporate,certain,SP_01c3de1176afd6012e69
PERSON_TRIFA_MOHAMED,CO_CLUB,dga,corporate,certain,SP_4e338f5065366bfa9afe
PERSON_BENSAAD_MOHAMED_HABIB,CO_PROMOTION_FINANCEMENT_TOURISTIQUE_CARTHAGO,pdg,corporate,certain,SP_1515e495d2c1ef7efdcf
PERSON_TRIFA_MOHAMED,CO_PROMOTION_FINANCEMENT_TOURISTIQUE_CARTHAGO,dga,corporate,certain,SP_9eca9db50591b67bc9cc
PERSON_ABID_MONDHER,CO_MARBRERIE_ZINA_PLUS,gerant,corporate,certain,SP_befcde17c339131369c9
PERSON_TELISI_KAIS,CO_MEDITERRANEAN_HEALTH_CARE,gerant,corporate,certain,SP_835c336938124e0a0cc8
PERSON_LOUKIL_BASEM,CO_MEDITERRANEAN_INDUSTRIAL_GROUP,administrateur,corporate,probable,SP_90496f7638c2d65ede13
PERSON_DRIS_MHAMED,CO_LAQUACULTURE_TUNISIENNE,administrateur_delegue,corporate,certain,SP_dff1f188c24c8e214386
PERSON_SCHELHAAS_RAINER,CO_NEHLSEN_CONTRACTING_TREDI,unspecified,corporate,certain,SP_66b3728e9dc7d97476a8
PERSON_HAMAMI_ABDELMAJID,CO_DINGENIERIE_DASSISTANCE_TECHNIQUE_SIATEC,gerant,corporate,certain,SP_43a07329b1ec8f4ed689
PERSON_HAMAMI_MEHDI,CO_HAMMAMI_SERVICES,gerant,corporate,certain,SP_162b0ac346056f5e0e6f
PERSON_SLAMA_LATIFA,CO_EDEN_TUNISIE,gerant,corporate,certain,SP_f96e09d67d5079e4f086
PERSON_KAMOUN_ISMAIL,CO_FILTRES_LIS,gerant,corporate,certain,SP_aabe9a2ec8fc274eabdf
PERSON_REBAI_NADHIR,CO_GENERALE_RECOUVREMENT_CREANCES,dg,corporate,probable,SP_d72acba913ce8b11a1ae
PERSON_MAMI_MONGI,CO_DINJECTION_BOUCHONS,gerant,corporate,probable,SP_9bfbb198be6790d76ce3
PERSON_ABDELMOULA_MONCEF,ORGMENTION_MAILLE-INVEST,pdg,corporate,certain,SP_f7bb38a7ff404d846ec6
PERSON_AMAR_MOHAMED,CO_AZIZA,gerant,corporate,certain,SP_0da028efb70c638b116b
PERSON_MABROUK_KHALED_BENALI,CO_TRAVAUX_MODERNES,gerant,corporate,certain,SP_fbcb49e52d181f1c1069
PERSON_GHORBEL_SLIM,CO_AFRICA_ELECTRIQUE,gerant,corporate,certain,SP_acd8529da7f3eb43757c
PERSON_CHAABANE_SLIM,CO_UNIVERS_COM,gerant,corporate,certain,SP_4579ff8b676fc2fbe609
PERSON_CAMPANELA_GIOVANI,CO_BONASSISA_GENERAL_SERVICES,dg,corporate,certain,SP_ebac031358ce80b427d2
PERSON_NASR_KARIM,CO_HELP_BY_TEL,pdg,corporate,certain,SP_bd6ddc562489aeaa2e66
PERSON_MAHJOUB_MOHAMED,CO_LAMEZZANINE,gerant,corporate,certain,SP_88b7c9a71dc984769e64
PERSON_SASI_MOHAMED_ALI,CO_ALLIANCE_NEGOCES,gerant,corporate,certain,SP_2558c5cafe49c4b26a41
PERSON_ELMAY_ABDERAOUF,CO_GLOBAL_BUSINESS,gerant,corporate,certain,SP_efb67d1ab65914763d02
PERSON_HAMROUNI_FAYCEL,CO_ELITE_BUSINESS_CONSULTING,gerant,corporate,certain,SP_8b8c3e9d0031c1fc5863
PERSON_BRAHEM_SABRINE,CO_YASSINE_PLAST,gerant,corporate,certain,SP_9407622f5192a486e699
PERSON_TRAPOLINI_PAOLO,CO_ITALIAN_CONSULTING_MAGHREB,gerant,corporate,certain,SP_d5354ae193195882bad7
PERSON_KAMOUN_HEDIA,CO_STBC,gerant,corporate,certain,SP_469f0042f6cf10873257
PERSON_GAALOUL_BECHIR,CO_ADHE_ELS_INTERNATIONAL,gerant,corporate,certain,SP_0530ce75f9df34ee7598
PERSON_HAMAMI_AMEL,CO_BIO_AIR,gerant,corporate,certain,SP_cfb35dcce8899d0400db
PERSON_KAFEL_MOHAMED_RACHID_RAFIK,CO_SOTRIMEX,gerant,corporate,certain,SP_6870906dee81fe5cedca
PERSON_KILANI_SLIM,CO_TURKI_PROMOTION_IMMOBILIERE,gerant,corporate,certain,SP_8862c43f16ed8fa25a40
PERSON_TRIKI_JINEN,CO_CONSORTIUM_JINEN_MAISON_CADEAUX,gerant,corporate,certain,SP_74dbf6c0a6dd2651e402
PERSON_HAMROUNI_MOHAMED_HOUCINE,CO_PILOTE,gerant,corporate,certain,SP_af6a26718247802f7335
PERSON_DARGHOUTH_FATMA,CO_AR_FILTER,administrateur,corporate,certain,SP_90255ed7f6e20251c621
PERSON_DARGHOUTH_CHADIIA,CO_AR_FILTER,administrateur,corporate,certain,SP_0463894b2698abc05210
PERSON_RIAHI_MOHAMED_AYMEN,CO_CREATIVITA_DESIGN,gerant,corporate,certain,SP_f2844feb017767683926
PERSON_MASMOUDI_MOHAMED,CO_BATIMENTS_MODERNES,gerant,corporate,certain,SP_fb76bcf623e94d2aac77
PERSON_HAMROUNI_MUSTAPHA,CO_TUNISO_ANDALOUSE_CIMENT_BLANC,administrateur,corporate,certain,SP_721f723dae9845bb44cc
PERSON_HAMROUNI_MUSTAPHA,CO_SOTACIB_KAIROUAN,administrateur,corporate,certain,SP_87d03d684622d0d796ec
PERSON_BENROMDHANE_DALILA,CO_MEDIVET,dga,corporate,certain,SP_41b07cb81591db56870f
PERSON_SASI_SAKR,CO_MONJIA_CONFECTION,gerant,corporate,certain,SP_6f3c752de7bcf205f236
PERSON_CHARFEDINE_RIDHA,CO_UNIREST,gerant,corporate,certain,SP_201f23c09710575c599c
PERSON_BETAIEB_IMEN,CO_AL_METAL,unspecified,corporate,certain,SP_7136d50832af595f3f3b
PERSON_ELAROUI_ISMAIL,CO_TIFFANY_INTERNATIONAL,gerant,corporate,certain,SP_fb80284b320fbe6781dc
PERSON_TOUNSI_MOHAMED,CO_CHRISTINE_CONFECTION_PLUS,gerant,corporate,certain,SP_405f14b32a1b3e47386d
PERSON_KHEFACHA_TAREK,CO_RESTAURANT_PIZZARIA_ITALIANO,gerant,corporate,certain,SP_d8622d1d5db623d940b0
PERSON_BENAOUN_ALI,CO_PROMOTION_IMMOBILIERE,commissaire_aux_comptes,corporate,certain,SP_c249af640cb55442d233
PERSON_MABROUK_ABDESATAR,CO_YOUSSEF_MOSAIQUE,cogerant,corporate,certain,SP_f23a81a1adc88559e658
PERSON_DRIS_RAMZI,CO_EXTREMCONFIG,gerant,corporate,certain,SP_d3f20bd98fea327aa844
PERSON_ZOUARI_ABDELKARIM,CO_LUVIR,gerant,corporate,certain,SP_fdf0d9f448ac7a558e53
PERSON_ABDELKEFI_FADHEL,CO_BOURSE_VALEURS_MOBILIERES_TUNIS,president_ca,corporate,certain,SP_b8ff81eb7375dff2f5db
PERSON_BICHIOU_MOHAMED,CO_BOURSE_VALEURS_MOBILIERES_TUNIS,dg,corporate,certain,SP_380c93720eb393e32072
PERSON_TRIKI_ROCHDI,CO_MAISON_QUINCAILLERIE,gerant,corporate,probable,SP_d72a36e8a4f662cee90f
PERSON_TRABELSI_NABIL,CO_CONGELATION_TOUS_PRODUITS_PECHE_AGRICOLE_SOCEPA,dg,corporate,certain,SP_2399f224921e420f308c
PERSON_MHENI_LEILA,CO_CONGELATION_TOUS_PRODUITS_PECHE_AGRICOLE_SOCEPA,dga,corporate,certain,SP_330f7f1525b62115785b
PERSON_SASI_IKBEL,CO_INTERACT,gerant,corporate,certain,SP_f5178c29d19788ff3c3b
PERSON_MOKHTAR_FETHI,CO_ACIERIES_TUNISIE_SIDENOR,unspecified,corporate,certain,SP_eeb2d7743f403cff3cd8
PERSON_MOKHTAR_SADRI,CO_ACIERIES_TUNISIE_SIDENOR,unspecified,corporate,certain,SP_159fd21cca7dc88548ea
PERSON_WALHA_KAMEL,CO_ETS_WALHA_ABDELKARIM_KAMEL_CHOKRI_COQ,gerant,corporate,certain,SP_425ebe85c3ea875e18e4
PERSON_WALHA_CHOKRI,CO_ETS_WALHA_ABDELKARIM_KAMEL_CHOKRI_COQ,gerant,corporate,certain,SP_4e2a6ae164a7c0f1aaef
PERSON_ABIDA_TAREK,CO_LAVASUD,pdg,corporate,certain,SP_add52b187ceab7de91b8
PERSON_KHALIL_MOHAMED,CO_AMC_DEAL,gerant,corporate,certain,SP_320e879be5e0af48f9c9
PERSON_BENRAYES_TAHER,CO_GAN_DISTRIBUTION,gerant,corporate,certain,SP_8ed6193063ea9c150ee4
PERSON_AYADI_MEHDI,CO_ADECCO_TUNISIE,cogerant,corporate,certain,SP_7a180c89bc134f1bfd0b
PERSON_BAYOUMI_AHMED,CO_IMPRIMERIE_FRANCE,gerant,corporate,certain,SP_a3540114a6d4e7920652
PERSON_DRIS_MEHREZ,CO_FISH_SPA,gerant,corporate,certain,SP_67b1102200326f4ef140
PERSON_KAMOUN_SLIM,CO_HSOUNA,gerant,corporate,certain,SP_87d153304d3d4325fc8b
PERSON_MABROUK_WALID,CO_RUSPINA_AUTO,gerant,corporate,certain,SP_89dd64e4511e6971faed
PERSON_ATALAH_ANOUAR,CO_NOUVELLE_MAISON_VILLE_TUNIS_MONOPRIX,administrateur,corporate,certain,SP_91c8ab39adb6f993f4f1
PERSON_MHIRI_MOURAD,CO_DEXPLOITATION_HOTELIERE_EL_MOURADI_SEHM,dga,corporate,certain,SP_192b2ca5a7c7d22453c9
PERSON_JOMAA_ABDERAZEK,CO_MINOTERIES_INDUSTRIES_DIVERSES_SIMID,unspecified,corporate,probable,SP_6d488008a4975881aa07
PERSON_JOMAA_KAIS,CO_MINOTERIES_INDUSTRIES_DIVERSES_SIMID,unspecified,corporate,probable,SP_ce44b5cca2375ef21d33
PERSON_TRIKI_MAHMOUD,CO_MY_CAR_EXPORT,commissaire_aux_comptes,corporate,certain,SP_1f72931ee7ebd401dfec
PERSON_KAMOUN_HAYKEL_BENMOHAMED,CO_CAP_AGRI,gerant,corporate,certain,SP_ab822217aed846be6170
PERSON_MEDEB_MOHAMED,CO_CENTRALE_LAITIERE_SIDI_BOUZID,pdg,corporate,certain,SP_d0ed3fbe3ef5684d716e
PERSON_DHOUIBI_CHOKRI,CO_EL_OUDESSA_SERVICES_PETROLIERS,gerant,corporate,certain,SP_12c55556f4410a91c569
PERSON_CHAABANE_RIADH,CO_TROIS_COUTURES,gerant,corporate,certain,SP_68fabcdd1f8c569325ae
PERSON_ZAYEN_ABDELFATEH,CO_TEXTILE_SOUASSI_COMPAGNY,gerant,corporate,certain,SP_dc58c4a744fe742e2db0
PERSON_TLEMCANI_MOHAMED_ESAIED,CO_MAXULA_SERVICES,gerant,corporate,certain,SP_16c91a1b503f0f1ad0f7
PERSON_ANDOULSI_AIDA,CO_GREEN_LAND_CIE,gerant,corporate,certain,SP_9941af873a5822a519ac
PERSON_TRIKI_MOHAMED,CO_CERCLE_DARCHITECTURE_DECORATION_DENGINEERING_PILOTAGE_CADEP,gerant,corporate,certain,SP_a93566e28702fee227e9
PERSON_ZAAG_FRAJ,CO_AL_BARAKA_BANK_TUNISIA,administrateur,corporate,certain,SP_db6a9964c852f2f65616
PERSON_KAFSI_ABDELHAK,CO_AL_BARAKA_BANK_TUNISIA,member,corporate,certain,SP_f6abe2951ec9cd1c8d3d
PERSON_ZAAG_FRAJ,CO_AL_BARAKA_BANK_TUNISIA,dg,corporate,certain,SP_a7d0102aa3cd4960cc6d
PERSON_BENAYED_AKRAM,CO_PHARMA_PLASTI,gerant,corporate,certain,SP_1c43a94c005a36478ea1
PERSON_SLIM_TAHER,CO_SLIM_PRINTING,gerant,corporate,certain,SP_ff8c8bb0bf18a9160432
PERSON_MOKHTAR_SADRI,CO_MINIERE_SIDERURGIQUE_TUNISIE_SMST,dga,corporate,certain,SP_ed6ad3657ea615a79449
PERSON_MOKHTAR_FETHI,CO_ACIERIES_TUNISIE_SIDENOR,pdg,corporate,certain,SP_246f4fdbf10d8955382c
PERSON_MOKHTAR_SADRI,CO_ACIERIES_TUNISIE_SIDENOR,dga,corporate,certain,SP_8f47896a968fcec5ed17
PERSON_ZGHIDI_ADNENE,CO_TOUTALU,commissaire_aux_comptes,corporate,certain,SP_8297970f9040646b8402
PERSON_BENMBAREK_ISLEM,CO_DEMAT,dga,corporate,certain,SP_f2a7325cd0c9d5856ce0
PERSON_ELOUMI_YADH,CO_CABINET_YADH_ELLOUMI_ASSOCIES,gerant,corporate,certain,SP_1b2c8f931bd5e69b0c1c
PERSON_NEBGHA_SALEM,CO_VECTORYS_TUNISIE,pdg,corporate,certain,SP_144aa3e3cda1591c2fbb
PERSON_AMAMI_MOHAMED_MONGI,ORG_ASSOCIATION_POUR_DEVELOPPEMENT_DEMOCRATIE_LOCALE,association_president,corporate,certain,SP_1359fe1cf82efdef5838
PERSON_SMAALI_MONGI,ORG_ASSOCIATION_POUR_DEVELOPPEMENT_DEMOCRATIE_LOCALE,secretaire_general,corporate,certain,SP_ecf89036a4b8609ae6ef
PERSON_HACHICHA_SKANDER,ORG_ASSOCIATION_POUR_DEVELOPPEMENT_DEMOCRATIE_LOCALE,treasurer,corporate,certain,SP_b57f1c9005511e42fa52
PERSON_SELAMI_KHALIL,CO_FIXIT,gerant,corporate,certain,SP_8ff90e3907b678e7e5af
PERSON_ZOUARI_AROUA,CO_LIWEB_AGENCY,gerant,corporate,certain,SP_44f2b0ea18189a1ae6b8
PERSON_BALOFY_JEAN_CHRISTOPHE_ROBERT,CO_FRANCE_PARTENAIRES_CONSULTING_TUNISIE,gerant,corporate,certain,SP_698354905a74acea903a
PERSON_ZAMIT_IMED,CO_COMPAGNIE_TUNISIENNE_NAVIGATION,administrateur_delegue,corporate,certain,SP_300270b898f9384a5d53
PERSON_KILANI_RACHID,CO_SIRENE,gerant,corporate,certain,SP_a80123b6350331da5550
PERSON_BOUDOKHANE_ANIS,CO_SUPER_BETON,gerant,corporate,certain,SP_066902e3841fbd31c71a
PERSON_KOOLI_MOHAMED_SAMI,CO_GENERALE_INDUSTRIE_NORD,president_ca,corporate,certain,SP_f719f05b89ae9b676984
PERSON_HACHICHA_OMAR,CO_DELICES_MAMAN,gerant,corporate,certain,SP_90f7e5b28eee86e0438b
PERSON_ZERELI_MOHSEN,CO_TUNISIA_HOTEL_PROPERTIES,president_ca,corporate,certain,SP_49cd17c92f77c1a7fcdc
PERSON_HADAD_MOHAMED,CO_MANUTENTION_SYSTEM,gerant,corporate,certain,SP_342a0242fd33e9dfcc6a
PERSON_KHALIL_MOHAMED,CO_INVENT_SERVICES,gerant,corporate,certain,SP_ca999d6ec9c4676113df
PERSON_SELAMI_KHALIL,CO_OLYMP_RECOUVREMENT,gerant,corporate,certain,SP_3f491c63158ae0d55f16
PERSON_SEFA_HICHAM,CO_ATTIJARI_SICAR,administrateur,corporate,certain,SP_7b14feb69332385611b5
PERSON_SEFA_HICHAM,CO_ATTIJARI_SICAR,president_ca,corporate,certain,SP_e39ab7af1bbd87cebfed
PERSON_ARBI_NADER,CO_PATES_WARDA,dga,corporate,certain,SP_f0df22c3c727593cc0b9
PERSON_DRIS_MOEZ,CO_MAKLADA_PRESTRESSED_STEEL,unspecified,corporate,certain,SP_0836e7fe3f353da1f663
PERSON_DRIS_MOEZ,CO_MAKLADA_PRESTRESSED_STEEL,pdg,corporate,certain,SP_0e75af895a33f6132a57
PERSON_KAMOUN_FAOUZI,CO_ESPACE_SERVICES,gerant,corporate,certain,SP_eea24865d4b1f64e34b3
PERSON_KADRI_ABDELKADER,CO_SOTOPEC,gerant,corporate,certain,SP_29177c23b3c9fc47922b
PERSON_BENBELGACEM_SAMIR,CO_UNION_GENIES_INDUSTRIELS,gerant,corporate,certain,SP_4b8ec02ed7effcacb012
PERSON_MHIRI_SAMI,CO_EL_MOURADI_POUR_COMMERCE,cogerant,corporate,probable,SP_f2c324661f081eae7e39
PERSON_MAGROUN_SALMA_MHIRI,CO_EL_MOURADI_POUR_COMMERCE,cogerant,corporate,probable,SP_1663e5746d4807711de0
PERSON_KANOUN_IMED,CO_SEMOBAT_MEUBLES,gerant,corporate,certain,SP_3997f432ee18d46ade7b
PERSON_BATIKH_WIEM,CO_PRODUCTION_LINGERIE_MAILLOT_BAIN,gerant,corporate,certain,SP_9b84a7a27515438965bf
PERSON_ZOUARI_KHALED,CO_IMPRESSION_CARTON_EMBALLAGE,gerant,corporate,certain,SP_8404fd96df17bdcd3b46
PERSON_AMOUS_MOHAMED,CO_VOLTEQ,gerant,corporate,certain,SP_2d314a13ca2938604346
PERSON_TRIGUI_LASAAD,CO_CONFISERIE_BARAKA_TURQUE,gerant,corporate,certain,SP_fa647438157aa5aafb54
PERSON_DJEMALI_HOSNI,CO_SICAF_SANGHO,pdg,corporate,certain,SP_10b352df430d40db662f
PERSON_AMAR_FETHI,CO_CAVALIER_VERT,gerant,corporate,certain,SP_c1484854ea2cf64c30dc
PERSON_KHEMIRI_MOHAMED_MEHDI,CO_WIKI_START_UP,president_ca,corporate,certain,SP_546c6d4f6aea81060667
PERSON_CHAABANE_ALIFA_FAROUK,CO_PROJECTING_BUSINESS_TUNISIE,gerant,corporate,certain,SP_d586336b5051cfd3d43d
PERSON_HAMROUNI_HSAN,CO_EL_KARAMA_POUR_L_INVESTISSEMENT_AGRICOLE,gerant,corporate,certain,SP_118cec4b00acfab107be
PERSON_SASI_WALID,CO_MEUBLE_SUD,gerant,corporate,certain,SP_c398c3055945cbb1215e
PERSON_ENAGZOU_MONIA,CO_FRENCH_PRODUCTION,gerant,corporate,certain,SP_74e32dda24db105d3085
PERSON_SLAMA_MOHAMED_AMIN,CO_BEST_GROUP,gerant,corporate,certain,SP_ef3c307c0b228afb3e84
PERSON_ZOUARI_TAREK,CO_REMPLAST,unspecified,corporate,certain,SP_ab85feab1785806ab913
PERSON_ALDROUGHI_EHAB,CO_RAYYAN_INTERNATIONAL_TRADE,gerant,corporate,certain,SP_0b8acd6de9ec4fb43b71
PERSON_MZABI_ALI,CO_MAISON_CAOUTCHOUC,gerant,corporate,certain,SP_106c6328697d003a469c
PERSON_KILANI_HAMED,CO_KROMBERG_SCHUBERT_CENTRE_TECHNOLOGIQUE,cogerant,corporate,certain,SP_87557f7a0920dc173f33
PERSON_BELHIBA_ABDELAZIZ,CO_NORTH_AFRICA_SERVICES_COMPANY,gerant,corporate,certain,SP_4312b859f17919d17866
PERSON_RIAHI_MOHAMED,CO_HUPPE_CONFECTION,gerant,corporate,certain,SP_8033343f8ada25620d9f
PERSON_ZGHIDI_ADNENE,CO_COMMERCIALE_SPORTIVE_SFAXIENNE,commissaire_aux_comptes,corporate,certain,SP_0ba130a5078bb17a9025
PERSON_LTAIEF_FETHI,CO_AGRICOLE_DAHLIA,gerant,corporate,certain,SP_1f36024b1a07d844a575
PERSON_BENSEDRINE_ONS,CO_AMIMA_TRADING,gerant,corporate,certain,SP_3c939e4e2599bd2ca92d
PERSON_BOURICHA_JALEL,CO_HOTELIERE_TOURISTIQUE_HOTEL_IBN_KHALDOUN,pdg,corporate,certain,SP_c585035691d73dff407e
PERSON_HAMAMI_SOFIEN,CO_EL_YASMINE_COMMERCE,gerant,corporate,certain,SP_a15e3aa9fa90a96ae446
PERSON_AYADI_LOTFI,CO_CUSTOMERS_FINANCE_CONSULTING,gerant,corporate,certain,SP_28c4055dd326e71cb771
PERSON_JEOUINI_MOHAMED,CO_FRANCO_TUNISIENNE_POUR_LISOLATION_LECONOMIE_DENERGIE_DANS_BA,gerant,corporate,certain,SP_c074126653542d113b80
PERSON_KILANI_ISMAIL,CO_KILANI,gerant,corporate,certain,SP_b4fc022f85dff0d9208a
PERSON_KHALIL_MOHAMED,CO_BABAL_MEDINA_TRADING,gerant,corporate,certain,SP_2f4c56b49e09c7836f48
PERSON_ZOUARI_MOHAMED_ALI,CO_MOHAMED_ALI_ZOUARI,gerant,corporate,certain,SP_4b0729b86a0ed972312a
PERSON_HAMAMI_SAMI,CO_IMEN_CALL_CENTER,gerant,corporate,certain,SP_7d6bbe3acbcceb9b85c3
PERSON_BOURICHA_MOHAMED_HABIB,CO_TANDEM_GLOBAL_LOGISTICS_TUNISIA,cogerant,corporate,certain,SP_ebe0c7ac98c25cf91c28
PERSON_DAOUD_RAMI,CO_EXTRA_BETON,administrateur,corporate,certain,SP_fba8783beb6173c60d56
PERSON_DAOUD_RAMI,CO_EXTRA_BETON,pdg,corporate,certain,SP_58cdcf98a515ac7ac9a4
PERSON_ZOUARI_NEJIB,CO_INDUSTRIE_TEXTILE_SPORTIF,gerant,corporate,certain,SP_763c8ea9175cdd675f42
PERSON_KILANI_KAIS,CO_ALLIANCE_ETUDES,gerant,corporate,certain,SP_347e7579c8cb135b97ad
PERSON_KAMOUN_IMED,CO_GLOBAL_COMMERCE,gerant,corporate,certain,SP_2a3c5f71f42c38e99010
PERSON_MAMI_MONGI,CO_VALORFLAKES,gerant,corporate,certain,SP_9b9357144f28e4e51459
PERSON_ESAFI_HABIB,CO_NORTH_AFRICA_INTERNATIONAL_BANK,administrateur,corporate,certain,SP_7830fa87c688d378561a
PERSON_FERCHIOU_YOUNES,CO_MEDINVEST_SICAR,pdg,corporate,certain,SP_89e43bba5d9556262e32
PERSON_RUSO_OLGA,CO_GM_ITALIA,liquidateur,corporate,certain,SP_6785a9d7e47ff9accc85
PERSON_SASI_MOHAMED_FETHI,ORG_CHAMBRE_COMMERCE_D_INDUSTRIE_TUNISO_POLONAISE,association_president,corporate,certain,SP_953989463e6da45f290d
PERSON_SMIDA_ABDALAH,ORG_CHAMBRE_COMMERCE_D_INDUSTRIE_TUNISO_POLONAISE,vice_president,corporate,certain,SP_c8e983a59a4ad6174aa4
PERSON_MESADI_AMEN_ALAH,ORG_CHAMBRE_COMMERCE_D_INDUSTRIE_TUNISO_POLONAISE,secretaire_general,corporate,certain,SP_a4bce23e18308e7d73d2
PERSON_BENCHEIKH_KHALED,ORG_CHAMBRE_COMMERCE_D_INDUSTRIE_TUNISO_POLONAISE,treasurer,corporate,certain,SP_741bd6f382248b5bd20a
PERSON_SAIDI_MOHAMED,CO_CONFORT_MAISON,gerant,corporate,certain,SP_11c48c747b34eefb0d20
PERSON_HAMAMI_ZOHRA,CO_ECOLE_FORMATION_EL_AMANA,gerant,corporate,certain,SP_80e56399a0836cc87b8e
PERSON_HAMAMI_MOEZ,CO_MARIEM_LEATHER,gerant,corporate,certain,SP_14292d835915d7e2030d
PERSON_MONTACER_BECHIR,CO_TUNISIE_FONDERIE,president_ca,corporate,certain,SP_1661bc01c09f55ce11ef
PERSON_MONTACER_WALID,CO_TUNISIE_FONDERIE,dg,corporate,certain,SP_dfd246e25ed61552ab26
PERSON_KASMI_KARIM,CO_TUNISIE_FONDERIE,dga,corporate,certain,SP_17119087b58a95bf5372
PERSON_HAMAMI_KAMEL,CO_COUVERTURE_TOUS_GENRE_SIEGE,gerant,corporate,certain,SP_2ce047b48225612ac940
PERSON_HAMROUNI_AFIF,CO_ARROKI,gerant,corporate,certain,SP_2b0f6e46fb259cbaca18
PERSON_TURKI_BOURAOUI,CO_TOURISTIQUE_TOUR_KHALEF,administrateur,corporate,probable,SP_fcb80161c28b1aacea4b
PERSON_DRIS_MOHAMED_TAIEB,CO_TOURISTIQUE_HOTELIERE_SUD_STHS,administrateur,corporate,probable,SP_2225061a1374fe15f7ae
PERSON_HAMROUNI_MOUNIR,CO_NEW_STAR_IMMOBILIERE,cogerant,corporate,probable,SP_a66500f58b35610dfbc5
PERSON_DEGRYSE_MARTIAL,CO_KDP,gerant,corporate,certain,SP_1720c64574edd325f4d9
PERSON_HAMAMI_DHIA_EDINE,CO_SERVICES_PIECES_ENGINS_SSPE,gerant,corporate,certain,SP_eb46f5d8a0c56c73d856
PERSON_ZOUARI_MOEZ,CO_PERFECT_AL_MITHALY,gerant,corporate,certain,SP_cd45860836b1945fb0b9
PERSON_MEDEB_MOHAMED_ALI,CO_STEEL_BULDING_CONCEPT_TUNISIE,administrateur,corporate,probable,SP_a5f81e990959e46e42c2
PERSON_MEDEB_HOUEIDA_NASRA,CO_STEEL_BULDING_CONCEPT_TUNISIE,administrateur,corporate,probable,SP_c298b9742eaffa6b80db
PERSON_KHABOUCHI_NAJIB,ORG_ASSOCIATION_TUNISIENNE_CONTROLEURS_PUBLICS,association_president,corporate,certain,SP_18d30fa2bb06b5baff24
PERSON_SELMANI_SAMIHA,ORG_ASSOCIATION_TUNISIENNE_CONTROLEURS_PUBLICS,vice_president,corporate,certain,SP_799747759d1a01a3a943
PERSON_SELMI_NABIL,ORG_ASSOCIATION_TUNISIENNE_CONTROLEURS_PUBLICS,secretaire_general,corporate,certain,SP_631d0850bea77d36bdb8
PERSON_YAKOUBI_CHARFEDINE,ORG_ASSOCIATION_TUNISIENNE_CONTROLEURS_PUBLICS,treasurer,corporate,certain,SP_4482924a01f85a9a30c9
PERSON_JAMOUSI_IMED,ORGMENTION_Nom de l'association : Diplomés de la South Mediterranean Un,association_president,corporate,certain,SP_e49d459f9ec4f6fa64e3
PERSON_KHAYAT_SONIA,ORGMENTION_Nom de l'association : Diplomés de la South Mediterranean Un,vice_president,corporate,certain,SP_b5fc514291b3259d6b71
PERSON_BOURICHA_ELYES,ORGMENTION_Nom de l'association : Diplomés de la South Mediterranean Un,secretaire_general,corporate,certain,SP_22d3cc4b12f1431463a4
PERSON_MEGDICHE_ABDERAOUF,ORGMENTION_Nom de l'association : Diplomés de la South Mediterranean Un,treasurer,corporate,certain,SP_aa8f94947fce8be1800e
PERSON_MILADI_MAHMOUD,ORGMENTION_Nom de l'association : Diplomés de la South Mediterranean Un,member,corporate,certain,SP_9f66bf2243c6dde5598b
PERSON_CHAABANE_NABIL,CO_DREAM_SERVICES,gerant,corporate,certain,SP_027ab20b7cb487e50528
PERSON_HAMAMI_OUSAMA,CO_HAMMAMI_ELECTRICITY_CONCEPT,gerant,corporate,certain,SP_e777baab5f776411d069
PERSON_OUAHCHI_ABDERAHMANE,CO_THYNA_PETROLEUM_SERVICES,administrateur,corporate,certain,SP_1c7a330ba7b1c9779cdc
PERSON_CHOUAIEB_AMIN,CO_CHIFCO,gerant,corporate,certain,SP_56eb61fd04f19b434027
PERSON_TRIKI_WALID,CO_AUTOMATION_INDUSTRIAL_EQUIPEMENTS_CONSULTING_COMPANY,gerant,corporate,certain,SP_9e4b5511cba8a38c128c
PERSON_BETAIEB_HANEN,CO_PLACOPLAST,associe,corporate,certain,SP_2347035832213d714342
PERSON_HMIMED_ABDELMAJID,CO_NEW_STAR_INTERNATIONAL,gerant,corporate,certain,SP_d90b7b5834e54615db97
PERSON_ESAIDI_MONIA_JEGUIRIM,ORG_CONECT,treasurer,corporate,certain,SP_19d93c91d596ed3b6cb9
PERSON_DEDECH_KAMEL,CO_CODECAP_PLUS_NORTH_AFRICA,gerant,corporate,certain,SP_62805aaf325c855c1085
PERSON_BELHIBA_ABDELAZIZ,CO_BITUME_INVEST,gerant,corporate,certain,SP_952f18ec16dd0a12018a
PERSON_HAMAMI_HOUCINE,CO_MASSICAUIT_CONSTRUCTION_METALLIQUE_SMCM,gerant,corporate,certain,SP_4fe5315df9432b2fc13b
PERSON_DKHILI_NOURI,CO_NOURI_EXPORT,gerant,corporate,certain,SP_0e865b31aa7e26fdb1ab
PERSON_NADAL_LUC,CO_GEFCO_TUNISIE,unspecified,corporate,certain,SP_42ee7730047f00d4aea3
PERSON_NASRI_SLIMENE,CO_INTERBANCAIRE_TELECOMPENSATION,dg,corporate,certain,SP_d3f4e0a2b49a30d336ab
PERSON_LADJMI_FAYCAL,CO_INTERBANCAIRE_TELECOMPENSATION,dga,corporate,certain,SP_ef6419353e36c17027f5
PERSON_AMIRI_KHALIL,CO_LANGOLO_ROSSO,gerant,corporate,certain,SP_7fd9a8958a088923331e
PERSON_DRIS_MHAMED,CO_AVICOLE_SAHEL,administrateur,corporate,probable,SP_6ea0b96065db10cd0fba
PERSON_DRIS_FAIZA,CO_AVICOLE_SAHEL,administrateur,corporate,probable,SP_f321bb7b807e17224f88
PERSON_DRIS_HICHEM,CO_AVICOLE_SAHEL,administrateur,corporate,certain,SP_8f6efe26a76b9fd5ba07
PERSON_SELAMI_KHALIL,CO_OLYMP_RECOUVREMENT,pdg,corporate,certain,SP_4d990049c74642883a55
PERSON_KILANI_KAIS,CO_AL_MOUTAMAYIZA_COMMERCE,gerant,corporate,certain,SP_a8304babeeb97685f205
PERSON_MAKHLOUFI_ABDERAZEK,ORGMENTION_Société Maintenance et Constructions Métalliques,gerant,corporate,certain,SP_0f5ff57b207603ec25cf
PERSON_ZAYATI_JALEL,CO_ORTHO_IMMOBILIERE,gerant,corporate,certain,SP_7cbe824533bad1c9ea7a
PERSON_SASI_THAMEUR,CO_ADAM_DISTRIBUTION,gerant,corporate,certain,SP_4e9a6145e8311bdf3701
PERSON_GHACHEM_TAIEB,CO_TUNISIE_PROFILES_ALUMINIUM,dga,corporate,certain,SP_ee969348f8b30680b76d
PERSON_ISMAIL_ALI,CO_TUNISIE_PROFILES_ALUMINIUM,dga,corporate,certain,SP_7aa8d7801b6d9a757ce7
PERSON_SELAMI_AMIN,CO_BAXTER_TUNISIA,gerant,corporate,certain,SP_b54a426b584d159fc2fa
PERSON_CHAABANE_MOHAMED_LAHBIB,CO_AMADIS,gerant,corporate,certain,SP_3f4126b301aec46adebf
PERSON_HAMAMI_MAHA,CO_EYA_IMPORT_EXPORT,gerant,corporate,certain,SP_4904e0d65bf0fc85e6a2
PERSON_BOUHAJA_SAMI,CO_MODE_PLAISIR_CONFECTION,gerant,corporate,certain,SP_c9a5cd07b26517916f6d
PERSON_ZOUARI_FAROUK,CO_E_PARTNER,gerant,corporate,certain,SP_582985b3488333955d1d
PERSON_KHALIL_MAZEN_SHIKH,CO_TUNISIAN_GERMAN_CENTER,gerant,corporate,certain,SP_41d3cf55f88a836a29ba
PERSON_AREM_MAHMOUD,CO_MILLE_UNE_FLEUR,gerant,corporate,certain,SP_2ff515f6272ef76e40f8
PERSON_HAMAMI_KAMEL,CO_TUNISIENNE_FABRICATION_RENOVATION_CHAISES_ST_RENOVATION,gerant,corporate,certain,SP_469a2d76967a0d388bfe
PERSON_CHAABANE_FAKER,CO_SALES_DEVELOPMENT_SERVICES_INTERNATIONAL,gerant,corporate,certain,SP_da2b0f6940b233c89ecb
PERSON_BENHADJ_AHMED,CO_TUNISO_ALGERIENNE_CHLORE,fondateur,corporate,certain,SP_aeb13eff8d5a188bcd98
PERSON_JAIDANE_RIADH,CO_TUNISO_ALGERIENNE_CHLORE,representant,corporate,certain,SP_84ca25aad493473d79c6
PERSON_BENHADJ_AHMED,CO_TUNISO_ALGERIENNE_CHLORE,pdg,corporate,certain,SP_22738395363d210c60fe
PERSON_CHAABANE_NOUREDINE,CO_MEDITERRANEENNE,administrateur,corporate,certain,SP_bf636afbda936ce2e53e
PERSON_HAMROUNI_LOTFI,CO_CARTHAGE_CEMENT,administrateur,corporate,certain,SP_a974b7cb71cb9fc3f891
PERSON_BAYOUDH_LAROUSI,CO_CARTHAGE_CEMENT,administrateur,corporate,certain,SP_86bbd50b64c27b043319
PERSON_ZOUHEIR_ABDELAZIZ,CO_TUNISIENNE_PANSEMENTS_SOTUPA,pdg,corporate,probable,SP_55dd7eaa85d22d0a1c16
PERSON_ZNAIDI_ILYES,CO_SICAR_SIM,dga,corporate,certain,SP_776ad00b98c979c05044
PERSON_CANTACUZENE_SERBAN,CO_AIR_LIQUIDE_TUNISIE_SERVICES,dg,corporate,certain,SP_4d0db0ab304bbbf78b5b
PERSON_BENAMAR_MOHAMED_LASAAD,CO_ITALCAR,dg,corporate,certain,SP_c885593f6505e5b8ba03
PERSON_GHERIANI_MOHAMED_TAOUFIK,CO_INVESTISSEMENTS_DEVELOPPEMENT_MECANIQUE,administrateur,corporate,certain,SP_67aa91a74eeacd50ea13
PERSON_ZOUARI_MEHDI,CO_OPTIMISATION,gerant,corporate,certain,SP_bd11060d6c59b25a77e8
PERSON_AYARI_ABDELHAKIM,CO_BLUE_JEANS_ITALIA,gerant,corporate,certain,SP_7189550c1dd3e8f8c981
PERSON_HAMAMI_MAHER,CO_TUNISIENNE_PIECES_RECHANGE_POUR_CAMIONS_POUR_DENOMINATION_CO,gerant,corporate,certain,SP_162cf83ecaf3c88f07bc
PERSON_TRABELSI_MOHAMED,CO_H_D_WOOD,gerant,corporate,certain,SP_77ca2970ce9a2fc57af0
PERSON_BAROUNI_MOHAMED_MONCEF,ORG_ASSOCIATION_D_AMITIE_TUNISO_AMERICAINE,association_president,corporate,certain,SP_35ad605e30bb440d9c6b
PERSON_BELKHIRIA_NACEF,ORG_ASSOCIATION_D_AMITIE_TUNISO_AMERICAINE,secretaire_general,corporate,certain,SP_d3d37f2829587999ccce
PERSON_BENBRAHIM_SAFOUANE,ORG_ASSOCIATION_D_AMITIE_TUNISO_AMERICAINE,treasurer,corporate,certain,SP_3f5ed73ddbaee581f626
PERSON_BOUBAKER_SAIDA,CO_HIGHEST_CLOTHES_MAKING,gerant,corporate,certain,SP_8a5e981d73d1278ce534
PERSON_BOUABID_HASEN,CO_HIGHEST_CLOTHES_MAKING,gerant,corporate,certain,SP_84abd396a1e0799f6690
PERSON_GUIGA_MOHAMED,CO_GIF_FILTER,administrateur,corporate,certain,SP_9e68ed57e89035f3d319
PERSON_ZOUARI_ROCHHENE,CO_INTERNATIONAL_LEGAL_BUSINESS,gerant,corporate,certain,SP_66cdde0be45e1029a0d2
PERSON_HAMROUNI_MOEZ,CO_EXPERTISE_EXPORT_DEVELOPPEMENT,gerant,corporate,certain,SP_7e25f739b284d8f1f986
PERSON_DRIS_ANIS,CO_VIT,gerant,corporate,certain,SP_f19452de5189f8fd9176
PERSON_BAYOUDH_KHEMAIES,CO_TRANSFORMATION_METAL_TRANSMETAL,gerant,corporate,certain,SP_13145a6d8d23c9c04f8b
PERSON_HAMROUNI_TAJEDINE,CO_HAMROUNI_GROUPE,gerant,corporate,certain,SP_1e2deecd80911521c9df
PERSON_HAMAMI_MOEZ,CO_WEB_FACTORY,gerant,corporate,certain,SP_5b5489f2b033bdaea163
PERSON_ENIGROU_MOHAMED_SAHBI,CO_ENGINEERING_PROCUREMENT_PROJECT_MANAGEMENT,administrateur,corporate,certain,SP_2f13c5ae6e49bc61a933
PERSON_CHERIF_MOHAMED,CO_SAMARONS_RESORT5,gerant,corporate,probable,SP_eccb11462c2c354c5918
PERSON_CHERIF_MOHAMED,CO_SAMARONS_RESORT5,gerant,corporate,probable,SP_eccb11462c2c354c5918
PERSON_TLEMSANI_LEITH_LATRACH,CO_HERBIOTECH_AROMA,pdg,corporate,certain,SP_87381af43755842cf842
PERSON_SLAMA_JAMILA,CO_MEILLERIE_SLAMA,gerant,corporate,certain,SP_7b3bd62a9068644a05a0
PERSON_TRIKI_MOHAMED_LARBI,CO_JAD_DISTRIBUTION,gerant,corporate,certain,SP_a9ee0377551cf2ba83a3
PERSON_FALEH_BADIAA,CO_CERAMIQUE_CHEBEDDA_SOCER,unspecified,corporate,certain,SP_9e29def9c67885974098
PERSON_BENAYED_MOHAMED_TAHER,CO_CERAMIQUE_CHEBEDDA_SOCER,unspecified,corporate,certain,SP_5f031564d3b042c16c14
PERSON_BENAYED_MOHAMED_FARES,CO_CERAMIQUE_CHEBEDDA_SOCER,unspecified,corporate,certain,SP_10f6fa5ca7a576c22668
PERSON_BENAYED_MOHAMED_SALAH,CO_CERAMIQUE_CHEBEDDA_SOCER,unspecified,corporate,certain,SP_007604e870b8a57b3edc
PERSON_BENAYED_MOHAMED_EZINE,CO_CERAMIQUE_CHEBEDDA_SOCER,unspecified,corporate,certain,SP_a26027b8605e76a6d1f8
PERSON_BENAYED_MOHAMED_TAHER,CO_CERAMIQUE_CHEBEDDA_SOCER,pdg,corporate,certain,SP_84f61b5384be006ec475
PERSON_ZOUARI_GHASEN,CO_INNOVIS_ENGINEERING_AND_CONSULTING,gerant,corporate,certain,SP_c9263c4dddcb4226a183
PERSON_JERAD_RAMZI_KILANI,CO_LINCKIA,gerant,corporate,certain,SP_de5c7700403b3d5d14a7
PERSON_FREDJ_ANOUAR_BENHADJ,CO_BIO_PLAST,gerant,corporate,certain,SP_034292fe447cf9644fc1
PERSON_HAMAMI_NABIL,CO_TOPNET,dga,corporate,certain,SP_70661292af7cef91062a
PERSON_TRIKI_HOSNI,CO_MADE_IN_DESIGN,gerant,corporate,certain,SP_491a6e1ea62f68e11676
PERSON_ANTONIO_SAVARESE,CO_ITALIEN_SERVICES_ASSISTANCE,gerant,corporate,certain,SP_2de0b7cf6cb9ca983840
PERSON_MILAD_MOHAMED_ELAZIZ,CO_TUNISIA_AIRPORT_SERVICES,administrateur,corporate,certain,SP_cc66a67600ef2b5d0564
PERSON_LOUKIL_WALID,CO_AMANA,vice_president,corporate,certain,SP_f705a7aaaffcd7bc3599
PERSON_BENAYED_BILEL,CO_AMANA,treasurer,corporate,certain,SP_b7f4755762124b22ce85
PERSON_LOUKIL_BASEM,CO_AMANA,association_president,corporate,certain,SP_63a5d0eab13715e0dec4
PERSON_ZOUARI_MONCEF,CO_SYPHAX_AIRLINES,commissaire_aux_comptes,corporate,certain,SP_0aee2212ea7220092881
PERSON_HAMROUNI_BASEM,CO_KYRA_LUB,gerant,corporate,certain,SP_628712681567c9dc9caf
PERSON_ZOUARI_MONCEF,CO_MZ_CONSULTING,gerant,corporate,certain,SP_6e5b14e92dd663139b1a
PERSON_TAHER_HATEM_BENMOHAMED,CO_ELECTRIC_SYSTEMS_PRODUCTION_ENGINEERING,gerant,corporate,certain,SP_dc6b9ade5962ced2b535
PERSON_CHEBIL_YASINE_BENHABIB,CO_ESPACE_ITALIEN_SOMMEIL,gerant,corporate,certain,SP_9e70ec4cf5fec812276c
PERSON_KILANI_SOUHEIL,CO_WESLEY_GLOBAL_TRADING,gerant,corporate,certain,SP_1a1b274543b40e7537fe
PERSON_YAICHE_NIZAR,CO_RAHMA_AGRICOLE,gerant,corporate,certain,SP_b08f7b00dec5341444e6
PERSON_CHABCHOUB_MOHAMED_AMIN,CO_RETEL,dg,corporate,probable,SP_8161b932a0f05765ab4f
PERSON_CARPANETO_EMILIO,CO_SATI_SOLAR_TUNISIA,gerant,corporate,certain,SP_e7836423c236cf9ddbd0
PERSON_DRIS_SKANDER_BENHEDI,CO_DELEVAGE_PRODUIT_AGRICOLES_SEPA,gerant,corporate,probable,SP_ea16ae830c33fe9561e4
PERSON_HEMAYED_EMIRA,CO_IMPERIAL_FISH,unspecified,corporate,certain,SP_e9ceddf032e972556a75
PERSON_HEMAYED_HAMED_AMINE,CO_IMPERIAL_FISH,unspecified,corporate,certain,SP_21e5fb127858478d680d
PERSON_ZGHIDI_ADNENE,CO_IMPERIAL_FISH,commissaire_aux_comptes,corporate,certain,SP_96d015e1d43548a0752b
PERSON_HEMAYED_HAFEDH,CO_IMPERIAL_FISH,pdg,corporate,certain,SP_5beb4cd2d8fe927f4c7b
PERSON_BRAHAM_SONIA,CO_TOP_FASHION,gerant,corporate,certain,SP_6b0af68d596989b58d86
PERSON_BENYEDER_BECHIR,CO_CAFES_BEN_YEDDER,administrateur,corporate,certain,SP_0cac3d80dd4628d8af0f
PERSON_BENYEDER_RACHID,CO_CAFES_BEN_YEDDER,administrateur,corporate,certain,SP_2fbece9efa8b4a4e6ab7
PERSON_BENYEDER_NIHEL_HAJROMDHANE,CO_CAFES_BEN_YEDDER,administrateur,corporate,certain,SP_bc3b4483d888db756b0a
PERSON_BENYEDER_NADHIM,CO_CAFES_BEN_YEDDER,administrateur,corporate,certain,SP_243b589c94d39fffe003
PERSON_BENYEDER_MELEK,CO_CAFES_BEN_YEDDER,administrateur,corporate,certain,SP_b087e39e7056e9a66e64
PERSON_BENYEDER_KARIM,CO_CAFES_BEN_YEDDER,administrateur,corporate,certain,SP_d69ac6c080cdd7b8f7e7
PERSON_CHAABANE_NOURI,CO_BONNE_CARRIERE,unspecified,corporate,certain,SP_18c0e899589c8d375bb5
PERSON_SIDHOM_SAMIR,CO_PRO_AUDIO_LIGHT,gerant,corporate,certain,SP_744e3c22dcf03501ce5d
PERSON_HAMAMI_MANEL,CO_OCEAN_GATE_INTERNATIONAL_TRADING_COMPANY,gerant,corporate,certain,SP_95af4875a211a90857d9
PERSON_ZAOUALI_MOHAMED_SALAH,CO_AQUATUN,gerant,corporate,certain,SP_9e51e0e55ad64533c698
PERSON_TRIKI_MAHMOUD,CO_NUANCE,commissaire_aux_comptes,corporate,certain,SP_ef0909a1763183d9e885
PERSON_KILANI_NAJAH_HICHEM,CO_KILANI_IMPORT_EXPORT_KIMEX,gerant,corporate,certain,SP_0da2208a1c066becc780
PERSON_TRIKI_LASAAD,CO_LIBRAIRIE_LAVENIR_CULTUREL_LAC,gerant,corporate,certain,SP_3cb22060173469fde54d
PERSON_MYRIAM_ABDENADHER,CO_TUNISIAN_DIRECT_EXPORT,gerant,corporate,certain,SP_3174f8fe9002a765d863
PERSON_DAKNOU_FAYCAL,CO_FINANCIERE_REVISION_COMPTABLE,gerant,corporate,certain,SP_c1ede3586d233c637aa7
PERSON_LOUKIL_WALID,CO_ECONOMIC_AUTO,dga,corporate,certain,SP_e3b7001aaad609ab11a4
PERSON_HAMAMI_MAHMOUD,CO_STOCKAGE_CARBURANTS_AVIATION,pdg,corporate,certain,SP_5147960b7741a171b87b
PERSON_FEHRI_SONIA,CO_GESTION_CENTRES_COMMERCIAUX,gerant,corporate,certain,SP_30cd0563801c88a63c82
PERSON_IDRIS_KRAIEM,CO_HORCHANI,gerant,corporate,probable,SP_44eac9d9a44ffe20b21e
PERSON_HORCHANI_NIZAR,CO_GRAPHIQUE_ARTS_PLUS,gerant,corporate,certain,SP_611a3e78326aa9472388
PERSON_PUCINELI_RICARDO,CO_CENTRE_ITALIEN_DINVESTISSEMENT,gerant,corporate,certain,SP_7b8574a134aa3c948473
PERSON_CHERIF_TAREK,CO_ASSURANCES_SALIM,administrateur,corporate,certain,SP_cedfa756b0a97cef895a
PERSON_DRIS_MOHAMED_TAOUFIK,CO_ASSURANCES_SALIM,president_ca,corporate,certain,SP_c30f0f210025df2b3c25
PERSON_BOUJBEL_MOHSEN,CO_VACPA_BOUJBEL,administrateur,corporate,certain,SP_6ecff5566491bf9c2334
PERSON_BOUJBEL_LASAAD,CO_VACPA_BOUJBEL,administrateur,corporate,certain,SP_64e529e2411037cd8344
PERSON_BOUJBEL_MOHSEN,CO_VACPA_BOUJBEL,pdg,corporate,probable,SP_8ab69fb7a5a59a833e45
PERSON_SASI_MARIEM,CO_MIMEX,gerant,corporate,certain,SP_bda8d4f4b3c9a62a3d39
PERSON_MAHMOUDI_HOUDA,CO_DISTRIPRO_RETAIL,gerant,corporate,certain,SP_a618f4ed1a1f576af1ee
PERSON_HAMAMI_FETHI,CO_ELECTRIC_ENGINEERING_LNDUSTRY,gerant,corporate,certain,SP_ce829061c24fa40ba6e6
PERSON_HIDOUSI_AISA,CO_BEST_LEASE,dg,corporate,certain,SP_cf7616edae171d948cb4
PERSON_MOKHTAR_FETHI,CO_TUNISIE_PLATRE,pdg,corporate,certain,SP_e967bb0661fa584715ce
PERSON_MOKHTAR_SADRI,CO_TUNISIE_PLATRE,dga,corporate,certain,SP_f2df775b647447eaea64
PERSON_KHALADI_NEIL,ORGMENTION_UBCI DEVELOPPEMENT,commissaire_aux_comptes,corporate,certain,SP_23ac8f0a5f058d8a83fb
PERSON_GATI_NABIL,ORGMENTION_UBCI DEVELOPPEMENT,commissaire_aux_comptes,corporate,certain,SP_6afac153cf01445d1b71
PERSON_MECHRI_AWATEF,ORGMENTION_UBCI DEVELOPPEMENT,commissaire_aux_comptes,corporate,certain,SP_da434d643eedc037094e
PERSON_KHALADI_NEIL,ORGMENTION_UBCI DEVELOPPEMENT,dg,corporate,certain,SP_2969d1b65df2fc4c3e0a
PERSON_KAMOUN_YAMEN,CO_GOLDEN_DISTRIBUTION_PRODUITS_ALIMENTAIRES,gerant,corporate,certain,SP_9b891d073b3417aad098
PERSON_ZOUARI_MOHAMED,CO_PLATINUM_PROPERTIES,gerant,corporate,certain,SP_b5af9b6f817f2e2af4a1
PERSON_BOUSBIAA_MONGI,CO_FERMETURES_EMBALLAGES_EN_PLASTIQUE,pdg,corporate,probable,SP_3a2c65a218af2a09b6f5
PERSON_BOUJEMAA_SAMIA_BOUSBIA,CO_FERMETURES_EMBALLAGES_EN_PLASTIQUE,administrateur,corporate,certain,SP_c772d6b7431507d4c3fd
PERSON_RIGANE_FAIEZ,CO_BIOSPHERE_BIOLOGICAL_TECHNICS_BBI,gerant,corporate,certain,SP_bb9f2047915c1f1ce9eb
PERSON_KANOUNE_MONCEF,CO_SALOTTI_ITALIA_DESIGN,gerant,corporate,certain,SP_24a57ab78fdf37baa526
PERSON_KACEM_HAMDI,CO_IRIS_DISTRIBUTION,gerant,corporate,certain,SP_c9d48f42628f039141fe
PERSON_KHEMIRI_IMED,CO_EXITECS_TUNISIE,gerant,corporate,certain,SP_708958358210c0b474ff
PERSON_HAMROUNI_SAIDA,CO_CROISSANTOINE,gerant,corporate,certain,SP_4158495f8fbdd0525110
PERSON_ZOUARI_NESEK,CO_PAS_A_PAS,gerant,corporate,certain,SP_27dd0b71a78a1b4059d4
PERSON_CHABCHOUB_MOHAMED,CO_HAYATCOM_TUNISIE,president_ca,corporate,probable,SP_123ed0c6483501357f3c
PERSON_CHABCHOUB_MOHAMED_AMIN,CO_HAYATCOM_TUNISIE,dg,corporate,probable,SP_edea86b0e0c4f9cf57fc
PERSON_MHIRI_SAMI,CO_HOTELIERE_EL_MOURADI_GOLF,dga,corporate,probable,SP_75ae82cb105f554df13e
PERSON_BENYEDER_NIHEL_HAJROMDHANE,CO_PARTICIPATION_GESTION_DINVESTISSEMENT,administrateur,corporate,certain,SP_70469adbe920659c08af
PERSON_BENYEDER_RACHID,CO_PARTICIPATION_GESTION_DINVESTISSEMENT,pdg,corporate,certain,SP_822b9d1ad32c5a9aa7a5
PERSON_BENYEDER_KARIM,CO_PARTICIPATION_GESTION_DINVESTISSEMENT,dga,corporate,certain,SP_8f70cb1af5517da14570
PERSON_LAZEZ_FATHI,CO_RUDITAPES,gerant,corporate,certain,SP_5a2b04e81fbe39e8508a
PERSON_ESID_ZOUHEIR,CO_NOUVELLES_PATES_CERAMIQUES_ESSID,gerant,corporate,probable,SP_8e753b60fbcb57c35e01
PERSON_SASI_HELMI,CO_ROYAL_EXPORT,gerant,corporate,certain,SP_0c988236faa4692afd8e
PERSON_AHMED_RIADH_BENHADJ,CO_MEDITERRANEENNE_TRANSFORMATION_LAIT_SMTL,gerant,corporate,certain,SP_50f1ad82c44b51d5df04
PERSON_ZOUARI_HAFEDH,CO_DASSISTANCE_MAINTENANCE_AUTOMOBILE_SAMIA,pdg,corporate,certain,SP_63abb009369c37b07d60
PERSON_HAMDI_MOUNIR,CO_CHAIMA_AGRICOLE,gerant,corporate,certain,SP_98a31c5067d079603bc7
PERSON_ZOUARI_HEDI,CO_ECOMIZ_TUNISIE,cogerant,corporate,certain,SP_187849fca674cb322a2e
PERSON_ZOUARI_DORSAF,CO_ZOUARI_COMMERCE_INTERNATIONAL_ZIT,gerant,corporate,certain,SP_a5ae72b8e36eb89c8c22
PERSON_TRIKI_SOUHAITA,CO_ELICSY,gerant,corporate,certain,SP_409e95e3f5e518331bb6
PERSON_BENAYED_MOHAMED_TAHER,CO_CERAMIQUE_ARTISTIQUE_TUNISIE_CERAT,administrateur,corporate,certain,SP_fced29bf177447e6087a
PERSON_BENAYED_MOHAMED_FARES,CO_CERAMIQUE_ARTISTIQUE_TUNISIE_CERAT,administrateur,corporate,certain,SP_aeee744442c624297275
PERSON_BENAYED_MOHAMED_SALAH,CO_CERAMIQUE_ARTISTIQUE_TUNISIE_CERAT,administrateur,corporate,certain,SP_0e023d3bc46d9cee4dfd
PERSON_DJILANI_HEDI,CO_FINANCIERE_TUNISIENNE,administrateur,corporate,probable,SP_ff5be8ca79eb51726131
PERSON_ESEGHAIER_ABDELKADER,CO_FINANCIERE_TUNISIENNE,administrateur,corporate,probable,SP_5973b8220da83ff4f143
PERSON_DJILANI_RADHIA,CO_FINANCIERE_TUNISIENNE,administrateur,corporate,probable,SP_cb97c0e328cdf43679a2
PERSON_DJILANI_HEDI,CO_FINANCIERE_TUNISIENNE,pdg,corporate,probable,SP_edc5359224f8f95ef9e1
PERSON_ESEGHAIER_ABDELKADER,CO_FINANCIERE_TUNISIENNE,dga,corporate,probable,SP_a56456eecd3ab11b5800
PERSON_BOUJBEL_MOHSEN,"ORGMENTION_Société d'Etudes, de Formation & d'Assistance à la Gestion S",pdg,corporate,probable,SP_20626118d9c4145cd05d
PERSON_CHELY_RAFIK,CO_3I_MOTION,gerant,corporate,certain,SP_875e4de801590ef96906
PERSON_KHALFALAH_MOHAMED,CO_GLOBE,gerant,corporate,certain,SP_f6ad2c52f26bd885e89c
PERSON_SLAMA_ABDELHAKIM,CO_PLAST_PACK,administrateur,corporate,probable,SP_4a9aec34dbd1cd1a75ac
PERSON_SLAMA_AMIN,CO_PLAST_PACK,administrateur,corporate,probable,SP_250a62478e301e95a33e
PERSON_SLAMA_LASAAD,CO_PLAST_PACK,administrateur,corporate,probable,SP_befc8625cdf7989d6ef9
PERSON_JMAL_ANIS,CO_JMAL_INOX,gerant,corporate,certain,SP_a07086875e3496300eb8
PERSON_ESAFI_ABDELWAHEB,ORGMENTION_SMART HOST,administrateur,corporate,certain,SP_83f15d865e969236f01e
PERSON_ESAFI_ABDELWAHEB,ORGMENTION_SMART HOST,pdg,corporate,certain,SP_10a6f31f22bfa2b2c9a1
PERSON_BOUDEN_MAHMOUD,ORGMENTION_SMART HOST,dga,corporate,certain,SP_e7efb3bb6e7986c14048
PERSON_CHAABANE_NABIL,CO_NOUR_EL_FOUNOUN,gerant,corporate,certain,SP_8802ca0a60c69476a3d3
PERSON_RADHOUANI_MOHAMED_SASI,CO_GROUPE_FORMATION_TECHNOLOGIQUE,president_ca,corporate,certain,SP_6c2f1775cf0aeeb0ac9a
PERSON_SASI_MOHAMED,CO_GRAND_MARBRE_SUD,gerant,corporate,certain,SP_2646b94b5cb0f7aa79fa
PERSON_ZARIAT_MOEZ,CO_ZARIAT_FILS,cogerant,corporate,certain,SP_0ecfdf67b867aef3918f
PERSON_HAMAMI_LATIFA,CO_UTICA_FILMS,gerant,corporate,certain,SP_96df232c6626c964d4bd
PERSON_CHAABOUNI_YAHIA,CO_INOPLAST,commissaire_aux_comptes,corporate,probable,SP_05f6a1bb9c08a28559db
PERSON_ZRIBI_AMEUR,CO_ANIS,gerant,corporate,certain,SP_1edf84d7eef9abe84282
PERSON_FRADI_MOURAD,CO_ONE_TECH_MOBILE,commissaire_aux_comptes,corporate,certain,SP_3c2da7c8b38af2ad60e6
PERSON_HAROUNI_ABDELKARIM,CO_ENNEJMA_SERVICES_EQUIPEMENTS,gerant,corporate,certain,SP_6b9f4152d45288fac570
PERSON_ZOUARI_ZIED,CO_STORE_DECORE,gerant,corporate,certain,SP_f4d89fac0a36d3f58f9c
PERSON_ABASI_KHALED,CO_KARLATEX,gerant,corporate,certain,SP_7c8b2c6b7c7b6358962f
PERSON_MERCIER_JEAN_MARC,CO_CONSOLIS_ENGINEERING_SERVICES_TUNISIA,gerant,corporate,certain,SP_a120fa6dd547a7d7f01e
PERSON_SASI_CHEBIL,CO_DEUX_FRERES_MARBRE,gerant,corporate,certain,SP_512c921585a26d550622
PERSON_AREM_MOHAMED_WALID,CO_JM_TRADING,gerant,corporate,certain,SP_522c39422ecd13b831c8
PERSON_SASI_SADOK,CO_ETHICALL_CENTER,gerant,corporate,certain,SP_ff472cd40efe208fef9e
PERSON_LOUKIL_BASEM,CO_MEDITERRANEAN_INDUSTRIAL_GROUP,pdg,corporate,probable,SP_f5037983c50b4834ac46
PERSON_ELOUMI_YADH,CO_LOUKILCOM_TUNISIE,commissaire_aux_comptes,corporate,certain,SP_ddad196d49f43775ff89
PERSON_LETAIEF_MEHDI,CO_EL_MEHDI_MATERIAUX_CONSTRUCTION_SOMACO,administrateur,corporate,certain,SP_e2897ce6fade755a4d81
PERSON_LETAIF_ABDERAOUF,CO_EL_MEHDI_MATERIAUX_CONSTRUCTION_SOMACO,pdg,corporate,certain,SP_97bc33286f103f33f7aa
PERSON_TRIKI_LEILA,CO_ELKHOLD_TRAVAUX_PUBLICS_SKTP,gerant,corporate,certain,SP_91232885cc42507b4fa9
PERSON_KILANI_FETHI,CO_INTERNATIONAL_PRESS_AGENCY,gerant,corporate,certain,SP_43280242dc7e229350da
PERSON_SELAMI_KARIM,CO_NOUR_CHARCOAL_COMPANY,gerant,corporate,certain,SP_825821341aca306ac418
PERSON_AREM_MEHDI,CO_BMW_TRADING,gerant,corporate,certain,SP_b35d6aeaee92ac197b31
PERSON_RIGAUDY_OLIVIER,CO_TELEPERFORMANCE_FRANCE_FRANCE,member,corporate,certain,SP_0efcb5e4a44755411613
PERSON_DERAZEY_BERTRAND,CO_TELEPERFORMANCE_FRANCE_FRANCE,unspecified,corporate,certain,SP_eadfe9acccbed06425d5
PERSON_MBAREK_RACHID,ORG_ASSOCIATION_TUNISIENNE_AMOUREUX_MUSIQUE,vice_president,corporate,certain,SP_707e332af0607b0e509a
PERSON_BENAMOR_MAHER,ORG_ASSOCIATION_TUNISIENNE_AMOUREUX_MUSIQUE,treasurer,corporate,certain,SP_de189463a09445a68ccd
PERSON_DRIS_SLAH,CO_FACE_PRO,gerant,corporate,certain,SP_9c7b1900c04d412f54ac
PERSON_MAMI_HICHEM,CO_SIDI_OTHMANE,dg,corporate,certain,SP_84fd709a07f9c63ee647
PERSON_BENAYED_ABDELWAHEB,CO_COMPAGNIE_TUNISIENNE_CHIMIE_INDUSTRIELLE,cogerant,corporate,certain,SP_2cc5a97ba1d1b7de800a
PERSON_BENAHMED_HICHEM,CO_MYFA_CONSULTING,gerant,corporate,certain,SP_d5365043457cabdf97bf
PERSON_PERTOLDI_ELIGIO,CO_ASTRA_ITALIA,gerant,corporate,certain,SP_6248fee4350c80c93301
PERSON_KACEM_MOHAMED,CO_MEGA_MARBRE,gerant,corporate,certain,SP_8a992a05f6db8f59c233
PERSON_HAMILA_TAREK,ORGMENTION_Société Kasso pour le Commerce et l'Industrie S.A,unspecified,corporate,certain,SP_f7fb2301dfcee6bba871
PERSON_HAMROUNI_FATMA,CO_MARSA_FOOT_ACADEMY,gerant,corporate,certain,SP_b57342b09b736dd19057
PERSON_YATZIMIRSKY_NICOLAS,CO_BONNA_TUNISIE,representant,corporate,certain,SP_b3dcd0df96516f753302
PERSON_YATZIMIRSKY_NICOLAS,CO_BONNA_BETON_MATERIAUX_PREFABRIQUES,representant,corporate,certain,SP_0f00265f271bf059ea5d
PERSON_JENAYAH_OMAR,CO_RESIDENCE_AMILCAR,president_ca,corporate,certain,SP_3a9ff94799faf17b93d7
PERSON_BOURAOUI_ANIS,CO_RESIDENCE_AMILCAR,dg,corporate,certain,SP_ea71b2ef35226c8016aa
PERSON_ZAHAF_SLAHEDINE,CO_TAVTOS,commissaire_aux_comptes,corporate,certain,SP_5e3ace7f5e07c5289f78
PERSON_KHECHINE_FAOUZIA,CO_TOURISME_ACTIONS,gerant,corporate,certain,SP_fa013e032304b3155d77
PERSON_MZABI_SAMI,CO_IMMOBILIERE_RICHELIEU,unspecified,corporate,certain,SP_9520fafd936beb00e4d2
PERSON_CHARFI_KHALIL,CO_MICRONET,gerant,corporate,certain,SP_4a077f0975d7076ce609
PERSON_ABID_MONDHER,CO_ABIDTEX,gerant,corporate,certain,SP_e81ac2839031fdabdcc7
PERSON_JAIDANE_RIADH,CO_SNACKS_TUNISIA,representant,corporate,certain,SP_a99141b1f88f8770af01
PERSON_NACEF_HAITHEM,CO_NATURALYA,gerant,corporate,certain,SP_4b4a9cd23f82a546da2a
PERSON_HAMROUNI_HASEN_BENIBRAHIM,CO_HAMROUNI_COMMERCE,gerant,corporate,certain,SP_bde56be35d528ef5281b
PERSON_MEDEB_MOHAMED,CO_COMPAGNIE_FROMAGERE,administrateur,corporate,probable,SP_8331efe356bc8513a959
PERSON_TRIKI_MAHMOUD,CO_GRIFFE,commissaire_aux_comptes,corporate,certain,SP_90259f80b943482a2ba6
PERSON_KHECHINE_MOHAMED_MONCEF,CO_GEOLOGICAL_SOLUTIONS,gerant,corporate,certain,SP_060f59a3e7139e6971ae
PERSON_CHTA_MALEK,CO_TANNERIE_NORD,gerant,corporate,certain,SP_1a13c324d038d3333361
PERSON_LOUDHABACHI_ANOUAR,CO_AFRIQUE_ACIER,president_ca,corporate,certain,SP_06ebdee9dcdd8d20051c
PERSON_KAROUI_YASINE,CO_INTONACO_ITALIANO,gerant,corporate,certain,SP_60c059b900bcefc6abf1
PERSON_KHALIL_MOHAMED,CO_ELZAHRA_TRADE,gerant,corporate,certain,SP_9b12e986f7f23ea27e99
PERSON_TRIKI_MOHAMED_ADEL,CO_NORD_IMPORT_EXPORT,gerant,corporate,certain,SP_aa19fab66b41b0cf5f0e
PERSON_HAMAMI_CHAFIK,CO_DACCESSOIRES_CUISINE_DEQUIPEMENT_DERIVES_ACCESS,gerant,corporate,certain,SP_a5d85909876a03790b1a
PERSON_SLAMA_AYMEN,CO_EL_ANDALOUS_QUINCAILLERIE,cogerant,corporate,certain,SP_dc655ac68e18bc751dc9
PERSON_BOURICHA_MOHAMED_BENHASEN,CO_MOSHI,gerant,corporate,certain,SP_3e734cb92b59ed86a1ad
PERSON_ELOUZE_MOHAMED_RIDHA,CO_GLOBAL_VIEW_INVEST_SICAF,president_ca,corporate,certain,SP_c86b71bf4316b2ab2458
PERSON_CAULET_OLIVIER,CO_GLOBAL_VIEW_INVEST_SICAF,dg,corporate,certain,SP_d0622661f18136b4a35c
PERSON_RATLE_GEORGES_MICHEL,CO_EL_MOUSSEM_AGRICOLE,administrateur,corporate,certain,SP_dc0ab1d8070975b0aea6
PERSON_GTARI_YOUSEF,CO_EL_MOUSSEM_AGRICOLE,administrateur,corporate,certain,SP_76d3b53b78b7e25e8f16
PERSON_CHAABANE_MOHAMED,CO_HUILERIE_CHAABANE,gerant,corporate,probable,SP_476742976babe5e8f1e1
PERSON_TLEMCANI_ZIED,CO_BITAKA,gerant,corporate,certain,SP_83252c615daf723f1df7
PERSON_BAHRI_KHEMAIS,CO_BARHI_GROUP_HOLDING,gerant,corporate,certain,SP_5f606a2c6c84d7f2945f
PERSON_TRIKI_JAMIL,CO_LOR_LIQUIDE_DHUILE_DOLIVE,gerant,corporate,probable,SP_3fd7d4b840c0eccec353
PERSON_SASI_NOUREDINE,CO_FROMAGERIE_AMEN,gerant,corporate,certain,SP_2381ab1755c849dcba86
PERSON_ZOUARI_WALID,CO_AS_INTERMED,gerant,corporate,certain,SP_df238ff20e7dbf29871e
PERSON_SASI_MOHAMED,CO_GREEN_MARBLE,president_ca,corporate,certain,SP_d79cace327049bad42c1
PERSON_BENKHALED_KAREM,CO_GERMAN_GEOCONSULTANTS_GROUP_TUNISIE,gerant,corporate,certain,SP_7dab14cd92a00d815f7e
PERSON_KAMOUN_SALEM_BENHASEN_BENALI,CO_TUNISO_LYBIENNE_D_ETUDES,gerant,corporate,certain,SP_2a875b840c41adcb9ffd
PERSON_ZOUARI_LOTFI,CO_BREAK_TIME,gerant,corporate,certain,SP_5db4f75e765283f67a3e
PERSON_MABROUK_ALI,CO_AROUA_PRODUITS_AGRICOLES,gerant,corporate,certain,SP_7a1c3b64ea984cf2914a
PERSON_DOGHRI_NEJIB,ORGMENTION_Société d'Engrais et de Produits Chimiques de Mégrine S.E.P.,pdg,corporate,probable,SP_4f22d289b6039d6a5a08
PERSON_DOGHRI_MONCEF,ORGMENTION_Société d'Engrais et de Produits Chimiques de Mégrine S.E.P.,dga,corporate,probable,SP_a76cc2627c25ce60e8cc
PERSON_CHAABOUNI_HATEM,CO_CHAHIA,gerant,corporate,probable,SP_1a4829f3224913c31b90
PERSON_ABDENADHER_TAREK,CO_FULLA,commissaire_aux_comptes,corporate,certain,SP_426ac919d640991db79a
PERSON_SELAMI_TAREK,CO_POLY_SOFT,gerant,corporate,certain,SP_d90cadbb09f8d2412ae6
PERSON_HAMAMI_IMEN,CO_EMNA_STAR,gerant,corporate,certain,SP_be67e110641f7380614d
PERSON_MAAROUF_RAOUF,CO_POLY_SIEGES,administrateur,corporate,certain,SP_5d3f77cfae90878c7cba
PERSON_MAAROUF_FAOUZI,CO_POLY_SIEGES,administrateur,corporate,certain,SP_dce54c56b14c1d5a1be4
PERSON_MAAROUF_FERIEL,CO_POLY_SIEGES,administrateur,corporate,certain,SP_bdb52a48a4ca1f43a2d5
PERSON_MHIRI_MOURAD,CO_TRADE_AND_RETAIL,administrateur,corporate,probable,SP_7ffea110cd454e86e185
PERSON_MAKHLOUFI_ABDELAZIZ,CO_CHO_COMPANY,pdg,corporate,probable,SP_8993e2a20ba2256072cc
PERSON_BENYEDER_RACHID,CO_IMMOBILIERE_COMMERCIALE_FINANCIERE,pdg,corporate,certain,SP_fec6402262c556b52015
PERSON_BENMAHMOUD_WASIM,ORG_ASSOCIATION_POUR_SAUVEGARDE_DEVELOPPEMENT_FORET_GAMMARTH_MAR,vice_president,corporate,certain,SP_fda49f35ffd31b8b3c11
PERSON_BOUSAYENE_MEHREZ,ORG_ASSOCIATION_POUR_SAUVEGARDE_DEVELOPPEMENT_FORET_GAMMARTH_MAR,secretaire_general,corporate,certain,SP_673d22f2f7039e9b753a
PERSON_HADAD_SAMI,ORG_ASSOCIATION_POUR_SAUVEGARDE_DEVELOPPEMENT_FORET_GAMMARTH_MAR,secretaire_general_adj,corporate,certain,SP_245184bc84eee7f01ead
PERSON_BOUZAYENE_DHIA_LOUIS_FRIDON,ORG_ASSOCIATION_POUR_SAUVEGARDE_DEVELOPPEMENT_FORET_GAMMARTH_MAR,treasurer,corporate,certain,SP_be564c769990e03f957d
PERSON_HEMAYED_EMIRA,CO_FRESH_FISH,unspecified,corporate,certain,SP_72887021e1f802feebb1
PERSON_HEMAYED_HAFEDH,CO_FRESH_FISH,unspecified,corporate,certain,SP_645a7d30cae62c98b169
PERSON_HEMAYED_EMIRA,CO_FRESH_FISH,president_ca,corporate,certain,SP_956409c501e9a0a3563a
PERSON_TRIKI_SOUHEIL,CO_CUBIC_PROD,gerant,corporate,certain,SP_8ea22a7a4fde11f1855f
PERSON_MABROUK_RAMI,CO_VENTE_MATERIEL_CONSTRUCTION,gerant,corporate,certain,SP_c954ff24cc914477025d
PERSON_BANANI_AHMED,CO_MRM_CONFECTION,gerant,corporate,certain,SP_5459dedf64a49f9c6c77
PERSON_BELIL_KAIS,CO_TECHNIPLAST_INDUSTRIE,administrateur_delegue,corporate,certain,SP_32950e15813e24df15d9
PERSON_SELAMI_MONCEF,CO_TECHNIPLAST_INDUSTRIE,administrateur,corporate,probable,SP_bb0845bfc5c7ec325548
PERSON_SELAMI_SLIM,CO_TECHNIPLAST_INDUSTRIE,administrateur,corporate,probable,SP_34cc36dcb35be8cc43d1
PERSON_CHERIF_AHMED,CO_TECHNIPLAST_INDUSTRIE,administrateur,corporate,probable,SP_9245c23f923a656a52fc
PERSON_BELIL_KAIS,CO_TECHNIPLAST_INDUSTRIE,administrateur,corporate,probable,SP_105485c9eca2a64fb1f6
PERSON_ABAS_FERID,CO_LACAERO,gerant,corporate,certain,SP_798896e5606f37e9b99f
PERSON_SELAMI_SANA_TRIKI,CO_SOLECO,gerant,corporate,certain,SP_7c9e1c3c47852522f481
PERSON_ZOUARI_MOHAMED,CO_AGET_COMMERCE_INTERNATIONAL,gerant,corporate,certain,SP_5e4bd15f0677f375b64e
PERSON_CHAFAR_NAOURES,CO_BABOUCHA_VITA,gerant,corporate,certain,SP_7e06dc3a01d085360cff
PERSON_BRAHEM_LOTFI,CO_SERVICES_AGRICOLES_TEBOULBA,gerant,corporate,certain,SP_69233ac3a35c90b75c11
PERSON_TELMOUDI_ABDELKARIM,CO_MAXULA_PRADES_CALL_CENTER,gerant,corporate,certain,SP_5bf614a3a12718890de5
PERSON_NOUIRA_CHEKIB,CO_TUNISIA_BROADCASTING,president_ca,corporate,certain,SP_e9b208a0fc38868873ee
PERSON_ATIA_KHALIL,CO_GENERALE_PLACEMENT,gerant,corporate,certain,SP_4588bdf24c336567313a
PERSON_SASI_AHMED,CO_GENERAL_DIESEL,gerant,corporate,certain,SP_138f48b7648ead8317fa
PERSON_LORENZO_INGRASCIOTA,CO_ITALIAN_STYLE_MENUISERIE_EN_BOIS,gerant,corporate,certain,SP_ac7d24ac70e38584ca60
PERSON_GUIGA_ZIED,CO_BIZERTE_CAP_3000,administrateur,corporate,certain,SP_ce6055cc8f3d87e6070c
PERSON_KHEMIRI_MOHAMED_MEHDI,CO_HIMILCO_MONETIQUE,administrateur,corporate,certain,SP_4627e2220f759f27b0b6
PERSON_CASAVECHIA_GIOVANI,CO_AMERICAN_EFIRD_TUNISIA,gerant,corporate,certain,SP_ff6eed8cebf35260f2dd
PERSON_KAMOUN_SLIM_BENSALEM_BENHASEN,CO_PETRO_CHEMICAL_TRADING_COMPAGNY,gerant,corporate,certain,SP_9235c27b111828f2df2d
PERSON_GARBAA_SALWA,CO_TRICOTEX_ITALIA,gerant,corporate,certain,SP_cd4961d5c20422253081
PERSON_BHIRA_RAFIAA,CO_HEXABYTE,member,corporate,certain,SP_6aab14fe35a54fabde04
PERSON_HIDOUSI_ZEINEB_BHIRA,CO_HEXABYTE,member,corporate,certain,SP_1ccf80353f0c0679a5b7
PERSON_ATIA_AHMED,CO_HEXABYTE,member,corporate,certain,SP_c151bdbbbe58253141a1
PERSON_DIMASI_MORSY,CO_HEXABYTE,member,corporate,certain,SP_79c0026607c9c7654ac3
PERSON_HIDOUSI_AISA,CO_HEXABYTE,president_ca,corporate,certain,SP_3d1cff99a4af7c1fb6e3
PERSON_HIDOUSI_NACEUR,CO_HEXABYTE,actionnaire,corporate,certain,SP_ea4b2dc6212c0b9c6279
PERSON_ATIA_AHMED,CO_HEXABYTE,unspecified,corporate,certain,SP_700e4fb981161cdc4b5d
PERSON_MHIRI_SAMI,CO_PANOBOIS,vice_president,corporate,certain,SP_9624050e367cbc5e4cd3
PERSON_HAMEM_HABIB,CO_NORTH_AMERICAN_PRIVATE_UNIVERSITY,president_ca,corporate,certain,SP_85699fd18b8da886be11
PERSON_ABID_CHAFIK,CO_NORTH_AMERICAN_PRIVATE_UNIVERSITY,dg,corporate,certain,SP_66dcb55cc85ca5fae522
PERSON_ZGHAL_NABIHA_BOUZGUENDA,CO_COFITEL,association_president,corporate,certain,SP_c9d1d728cab651eb4c5f
PERSON_CHAABANE_SONIA,CO_SOUAD_BEN_ARAB_FILS,gerant,corporate,certain,SP_6f8779dee7785e6380cd
PERSON_BRAHMI_HENDA,CO_MEDINA_TEXTILE,administrateur,corporate,certain,SP_0ac62d368643356e1b2a
PERSON_BRAHMI_SANA,CO_MEDINA_TEXTILE,administrateur,corporate,certain,SP_402288cfcd2fb3de59dc
PERSON_ZOUAGHI_RIADH,CO_MEDINA_TEXTILE,administrateur,corporate,certain,SP_1a330a0de11b12b50a67
PERSON_NAMOUCHI_RAMZI,CO_NORD_OUEST_MARBRE_SONOMAR,association_president,corporate,certain,SP_6bb20afb13a7a6b31a60
PERSON_CHLAIFA_ZEINEB,CO_MASTER_SERRURES,administrateur,corporate,certain,SP_a9944d51fad5126cc597
PERSON_BASQUIN_NICOLAS,CO_AIR_LIQUIDE_TUNISIE_SERVICES,administrateur,corporate,certain,SP_d185ef1325897d0c1179
PERSON_REYNAUD_VIRGINIE,CO_AIR_LIQUIDE_TUNISIE_SERVICES,administrateur,corporate,certain,SP_038436e630d64244f75b
PERSON_KAMOUN_WAEL,CO_SERVICES_INTERNATIONAL_BSIR_TOTALEMENT_EXPORTATRICE,gerant,corporate,certain,SP_3a393126993b7e1f81b5
PERSON_MNAKRI_MOKHTAR,CO_BUSINESS_INTELLIGENCE_FOR_TELECOMMUNICATION,president_ca,corporate,certain,SP_e3c950102452a28004ac
PERSON_LABIDI_RAMZI,CO_BUSINESS_INTELLIGENCE_FOR_TELECOMMUNICATION,dg,corporate,certain,SP_5df784a431139190e8eb
PERSON_KAMOUN_MOEZ,CO_SINDBAD_DISTRIBUTION,gerant,corporate,certain,SP_9a5c5f2b06c49960caf3
PERSON_ABDENADHER_KARIM,CO_PEARL_DESIGN,gerant,corporate,certain,SP_e182b42cbcc3c67995bb
PERSON_TRIKI_HAITHEM,CO_CHALLENGE_RENT_A_CAR,gerant,corporate,certain,SP_a30aedff5ff7214c2caa
PERSON_BECHIR_MOKADAM,CO_CARTHAGO_MOTORS,gerant,corporate,certain,SP_ff4f1a9d4a550964ef88
PERSON_TLILI_MOHAMED_RIDHA,CO_PARTNER_MAILLE,gerant,corporate,certain,SP_5d083f0255a1e0128334
PERSON_ABDENADHER_AMEUR,CO_BR_CONCEPT_ETUDES,gerant,corporate,certain,SP_39c4c61f5c1da02bdfbc
PERSON_ANANE_BRAHIM,CO_LLOYD_TUNISIEN,administrateur_delegue,corporate,certain,SP_3b448bbfbc47d2230ec3
PERSON_SELAOUTI_YAZID,CO_LLOYD_TUNISIEN,dga,corporate,certain,SP_d56f41af7887b1487b4b
PERSON_KHATACHE_JAAFER,CO_SICAR_INVEST,president_ca,corporate,certain,SP_dd88a8fc106f85331a09
PERSON_HASNI_HMIDA,CO_DENVIRONNEMENT_PLANTATION_MOULARES,president_ca,corporate,certain,SP_15dd613dfc7c5181f0be
PERSON_AYADI_HACHEM,CO_HACHEM_CONFECTION,gerant,corporate,certain,SP_1222db4925c36d5cf041
PERSON_TRIKI_FATMA,CO_ANIMUM_VERDE,gerant,corporate,certain,SP_ba1706016085bc47d8ac
PERSON_ARBAOUI_NOUREDINE,CO_BIENVENUE_COMMERCE_MONDIAL,gerant,corporate,certain,SP_b715c9c91266d9d95bf9
PERSON_KHMIRI_MEHDI,CO_INNOVEST_SICAR,pdg,corporate,certain,SP_6b8881566dc13ff10f33
PERSON_BRAHIM_YASINE,CO_UNIVERS_BATIMENT,gerant,corporate,certain,SP_ef89e79a620835635c3d
PERSON_BAYAHI_TAHER,CO_SERVICE_AUTO_SSA,gerant,corporate,certain,SP_e5f5029683d038803209
PERSON_AOUADI_RAOUF,CO_MAXULA_GESTION,pdg,corporate,certain,SP_9bf414581ba719ea589b
PERSON_MURGUA_IGNAZIO_ROBERTO,CO_ITALIAN_PARTNERS_FOOD,gerant,corporate,certain,SP_5b46b17abb91c8954f0e
PERSON_BELHIBA_ABDELAZIZ,CO_NORTH_AFRICA_LUBRICANTS_PLANTS,gerant,corporate,certain,SP_603e50fa408f0901a625
PERSON_JAIDANE_RIADH,CO_NOVA_POULE,member,corporate,certain,SP_997401fa8ae6d7857a26
PERSON_KHALIL_MOHAMED,CO_LINK,gerant,corporate,certain,SP_4a259c3899a40be39c80
PERSON_BENAYED_ABDELWAHEB,CO_GROUP_POULINA_HOLDING,pdg,corporate,probable,SP_a5888ef5dad279c665f6
PERSON_ELOUMI_ZAHRA,CO_ELLOUMI_COMMERCE_INTERNATIONAL,gerant,corporate,certain,SP_0dd1232aaa166617545e
PERSON_TRIKI_KARIMA,CO_BEAUTY_KA,gerant,corporate,certain,SP_f182ba9f6ec8b546afe3
PERSON_SADRAN_OLIVIER,CO_NEWREST_SERVICES_TUNISIE,administrateur,corporate,probable,SP_0ea5f7d79f8798c001ad
PERSON_BONATO_BRUNO_EDOUARD,CO_FRANCO_TUNISIENNE_DELEVAGE_AGRICOLE_MOUTON_VERT,gerant,corporate,certain,SP_2cb7b736cc2c65e70dad
PERSON_SLAMA_MOHAMED_NAJI,CO_ESSALEM_COMMERCE,gerant,corporate,certain,SP_ba11e4120cbb96000370
PERSON_HAJYAHIA_JAMEL_BEL,CO_CEVA_SANTE_ANIMALE_TUNISIE,president_ca,corporate,certain,SP_57f3383919ff1051c70e
PERSON_CHERIF_AHMED,CO_ATELIERS_MECANIQUES_INDUSTRIELS,pdg,corporate,probable,SP_1eb6c5ab1a258d6c1554
PERSON_HAMAMI_AHMED,CO_HAMMOUDA_PLASTIC,gerant,corporate,certain,SP_9ac1d89e0c6026305b3e
PERSON_HAMAMI_MOHAMED_ANAS,CO_HAMMOUDA_PLASTIC,cogerant,corporate,certain,SP_a5babc5ab73fe6298047
PERSON_KEFI_ABDERAZEK,CO_PRESS_PACK,gerant,corporate,certain,SP_ba756838bb3cb5cb0fb3
PERSON_KEFI_CHIRAZ,CO_PRESS_PACK,gerant,corporate,certain,SP_78280d8c335a09c97e79
PERSON_JEBARI_TAHER,CO_INDUSTRIELLE_FRANCO_MAGHREBINE_SIFM,gerant,corporate,certain,SP_8912082b9bebb52283f6
PERSON_ZOUARI_ZAHER_BENTAIEB,CO_MEUBLES_MAHMOUD,gerant,corporate,certain,SP_becc5f5a3836617b2644
PERSON_CHAABANE_SAMIA,CO_SAM_MEDICAL,gerant,corporate,certain,SP_4d0900c3323a2858fc28
PERSON_ZOUARI_THAMEUR_BENHAMID,CO_PEINTURE_MEUBLES_CUISINES_SALLES_BAINS_SOPEMECS,associe,corporate,certain,SP_d5dd10d02e87293143b8
PERSON_ZOUHEIR_FAROUK,CO_TUNISIENNE_PANSEMENTS_SOTUPA,dg,corporate,certain,SP_494ae4e18e84dc1a6d04
PERSON_DRIS_MONGI,CO_SICAR_HORIZON,commissaire_aux_comptes,corporate,certain,SP_78cbbc77a92c5c41b3a9
PERSON_DRIS_RAFIAA,CO_SICAR_HORIZON,commissaire_aux_comptes,corporate,certain,SP_e43787ec8489e27dbf00
PERSON_TURKI_YOUSER,CO_SICAR_HORIZON,commissaire_aux_comptes,corporate,certain,SP_b6be302c0b189245629f
PERSON_MABROUK_GHAZI,CO_GEPEA_CONSULTING,gerant,corporate,certain,SP_1744d0086f3b453d6219
PERSON_GHERIANI_MOHAMED_TAOUFIK,CO_MOTEUR,president_ca,corporate,certain,SP_bbfea021d7e574efc648
PERSON_CHAARI_MOHAMED_LASAAD,CO_FH_SERVICES,gerant,corporate,certain,SP_930e385911898e30b9aa
PERSON_HMIDA_ADNEN,CO_FH_SERVICES,gerant,corporate,certain,SP_a56ae0364dc63aeb4cf6
PERSON_SASI_CHOKRI,CO_CARRIERES_BATIMENT,gerant,corporate,probable,SP_7dc0c51c88d43fefde4f
PERSON_MHIRI_SAMI,CO_CARRIERES_BATIMENT,gerant,corporate,certain,SP_b80bc7b51cde68e41f03
PERSON_SASI_CHOKRI,CO_CARRIERES_BATIMENT,cogerant,corporate,certain,SP_f4e4b9b58a35ec2eec91
PERSON_BENYOUSEF_MOHAMED_NABIL,CO_IMPRIMERIE_LORIENT,gerant,corporate,certain,SP_96c56bbd31de1a998160
PERSON_SLAMA_GHASEN,CO_LUMIERE_IMMOBILIERE,gerant,corporate,certain,SP_88d5685d0de193ce0a41
PERSON_MZABI_HANEN,CO_BRIGHT_KIDS,gerant,corporate,certain,SP_6f7ead16b3dc035464fb
PERSON_ELABED_HABIBA,CO_ETS,gerant,corporate,certain,SP_4f18c11c6c88125d58e3
PERSON_RIPELINO_FRANCESCO,CO_ITALIAN_WATER_BOAT,gerant,corporate,certain,SP_073d7a59d240862e1581
PERSON_DOGHRI_HASINE,ORGMENTION_Compagnie d'Assurances et de Réassurances Tuniso- Europeenne,pdg,corporate,certain,SP_f136b7c2517ece039130
PERSON_CHAABANE_SLIM,CO_HUILERIE_EZZAYATINE,gerant,corporate,certain,SP_2ad4157ec6f8b626b661
PERSON_KHADHRAOUI_RIADH,CO_HAYET_CONFECTION,gerant,corporate,certain,SP_27b92bcc00afc3e4fbb7
PERSON_MABROUK_SAID,CO_NOVA_DECHETS,gerant,corporate,certain,SP_e5b5cc02dbcecc91df6f
PERSON_ATALAH_ANOUAR,CO_NOUVELLE_MAISON_VILLE_TUNIS_MONOPRIX,administrateur_delegue,corporate,certain,SP_b9835d7ec81925f95d93
PERSON_TRIKI_MAHMOUD,ORGMENTION_Nom de l'association : Maghreb entreprise Développement Init,association_president,corporate,certain,SP_d7dccd1bc1f03e05c407
PERSON_OTHMANI_SELIM,ORGMENTION_Nom de l'association : Maghreb entreprise Développement Init,vice_president,corporate,certain,SP_deca5759c2eac291fb40
PERSON_KHANFIR_MONDHER,ORGMENTION_Nom de l'association : Maghreb entreprise Développement Init,secretaire_general,corporate,certain,SP_d5472ee80ae0b2a1cc0f
PERSON_KHEMIRI_MOHAMED_MEHDI,ORGMENTION_Nom de l'association : Maghreb entreprise Développement Init,secretaire_general_adj,corporate,certain,SP_2c42982e92cdb484a3d4
PERSON_MEZGHANI_MUSTAPHA,ORGMENTION_Nom de l'association : Maghreb entreprise Développement Init,treasurer,corporate,certain,SP_52e691889a7506920dbd
PERSON_HEDIJI_MOHAMED,ORGMENTION_Nom de l'association : Maghreb entreprise Développement Init,treasurer,corporate,certain,SP_420f9f49fb26bf4b1935
PERSON_ENEIFER_MOHAMED_RACHED,CO_ENNEIFER_GOLO,gerant,corporate,certain,SP_08635c2b42d9ffc3c8df
PERSON_MAZEI_PATRICE,CO_ARAB_INTERNATIONAL_LEASE,unspecified,corporate,certain,SP_c213220a5eda8ea67cb7
PERSON_SFAR_HABIB_MONTASER,CO_ARAB_INTERNATIONAL_LEASE,unspecified,corporate,certain,SP_b3e62b4485f52eb66cc6
PERSON_EZEDINE_ABDELGHAFAR,CO_ARAB_INTERNATIONAL_LEASE,unspecified,corporate,certain,SP_447e1a570558cd28ca4b
PERSON_ELABODI_KHALED_BENMOHAMED,CO_ARAB_INTERNATIONAL_LEASE,unspecified,corporate,certain,SP_e74f8371f88911d9ada2
PERSON_ESGHAIER_BOUBAKER,CO_ARAB_INTERNATIONAL_LEASE,unspecified,corporate,certain,SP_1812bbcbef68cbecb428
PERSON_REBAI_HICHEM,CO_ARAB_INTERNATIONAL_LEASE,unspecified,corporate,certain,SP_418a53d988b8a36bcbd4
PERSON_BELHIBA_ABDELAZIZ,CO_TAMOIL_TUNISIE,pdg,corporate,certain,SP_fb392a7841ea2203874b
PERSON_CHERIF_MUSTAPHA,ORGMENTION_Catégorie : culturelle,association_president,corporate,certain,SP_51087f57d736356358d8
PERSON_LABIDI_FOUED,ORGMENTION_Catégorie : culturelle,vice_president,corporate,certain,SP_3bb292980ead18376f2b
PERSON_BENMANSOUR_ZIED,ORGMENTION_Catégorie : culturelle,secretaire_general,corporate,certain,SP_8d2568755829bfed3922
PERSON_MOKRANI_CHEDLI,ORGMENTION_Catégorie : culturelle,secretaire_general_adj,corporate,certain,SP_9e7680b84384af17b50d
PERSON_DALI_HAGER,ORGMENTION_Catégorie : culturelle,treasurer,corporate,certain,SP_ca9647bc63822c9d4c7c
PERSON_HAMAMI_BADREDINE,CO_CESAR_TRADING,gerant,corporate,certain,SP_5a9d970ecdfc45d8ddcb
PERSON_ABDENADHER_ANAS,CO_TUNISIAN_FRANCHISING_COMPANY,gerant,corporate,certain,SP_3999c13c22632d0b7215
PERSON_BAYAHI_TAHER,CO_TOURISME_INDUSTRIES_HOTEL_PACHA_TTI,unspecified,corporate,probable,SP_be72c3825753dd2c2e5c
PERSON_ABDENADHER_LOBNA_LOUATI,CO_TUNISIENNE_SERVICES_ELECTRIQUES,gerant,corporate,certain,SP_cb7d387fbd6b26dc3f7d
PERSON_MAHMOUDI_HOUDA,CO_COULEURS_MATIERES,gerant,corporate,certain,SP_16ae5bf0b35faa33996c
PERSON_KOOLI_ABDELAZIZ,CO_INTERNATIONALE_PRODUCTION_PAPIER,administrateur,corporate,certain,SP_7740c66bc1d6098c84d9
PERSON_BENAYED_ABDESALEM,CO_INTERNATIONALE_PRODUCTION_PAPIER,administrateur,corporate,certain,SP_d477e984463c34b0f343
PERSON_KOOLI_ABDELAZIZ,CO_INTERNATIONALE_PRODUCTION_PAPIER,pdg,corporate,certain,SP_e8b1c51747f1dd94c8cc
PERSON_KAMOUN_MONCEF,CO_POLYCLINIQUE_INTERNATIONALE_RIADH_ENNASR_PIRESA,gerant,corporate,certain,SP_65df109a21ad0bf108af
PERSON_TRABELSI_NABIL,CO_NORTH_AFRICA_STEEL_CONSTRUCTION_NASCO,gerant,corporate,certain,SP_79be12207ab56a1cd154
PERSON_ESEBSI_HAFEDH_CAID,CO_EL_WALID_COMMERCE_INTERNATIONAL,cogerant,corporate,certain,SP_edcc837681c74cbf0545
PERSON_HSAIRI_MOHAMED,CO_ETAGERE_HSSAIRI_FRERES,gerant,corporate,certain,SP_d4a8ccfe3c9d19882afb
PERSON_GERVASONI_ALDO,CO_GERVASONI,administrateur,corporate,certain,SP_788b4ea31042fe713297
PERSON_BOUCHAMAOUI_RAFIK,CO_ATRIUM_GALLERY,gerant,corporate,probable,SP_9f2bb83de3a73b676212
PERSON_DOGHRI_TAOUFIK,ORGMENTION_Société AQUILA CHIMIE,gerant,corporate,certain,SP_b80b9381118e2cf57b95
PERSON_DOGHRI_DRIS,ORGMENTION_Société AQUILA CHIMIE,gerant,corporate,certain,SP_e278f8ad1e291ab5b3da
PERSON_MAHJOUB_MOHAMED,CO_ROYAL_JUICE,gerant,corporate,certain,SP_7db281bdfa71504b6c31
PERSON_CHARAABI_SABRINE,CO_SOKAS_SHOES,gerant,corporate,certain,SP_29a282295a31ac6b3000
PERSON_CHERIF_ADEL,CO_SOKAS_SHOES,cogerant,corporate,certain,SP_3ea13d3b69088ed4f774
PERSON_ZOUARI_LASAAD,CO_RIHET_LEBLED,gerant,corporate,certain,SP_a0f52476877223fa4a09
PERSON_MOSO_DARIO,CO_LARIA_INT,association_president,corporate,certain,SP_724bd7bb725479e6bfe4
PERSON_MZABI_MONCEF,CO_CONSTRUDEV,gerant,corporate,certain,SP_fcfe743a3dd5e6bf20d8
PERSON_BENRAYES_TAHER,CO_CHAHRAZED,gerant,corporate,certain,SP_661f0b1e180ed5071cb7
PERSON_TRIKI_MOHAMED_BENMOHAMED,CO_COMPTOIR_BATIMENT_TRIKI_COBAT,gerant,corporate,certain,SP_acd3be0faf4ead1c41b4
PERSON_ABED_RAFIK,CO_NEPTUS,gerant,corporate,certain,SP_5339ce283337b6a4cbb2
PERSON_SAIDANE_EZEDINE,ORG_ASSOCIATION_RAPPROCHEMENT_TUNISO_ALLEMAND_ARTA,association_president,corporate,certain,SP_3c041a634909a7125a5f
PERSON_CHAARI_HASEN,ORG_ASSOCIATION_RAPPROCHEMENT_TUNISO_ALLEMAND_ARTA,secretaire_general,corporate,certain,SP_dfa1c982d2e18b34adfa
PERSON_ABDELJAOUED_MOHAMED,ORG_ASSOCIATION_RAPPROCHEMENT_TUNISO_ALLEMAND_ARTA,treasurer,corporate,certain,SP_16a2c91208d7fc8c3a6b
PERSON_BAHLOUL_MOHAMED,CO_EL_BARAKA,administrateur,corporate,certain,SP_b741a189cf0443c0827d
PERSON_JAOUADI_MOHAMED,CO_SEREPT,administrateur,corporate,certain,SP_6aa8b168f3441dccacfb
PERSON_BOUZGUENDA_LASAAD,CO_MODERNE_CERAMIQUE_SOMOCER,unspecified,corporate,certain,SP_3ff701927577f451b386
PERSON_AOUDNI_ABDELMAJID,CO_MODERNE_CERAMIQUE_SOMOCER,unspecified,corporate,certain,SP_f35701e94284d0a622c3
PERSON_JAIDANE_RIADH,CO_MODERNE_CERAMIQUE_SOMOCER,unspecified,corporate,certain,SP_27be1468edc1557922e1
PERSON_ZOUARI_MOEZ,CO_MODERNE_CERAMIQUE_SOMOCER,unspecified,corporate,certain,SP_663f025ae96ed67f4545
PERSON_ZOUARI_MAHER,CO_MODERNE_CERAMIQUE_SOMOCER,unspecified,corporate,certain,SP_53e0b6e6cdd82a0ed785
PERSON_ZOUARI_WALID,CO_AUDITION_CONFORT_TUNISIE,gerant,corporate,certain,SP_d1ea3f97f3171379c11f
PERSON_MZABI_MOHAMED,CO_OZONE_TICKETS,gerant,corporate,certain,SP_5e19e801b58ed464df37
PERSON_TRABELSI_MOHAMED,CO_TRAMONI,gerant,corporate,certain,SP_8b66c3cb0c90c9fb490d
PERSON_LAADHARI_CHOKRI,CO_FOOD_SOLUTIONS,representant,corporate,certain,SP_d916ec0aa8cff5d21c52
PERSON_SANAA_MONTASAR,CO_FOOD_SOLUTIONS,dg,corporate,certain,SP_c728ef85dc9241f44525
PERSON_ZOUARI_MOHAMED,CO_ISTABRAQ,gerant,corporate,certain,SP_4adc8a9f84c498c6e5c4
PERSON_SPINOZI_GIOVANI_CARLO,CO_STM_TUNISIE,gerant,corporate,certain,SP_5c3b684237c56a89a1c3
PERSON_ESEGHAIER_ABDELKADER,CO_IMMOBILIERE_DIAR_EL_OPERA,association_president,corporate,certain,SP_dba5c470b7080bb505eb
PERSON_FRADI_AYMEN,CO_IMMOBILIERE_DIAR_EL_OPERA,dg,corporate,certain,SP_54b3149aad7ebd354b40
PERSON_TRIKI_NABIL,CO_HAN_TN,gerant,corporate,certain,SP_3feba653c6beefd06a71
PERSON_KOOLI_ABDELAZIZ,CO_FERZ,pdg,corporate,certain,SP_69830fa531a8acaaa96a
PERSON_ZOUARI_ABDERAOUF,CO_JAWHARA_METAL,gerant,corporate,certain,SP_34ded24d79eefd96755e
PERSON_ZOUARI_HAFEDH,CO_MEDITERRANEAN_INDUSTRY_CARS_MEDICARS,president_ca,corporate,certain,SP_ffa46cabae2986463773
PERSON_SELAMI_ABDELMONAEM,CO_YASMINE_NEGOCE,gerant,corporate,certain,SP_09cb42399d74116706ee
PERSON_FERJANI_HATEM,CO_FERJANI_TRAVAUX_BATIMENT_SFTB,gerant,corporate,certain,SP_4fa9f8c0e6e6452c6f4f
PERSON_CHAABANE_MAHMOUD,CO_CMF_CONSULTING,gerant,corporate,certain,SP_2532404c1a9ed9e5b898
PERSON_HADJABDALAH_WAJDI,CO_FORUM,association_president,corporate,certain,SP_eaeaf23885d7f6344b47
PERSON_ELBANANI_LASAAD,CO_FORUM,vice_president,corporate,certain,SP_2564d12525e8529246ed
PERSON_BOUBAKER_MOURAD,CO_FORUM,secretaire_general,corporate,certain,SP_5f73b790bae8787d1638
PERSON_SLAMA_ABDELFATEH,CO_FORUM,treasurer,corporate,certain,SP_01c5cfdab37c702772fd
PERSON_LAYOUNI_LAMINE,ORG_ASSOCIATION_TUNISIENNE_ENSEIGNEMENTS_D_ALLEMAND,association_president,corporate,certain,SP_d1c421a81905aca1c52e
PERSON_OUAJA_ANIS,ORG_ASSOCIATION_TUNISIENNE_ENSEIGNEMENTS_D_ALLEMAND,secretaire_general,corporate,certain,SP_093e476efc05aa8bfc18
PERSON_GHOURABI_KHALIL,ORG_ASSOCIATION_TUNISIENNE_ENSEIGNEMENTS_D_ALLEMAND,treasurer,corporate,certain,SP_38f9cf8247f32a3e9aa6
PERSON_BENACHOUR_HEND,CO_GOOGLE_TUNISIA,gerant,corporate,certain,SP_8f76c820a22fa0e582b2
PERSON_DAOUED_MOHAMED,CO_OUR_CO_TOURISM_SERVICES,pdg,corporate,probable,SP_ff8a3abe6eab9d813e8b
PERSON_BENSALEM_HATEM,CO_BEST_DESIGN,gerant,corporate,certain,SP_fe51af81427a28564259
PERSON_MAHMOUDI_MAHER,CO_GERMAN_SPARES_PARTS,gerant,corporate,certain,SP_544179facb11c03b4653
PERSON_SELMI_YOUSEF,CO_SOMFY_SERVICES,gerant,corporate,certain,SP_a699daea83c15979ffba
PERSON_ESAIED_GHAZI,CO_VITAPRINT,gerant,corporate,certain,SP_694742ed8fae6a4b6148
PERSON_HAFIANE_FAYCEL,CO_HORIZON_INFORMATIQUE_BUREAUTIQUE,gerant,corporate,certain,SP_9a90dbac7b61a2e3d909
PERSON_TRIKI_NABIL,CO_VALUE_CONSULTING,gerant,corporate,certain,SP_157c046a823219de2167
PERSON_SELAMI_MOEZ,CO_OUEYS_COMMERCE_INTERNATIONAL_SOCI,gerant,corporate,certain,SP_262c4464338b92c2b15b
PERSON_MEZGHANI_MOHAMED_SALAH,CO_TUNISIAN_IMPORT_EXPORT_TIMEX,gerant,corporate,certain,SP_4b3a04a87858f2643f39
PERSON_ELOUMI_ABDERAOUF,CO_ABDERRAOUF_ELLOUMI_ARCHITECTE,gerant,corporate,certain,SP_95352cf89b66c555e895
PERSON_GUIGA_KAIS,CO_TUNISIAN_INVESTMENT_COMPANY,administrateur,corporate,certain,SP_e591a95de3fe7900259b
PERSON_HAMAMI_MOHAMED_ALI,CO_NOUR_TRADING,gerant,corporate,certain,SP_c9b0763e753e25ec4a30
PERSON_DRIS_TAOUFIK,CO_PROFIL_METAL_DESNOYERS,dga,corporate,certain,SP_2042cd4aaeb3368c0496
PERSON_SLAMA_RIDHA,CO_SLAMA_SICAF,administrateur,corporate,probable,SP_590b148a1f56d7d0930b
PERSON_SLAMA_ABDELHAKIM,CO_SLAMA_SICAF,administrateur,corporate,probable,SP_1abbf282740ede70d5ab
PERSON_TURKI_HASEN,CO_MAVERICK_CONSULT,gerant,corporate,certain,SP_250e3e9d7453396ec9c5
PERSON_ABAS_FERID,ORGMENTION_Amwell Capital Ventures,administrateur,corporate,probable,SP_e6784cad3e674d3f33ed
PERSON_ABAS_HAMADI,ORGMENTION_Amwell Capital Ventures,administrateur,corporate,probable,SP_b80e7694099bea4c1f92
PERSON_ABAS_SADREDINE,ORGMENTION_Amwell Capital Ventures,administrateur,corporate,probable,SP_6ab42bc604a1b7dfd2ba
PERSON_ABAS_CHIRAZ,ORGMENTION_Amwell Capital Ventures,administrateur,corporate,probable,SP_986d445317865d4adbb8
PERSON_BAIZIG_NEDRA,ORGMENTION_Amwell Capital Ventures,administrateur,corporate,probable,SP_0afa986ea8de7724cf89
PERSON_SANDID_ABDELWAHEB,CO_EL_FABRIKA_ECO_BOIS,gerant,corporate,certain,SP_de5cc8bbd81b277e1e44
PERSON_SANDID_ZIED,CO_EL_FABRIKA_ECO_BOIS,pdg,corporate,certain,SP_1431bed44e84885115c7
PERSON_MEHREZ_CHAMSEDINE,ORGMENTION_ENNADHAFA 2,dg,corporate,certain,SP_2382f62c2141da98e3f5
PERSON_ABDENADHER_NIDHAL,CO_JUREX_SERVICES,gerant,corporate,certain,SP_c571212a1e6bf2d35219
PERSON_MABROUK_WALID,CO_MAB_CONSULTING,gerant,corporate,certain,SP_1695f6f6ea0bc117bb93
PERSON_SASI_MOHAMED,CO_ROSA_MARMI,gerant,corporate,certain,SP_b050f0224577c59aa3b0
PERSON_MUCEDOLA_LUIGI,CO_ITALIAN_DISIGN,gerant,corporate,certain,SP_62ce6321ac79b76ba013
PERSON_BENSALAH_SOUHAIL,CO_ITALIAN_DISIGN,gerant,corporate,certain,SP_0147daf85b554ec06753
PERSON_CHAABOUNI_MOHAMED,CO_GENIPLAST,gerant,corporate,certain,SP_2143cd941a7e9759c455
PERSON_BENMABROUK_SABTA_ALI,CO_UNIE_DURBANISM,gerant,corporate,certain,SP_95dd857e8a855c5ce075
PERSON_ABASI_SLAHEDINE,CO_ABASSI_CONFECTION,gerant,corporate,certain,SP_b189cf5000d4dc02a560
PERSON_BOURICHA_JALEL,CO_AGRICOLE_DAR_EL_KHIR,gerant,corporate,certain,SP_501dab1b9015e59225af
PERSON_BOURICHA_SONIA,CO_AGRICOLE_DAR_EL_HANA,gerant,corporate,certain,SP_982f31c3af97801549cd
PERSON_BOURICHA_KHALED,CO_AGRICOLE_SAAD,gerant,corporate,certain,SP_eedde29e1c0d8a845f59
PERSON_HAMAMI_ZOUHEIR_BOUTHEMNA,CO_EL_MARSD,gerant,corporate,certain,SP_38f4cc87c9f25aafed17
PERSON_GLOULOU_HABIB,CO_BETON_INDUSTRIALISE_GLOULOU_SOBIG,gerant,corporate,certain,SP_1a3119995ac66f04c82f
PERSON_AMAR_KAMEL,CO_EXPLORE,gerant,corporate,certain,SP_833a670589afaa846f02
PERSON_HAMAMI_MOHAMED_AMIN,CO_HTSS_HIGHT_TECHNOLOGY_SECURITY_SYSTEM,gerant,corporate,certain,SP_6495bcfaa843f727a634
PERSON_JENAYAH_OMAR,CO_RESIDENCE_AMILCAR,pdg,corporate,certain,SP_1532296cf71f0ebbd45b
PERSON_MEHREZ_CHAMSEDINE,CO_PLASTICAP,administrateur,corporate,certain,SP_5958b96ca24ba34d869b
PERSON_MEHREZ_DRIS,CO_PLASTICAP,administrateur,corporate,certain,SP_7d81b9da2a2d880909f5
PERSON_MEHREZ_MOUNA,CO_PLASTICAP,administrateur,corporate,certain,SP_9b698690e57b7573cd89
PERSON_BOUDEN_SAIDA,CO_PLASTICAP,administrateur,corporate,certain,SP_43f93f697bbf04c1d66b
PERSON_MISAOUI_MOHAMED_HABIB,CO_SERVICES_AL_BARAKA,gerant,corporate,certain,SP_d95106d4e71e216ae445
PERSON_ZOUARI_WAJDI,CO_ZOUARI_BOIS,gerant,corporate,certain,SP_e22e80993eae51790cfa
PERSON_CHERPION_FRANCOIS,CO_CIMENTS_DENFIDHA,dg,corporate,probable,SP_b035ea3bb182cf114784
PERSON_BENHAZAZ_MOEZ,CO_GERMAN_INTERNATIONAL,gerant,corporate,certain,SP_d0ae91f97dc08428f954
PERSON_TREVISAN_ITALO,CO_ENGITECNO,gerant,corporate,certain,SP_07b7e07c231539b74afa
PERSON_BOUGUILA_JAMILA_SELAMI,CO_AL_AZHAR_BOUGUILA_COMMERCE,gerant,corporate,certain,SP_48e5bc87d594273fafec
PERSON_SIOUD_TAHER,CO_TANIT_INTERNATIONAL,president_ca,corporate,certain,SP_7ed8d8babb95104acfc9
PERSON_HAMAMI_MOHAMED,CO_VOLORIS_MANAGEMENT,gerant,corporate,certain,SP_ad32ac91cfad62828a6e
PERSON_GARGOURI_MOHAMED,CO_GENERALE_TRAVAUX,gerant,corporate,certain,SP_ae63ae96eacc03e3d5f6
PERSON_HAMAMI_KAIS,CO_OPTIKALENTILLE,gerant,corporate,certain,SP_5e30fa15b55494054c97
PERSON_ZOUARI_MOHAMED,CO_HEAVEN_GREEN,gerant,corporate,certain,SP_b53aae42ea3ff0389f2f
PERSON_HAMAMI_KHALED,CO_IMMOBILIERE_20_MARS,gerant,corporate,certain,SP_c65f877521551471fc5b
PERSON_MARCO_SANTARELI,CO_ITALIA_STAMPI,gerant,corporate,certain,SP_70d1f4d09941f5ce3b72
PERSON_SAIDI_RIDHA,CO_UNION_GENERAL_DORGANISATION_FOIRES,gerant,corporate,certain,SP_a546c2990ee173269505
PERSON_TRIKI_MONJI,CO_INTERNATIONAL_TRADING_CARAVAN,gerant,corporate,certain,SP_b40987e73da78dd892fa
PERSON_SELAMI_SALMA,CO_SHYPHAX_RENT_A_CAR,gerant,corporate,certain,SP_a2cc4ca886629888f97f
PERSON_CHARFI_MOHAMED_FAOUZI,ORGMENTION_,member,corporate,certain,SP_0beec800260384107fc3
PERSON_ZERZERI_ANES_AMIN,CO_PHARMA_COMPANY,gerant,corporate,certain,SP_e8fda55e060a86486cf6
PERSON_BENSEDRINE_MOHAMED_KARIM,CO_DAR_EL_AMEN,gerant,corporate,certain,SP_695a1bc49f7a5a00987c
PERSON_BOUCHAMAOUI_HICHEM,CO_PROMOTEUR,pdg,corporate,certain,SP_f2c3735523ca060cc97f
PERSON_HAMAMI_HAKIM,CO_ASCENSEUR_LEVAGE_MANUTENTION,associe,corporate,certain,SP_df8f9c5c7bfbb063e598
PERSON_KAMOUN_MOHAMED,CO_INTERNATIONAL_SERVICES_IMMOBILIERS,gerant,corporate,certain,SP_a78bba876f9109142bdb
PERSON_REBAI_LOTFI,CO_RICOTEX,gerant,corporate,certain,SP_7087af210924c1612939
PERSON_HAMROUNI_ZEINEB,CO_ZENCOM,gerant,corporate,certain,SP_fae47a91ca85962e15eb
PERSON_DJILANI_HEDI,CO_L_IMMOBILIERE_ECHARIFA,administrateur,corporate,probable,SP_19d5b95f4f9ace6489b0
PERSON_ESEGHAIER_ABDELKADER,CO_L_IMMOBILIERE_ECHARIFA,administrateur,corporate,probable,SP_5f607bc101d4c4d71c7b
PERSON_DJILANI_RADHIA,CO_L_IMMOBILIERE_ECHARIFA,administrateur,corporate,probable,SP_6d9a546c113ed04c576e
PERSON_DJILANI_MOHAMED_HECHMI,CO_L_IMMOBILIERE_ECHARIFA,administrateur,corporate,probable,SP_fe38abb30847000a034f
PERSON_ABDENADHER_KARIM,CO_TUNISIENNE_DEMAIL,administrateur,corporate,certain,SP_10a970deed7d96b8e851
PERSON_CHARFEDINE_RIDHA,CO_MEDPACK,president_ca,corporate,certain,SP_b4e08537c1fda446ceaf
PERSON_MASOUDI_AMIR_SADOK,CO_MEDPACK,dg,corporate,certain,SP_2073528b78f0e5fb2fd1
PERSON_FOJANESI_MASIMO,CO_ITALO_TUNISIENNE_ENERGIES_RENOUVELABLES_SITER,president_ca,corporate,certain,SP_847730ebc5c1f083f918
PERSON_BRINI_MOUNIRA,CO_ITALO_TUNISIENNE_ENERGIES_RENOUVELABLES_SITER,dg,corporate,certain,SP_d59df470b76203141492
PERSON_ELOUMI_MOURAD,CO_LOGISTIC_SERVICES,gerant,corporate,certain,SP_092520051fd864ad7c07
PERSON_BENOUR_ALI,CO_SMART_WASH,gerant,corporate,certain,SP_278287cf21aff4390746
PERSON_HAMROUNI_FAYCEL,CO_AUDIT_CONSULTING,gerant,corporate,certain,SP_28bc8e3c4b7bd4ee164e
PERSON_MABROUK_ALI,CO_EL_BARAKA_CAP_BON,gerant,corporate,certain,SP_827a42566b19f943cd04
PERSON_ABDELMOULA_MUSTAPHA,CO_AS_DISTRIBUTION,pdg,corporate,certain,SP_a55c9c79763a796b087a
PERSON_KILANI_ZAIED,CO_SERVICES_INDUSTRIELS_SUD_SOSIS,gerant,corporate,certain,SP_64f1d8b342812ddd24f9
PERSON_BENAISA_MOUNIRA,CO_2M_CONFECTION,gerant,corporate,certain,SP_f8f23cb55fdef6574cac
PERSON_MABROUK_SKANDER,CO_ST2_3_S_COM,gerant,corporate,certain,SP_8e4c9f9a9507aae1694e
PERSON_CHELBI_MOHAMED_KILANI,CO_MISE_EN_VALEUR_DEVELOPPEMENT_AGRICOLE_EL_HILEL,dg,corporate,certain,SP_b87a6eb548ebc12174a0
PERSON_ELOUMI_ABOUDA,CO_AGRO_ZITEX,unspecified,corporate,certain,SP_734302aa19df495e03d6
PERSON_HAMAMI_AMIN,CO_CONSULTING_ACCOUNTING_FINANCE,associe,corporate,certain,SP_6ec2417533b748365a57
PERSON_HAMROUNI_RAJA,CO_PRESSE_EXPRESS,gerant,corporate,certain,SP_7da077e9efe70a5d5fce
PERSON_MSEDI_AHMED,CO_CHAUSSURES_TITAS,gerant,corporate,probable,SP_dbbc56a0c66e1a48ba88
PERSON_MSEDI_AHMED,CO_CHAUSSURES_TIMAC,gerant,corporate,probable,SP_cb1157a4e55cc2db7b19
PERSON_LOPEZ_GABY,ORG_GROUPEMENT_INDUSTRIES_TUNISIENNES_AERONAUTIQUES_SPATIALES,association_president,corporate,certain,SP_14d2a75dc451b270c17d
PERSON_MATOS_JOAO_PEDRO_COSTA_DA_SILVA,CO_ASM_TRAILERS,president_ca,corporate,certain,SP_95445dacecb131c5bc63
PERSON_BELHIBA_ABDELAZIZ,CO_ASM_TRAILERS,dg,corporate,certain,SP_f3bf47b86e8ffb166dd7
PERSON_AYARI_MOHAMED,CO_MANAGER,representant,corporate,certain,SP_22c6c365aef5e45f63b9
PERSON_SASI_HATEM,CO_ELECTRONIQUE_INDUSTRIEL_TELECOM_SERVICES,associe,corporate,certain,SP_5ce74f7937319761c5a3
PERSON_KALEL_FATEN,CO_AGEPI_AGENCE_GESTION_PATRIMOINE_IMMOBILIER,unspecified,corporate,certain,SP_0aada20109165b22a933
PERSON_CHAABANE_AMIRA,CO_EL_HASNA_COMMERCE_INTERNATIONAL,gerant,corporate,certain,SP_9c72feb0c4237578e2d8
PERSON_ELGHOUL_FARID,CO_INDUSTRIES_ALIMENTAIRES_MINOTERIE_SIAM,gerant,corporate,certain,SP_8a5dc48d27bb2626b5eb
PERSON_AMAR_KAMEL,CO_BRIQUITTERIE_GAFSA,gerant,corporate,certain,SP_88b9eaeebca5e8abc7da
PERSON_ZRISI_RAFIK,CO_CARROSSERIE_ITALIA,gerant,corporate,certain,SP_a5bcee29081403954e4c
PERSON_ANANE_BRAHIM,CO_TUNISIE_PARK_SERVICES,administrateur,corporate,probable,SP_a967dfd24b629a32e52d
PERSON_AYADI_LOTFI,CO_AYADI_FRERES_DETAIL_SAF_DETAIL,cogerant,corporate,certain,SP_39e0bd35aa086055d082
PERSON_BENSEDRINE_HAYKEL,CO_CONSEIL,gerant,corporate,certain,SP_a34208b7d34212333923
PERSON_KHELIFI_KHALED,CO_ELATEX,gerant,corporate,certain,SP_06ef332184bd1b411ff5
PERSON_BOURICHA_HASEN_AMIN,CO_TUNISIAN_EUROPEAN_DISTRIBUTION_TE_DISTRIBUTION,gerant,corporate,certain,SP_dac5e8849a2c78f9169b
PERSON_SELAMI_AMIN,CO_GEFCO_TUNISIE,dg,corporate,certain,SP_99db8b64f8abdef08216
PERSON_SASI_NEJIB,CO_GEOCONSEIL,gerant,corporate,probable,SP_6ea730f82b76bae097b7
PERSON_ZGHIDI_ADNENE,CO_CONTACT,commissaire_aux_comptes,corporate,certain,SP_11eada2fd90b38cf8b82
PERSON_SASI_THAMEUR,CO_AL_WAFA_TRANSPORT,cogerant,corporate,certain,SP_dd0482d86a876eb56dcc
PERSON_KAROUI_MOHAMED,CO_UNION_BRIQUETERIES_SUD,administrateur,corporate,certain,SP_7d200dde0904664993d5
PERSON_KAROUI_ANIS,CO_UNION_BRIQUETERIES_SUD,administrateur,corporate,certain,SP_a8ffd58e23e95b2922e1
PERSON_KAROUI_YOUSEF,CO_UNION_BRIQUETERIES_SUD,administrateur,corporate,certain,SP_c60f649ebd278862a497
PERSON_KAROUI_TAOUFIK,CO_UNION_BRIQUETERIES_SUD,administrateur,corporate,certain,SP_883e8166d1edcae1eb43
PERSON_KAROUI_ANIS,CO_UNION_BRIQUETERIES_SUD,dga,corporate,certain,SP_2d339a56ede7f0449177
PERSON_TRABELSI_MOHAMED,CO_TUNISIA_TRADE_PARTNERS,associe,corporate,certain,SP_b9050e8136085b9c03ba
PERSON_HAMAMI_MOEZ,CO_CAP_BON_BOIS,gerant,corporate,certain,SP_b57ac21023d76c916636
PERSON_BENFRADJ_ANIS,CO_AGROMED,gerant,corporate,certain,SP_2d1b2b9dc1f8f13b84b0
PERSON_BENKHALIFA_RIADH,CO_BINA_HOLDING,representant,corporate,certain,SP_0cdc2d1e2c0c8733d41a
PERSON_STA_LAZHAR,CO_BINA_HOLDING,unspecified,corporate,certain,SP_c10fb76238b3e3e9944b
PERSON_BENKHALIFA_RIADH,CO_BINA_HOLDING,dg,corporate,certain,SP_f2e704a96f4d701fd90b
PERSON_BENKHALIFA_RIADH,CO_BINA_CORP,representant,corporate,certain,SP_e14f1317368c6b667109
PERSON_BOUCHAHOUA_KILANI,CO_BINA_CORP,representant,corporate,certain,SP_b8f7622f7c9c98f2ac34
PERSON_STA_LAZHAR,CO_BINA_CORP,unspecified,corporate,certain,SP_66ab6e963b86d8839541
PERSON_ABAS_HAMADI,ORGMENTION_Amwell Capital Ventures,pdg,corporate,probable,SP_eeee25459c72ab8d834d
PERSON_HORCHANI_LAMINE,CO_CENTRE_TUNISIEN_FORMATION,gerant,corporate,certain,SP_32b7408ffdceb9778294
PERSON_NOUIRA_LOTFI,CO_LUX_BEBE_SON,unspecified,corporate,certain,SP_26067abfda40e0524599
PERSON_TEKAYA_MEHDI,CO_OXIA_BUSINESS_SOLUTIONS,administrateur,corporate,certain,SP_07274026253e5917eb75
PERSON_BENDRIS_KHALED,CO_OXIA_BUSINESS_SOLUTIONS,administrateur,corporate,certain,SP_01561085c00c6fb8cecf
PERSON_TEKAYA_MEHDI,CO_OXIA_BUSINESS_SOLUTIONS,pdg,corporate,certain,SP_70f83c5a2b024f2475e5
PERSON_MZABI_MZOUGHI,CO_DINVESTISSEMENT_IMMOBILIER_SIT,pdg,corporate,certain,SP_54ac7d2ccd5db099ac99
PERSON_JOMAA_SAMI,CO_CHAUSSETTES_KINDA,cogerant,corporate,certain,SP_2aff24bf037adf610270
PERSON_CHAMAKHI_SALEM,CO_SKAN_AGRO,pdg,corporate,certain,SP_a737d293cca24259cbcc
PERSON_DRIS_HABIB,CO_DESIGN_FX_STUDIOS,gerant,corporate,certain,SP_4f3d0ea20f68e412f5da
PERSON_LAMOUCHI_SAMI,CO_ITALO_TUNISIENNE_TRAVAUX_DEQUIPEMENT_SITE,gerant,corporate,certain,SP_ee32f2aaa16377b2a6d5
PERSON_CHENOUFI_WALID,CO_BEACH_FASHION,gerant,corporate,certain,SP_1f17e7b30e53466393f7
PERSON_SLAMA_FATEN_BENTFRAJ,CO_BEN_SAAD_PROMOTION_IMMOBILIERE,gerant,corporate,certain,SP_efed8b319167d2e6117d
PERSON_SLAMA_MOHAMED_HEDI,CO_AMEN_SCHOOL,gerant,corporate,certain,SP_6c5aa1a0bcd60e5a729d
PERSON_RIEGLER_ANDREAS,CO_GERMAN_TELEMARKETING_CENTER,gerant,corporate,certain,SP_8004ac7082978dc7a7c8
PERSON_HAMAMI_SAHBI,CO_WORLD_FREE_TRADING_COMPANY,gerant,corporate,certain,SP_01f59f94fd73befa541b
PERSON_TRIKI_MAHMOUD,CO_REAL_CONSULTING,gerant,corporate,certain,SP_18635a40391e758e8755
PERSON_SASI_MOHAMED,CO_GENERALE,administrateur,corporate,certain,SP_29c87e931d14949a9ffa
PERSON_CHAABANE_RACHID,CO_PROMOTION_IMMOBILIERE_CLEOPATRE,pdg,corporate,probable,SP_98b50d0a8e8b6df48eac
PERSON_CHAABANE_RIDHA_ALI,CO_TRADING_INTERNATIONAL_ERRIDHA_GABES,gerant,corporate,certain,SP_d5e457859678377bb8d2
PERSON_HAMAMI_SAMIR,CO_HAMMAMI_TRAVAUX_BATIMENT_FLUIDES,gerant,corporate,certain,SP_f8c2769703fcc14946db
PERSON_ABDENADHER_ALI,CO_MODERNE_DEQUIPEMENTS_COMMERCE_SOMECO,gerant,corporate,certain,SP_8e5a788c27f04a851bf8
PERSON_ELOUMI_SAMIR,CO_INES_MODE,gerant,corporate,certain,SP_b41bfd33295d766cbd42
PERSON_HAMAMI_HICHEM,CO_MARSA_DECOR,gerant,corporate,certain,SP_bff53663dfd587dd1c4f
PERSON_MONTACER_JAMELEDINE,CO_BANQUE_FRANCO_TUNISIENNE,dg,corporate,certain,SP_a38089a5e027e1dd5c7c
PERSON_FRIKHA_MOHAMED,CO_FMS_TECH,gerant,corporate,certain,SP_89c3fa7228f89f8421b0
PERSON_BENSALEM_ALI,CO_VALENTINO_TESSUTI_TUNISIA,gerant,corporate,certain,SP_cde65e81ea79944a3801
PERSON_ZARAD_ABDELWAHEB,CO_ETIQUETTES_ACCESSOIRES,pdg,corporate,certain,SP_5467f21c8c257f223230
PERSON_BAYAHI_YAHIA,CO_COMPAGNIE_FINANCIERE_D_INVESTISSEMENT,unspecified,corporate,probable,SP_80e6a90d2a595a1f1638
PERSON_BAYAHI_YAHIA,CO_INDINVEST,unspecified,corporate,probable,SP_e3ede948c1210fbc60d0
PERSON_BOUAFIA_NOOMEN,CO_EL_DHAHABIA_DALIMENTATION_DISTRIBUTION,gerant,corporate,certain,SP_943a639fb5d6f1080032
PERSON_BENDHAYA_SONIA,CO_ITALIANO_RESTAURATION,gerant,corporate,certain,SP_816b3709e4db670c2599
PERSON_CHAABANE_LOTFI,CO_BEB_EL_HARA,gerant,corporate,certain,SP_0b2212f6a275f4a46417
PERSON_CHAABANE_MOKHTAR,CO_GENERALE_EQUIPEMENT_SERVICES_TUNISIENNE,gerant,corporate,certain,SP_a8e1f614ae383010bca7
PERSON_EDOUS_FETHI,CO_TUNIPROM,gerant,corporate,certain,SP_01020db2a0631d29d5b3
PERSON_BENKHEMIS_MOHAMED_TAOUFIK,ORGMENTION_Prologic Tunisie,pdg,corporate,certain,SP_8d40b6d6b21973efeb06
PERSON_ESAFI_ABDELWAHEB,ORGMENTION_Prologic Tunisie,dga,corporate,certain,SP_4824d65893d75037fa5b
PERSON_GUESMI_ELYES,CO_GENERALE_INDUSTRIE_NORD_GINOR,dga,corporate,certain,SP_5f3ab15819a8a20e9b40
PERSON_BENAYED_MONCEF,CO_MECATECH,administrateur,corporate,certain,SP_040e39c445c3fd4bc7f0
PERSON_BENAYED_ABDESALEM,CO_MECATECH,pdg,corporate,certain,SP_b303f0a291347ab4a6e8
PERSON_BOURICHA_KHALED,CO_AGRICOLE_DAKHLA,association_president,corporate,certain,SP_eb42ea07314e308bc922
PERSON_BENFRAJ_RAMZI,CO_L2A,pdg,corporate,certain,SP_bd9ab90865b431992580
PERSON_TRIKI_SAMEH,CO_TUNISIA_EXPRESS_ASSISTANCE,gerant,corporate,certain,SP_649248211ff37b3e1051
PERSON_CHARFI_KHALIL,CO_ARCO_CERAME,cogerant,corporate,certain,SP_bc64fccc94a7002cdda8
PERSON_BATIKH_MOHAMED_AMINE,CO_GOOD_PRINT,gerant,corporate,certain,SP_62c1122a1292b4415ad3
PERSON_KHROUF_MAHMOUD,CO_CLINIQUE_JASMINS,administrateur,corporate,certain,SP_f18645a66a068c8f3358
PERSON_ZOUARI_RAOUDHA,CO_CLINIQUE_JASMINS,administrateur,corporate,certain,SP_ceb759bed710ddaa4bd7
PERSON_TRIKI_ABDELATIF,CO_ABDELLATIF_CHEDLI_INTERNATIONAL_CONSULTING,gerant,corporate,certain,SP_ae55a9f657d12f6a5290
PERSON_AMARA_MOURAD_MHENI,CO_MANAGEMENT_HOTELIER_INTERNATIONAL,pdg,corporate,probable,SP_5b88d1000f311297e854
PERSON_LEJMI_SINA,CO_CERAMIQUE_CENTRE_CERAC,unspecified,corporate,certain,SP_51c0c6c9282629b91a1f
PERSON_LEJMI_SINA,CO_CERAMIQUE_CENTRE_CERAC,pdg,corporate,certain,SP_6f7967de4ace496bf52d
PERSON_BENSALEM_RAFIAA_DRIS,CO_TUNTEX,gerant,corporate,certain,SP_bd01fdf2c990b86b96f2
PERSON_CHAABANE_NIDHAL,CO_TUNISIA_SUMMIT,gerant,corporate,certain,SP_51ffed222fdafc3a51a4
PERSON_BENAMARA_SALEM,CO_CONSTRUCTION_METALLIQUE_JEBEL_EL_OUEST,gerant,corporate,certain,SP_f141860c7a73bcd396da
PERSON_RIAHI_FAROUK,CO_SERVICE_INDUSTRIEL_RIAHI,gerant,corporate,certain,SP_233c2950ca7147118f21
PERSON_BELAJOUZA_MOHAMED,CO_BEL_TOURISME,administrateur,corporate,probable,SP_200770c0ff41014e1152
PERSON_BELAJOUZA_MOURAD,CO_BEL_TOURISME,administrateur,corporate,probable,SP_a8ab35c1ffde4108ec81
PERSON_ZOUARI_HAMADI,CO_AGRICOLE_NAMAA,gerant,corporate,certain,SP_15ab2d148cfeda10a5c6
PERSON_SELAMI_KAIS,CO_TRIUM_TECHNOLOGY,gerant,corporate,certain,SP_a0447b834d4eb2011880
PERSON_GUIDARA_MOHAMED,CO_PRODUITS_CARRIERE_FAIEDH_SPCF,gerant,corporate,certain,SP_85eda08b2e5824e65758
PERSON_GHORBEL_ABDELKADER_BENMOKHTAR_BENAMER,CO_AMERICAN_FASHION,gerant,corporate,certain,SP_9f02bed1ee4a78e287c3
PERSON_MABROUK_HOUCEM,CO_CANNE_A_SUCRE,gerant,corporate,certain,SP_c60c5795e83e1cbf8bb8
PERSON_TRABELSI_MOHAMED,CO_ELECTRICITE_EL_RACHID,gerant,corporate,certain,SP_b5d2c2d2e67dae1baa17
PERSON_HAMROUNI_MUSTPAHA,CO_SOTACIB,vice_president,corporate,certain,SP_c2ebbfe97207cf006a34
PERSON_SELAMI_MAHMOUD,CO_REFENDAGE_TOLE_SORETOL,unspecified,corporate,probable,SP_9fcc77d15523af03424a
PERSON_SELAMI_ADNEN,CO_REFENDAGE_TOLE_SORETOL,unspecified,corporate,probable,SP_0bf29a394113976d62d0
PERSON_TRIKI_SAMIA_SELAMI,CO_REFENDAGE_TOLE_SORETOL,unspecified,corporate,probable,SP_636d6ce4abaf2b6df34b
PERSON_ELOUMI_SAMIR,CO_BEST_GYM,gerant,corporate,certain,SP_3fdbdc8130a10f9171d5
PERSON_SIALA_MARIEM_ZOUARI,CO_ECONOMIQUE_DISTRIBUTION_ECODIS,gerant,corporate,certain,SP_098325af17e401f107bc
PERSON_MANAAI_ANIS,CO_MANAI_HAMMAMI_BATIMENT_SNHB,gerant,corporate,certain,SP_c69842cdff6c5ef1718c
PERSON_TRIKI_MOHAMED_MALEK,CO_HEMERA,gerant,corporate,certain,SP_e4cf89ac5db452b39324
PERSON_GOUCHA_ADEL,CO_PLASTIC_ELECTROMECHANIC_COMPANY_PLUS,administrateur,corporate,certain,SP_497c817000d1cdfb322d
PERSON_KABRIT_TAREK,CO_PLASTIC_ELECTROMECHANIC_COMPANY_PLUS,administrateur,corporate,certain,SP_3a0ae3cf4ae11da7223b
PERSON_GOUCHA_ADEL,CO_PLASTIC_ELECTROMECHANIC_COMPANY,administrateur,corporate,certain,SP_a1fe666ee9dd93acd982
PERSON_KABRIT_TAREK,CO_PLASTIC_ELECTROMECHANIC_COMPANY,administrateur,corporate,certain,SP_f1f7350e5a875df0b46a
PERSON_NIFAR_HABIB,CO_FERMETURES_EMBALLAGES_EN_PLASTIQUE,administrateur,corporate,probable,SP_ebd24cdcb63920cf4e7a
PERSON_BOUCHAHOUA_KILANI,CO_CARTHAGE_CEMENT,administrateur,corporate,certain,SP_31371a9c6a10dc3f4624
PERSON_HAMAMI_MOEZ,CO_JETCOM,gerant,corporate,certain,SP_dde0818e8ac0af48e700
PERSON_BOUZGUENDA_HASEN,CO_REIMEX,administrateur,corporate,probable,SP_c8d8a1c9f5615eab1538
PERSON_BOUZGUENDA_HASEN,CO_REIMEX,pdg,corporate,probable,SP_f45eae7032b5a0f4011a
PERSON_CHAABANE_NADER,CO_MOHAMED_CHAABANE,gerant,corporate,certain,SP_bd85f398aba6901771b6
PERSON_HAMROUNI_HICHEM,CO_DAUPHINE_CONSULTING,gerant,corporate,certain,SP_1499c26a6be07f192a0e
PERSON_KHALIL_MOHAMED,CO_PRO_MES,gerant,corporate,certain,SP_5ae81a5be23285ea0519
PERSON_HAMAMI_MOURAD,CO_SOTROUBAT,gerant,corporate,certain,SP_a50b4fe658077eb35587
PERSON_BENROMDHANE_YOUSEF,CO_ATELIERS_MECANIQUES_SAHEL,administrateur,corporate,certain,SP_7f8c7fdfe7ba1e6fec59
PERSON_HARABI_MONCEF,CO_STEG_INTERNATIONAL_SERVICES,administrateur,corporate,certain,SP_2cab5905a0cec7c3b884
PERSON_MZABI_MZOUGHI,CO_PALM_AZUR,association_president,corporate,certain,SP_dbe3483c31acaed81150
PERSON_SLAMA_CHIHEBEDINE,CO_THOURAYA_COMMERCE_DETAIL,administrateur,corporate,certain,SP_4d43cf96e8c2bacf0d6b
PERSON_MERSNI_LIES,CO_FRENCH_CONSULTING,gerant,corporate,certain,SP_0763f985a52bc8c39765
PERSON_SALEH_FTIRICH,CO_TRADING_OILFIELD_SERVICES,gerant,corporate,certain,SP_76614efb7a3554ee5796
PERSON_LADIB_ALI,CO_FORMA_AGRO_TUNISIA,pdg,corporate,certain,SP_0fd6be147153a64417b8
PERSON_MAHJOUB_ANOUAR,CO_FORMA_AGRO_TUNISIA,dga,corporate,certain,SP_b96c136c439e5f24f776
PERSON_ZAROUK_AHMED,CO_KHAIMA_ZR,gerant,corporate,certain,SP_4640c63c9b1856ceb35a
PERSON_BAYAHI_YAHIA,CO_GERVASONI,pdg,corporate,certain,SP_b11729a5a787d969d2e6
PERSON_HAMAMI_TAREK,CO_FEDI_ACADEMY,gerant,corporate,certain,SP_eafc245454a96d4aab67
PERSON_ZGHIDI_ADNENE,CO_SECOMET,commissaire_aux_comptes,corporate,certain,SP_7bba3ed5333e8516002b
PERSON_KOOLI_MOHAMED,CO_HAMMAMI_POUR_COMMERCE_MEUBLES_USAGES,gerant,corporate,certain,SP_50f708a4811e80ca2476
PERSON_BAYAHI_TAIEB,CO_RGI_TUNISIE,president_ca,corporate,certain,SP_298e892d40658e2941a5
PERSON_MARQUIER_MARTINE,CO_TUNISIE_CONFECTION,liquidateur,corporate,certain,SP_cdf9478565e2acaf02df
PERSON_ZOUARI_ZINA,CO_MOUATEZ,gerant,corporate,certain,SP_fffce4a71c6969b6a595
PERSON_ALMANAA_FATHI_BENAMAR_BENSALAH,CO_ITALO_TUNISO_ALGERIENNE_DEFFILOCHAGE_SITAF,dg,corporate,certain,SP_072bb34431419077d093
PERSON_BENHATAB_KHAOULA_SLAMA_BENFETHI,CO_CHHIWET,gerant,corporate,certain,SP_241840999074771c8e71
PERSON_ZOUARI_TAIEB,CO_GENERAL_ASSISTANCE_RECOUVREMENT,gerant,corporate,certain,SP_090281f6ea91e8e449e8
PERSON_FARSI_MOHAMED,CO_TOPNET,administrateur,corporate,certain,SP_94ec3b7de9e965d088dd
PERSON_DEBACHE_IBRAHIM,CO_ENNAKL_AUTOMOBILES,pdg,corporate,certain,SP_79d5c9e29595d0055551
PERSON_TRIKI_MOHAMED_BENAMARA_BENYOUSEF,CO_GOA,gerant,corporate,certain,SP_fcfb7943cb1c2e21de74
PERSON_REISCH_MICHEL,CO_TUNISIAN_SALT_COMPANY_TUSCO,gerant,corporate,certain,SP_a528674bc769af1b4c32
PERSON_HAMAMI_MOHAMED,CO_IMPRIMERIE_HAMMAMI,gerant,corporate,certain,SP_0f8cc521d87ed5581434
PERSON_HAMROUNI_MOHAMED,CO_SOHAM_BTP,gerant,corporate,certain,SP_fb31488f4d9001ad6f40
PERSON_BENMILAD_MOHAMED_AMINE,CO_FRANCE_MARKETING,gerant,corporate,certain,SP_9f5f26c77839c48399c1
PERSON_BAYAHI_YAHIA,CO_TUNISIE_PARK_SERVICES,unspecified,corporate,probable,SP_fd9672a5cc786969e7ab
PERSON_ANANE_BRAHIM,CO_TUNISIE_PARK_SERVICES,unspecified,corporate,probable,SP_ea6b7c1a6f92079c06df
PERSON_ZGHIDI_ADNENE,CO_NOVAZUR_DISTRIBUTION,commissaire_aux_comptes,corporate,certain,SP_16ebd07cd2936ad75f15
PERSON_HEMAYED_HAFEDH,CO_NOVAZUR_DISTRIBUTION,pdg,corporate,certain,SP_aa41844c683b5187faf4
PERSON_NOURI_MOUNA_TRIKI,CO_CHAHIR_IMMOBILIER,gerant,corporate,certain,SP_968767d66468e110ea27
PERSON_KHEMIRI_IMED,CO_NIKOR_ORGANIZATION,gerant,corporate,certain,SP_0f15e7e5afc4ea16f4d2
PERSON_HACHICHA_FETHI,CO_MIXAL,president_ca,corporate,probable,SP_d8211b2bec644f89034d
PERSON_DARGHOUTH_SAMIR,CO_AR_FILTER,unspecified,corporate,probable,SP_6341470af7dad916da7d
PERSON_DARGHOUTH_CHADIIA,CO_AR_FILTER,unspecified,corporate,probable,SP_284282591f5cfb274ae6
PERSON_DARGHOUTH_MOHAMED_RADHI,CO_AR_FILTER,unspecified,corporate,probable,SP_4dc4f7ab9cd9a8dd826b
PERSON_DARGHOUTH_SAMIR,CO_AR_FILTER,dga,corporate,probable,SP_3f8fc7c395e9df526770
PERSON_HAMROUNI_KHALED,CO_OLEA_GREEN,dg,corporate,certain,SP_5d993e6fce904998c70b
PERSON_BENSAAD_MOHAMED_HABIB,CO_TRANSPORT_FONDS_TUNISIE,president_ca,corporate,certain,SP_64f7cf88805ee431be69
PERSON_GHORBEL_SLIM,CO_UNIVERSAL_BUILDING_BLOCK,president_ca,corporate,certain,SP_61dff178da970fe88576
PERSON_GHORBEL_SLIM,CO_UNIVERSAL_BUILDING_BLOCK,actionnaire,corporate,certain,SP_67687a568ca0600f1b9f
PERSON_MARTINEZ_THIERY,CO_UNIVERSAL_BUILDING_BLOCK,actionnaire,corporate,certain,SP_2257ffb268ee53c30306
PERSON_ZGHIDI_ADNENE,CO_SOFTWARE,commissaire_aux_comptes,corporate,certain,SP_ea3fdbf7d9c32fabc546
PERSON_TEKAYA_MEHDI,CO_OXIA_TUNISIE,administrateur,corporate,probable,SP_98c9068b95f3eda4c0ac
PERSON_EUGENIO_MARCO,CO_ITALIAN_FOODS,gerant,corporate,certain,SP_1bab9bd7d1a772124490
PERSON_BOUZOUITA_EZEDIN,ORGMENTION_Union des Familles Tunisiennes,association_president,corporate,certain,SP_f9bed98f437229d6ee3a
PERSON_YOUSFI_WALID,CO_FACONNAGE_ARMATURES_POUR_BATIMENT_TRAVAUX_PUBLICS,gerant,corporate,certain,SP_60cd64312ef0074511c4
PERSON_HORY_RIDHA,CO_CONSERVE_DAR_ALLOUCHE_SOCODAL,pdg,corporate,certain,SP_acb85649f5c068884b5a
PERSON_BOUCHAMAOUI_THOURAYA,CO_POLYCLINIQUE_TAOUFIK,administrateur,corporate,probable,SP_a1d07b6e03e026c49309
PERSON_ZGHIDI_ADNENE,CO_ROYAL_TRADING,commissaire_aux_comptes,corporate,certain,SP_745e5677ccae3779e73f
PERSON_ZOUARI_CHAKER,CO_ZOUARI_CERAMIC,gerant,corporate,certain,SP_c55f4f890193505e1f6d
PERSON_POUPON_PATRICK,CO_UNION_BANCAIRE_POUR_COMMERCE_L_INDUSTRIE_UBCI,administrateur,corporate,certain,SP_54d4315a18ffa13f6332
PERSON_ABDENADHER_NIDHAL,CO_ROTEX,gerant,corporate,certain,SP_4cf995506b97d9271540
PERSON_DRIS_IBTISEM,CO_LINEA_BLUE,gerant,corporate,certain,SP_6511c353d6aaeaed6db9
PERSON_BAHRI_ELYES,CO_TUNISIENNE_INDUSTRIELLE_PAPIER_CARTON_SOTIPAPIER,administrateur,corporate,certain,SP_4d21d0f31f50aa1601ea
PERSON_TRIKI_NABIL,CO_TUNISIENNE_INDUSTRIELLE_PAPIER_CARTON_SOTIPAPIER,unspecified,corporate,certain,SP_a85bac99758b1f00b704
PERSON_BELAGHA_ADLY,CO_SAIDA_GROUP_HOLDING,administrateur,corporate,certain,SP_c7a06d607efc2938590c
PERSON_TURKI_MOHAMED,CO_AL_KHOUTAF_ONDULE,representant,corporate,certain,SP_dfbd0a64015d3e4f6ab3
PERSON_CHAABANE_FAOUZI,CO_GENERALE_CONSTRUCTION_SOGECO,gerant,corporate,certain,SP_ee7c0e159974a0f0be73
PERSON_BOURICHA_MOHAMED,CO_CLINIQUE_LESPOIR,pdg,corporate,probable,SP_028e5c79b77055c4bfd9
PERSON_BOURICHA_JALILA,CO_CLINIQUE_LESPOIR,dga,corporate,probable,SP_4a7c06b827ff8502ffcb
PERSON_DRIS_CHAMEKH,CO_DRISS_CONSEIL_INTERNATIONAL_EN_BATIMENT,gerant,corporate,certain,SP_14d7acfa925109040fd7
PERSON_BENYEDER_NADHIM,CO_IMMOBILIERE_COMMERCIALE_FINANCIERE,administrateur,corporate,certain,SP_7d9d530ed3afab36a7af
PERSON_BENYEDER_MALEK_SKANDRANI,CO_PGI_HOLDING,administrateur,corporate,certain,SP_86db80aa9e7a24f5422a
PERSON_BENYEDER_RACHID,CO_PGI_HOLDING,pdg,corporate,certain,SP_3060e2d70779b85adb0d
PERSON_TRABELSI_MOHAMED,CO_DENIM_INDUSTRY_COMPANY,gerant,corporate,certain,SP_0e9bd5553a2daabae849
PERSON_HAMROUNI_MOUNA,CO_AL_ASEEL,gerant,corporate,certain,SP_a91fd123c94d8fdf236a
PERSON_HAMAMI_SABER,CO_ELECTICOM,gerant,corporate,certain,SP_036c7a00833d9bac904d
PERSON_AYED_NABIL,CO_SIPAH,gerant,corporate,certain,SP_7233ea4ffe794d7db761
PERSON_BENSEDRINE_MOHAMED,CO_TUNISIAN_INVESTMENT_AND_TRADING_COMPANY,gerant,corporate,certain,SP_438722777070d2be6cbd
PERSON_MHIRI_ALI,CO_CHIMIQUE_ALKIMIA,pdg,corporate,certain,SP_b333c42f8f1ba52bef4a
PERSON_CHEKIR_MOHAMED_ALI,CO_ALPHA_BUS_TUNISIE,president_ca,corporate,certain,SP_72349943d6d5c948d9fd
PERSON_SASI_ABDELAZIZ,CO_TOURISTIQUE_HOTELIERE_EL_HAMMAM,pdg,corporate,probable,SP_b79cdeabed3b65d841b7
PERSON_SASI_MOHAMED_MARWEN,CO_SOFT_COLLECTE,gerant,corporate,certain,SP_3332aa4654c24eaf1535
PERSON_HAMAMI_MOHAMED_RAMZI,CO_SANSONE_TUNISIE,gerant,corporate,certain,SP_9a98f48685d290722a5f
PERSON_ABDENADHER_WIRATH_FEKIH,CO_LOTFI_ABDENNADHER,gerant,corporate,certain,SP_85df8771fff61d3fc5b7
PERSON_JAZIRI_SAMI,CO_JATEX_GROUP,gerant,corporate,certain,SP_1ba1374bea285bc6db16
PERSON_BLANGI_FAOUZI,CO_EAUX_TUNISIE_SET,gerant,corporate,certain,SP_76a49a083ca3af3f1fbd
PERSON_ZOUARI_KHALIL,CO_TUNISHOES,gerant,corporate,certain,SP_0ccb38208c3132163494
PERSON_HAMROUNI_MOURAD,CO_CAPITOL_ACADEMY,gerant,corporate,certain,SP_9777ee73b8bf53c73eeb
PERSON_KILANI_MOHAMED,CO_CAMAR_LOGISTIC,gerant,corporate,certain,SP_e8b3b015358c12d099a6
PERSON_ZOUARI_WIEM,CO_ASPIS_PRODUCTION,gerant,corporate,certain,SP_9eb0ebfbca5d091aef0f
PERSON_KAMOUN_HEDI,CO_SOCOMATEX,gerant,corporate,certain,SP_cba37d8a0398f394a699
PERSON_ZOUARI_ANIS,CO_BEST_REPRESENTATION,gerant,corporate,certain,SP_e522801f009e004e8d5a
PERSON_HAMAMI_MOHAMED_ALI,CO_MEGA_MEDIA,gerant,corporate,certain,SP_a5eecb1b13077e15eebb
PERSON_ASAL_ABDELAZIZ,CO_FRANCE_MAGHREB_DISTRIBUTION,gerant,corporate,certain,SP_c2ffcfa7c72b88241415
PERSON_CHAABANE_MUSTAPHA_BENFAOUZI,CO_PAPATERIES_NORD,gerant,corporate,certain,SP_04370b16b27548ffc391
PERSON_FRIKHA_MOHAMED,CO_MAXULA_DISTRIBUTION,dga,corporate,certain,SP_35d79672e0f2b73ddf00
PERSON_HEDON_JEAN_LOUP,CO_ALSTOM_TRANSPORT,representant,corporate,certain,SP_147b12b6d89e28eee73d
PERSON_ELOUMI_SAMI,CO_ELLOUMI_CONSULTING_COMPANY,gerant,corporate,certain,SP_547172be5b15f8484132
PERSON_SELAMI_KAIS,CO_DISCOVERY_INFORMATIQUE,dg,corporate,certain,SP_e88f5c8dddb3e5bf8791
PERSON_BAZARBACHA_ALI,CO_DISCOVERY_INFORMATIQUE,dga,corporate,certain,SP_4a15106b2d1ecf3c8a80
PERSON_RIAHI_MOHAMED,CO_SQUALT_MARINE_INTERNATIONAL,gerant,corporate,certain,SP_470dee6d88b60ecf0b26
PERSON_HAMROUNI_MEHDI,CO_IMMOBILIERE_GREEN_STONE,gerant,corporate,certain,SP_e2b8f1b24c29d63a016a
PERSON_TRIKI_MAHER,CO_FATH_GROS,gerant,corporate,certain,SP_6a316bad8d5db3636fdc
PERSON_BOUJBEL_SAID,CO_AS_DISTRIBUTION,administrateur,corporate,certain,SP_738e51f51e5ff6463bb2
PERSON_BENYEDER_KARIM,CO_AMEN_BANK,unspecified,corporate,certain,SP_02c9cec150467cb069ec
PERSON_RIAHI_MEHREZ,CO_AMEN_BANK,unspecified,corporate,certain,SP_610f9e0981c366c42394
PERSON_CHERPION_FRANCOIS,CO_CIMENTS_DENFIDHA,administrateur,corporate,certain,SP_93fdc23f0690b29e5c91
PERSON_CHERPION_FRANCOIS,CO_CIMENTS_DENFIDHA,president_ca,corporate,certain,SP_f14a3290b604a6212c8a
PERSON_HAMAMI_MOHAMED_ANIS,CO_INNOVATION_AND_CONSULTING_IN_ENGINEERING,pdg,corporate,certain,SP_486f02c9ef34740851d9
PERSON_BENAYED_NOUREDINE,CO_BATIMENT,pdg,corporate,certain,SP_2427651aaea9da0bc3ad
PERSON_ATIA_FATOUMA,CO_ENFITEX,gerant,corporate,certain,SP_7eed7a12d431f50571a0
PERSON_BOURICHA_MEHDI,CO_NOVAPLAS,cogerant,corporate,certain,SP_2fad7b2a3fb369a3178b
PERSON_FAJARI_NASAMET,CO_DIMPORT_EXPORT_TOUS_PRODUITS_ITALIEN,gerant,corporate,certain,SP_4fc2adec2a9c3a1d175f
PERSON_CHABCHOUB_AHMED,CO_ESSEYAHA,dg,corporate,certain,SP_c0e9d3a16bf8683615c1
PERSON_CHABCHOUB_AFIFA,CO_ESSEYAHA,administrateur,corporate,probable,SP_a1b00d1a40178162e1a4
PERSON_CHABCHOUB_AFIFA,CO_RETEL,administrateur,corporate,probable,SP_e8c17afb16f84398e351
PERSON_CHABCHOUB_MOHAMED,CO_HAYATCOM_TUNISIE,unspecified,corporate,probable,SP_b80e0f9776e2bfbf43bf
PERSON_CHABCHOUB_AHMED,CO_HAYATCOM_TUNISIE,administrateur,corporate,certain,SP_c414a2c3f259998d460c
PERSON_BOUALI_HOUCEM_EDINE,CO_ANDALOUCIA,association_president,corporate,certain,SP_b13f52151798123c6fe4
PERSON_KHALFALAH_WAEL,CO_BEST_BROTHERS_SHOES,gerant,corporate,certain,SP_405e32a20ef6ebfe9661
PERSON_ABDENADHER_AMEUR,CO_CBS,gerant,corporate,probable,SP_9eef0ad8f94309ff2cbf
PERSON_HAMAMI_ADEL,CO_COTUB_PVC,gerant,corporate,certain,SP_f32c327ee31030ae7c80
PERSON_KAANICHE_MOHAMED,CO_BANQUE_TUNISIENNE_SOLIDARITE,administrateur,corporate,certain,SP_1f3abaed1c17d7d8e297
PERSON_BELGUITH_MOHAMED,CO_GENERALE_DISTRIBUTION,gerant,corporate,certain,SP_eef3af7414cd8ecd02c5
PERSON_BENAYED_MOHAMED_HEDI,CO_IMYCO,gerant,corporate,certain,SP_b6a61dc404dca1350de2
PERSON_ELOUMI_SAMIR,CO_MEGA_TEXTILE,gerant,corporate,certain,SP_8fbe9dbb37631dad823f
PERSON_CHARVET_DIDIER,CO_ORANGE_TUNISIE_INTERNET,dg,corporate,certain,SP_87614becce2997961202
PERSON_GUIRAT_MONCEF,CO_MACOFLEX,administrateur,corporate,probable,SP_8e25218776d2338986c6
PERSON_BENAYED_DHOUHA_ELOUMI,CO_STYLE_AMEUBLEMENT_JARDIN,gerant,corporate,certain,SP_aef49239f3fb58d9caa1
PERSON_ELWAHCHI_NADER,CO_FRANCE_TUNISIA,cogerant,corporate,certain,SP_65a60d3e6235b8372fbf
PERSON_NEVEU_JEROME_JEAN_CLAUDE,CO_FRANCE_TUNISIA,cogerant,corporate,certain,SP_e0a8d0b15b5b9304722e
PERSON_SELAMI_MONCEF,CO_PHARMAVIE,gerant,corporate,certain,SP_15113aa7bf2689ecc00d
PERSON_SLAMA_SASI,CO_COMPTOIR_FACONNIERS_LHABILLEMENT,gerant,corporate,certain,SP_6c93c308d48dae6ba183
PERSON_CHABEH_HASNA,CO_SPAZIO_ITALIA,gerant,corporate,certain,SP_0a46596e91699f42a0f0
PERSON_SAHRAOUI_MOHAMED,CO_SOTUDEX,administrateur,corporate,certain,SP_80f8d404194de21edced
PERSON_HAMROUNI_HANEN,CO_AVISSOIN,gerant,corporate,probable,SP_7197e72b94981cbebec4
PERSON_MABROUK_ABDELWAHEB,CO_SMAI,gerant,corporate,certain,SP_ab0024904045ae331a93
PERSON_KHARBOUCH_AHMED,ORG_ASSOCIATION_TUNISO_ALLEMANDE_POUR_DEVELOPPEMENT_CULTURE,secretaire_general,corporate,certain,SP_b4e19f9f984f3b28dd2b
PERSON_ZRELI_AMOR,ORG_ASSOCIATION_TUNISO_ALLEMANDE_POUR_DEVELOPPEMENT_CULTURE,treasurer,corporate,certain,SP_5067540d9451cbeef378
PERSON_ZAGHDOUD_MEKI,CO_SUD_SERVICES_DISTRIBUTION_PETROLES,gerant,corporate,certain,SP_6ae21ddf6aa693c5bf27
PERSON_TRIKI_MOHAMED_ANIS,CO_SMART_PACK,gerant,corporate,certain,SP_d009d9cf9d12dd66dfe0
PERSON_BOURICHA_NACEUR,CO_HOTELIERE_TOURISTIQUE_KHAYAM_GARDEN,dga,corporate,certain,SP_c7855d355b9e4c4126f6
PERSON_ZOUARI_HAFEDH,CO_TUNISIENNE_DISTRIBUTION_SOTUDIS,administrateur,corporate,probable,SP_5b6b5f2534331b31724f
PERSON_ROUVIERE_OLIVIER,CO_SAGEMCOM_TUNISIE,gerant,corporate,certain,SP_9eed519dc999e84488f2
PERSON_ROUVIERE_OLIVIER,CO_SAGEMCOM_SERVICES_TUNISIE,gerant,corporate,certain,SP_b0f90974c10452e6641e
PERSON_CHAABANE_KAMEL,CO_ELECTRO_CHAABENE_GSM,gerant,corporate,certain,SP_827664e03fe9a7ac841c
PERSON_MHIRI_MOHAMED_SALAH,CO_AGROMED,president_ca,corporate,certain,SP_91974332ebcd35b0cfa6
PERSON_CHARFI_IMEN,CO_AGROMED,dg,corporate,certain,SP_7ca0a1f273cdc81a2f8e
PERSON_ZERZERI_MEHDI,CO_EUROMAG,unspecified,corporate,certain,SP_430eb882d76ff4638b90
PERSON_GUIRAT_MONCEF,CO_MACOFLEX,pdg,corporate,probable,SP_b7662f7f4ab1d3a255a9
PERSON_BOURICHA_MOHAMED_HEDI,CO_INDUSTRIELLE_COMMERCIALE_EQUIPEMENTS_MARITIMES_SOICEM,unspecified,corporate,certain,SP_15fa3fd0551d52ba3a4a
PERSON_SKHIRI_MOHAMED,CO_TIBA_VOYAGES,gerant,corporate,certain,SP_58c598c884a94017b859
PERSON_FAKHFAKH_KHALED,CO_IEG_TUNISIA_CORPORATE_ADVISORY,gerant,corporate,certain,SP_a3f7d187648cde0f1b7c
PERSON_AMAR_MOHAMED,CO_COSMELUX,cogerant,corporate,certain,SP_1bb6ede7055547ff3c64
PERSON_LEITE_GONCALO_SALAZAR,CO_CIMENTS_GABES_SCG,administrateur,corporate,certain,SP_36b9ce010a3df64d512e
PERSON_MARZOUKI_ZIED,CO_FRIGOMEN,pdg,corporate,certain,SP_ea6f302c32a422f99200
PERSON_FAKHFAKH_KHALED,CO_IEG_NORTH_AFRICA_CORPORATE_ADVISORY,gerant,corporate,certain,SP_8650491bd881d09c3d0e
PERSON_CHAABANE_SAMI,CO_ABRI_DESIGN,gerant,corporate,certain,SP_100a4835985ca5eb2b37
PERSON_SASI_FAYCEL,CO_COCONUT_ISLAND,gerant,corporate,certain,SP_d8afe0a23345a5f25ad3
PERSON_HMIMED_MOHAMED_ALI,CO_STARLETTE_II,gerant,corporate,certain,SP_69281386a3909fe49d50
PERSON_HAMAMI_HATEM,CO_HAMMAMI_MOBILITY_CARE,gerant,corporate,certain,SP_a367fb5f29292fbad256
PERSON_CHAIBI_NABIL,ORGMENTION_SOCIETE DISTRICOM,administrateur,corporate,probable,SP_9239427a5fb128518797
PERSON_KAROUI_MOHAMED_CHERIF,ORGMENTION_SOCIETE DISTRICOM,administrateur,corporate,probable,SP_9c11bde99298b21e2eb5
PERSON_BILIK_MABROUK,CO_IRRI_SYSTEMES,gerant,corporate,certain,SP_928c825c1de72b4c82bb
PERSON_BETAIEB_MOHAMED_SALAH,CO_LIVRE,gerant,corporate,certain,SP_595bab9553f51ca4fa13
PERSON_ZERELI_MOHSEN,CO_COMPAGNIE_PROMOTION_IMMOBILIERE_TOURISTIQUE_COPIT,president_ca,corporate,certain,SP_e57035d2291e91438aed
PERSON_ZERELI_MOHSEN,CO_COMPAGNIE_PROMOTION_IMMOBILIERE_TOURISTIQUE_COPIT,dg,corporate,probable,SP_056de81495af5395381a
PERSON_LOUKIL_BASEM,CO_MEDITERRANEAN_COMMUNICTIONS_COMPANY,pdg,corporate,probable,SP_137f80edb2ef9d494b20
PERSON_LOUKIL_WALID,CO_MEDITERRANEAN_COMMUNICTIONS_COMPANY,dga,corporate,probable,SP_54c0bff60c4de06fa5d2
PERSON_GARALI_MOUNIR,CO_PLASTIMED,associe,corporate,probable,SP_f92833d86e0f124f737d
PERSON_CHARFEDINE_IMEDEDINE,CO_PEC_AUTOMOTIVE_COMPOSANTS_PEC,dg,corporate,certain,SP_e4acef73daa200a39f44
PERSON_BOUATAY_ELYES,CO_FARAH_TEX,gerant,corporate,certain,SP_ba27f8a9eb4effb8b245
PERSON_BENAHMED_GHAZI,CO_CLUB_TUNIS,gerant,corporate,certain,SP_1500fb4a0c0045e741ff
PERSON_CHABCHOUB_MOHAMED,CO_TAWASOL_GROUP_HOLDING,commissaire_aux_comptes,corporate,certain,SP_44e240c2026062fe5406
PERSON_CHABCHOUB_MOHAMED_AMIN,CO_TAWASOL_GROUP_HOLDING,commissaire_aux_comptes,corporate,certain,SP_3c472b38a8ed65c0ca4b
PERSON_CHABCHOUB_AHMED,CO_TAWASOL_GROUP_HOLDING,commissaire_aux_comptes,corporate,certain,SP_bebb953e8bbcc3ae79e4
PERSON_CHABCHOUB_MOHAMED,CO_TAWASOL_GROUP_HOLDING,president_ca,corporate,certain,SP_ceff288c5928e31577e0
PERSON_CHABCHOUB_MOHAMED_AMIN,CO_TAWASOL_GROUP_HOLDING,dg,corporate,certain,SP_1f45670568d50f7934cd
PERSON_BOUDOUKHANE_LASAAD,CO_BODO_BETON,gerant,corporate,certain,SP_b17e0fe3821b73c7fa2c
PERSON_AMAR_MOHAMED,CO_NADA_COMMERCE,gerant,corporate,certain,SP_06b743ff3fa0153b6974
PERSON_ABDELMALEK_BAHA_BARSOUM,CO_S_S_AMERICAN_BUSINESS_GOLD_AND_DIAMAND,gerant,corporate,certain,SP_23941ac47e2dca9e1e3f
PERSON_HAMAMI_WALID_BENMOHAMED_HEDI,CO_MARINE_SECURITY_AND_SAFETY_SERVICES,gerant,corporate,certain,SP_f5bb7fe7052a9a94d047
PERSON_KHMAKHEM_ABDESATAR,CO_UNIVERSAL_GOMME,associe,corporate,certain,SP_4405846ef830e9dcd985
PERSON_KARAOULI_HABIB,CO_CAPSA_CAPITAL_PARTNERS,administrateur,corporate,certain,SP_abd03629e21934dd9f65
PERSON_KARAOULI_HABIB,CO_CAPSA_CAPITAL_PARTNERS,president_ca,corporate,certain,SP_8bf11a1e009c816856dd
PERSON_HAMAMI_MOHAMED_TAHER,CO_HAMTEL,gerant,corporate,certain,SP_537e99f9cf97f26853d6
PERSON_BETAIEB_MOHAMED_NEJIB,CO_INTER_MEUBLE,gerant,corporate,certain,SP_c999a842ea2914ab405e
PERSON_ELANABI_WALID,CO_HYGIENE_SANTE,gerant,corporate,certain,SP_3145cd22e568f3814815
PERSON_ATIG_MAAOUIA_BENALAYA,CO_MAKOS,gerant,corporate,certain,SP_d1df287df17c62477fae
PERSON_MAHJOUB_MOHAMED,CO_EDITIONS_DISCOURS_DECISIF,gerant,corporate,certain,SP_5aa4c97fc9e8affaa5fc
PERSON_ZOUARI_AMEUR,CO_ZOUARI_FRERES_3Z,gerant,corporate,certain,SP_5fc1ed6c52f585854e2b
PERSON_ABDENADHER_NIDHAL,CO_2A,gerant,corporate,certain,SP_5779481dc2b9fb44bd9b
PERSON_HAMAMI_MAHA,CO_MAHA_ART,gerant,corporate,certain,SP_d8739920d0e810b53062
PERSON_BAYOUDH_FETHI,CO_IDEAL_BRIQUE,unspecified,corporate,probable,SP_1c3dc132fef02c7c064d
PERSON_SLAMA_MONDHER,CO_HAFEDH,gerant,corporate,certain,SP_b51c366b9d430a50c04c
PERSON_ESID_MOHAMED_ABOUTABEL,CO_BAWABAT_IFRIKIA,cogerant,corporate,certain,SP_7ce16bda651718656cd0
PERSON_TRABELSI_MOHAMED,CO_AB_FINANCES_CONSULTING,gerant,corporate,certain,SP_60136789206ec63bc8db
PERSON_NEBLI_MUSTAPHA_KAMEL,CO_NORTH_AFRICA_BUREAU_OF_ECONOMIC_STUDIES,gerant,corporate,certain,SP_beb92fe4037589f9d173
PERSON_HAMAMI_KAIS,CO_AGRICO_PLAST,gerant,corporate,certain,SP_25b4003974001db2c5a7
PERSON_CHABEH_HASNA,CO_SPAZIO_ITALIANO,gerant,corporate,certain,SP_fb0cee5dd1373f74aef8
PERSON_HAMAMI_FATMA,CO_GENERALE_SABLAGE,gerant,corporate,certain,SP_fd38bfe1a8aeec73b709
PERSON_HAMAMI_ALI,CO_2_M,gerant,corporate,certain,SP_30df9cc4d95683c94ca1
PERSON_HAMAMI_SLIM,CO_DEVTECH,gerant,corporate,certain,SP_af347b83487a3ade369f
PERSON_SLAMA_CHIHEBEDINE,CO_PRINT_PRO,administrateur,corporate,certain,SP_5f0dcee9abdd0e365d64
PERSON_SLAMA_GHASEN,CO_PRINT_PRO,administrateur,corporate,certain,SP_7bbbb75d7087a5a154f4
PERSON_SLAMA_CHIHEBEDINE,CO_PRINT_PRO,president_ca,corporate,certain,SP_f2b94f193ba5e997fca0
PERSON_ZGHIDI_ADNENE,CO_INTER_FER_FORGE,commissaire_aux_comptes,corporate,probable,SP_3e60518aad252f64c416
PERSON_DEBACHE_IBRAHIM,CO_TRUCKS_GROS,gerant,corporate,certain,SP_176648248ca70b8d88a4
PERSON_SELAMI_NAWEL_GARGOURI,CO_WAFTECH,gerant,corporate,certain,SP_529631a8a2a2092786c4
PERSON_JAAFOURA_FETHEDINE,CO_DECORA_ITALIA,gerant,corporate,certain,SP_0644b5393346616e25a0
PERSON_KAMOUN_AFIF_REBAI,CO_BATIMENT_AMENAGEMENT_FINITIONS,gerant,corporate,certain,SP_0978b4d02c8184a8f341
PERSON_KAMOUN_BILEL_REBAI,CO_BATIMENT_AMENAGEMENT_FINITIONS,cogerant,corporate,certain,SP_acdeaa631294d54f86d1
PERSON_KHALDI_ANIS,CO_KHALDI_DENTREPOSAGE_DISTRIBUTION,gerant,corporate,certain,SP_5a68258fe5afc6a39900
PERSON_ZOUARI_ALAIN,CO_AZO_CONFECTION,gerant,corporate,certain,SP_ed871ebcc3c5c0132f2e
PERSON_CHAABANE_FOUED,CO_SECURITE_SANTE_TUNISIE,gerant,corporate,certain,SP_ff7c23ab7b87fb0e803d
PERSON_JRIBI_GHAZI,CO_GENERALE_PIECES_RECHANGE,gerant,corporate,certain,SP_1a4251c9af7db3119a0d
PERSON_HAMROUNI_RAFIK,CO_FTINA,gerant,corporate,certain,SP_a1fde5b54b3cfb326805
PERSON_HAMAMI_MAHMOUD,CO_FABRICATION_OUTILLAGE_MAINTENANCE_SOUS_TRAITANCE,cogerant,corporate,certain,SP_4300dc5c73c06b8d2d5c
PERSON_BOUAOUAJA_MAHA_BOUSORA,CO_AZ_TEXTILE,gerant,corporate,certain,SP_6559bee04ea318a038a4
PERSON_MABROUK_AHMED,CO_AHMED_MABROUK,unspecified,corporate,certain,SP_c241d61cdb00de4be60c
PERSON_OUERTATANI_AMEL,CO_YSOLUTIONS,gerant,corporate,certain,SP_05ae027575e5833c8ec5
PERSON_MABROUK_KHALIL,CO_GIANPIER_KHALIL_EL_BARAKA,gerant,corporate,certain,SP_ce351253e8a4aced1870
PERSON_BOUAOUAJA_MAHA_BOUSORA,CO_TEXMED_COM,gerant,corporate,certain,SP_d7ac44cecff618667359
PERSON_LOUKIL_MOHAMED,CO_MED_LOUKIL_CIE,president_ca,corporate,probable,SP_0df056a7a4e672c5c77e
PERSON_LOUKIL_BASEM,CO_MED_LOUKIL_CIE,dg,corporate,probable,SP_cc3c19c849ba31564d6a
PERSON_LOUKIL_WALID,CO_MED_LOUKIL_CIE,dga,corporate,probable,SP_f24f82550c99d54ed454
PERSON_MABROUK_ANIS,CO_INNOVA_MEUBLE,gerant,corporate,certain,SP_1bd91a14aa1dcbf813be
PERSON_HAMROUNI_ABDELKADER,CO_COMPTOIR_METAL_COMETAL,gerant,corporate,certain,SP_3720d49585e8228d7a46
PERSON_BOUAOUAJA_MAHA_BOUSORA,CO_HOME_TEXTILE_FACTORY,gerant,corporate,certain,SP_00c4103335921195bc06
PERSON_AMIRA_YASINE,CO_LIBYENNE_ALLEMANDE_RESTAURATION_LOISIRS,gerant,corporate,certain,SP_4d02f1645be3209dfc68
PERSON_DRIS_FAOUZIA_MHENI,CO_FAIZA_HOLDING,pdg,corporate,certain,SP_a49272227978a9791947
PERSON_HAMAMI_SOFIEN,CO_MAHMOUD_CONDITIONNEMENT_SMC,gerant,corporate,certain,SP_9d61f22cb0810269d6d4
PERSON_BENKHEDER_INES,CO_MEDI_SCIENCE,administrateur,corporate,certain,SP_eb1c8ced337098c49b8c
PERSON_ZOUARI_SOFIEN,CO_HARMONIE,gerant,corporate,certain,SP_7bd73277587bd0f73a56
PERSON_CHAABANE_NAJD,CO_SITEQ,gerant,corporate,certain,SP_3b79112e93e71580c5e2
PERSON_BENSALEM_KORAICH,CO_BS_INVEST_HOLDING,pdg,corporate,probable,SP_b0db34bbb74ccaee687e
PERSON_KAROUI_HAMED,CO_TOURISTIQUE_TOUR_KHALEF,administrateur,corporate,probable,SP_61a3f4ba11780644dcac
PERSON_DRIS_BADRA,CO_TOURISTIQUE_TOUR_KHALEF,administrateur,corporate,probable,SP_f399e26bca75a852115d
PERSON_MENZLI_NIZAR,CO_PINHOLE,pdg,corporate,certain,SP_48b411723ac192bedfd1
PERSON_BENLAMINE_SAMI,CO_MARCFI_PRODUCT,gerant,corporate,certain,SP_ea7a1aa148c96e79c568
PERSON_CHEKIR_MOHAMED_ALI,CO_KARAMA_HOLDING,dga,corporate,certain,SP_1bf1c11193d8ab4e6220
PERSON_GHARBI_YOSRA,CO_GHARBI_AMERICAIN_IMPORT,gerant,corporate,certain,SP_ad81bd4cbc545d5de280
PERSON_SLAMA_NEDIA,CO_KING_DECOR,gerant,corporate,certain,SP_c8b834399aa0872e4941
PERSON_HACHICHA_SAMI,CO_EL_MANAR,administrateur,corporate,certain,SP_2ccddb750f814e99aca1
PERSON_CHAABOUNI_YAHIA,CO_EL_MANAR,commissaire_aux_comptes,corporate,certain,SP_95f609d536076ac7d2f3
PERSON_CHAABOUNI_YAHIA,CO_FINANCIERE_WIDED_SICAF,commissaire_aux_comptes,corporate,certain,SP_89db911990b4ec7a31da
PERSON_ZROUGA_MOHAMED,CO_IFRI_SOL,gerant,corporate,certain,SP_47bf5ed35331c577a584
PERSON_HAMAMI_KHALED,CO_HAMMAMI_KHALED_FILS,gerant,corporate,certain,SP_579af0601bfcf63e91d6
PERSON_KILANI_HASEN,CO_KILANI_TRAVEL_SERVICES,gerant,corporate,certain,SP_d857c3c2ee138457d1c3
PERSON_MAZOUJI_TAREK,CO_CREATEX_GROUP,gerant,corporate,certain,SP_95d8f0c5c69c9a9ff9fd
PERSON_CHAABANE_NOURI,"ORGMENTION_84, rue 8600 La Charguia 1 - Tunis",unspecified,corporate,certain,SP_3c5ecb30a99b2291bda4
PERSON_CHAABANE_NOURI,"ORGMENTION_84, rue 8600 La Charguia 1 - Tunis",pdg,corporate,certain,SP_99ee099f856b994a06a5
PERSON_KHROUF_SLIM,CO_KHROUF,commissaire_aux_comptes,corporate,certain,SP_0da7a3f3045ac5ee0228
PERSON_SASI_RACHID,CO_AMEN_EXPORT_SERVICES,gerant,corporate,certain,SP_b49f54b13f26ee28e30e
PERSON_CHERIF_MOHAMED,CO_GARAGE_ALLEMAND,gerant,corporate,certain,SP_8ee9b4e56b1785d2a1a4
PERSON_DRIS_MOEZ,CO_STUNAS_INTERNATIONAL,gerant,corporate,certain,SP_ac59eaf1653751a4f58d
PERSON_TRIKI_MEHDI,CO_EMBALLAGES_MARQUAGES,gerant,corporate,certain,SP_60f489a370702212663a
PERSON_BOUASIDA_ERWAN,CO_SOPIC_INDUSTRIE,gerant,corporate,certain,SP_62c75619aebcb3255562
PERSON_BENMESBAH_MOHAMED_LOTFI,CO_CLINIQUE_ESSALAMA_DIALYSE,gerant,corporate,certain,SP_a3fadba548b083006c06
PERSON_BENAISA_SAHBI,CO_TUNISIENNE_BISCOTTES_SOBISCO,administrateur,corporate,certain,SP_2c80dd642f3336e5e850
PERSON_BENAISA_SAHBI,CO_TUNISIENNE_BISCOTTES_SOBISCO,pdg,corporate,certain,SP_a68e08fa1161ccd89d29
PERSON_TRIKI_MOHAMED_RADHOUANE,CO_TRIKI,vice_president,corporate,certain,SP_16c560a7b9375ad0a29f
PERSON_BOUZGUENDA_AHMED,CO_TRIANON_PROMOTION_IMMOBILIERE,cogerant,corporate,certain,SP_0a9e6dfeb5c641cc1cc4
PERSON_HAMAMI_SALAH,CO_GENERAL_CONSTRUCTION_GETC,gerant,corporate,certain,SP_81137b917c8cc6e485d8
PERSON_CHAABANE_NOUR_INES,CO_NOURSAD,gerant,corporate,certain,SP_32c6e11816453352d07e
PERSON_KABOUDI_MOUFIDA,CO_JOLIESSE_STAR,gerant,corporate,certain,SP_4aada681cd8364103952
PERSON_MABROUK_WALID,CO_UNIVERS_CUISINES_SANITAIRE,gerant,corporate,certain,SP_4fadf963c8bfe2ecfa03
PERSON_HADJALAYA_FAYCEL_BEL,CO_COPROMED,gerant,corporate,certain,SP_425003e134bbdbab7929
PERSON_MEKSI_FETHI_ELKAIED,CO_TOUNSI_CONFECTION_TOUTEX,gerant,corporate,certain,SP_2cde57fac6eafe4809aa
PERSON_MABROUK_CHEDLIA,CO_RC_TEX,gerant,corporate,certain,SP_2951e014478418df9327
PERSON_LOUKIL_WALID,CO_AURES_AUTO,administrateur,corporate,probable,SP_e96a74ecbc56811a89d4
PERSON_HAMAMI_BECHIR,CO_CALIDAE,gerant,corporate,certain,SP_aeb8be76567fbff2181f
PERSON_FARES_BILEL,CO_FRANCE_ENERGIE,gerant,corporate,certain,SP_01655cffa3f4bc051dd6
PERSON_SELAMI_MONCEF,CO_ALLUX_INJECTION,commissaire_aux_comptes,corporate,certain,SP_11bf0bbfa1c3dd313f11
PERSON_ABAS_FERID,CO_TRANSBULK,pdg,corporate,certain,SP_d536cfb27548115857ea
PERSON_ABAS_HAMADI,CO_TRANSBULK,dga,corporate,certain,SP_7512c88d3319df3770c4
PERSON_MENJOUR_SLIM,CO_CONFEXPORT,gerant,corporate,certain,SP_1dded167ce1b56166394
PERSON_JABALAH_SOUROUR,CO_REV_MAN_INTERNATIONAL_GROUP,gerant,corporate,certain,SP_44b77a0545deef82b96f
PERSON_GHRAIRI_LOTFI,CO_SOTEB,gerant,corporate,certain,SP_3cb2698ee5cc55b43b9e
PERSON_MZABI_MZOUGHI,CO_MKY_HOLDING,pdg,corporate,certain,SP_9a11ac3f1514d96a9eab
PERSON_SLAMA_SIMON_GERARD,CO_PICCOLA_ITALIA,gerant,corporate,certain,SP_c46b98f8433d4d507a9f
PERSON_LEITE_GONCALO_SALAZAR,CO_CIMENTS_GABES_SCG,association_president,corporate,certain,SP_89a8ac305b48de363a56
PERSON_HAJI_FAYCEL,CO_ARCHIPEL_CONFECTION,cogerant,corporate,certain,SP_eeef67b6434d4266f478
PERSON_MILED_KARIM,CO_NOUVELAIR,pdg,corporate,certain,SP_10a72d53c1d9af34cd01
PERSON_OLIVIER_DIDIER,CO_GENERALE,administrateur,corporate,certain,SP_65e9a777d71c7d2af41c
PERSON_LAKHOUA_RIM,CO_UNIVERS_PARTICIPATIONS_SICAF,pdg,corporate,certain,SP_fe1a168a973afb2db4e0
PERSON_SASI_RACHID,CO_HORIZON_EXPORT_SERVICES_SOHEX,gerant,corporate,certain,SP_636fb3f2a625df5c53f4
PERSON_SLAMA_MAHER,CO_VELONCIA_NETWORDK_AND_SERVICES,gerant,corporate,certain,SP_167212a63c0bdf0a694b
PERSON_HAMAMI_MUSTAPHA,CO_PAST_PIZZA,gerant,corporate,certain,SP_fb9453c8e3480d0ed72a
PERSON_CHIBA_NAJI,CO_ROI_DENIM,gerant,corporate,certain,SP_b99cc9bd9e9f02d09389
PERSON_MILED_KARIM,CO_TUNISIENNE_TRANSPORTS_SERVICES_TRAVAUX_AERIENS_TUNISAVIA,association_president,corporate,certain,SP_65de62700d4c4b500f8f
PERSON_BOUCHAMAOUI_AMEL,CO_AUTOMOBILE_INVESTMENT_COMPANY,commissaire_aux_comptes,corporate,certain,SP_44af8e4fc31612eccbd9
PERSON_CHABCHOUB_AMIN,CO_AUTOMOBILE_INVESTMENT_COMPANY,commissaire_aux_comptes,corporate,certain,SP_28aa5adab082a8676600
PERSON_BOUCHAMAOUI_KHALED,CO_AUTOMOBILE_INVESTMENT_COMPANY,commissaire_aux_comptes,corporate,certain,SP_024125d6fad975543f28
PERSON_BOUCHAMAOUI_TAREK,CO_AUTOMOBILE_INVESTMENT_COMPANY,commissaire_aux_comptes,corporate,certain,SP_e8b05ddd6efee77f62a1
PERSON_BOUCHAMAOUI_WIDED,CO_AUTOMOBILE_INVESTMENT_COMPANY,commissaire_aux_comptes,corporate,certain,SP_67130f5d9a6d8dc1deed
PERSON_BOUCHAMAOUI_ZIED,CO_AUTOMOBILE_INVESTMENT_COMPANY,commissaire_aux_comptes,corporate,certain,SP_24b35564c2d9866896a8
PERSON_BOUCHAMAOUI_AMEL,CO_AUTOMOBILE_INVESTMENT_COMPANY,president_ca,corporate,certain,SP_d6020c83b3854a95b2fc
PERSON_SAIED_FIRAS,CO_AUTOMOBILE_INVESTMENT_COMPANY,dg,corporate,certain,SP_c0b109ba3e2fc95b04e9
PERSON_SAIED_FIRAS,CO_TUNISIAN_INVESTMENT_CARS,gerant,corporate,certain,SP_e291d4404ca1c54df703
PERSON_SELAMI_MONCEF,CO_ARMATECH,commissaire_aux_comptes,corporate,certain,SP_4f287a9a0bf50ba1ebb9
PERSON_TRIKI_AFIF,CO_EL_WALID_CONSERVATION_RESTAURATION_RELIURE,gerant,corporate,certain,SP_6410614cfd2291c0eafa
PERSON_KAMOUN_ADLEN,CO_ELIUM,gerant,corporate,certain,SP_60fc015d59cc4efabb05
PERSON_KAMOUN_FAYCEL,CO_CFK_INTERNATIONAL,gerant,corporate,certain,SP_a91ca8a89c8b54eb8325
PERSON_ZOUARI_SAMIR,CO_ALTO_LUSSO,gerant,corporate,certain,SP_861447702becf378fbe1
PERSON_BAYOUDH_HAMED,CO_METALLURGIQUE_CENTRE_SMC,pdg,corporate,certain,SP_39e486966ffd4d559d1c
PERSON_BACOUCHE_HANENE,CO_INDUSTRIELLE_COLLES_PEINTURES_SICOP,gerant,corporate,probable,SP_7bfd1cb0ac942a41d820
PERSON_ZAGHDOUD_MEKI,CO_ORGANISATION_CONGRES,gerant,corporate,certain,SP_8a16395c80f36b20bcfe
PERSON_ABID_OMAR,CO_AMI_COMMERCIALE,administrateur,corporate,certain,SP_9c4c79e87f217c56e59e
PERSON_SELAMI_KARIM,CO_ONE_TECH_MOBILE,president_ca,corporate,certain,SP_004956f5ef75f23c1187
PERSON_FERCHIOU_SLIM,CO_ONE_TECH_MOBILE,dg,corporate,certain,SP_1e25663a5fdd7afdc240
PERSON_HACHICHA_RIDHA,CO_IMES,gerant,corporate,certain,SP_af103d8bbc121a40e7d2
PERSON_KAMOUN_MOHAMED,CO_ZARKA_EL_YAMAMA,gerant,corporate,certain,SP_260fee57d64032dcdcba
PERSON_ARMANDO_MILIOTI,CO_INTERNATIONAL_TRADING_ITALY,gerant,corporate,certain,SP_b2f61837c6d3fff5cd13
PERSON_DRIS_SLIM,CO_MEC,cogerant,corporate,certain,SP_36662f4cd1e42c630eba
PERSON_AREM_MOHAMED_WALID,CO_CHIC,cogerant,corporate,certain,SP_66970a757fa8b1c10c92
PERSON_BOURICHA_HABIB,CO_TANDEM_INTERNATIONAL,gerant,corporate,certain,SP_05ffbb75a941f5749c60
PERSON_SMIDA_NOUHA_MABROUK,CO_MIRAL_INVESTMENTS,gerant,corporate,certain,SP_5654dd91b0c1bc1c9a0a
PERSON_KOOLI_MOHAMED,CO_RAYEN_FOOD_INDUSTRIES,unspecified,corporate,probable,SP_e9b3304880300874083b
PERSON_KOOLI_MOHAMED,CO_RAYEN_FOOD_INDUSTRIES,president_ca,corporate,probable,SP_461a23bd334b0779ee5d
PERSON_HAMAMI_KHEDIJA_MZOUGHI,CO_GREEN_POWER_EQUIPEMENT,gerant,corporate,certain,SP_724d617f035150ae7116
PERSON_LAZAAR_KAMEL,CO_CAPITAL_CLUB_TUNISIE,president_ca,corporate,certain,SP_6ff3224dd62af1632462
PERSON_SASI_HICHEM,CO_SIBHON,pdg,corporate,certain,SP_6f811c1d49f37ba9be6e
PERSON_ZOUARI_MOHAMED,CO_AGET,gerant,corporate,certain,SP_0d12c778c4a00aa6a4ba
PERSON_AMOUS_MOHAMED,CO_LACALU,president_ca,corporate,certain,SP_5fd3c8306919d31440b3
PERSON_DERBEL_HICHEM,CO_LACALU,dg,corporate,certain,SP_da3ab100dca9c83a5643
PERSON_JOMAA_MOHAMED,CO_INDUSTRIELLE_HYDRO_MECANIQUE_HYDROMECA_SYSTEMS,gerant,corporate,certain,SP_d6396e2dacc798df11a4
PERSON_DAOUED_MOHAMED_MABROUK,CO_TUNISIA_SCAPI,gerant,corporate,certain,SP_f33883151edd9c1ba0df
PERSON_KILANI_MOHAMED_AFIF,CO_EMBALL_INDUSTRIE,gerant,corporate,certain,SP_dbdbd56e88446adb3e9c
PERSON_ABDELKEFI_FATMA_KAMOUN,CO_GENIUS_ACADEMY,gerant,corporate,certain,SP_f10b619975395dbaaec6
PERSON_ELOUMI_MOHAMED_AZIZ,CO_CONSULTING_PLUS,gerant,corporate,certain,SP_6bf6c74f43bb757393d9
PERSON_MUSLAT_ABDELAZIZ,CO_AMERICAN_INTERNATIONAL_INVESTMENT_GROUP,gerant,corporate,certain,SP_443dbc5cb274f78aa733
PERSON_BAROUNI_FADHEL,CO_AMERICAN_INTERNATIONAL_INVESTMENT_GROUP,gerant,corporate,certain,SP_a11da73fa45804251af6
PERSON_TRABELSI_NAHAD,CO_TUN_ITALY,gerant,corporate,certain,SP_18329e57de2132d33bc5
PERSON_BOUSAA_HAMZA,CO_PROMOTION_IMMOBILIERE_EL_MADINA,pdg,corporate,certain,SP_090189d931a8460acd0f
PERSON_TRABELSI_MOHAMED,CO_CHAABANE_COMMERCE_INTERNATIONAL,liquidateur,corporate,certain,SP_266998f029f34724020e
PERSON_HORMANSEDER_WILHELM,CO_TEC_MMP,associe,corporate,certain,SP_6d6ad9194383f317047d
PERSON_ABES_MOHAMED_AZIZ,CO_SFAX_ROULEMENT,cogerant,corporate,certain,SP_535340e1f2e1e4530883
PERSON_ZAABI_AMENI,CO_STAR_CONFECTION,gerant,corporate,certain,SP_fedbbc7598cdba8c8420
PERSON_DEBABI_HABIB,CO_HAVAS_TUNISIE,president_ca,corporate,certain,SP_5523c72fb4f480202384
PERSON_BENSEDRINE_MOHAMED_AMIN,CO_AMINOV,gerant,corporate,certain,SP_6a35753303b3041638dd
PERSON_KAMOUN_BILEL,CO_OGEC_EQUIPMENTS_SUPPLY,gerant,corporate,certain,SP_512d71e2946b410bc012
PERSON_HAMROUNI_ISAME,CO_MACOCAP,gerant,corporate,certain,SP_b5ceb3e6293cfb2be602
PERSON_ELOUMI_AHMED,CO_NASR_NAVALE,commissaire_aux_comptes,corporate,certain,SP_4d116f8d5fdaf139dd70
PERSON_ABDENADHER_THAMEUR,CO_NASR_NAVALE,commissaire_aux_comptes,corporate,certain,SP_812a201811c526db4aa2
PERSON_HAMROUNI_ABDENACEUR,CO_HAMROUNI_COMMERCE_EN_GROS,gerant,corporate,certain,SP_ffdb8cb652dc2fa83a08
PERSON_BARBOUCHE_NOURA,CO_CILNIQUE_JUGURTHA,gerant,corporate,certain,SP_795e2cdd5f3fd1518d66
PERSON_BOUZOUITA_EZEDIN,ORG_AMERICAN_AFRICAN_UNION_AMAFU,association_president,corporate,certain,SP_a534c0de4964ea8d4f9b
PERSON_CHAABOUNI_KHALIFA,ORG_AMERICAN_AFRICAN_UNION_AMAFU,treasurer,corporate,certain,SP_4afa4bc4cbe540d6b269
PERSON_KRAIEM_BASAM,ORG_AMERICAN_AFRICAN_UNION_AMAFU,treasurer,corporate,certain,SP_a9d115f3b3b2fef8ad42
PERSON_DIMASI_IBRAHIM,ORG_AMERICAN_AFRICAN_UNION_AMAFU,secretaire_general,corporate,certain,SP_357318fbec6c6dc5d730
PERSON_GAZOUANI_AHMED,ORG_AMERICAN_AFRICAN_UNION_AMAFU,secretaire_general_adj,corporate,certain,SP_74f91ae1426b7f5d28b7
PERSON_SELAMI_NOUREDINE,CO_SELLAMI_COMMERCE_BRIQUES_EN_GROS,gerant,corporate,certain,SP_ae976129b0f5e62e03d9
PERSON_SASI_MOHAMED,CO_TOURISTIQUE,administrateur,corporate,certain,SP_7454cfaf0382802dfec3
PERSON_SASI_MOHAMED,CO_TOURISME_DEVELOPPEMENT_HOTEL_PYRAMIDES,administrateur,corporate,certain,SP_c565d1bc8b91d4094d39
PERSON_SASI_FOUED,CO_TOURISME_DEVELOPPEMENT_HOTEL_PYRAMIDES,pdg,corporate,certain,SP_2de312a548216e93bb68
PERSON_HAMAMI_MOUNIR,CO_ROUTES_CARTHAGE,gerant,corporate,certain,SP_4e705d65549bc10d492e
PERSON_BAYAHI_ASMA,CO_CINQ_CINQ_5_5,gerant,corporate,certain,SP_c90aed22768dfadf4825
PERSON_RIAHI_MOHAMED,CO_CAN_LIGNE_BLEUE,gerant,corporate,certain,SP_602f367d4eaa949fff61
PERSON_DAOUD_MOUNIR,CO_SPOSA_ITALIA,gerant,corporate,certain,SP_5a979e89d7fac540837d
PERSON_HAMROUNI_WASIM,CO_TUNISIE_MEUBLES,gerant,corporate,certain,SP_b91bebe5a4b760c24ee3
PERSON_BENAMOR_SAMI,CO_TUNISIA_POWER_SYSTEMS,gerant,corporate,certain,SP_2a19a65f3f7070fc0a66
PERSON_HAMAMI_MEHDI,CO_TUNISIA_BEAUTY_CENTER,gerant,corporate,certain,SP_d8cbc5eb099e54bbd707
PERSON_JENDOUBI_KAMEL,CO_TUNISIE_SICAR,pdg,corporate,certain,SP_181a7bb4d7fe6d8b0342
PERSON_MADSEN_SVEN_ERIK,CO_CIMENTS_JBEL_OUST,administrateur,corporate,certain,SP_ceb3db9d3df94ac7482e
PERSON_MADSEN_SVEN_ERIK,CO_CIMENTS_JBEL_OUST,president_ca,corporate,certain,SP_b902ca8b2416bfaff1c2
PERSON_ZOUARI_TAREK,CO_EXACIT_INTERNATIONAL,gerant,corporate,certain,SP_ceda2d352267b3030f5a
PERSON_DRIS_HICHEM,CO_IMMOBILIERE_SABLES_DOR,president_ca,corporate,certain,SP_cd0347d838b3a2525505
PERSON_ZOUARI_OLFA,CO_DAR_BEN_ABDALLAH,gerant,corporate,certain,SP_d9ab8ca2f4c4d17f9ae2
PERSON_TRIKI_SABER,CO_MODERNE_MOUSSE_SMM,gerant,corporate,certain,SP_5cb63210e4f9545620f9
PERSON_BOUGHAMOURA_SLIM,CO_FABRICATION_ARTICLES_PHARMACEUTIQUES_SOFAP,dg,corporate,certain,SP_afc8584ca9ea233c3022
PERSON_PASTRE_OLIVIER,CO_INTERNATIONAL_MAGHREB_MERCHANT_BANK,association_president,corporate,probable,SP_330bc47585e3e24e52d2
PERSON_BENBOUZID_FERID,CO_INTERNATIONAL_MAGHREB_MERCHANT_BANK,administrateur_delegue,corporate,certain,SP_9d04b24e0a2135b7f3a8
PERSON_HAJNACER_ABDERAHMAN_ROUSTOUMI,CO_INTERNATIONAL_MAGHREB_MERCHANT_BANK,administrateur_delegue,corporate,certain,SP_b618a15d7489de69f538
PERSON_JARAYA_SADOK,ORGMENTION_Société industrielle de meubles et tapisserie,gerant,corporate,certain,SP_989b3a7d587bf4411c7c
PERSON_GUEZAH_KHALED,CO_FRANCO_TUNISIENNE_COMMERCE,gerant,corporate,certain,SP_1c34e164708cd26c4a8d
PERSON_SLAMA_RIHAB,CO_COMPUTECH,gerant,corporate,certain,SP_66cd7527206879c707d3
PERSON_DEMURS_MICHEL_MARIUS_DESIRE,CO_FRENCH_LUXURY_UNDERWEAR,gerant,corporate,certain,SP_fb148ea3aca84b642f86
PERSON_HAMAMI_IMEN,CO_MEDITERRANEAN_BUSINESS_CENTER,gerant,corporate,certain,SP_2d8a6a2f659c4aab22cd
PERSON_KILANI_SINDA,CO_FARAH_DISTRIBUTION,gerant,corporate,certain,SP_490158415256b5a20dfc
PERSON_CHOUCHENE_MOHAMED_ALI,CO_GENERALE_TOURISME,administrateur,corporate,probable,SP_abd6fb5cc032d783299a
PERSON_SLAMA_GHAZI,CO_SLAMA_SERVICES_INDUSTRIEL_3SI,gerant,corporate,certain,SP_8d02daf8329a3364a22a
PERSON_SOFIEN_ABDENADHER,CO_BENEFICE,gerant,corporate,certain,SP_3361423fdd1ec33ebbf0
PERSON_TRIKI_EZEDINE,CO_MECANIQUE_INDUSTRIELLE_CONSTRUCTION_METALLIQUE,gerant,corporate,certain,SP_b4a0869673e0a4fbc8d4
PERSON_HAMAMI_DHAFRALAH,CO_TAWASOL_GROUP_HOLDING,administrateur,corporate,certain,SP_23340c40a5f4f0a69ed4
PERSON_ESID_HABIB,CO_OZITA_PROMOTION_IMMOBILIERE,unspecified,corporate,certain,SP_94f0a3db67430cc58bee
PERSON_BAYAHI_YAHIA,CO_ALUCOLOR,gerant,corporate,certain,SP_3c6ae6e817989b4ccd3c
PERSON_ZOUARI_ABDERAZEK,ORG_TAYSIR,association_president,corporate,certain,SP_31f322ae909db3016e21
PERSON_TRABELSI_NIDHAL,ORG_TAYSIR,treasurer,corporate,certain,SP_5a4e939eca2ae2e2305b
PERSON_ZOUARI_ABDERAOUF,CO_ROYAL_METAL,gerant,corporate,certain,SP_e4229472eb9292c4e2ff
PERSON_JENAYAH_BECHIR,CO_COMPAGNIE_TUNISIENNE_DEVELOPPEMENT_TOURISTIQUE,commissaire_aux_comptes,corporate,probable,SP_f953200b6003eb1096f9
PERSON_BELHIBA_ABDELAZIZ,CO_MENA_INVEST,gerant,corporate,certain,SP_d421467ae06323ad1e8f
PERSON_BENGHARBIA_MEHDI,CO_WORLD_FREIGHT_SERVICE,gerant,corporate,certain,SP_0ed2f592d7d30c71a8af
PERSON_AISA_MOURAD,ORG_ONLUS_FONDAZIONE_XENAGOS_TUNISIA,association_president,corporate,certain,SP_928830e74279f646bfcc
PERSON_MABROUK_ALI,CO_CLINIQUE_ESSAFA_HEMODIALYSE,gerant,corporate,certain,SP_08f49eae36b684a00043
PERSON_HAMAMI_NACEUR,CO_ILLUMINA,cogerant,corporate,certain,SP_21b81ac29af9fe06fb86
PERSON_HAMAMI_SALAH,CO_PACK_PACK_DISTRIBUTION,gerant,corporate,certain,SP_98ea82370b8064f9269e
PERSON_TRIKI_MOHAMED,CO_SFAX_FLUIDES_SSF,gerant,corporate,certain,SP_286e6c008665d671dace
PERSON_SELAMI_MONCEF,CO_GRAND_MAGHREB_MEDIAS,administrateur_delegue,corporate,certain,SP_4d7241594830615eb59a
PERSON_TEKAYA_MEHDI,CO_HINA,gerant,corporate,certain,SP_4259c72b0a06d3c4034f
PERSON_MABROUK_AMER,CO_AMEUR,gerant,corporate,certain,SP_ccff2033d739912d3ab6
PERSON_AMDOUNI_MOURAD,CO_MAGHREB_AGRO_SYSTEMES,commissaire_aux_comptes,corporate,certain,SP_851503e7689e3b88c6ec
PERSON_MUSUMECI_FILIPO,CO_ITALIAN_CHAIR_FACTORY,gerant,corporate,certain,SP_1dfb72e4b6fa09d5b54f
PERSON_MRABET_FETHI,CO_GOLF_BETON,gerant,corporate,certain,SP_5e34d4444fe58006ff0a
PERSON_SASI_MOHAMED,CO_HOTELIERE_RIADH,pdg,corporate,certain,SP_ae31656559295bac5dda
PERSON_MILED_KARIM,CO_CIVILE_IMMOBILIERE_KARIM,gerant,corporate,certain,SP_8e6a27396c2a39f63e4b
PERSON_BELHADI_OUSAMA,CO_TUNISIAN_AMERICAN_OLIVE_OIL_COMPANY,pdg,corporate,certain,SP_15192f4cafedd27aebb0
PERSON_BENAMOR_WALID,CO_CLUB,dg,corporate,certain,SP_6784ecb25bace6af327f
PERSON_BENAMOR_WALID,CO_CLUB,dga,corporate,certain,SP_54ce96dd61a93e8cf6e3
PERSON_MABROUK_MOURAD,CO_EL_HOUDA_TRAVAUX,gerant,corporate,certain,SP_70a7a3828268e21a5817
PERSON_ARFAOUI_HOUCINE,CO_NETCOM,gerant,corporate,certain,SP_d1921843991d029a0359
PERSON_HAMAMI_IMEN,CO_IMEN_SERVICE,gerant,corporate,certain,SP_27324017f27219b51c0f
PERSON_ZAAFRANE_LEBID,CO_STB_MANAGER,administrateur,corporate,certain,SP_a3236e3ebca7ddb914a5
PERSON_ZAAFRANE_LEBID,CO_STB_MANAGER,pdg,corporate,certain,SP_20498197638ea5a9bc34
PERSON_MAHJOUB_MEHDI,CO_CITY_CARS,dg,corporate,certain,SP_dbe4dc1a68ba022fefbe
PERSON_CHAABANE_NAJD_BENFAHMI,CO_CHAABANE_FILS,associe,corporate,probable,SP_bf492d94abf76679c514
PERSON_MILED_KARIM,CO_TUNISIAN_TRAVEL_SERVICE,cogerant,corporate,certain,SP_db3dc737d3bbbd3e49d0
PERSON_SGHAIER_AHMED,CO_ULYSSE_GROUPE,gerant,corporate,certain,SP_1f01115e0297acea480b
PERSON_SASI_KHALED,CO_NOVATIVE_TUNISIE,gerant,corporate,certain,SP_3b013f83c52f091ed7b5
PERSON_KAMOUN_SOFIEN,CO_KAMMOUN_CONSEIL,gerant,corporate,certain,SP_0a0c99cf00fe09a79390
PERSON_HAMAMI_MUSTAPHA,CO_COUSTO,gerant,corporate,certain,SP_42e2be1628d8e3867289
PERSON_CHEKIR_MOHAMED_ALI,CO_ZITOUNA_TAKAFUL,president_ca,corporate,certain,SP_188618e497eebe597f5a
PERSON_FRIKHA_MOHAMED,CO_TUNISIENNE_CARRIERS_MARBRE,commissaire_aux_comptes,corporate,probable,SP_4e8f8a441c907c77fcbc
PERSON_BENSEDRINE_HAYKEL,CO_HAMT,gerant,corporate,certain,SP_818d44543a4fb7b65565
PERSON_BOURICHA_ABDERAZEK,CO_HAMT,gerant,corporate,certain,SP_2dc19d39c896f2e24ea2
PERSON_BENHASEN_RACHID_HICHEM,CO_MODERTEX,gerant,corporate,certain,SP_c3a82fdd1ab0519a5da1
PERSON_CHAABOUNI_MOHAMED,CO_VIVO_ENERGY_TUNISIE,administrateur,corporate,certain,SP_9b8305fe785102710696
PERSON_BOUALEGUE_NAOUFEL,CO_MPC_PROKIM_INDUSTRIE,dg,corporate,certain,SP_c6145da1b0b7be334e2d
PERSON_AROUI_MOHSEN,CO_TECHNOFLEX,gerant,corporate,certain,SP_13cde8a7ce8e967159fb
PERSON_ABURISH_MABROUK_ABDALAH_MOHAMED,CO_MONOTIGER,gerant,corporate,certain,SP_4d89a2196e97e1321da8
PERSON_CHARGUI_RAMZI,CO_EXCEL_PLAST_TUNISIE,pdg,corporate,certain,SP_0b6b757ca3c9e9bb9b4f
PERSON_HAMAMI_SALAH,CO_AFRICA_IMPORT_EXPORT,gerant,corporate,certain,SP_ef032fac42cf6ea07d99
PERSON_KHALIL_MOHAMED,CO_I_THINK,gerant,corporate,certain,SP_1d048f95eb4dbb82a710
PERSON_BOUSAID_MOUNIR,CO_ORIENT_TEA,gerant,corporate,certain,SP_209b35432414e40a3048
PERSON_BENHASEN_MOHAMED_SOUHEIL,CO_AGENCEMENT_MENUISERIE_GENERALE,gerant,corporate,certain,SP_35e75ff92f0f0bc7ad46
PERSON_SADOUD_SOFIEN,CO_ALFA_PACK,gerant,corporate,certain,SP_3aee1f6adfe5fd67f556
PERSON_SGHAIER_AHMED,CO_WORLD_SERVICES_AGENCY,gerant,corporate,certain,SP_1124fb39bbf55bc59cc7
PERSON_KILANI_NEFAA,CO_LINA_FOOD,gerant,corporate,certain,SP_cf5527efabc9f8a3b91f
PERSON_ROUROU_TAREK,CO_MOSAICA_DESIGN,associe,corporate,probable,SP_c85cb34f5381b1dab2ee
PERSON_HAMROUNI_JAMEL,CO_TUNISIENNE_NETTOYAGE_SERVICES,gerant,corporate,certain,SP_66d289833734e76513c5
PERSON_HAMAMI_MEHDI,CO_TUNISIAN_MARTIAL_ARTS,gerant,corporate,certain,SP_ce911379fb05f82f9def
PERSON_KHECHINE_SAHBI,CO_MIRA_COM,gerant,corporate,certain,SP_30a01a14a327e834793f
PERSON_HADAJI_SAMIR,CO_RUNGINS_PLAST_LTD,gerant,corporate,certain,SP_22229355672d0d2472c6
PERSON_JAMALI_MOUNIR,CO_ABRASIF_ITALIA,gerant,corporate,certain,SP_bbebcba2fc765118123b
PERSON_AYADI_LOTFI,CO_GRAPHIC_65_CREATIONS,gerant,corporate,certain,SP_e1eb333cf62136108131
PERSON_MABROUK_MOHAMED_ALI,CO_MEDITERRANEENNE_BTP_SMBTP,cogerant,corporate,certain,SP_bd8392bdf0e984b654e0
PERSON_SAYAH_WASIM,CO_SIP_CONFECTION,gerant,corporate,certain,SP_1f2b4500b0b667d7cdc2
PERSON_SASI_SAMIR,CO_TOURISTIQUE_HOTEL_KHEOPS,pdg,corporate,certain,SP_73b4193917db1ed184d2
PERSON_KAMOUN_IMTIEZ,CO_MODERN_DECO,gerant,corporate,certain,SP_f9cef141652ac165ef3f
PERSON_SLAMA_SAMIRA_BEIZIG,CO_MEDITERRANEE_CONSULTING_MARKETING,gerant,corporate,certain,SP_ee2f58f5ef3f9d38bbad
PERSON_ALAYA_FETIHA,CO_JUMEAUX_TEX,gerant,corporate,certain,SP_bea05d16739da7e83495
PERSON_ZGHIDI_ADNENE,CO_SERVICOM_HOLDING,commissaire_aux_comptes,corporate,certain,SP_b199d3c952bbb535bfdc
PERSON_AREM_NAJEH,CO_BATIMENT_AREM,gerant,corporate,certain,SP_1084655d0f7ef2c68750
PERSON_HORCHANI_RACHED,CO_HORCHANI_DATTES_INTERNATIONAL,gerant,corporate,certain,SP_6a527118bcfa3309759b
PERSON_DKHILI_MOHAMED,CO_GROUPE_ASSURANCES_TUNISIE,pdg,corporate,certain,SP_5c3247c72f3f1027e45f
PERSON_MHIRI_KHALED,CO_ASW,gerant,corporate,certain,SP_ff75c918605778138079
PERSON_MABROUK_KAMEL,CO_COMPTOIR_MONASTIRIEN_MATERIAUX_CONSTRUCTION,gerant,corporate,certain,SP_638175e3a770225c738a
PERSON_BENOMRANE_ZIED,CO_BOMEXPORT_BM,cogerant,corporate,certain,SP_91945f835af78e40a03b
PERSON_BENZINA_RIDHA,CO_TUNISIENNE_ACER_SOTACER,gerant,corporate,certain,SP_c03c371ff9dbaf829474
PERSON_ZOUARI_SALEM,CO_ABDEL_HEDI_ZOUARI_STATION,commissaire_aux_comptes,corporate,probable,SP_3aded206f3ec5309f049
PERSON_HAMROUNI_AHMED_TAHA,CO_NADA_PRODUCTION,gerant,corporate,certain,SP_9116c64a2c7bf6b2359b
PERSON_ATIA_SADOK,CO_ITALY_SMOKE,gerant,corporate,certain,SP_3f9f3066565ad42f0fae
PERSON_BENMAMI_SALIMA,CO_COTIF_SICAR,dg,corporate,certain,SP_f2a1993a7baaf9a980e6
PERSON_ELOUMI_MOHAMED_ALI,CO_WEBSTORE,gerant,corporate,certain,SP_be7c96a31c03f7e53990
PERSON_MENSI_MOHAMED,CO_EUROPEENNE_TUNISIENNE_CONFECTION,cogerant,corporate,certain,SP_0d834ca2b48d6cbfd045
PERSON_HOUSAINI_MOHAMED_ALI,CO_FRANCE_AUTO_PIECES,gerant,corporate,certain,SP_d84effaf130bd7c73a3d
PERSON_KAMOUN_KARIM,CO_MILLENIUM_TRADING,gerant,corporate,certain,SP_fa96b244c8056b08d820
PERSON_TRIGUI_LASAAD,CO_BARAKA_CONDITIONNEMENT_DATTES,gerant,corporate,certain,SP_0a27b7388065640bff50
PERSON_KILANI_NADHIR,CO_CONSEIL_D_ENTREPRISE_EN_ELEVATEURS,gerant,corporate,certain,SP_24a04621fa1be6a0abaa
PERSON_BOURICHA_DORA,CO_MDB_COSMETIC,gerant,corporate,certain,SP_93d1885625de8019eeb8
PERSON_HAMROUNI_BASEM,CO_BIM_EXPERTS,gerant,corporate,certain,SP_eea56a18bcca927e32b6
PERSON_ZOUARI_MEKI_MAHER,CO_PRINTEC,gerant,corporate,certain,SP_524ef7edd233fb710473
PERSON_HAMROUNI_RAMI,CO_DREAM_PARK,gerant,corporate,certain,SP_56255c4fdc30db722b11
PERSON_MABROUK_HOSNI,CO_FASHION_EVENTS_TUNISIE,gerant,corporate,certain,SP_4c5c2e0225037e753e79
PERSON_ZOUARI_AHMED,CO_NETOPTIM,gerant,corporate,certain,SP_28e28b400e0673f5db07
PERSON_HAMAMI_KAIS,CO_INSTITUT_ROBERT_SORBON,gerant,corporate,certain,SP_c8850c56fc845d666278
PERSON_LAZAAR_KAMEL,CO_SWICORP,administrateur,corporate,probable,SP_577a859ffa2eee9fc8aa
PERSON_LAZAAR_KAMEL,CO_SWICORP,pdg,corporate,probable,SP_f02a2472901a41314cf0
PERSON_TRIKI_NABIL,CO_SWICORP,dga,corporate,probable,SP_e644e9ce7424cbdc370c
PERSON_TRIKI_NABIL,CO_SWICORP_INTAJ,administrateur,corporate,probable,SP_8a0f50e91e9179100fb7
PERSON_TRIKI_NABIL,CO_SWICORP_INTAJ,pdg,corporate,probable,SP_384f520b619b707c1b8f
PERSON_PIZETI_LUCA,CO_SERICAM_TUNISIA,gerant,corporate,certain,SP_3332623113ff79dbc173
PERSON_ABDENADHER_LOTFI,CO_TUNISIE_SUCRE,president_ca,corporate,certain,SP_fe36624c3eb73cc005f3
PERSON_ADAS_ABDERAHMAN_RAMZI,CO_STUSID_BANK,administrateur,corporate,certain,SP_1946ac862632ca024491
PERSON_BERAIES_AHMED,CO_STUSID_BANK,administrateur,corporate,certain,SP_c9cd71c4284f50fdb516
PERSON_BENMOALEM_HAITHEM,CO_POULINA,gerant,corporate,certain,SP_0bac3c47d00e8a97a65a
PERSON_DRIS_HEDI,CO_SIFA,gerant,corporate,probable,SP_17f12500ca82fd61c0a9
PERSON_KHEMAKHEM_MONCEF,CO_HONEY_MOON,gerant,corporate,certain,SP_613d6ae1955092cc018c
PERSON_TRABELSI_MOHAMED,CO_FIRST_EDUCATION,gerant,corporate,certain,SP_9f368e10bacb8867475f
PERSON_TRABELSI_MOHAMED,CO_MED_CONSULT,gerant,corporate,certain,SP_c25dd9da4212282cda2f
PERSON_HOUAS_MEHDI,CO_TB2M,gerant,corporate,certain,SP_e31cb7cd407f9c46d700
PERSON_BOUSLAHI_WASIM,CO_FASHION_CONF,gerant,corporate,certain,SP_8c3242488bb5fb200d22
PERSON_GUILOUCHI_BECHIR,CO_AMERICAINE_LYBIENNE_D_AFFAIRES_INTERNATIONALES,cogerant,corporate,certain,SP_9152fbb04f0799b74b2f
PERSON_GUILOUCHI_ISAM,CO_AMERICAINE_LYBIENNE_D_AFFAIRES_INTERNATIONALES,cogerant,corporate,certain,SP_6610f4d37e2994e7ffa2
PERSON_PASQUALE_GIUSEPE_DI,CO_ITALIAN_STYLE_MEUBLES,cogerant,corporate,certain,SP_bcf1c1e04668c3ab91ef
PERSON_WALID_ABDENADHER,CO_PROMEPHA,gerant,corporate,certain,SP_ae8864149a048578ee96
PERSON_HACHICHA_RIDHA,CO_GENERALE_MENUISERIE_SOGEM,gerant,corporate,certain,SP_e081031eb66699d48e87
PERSON_DEROUICHE_KARIM,CO_DELICE_HOLDING,commissaire_aux_comptes,corporate,certain,SP_e6a3ddf3f1452da4d9de
PERSON_MEDEB_MOHAMED,CO_DELICE_HOLDING,pdg,corporate,certain,SP_52f57b65075c4d648132
PERSON_GHARSALAH_AZA,CO_RISTORANTE_ITALIANO_PERLA_NERA,gerant,corporate,certain,SP_6ad525d4b72ab47a6887
PERSON_TRIKI_SAMIHA,CO_SADOX,gerant,corporate,certain,SP_dcda67b127f1b30c564b
PERSON_KAMOUN_FAROUK,CO_ECOLE_SUPERIEURE_PRIVEE_SCIENCES_APPLIQUEES_MANAGEMENT_SESAM,president_ca,corporate,certain,SP_235d7fc3e783fbe96582
PERSON_FERCHIOU_SLIM,CO_ONE_TECH_MOBILE,administrateur,corporate,certain,SP_637345d7181e8de464e4
PERSON_KHALIL_MOHAMED,CO_LYNX_SERVICES_LIMITED,gerant,corporate,certain,SP_878eb78515b0013367ec
PERSON_BENBRAHIM_MOHAMED_AYMEN,CO_CAA_PLAST,gerant,corporate,certain,SP_6518b4a7f12ada551818
PERSON_MAKNI_BASMA,CO_BIOHEALTH,gerant,corporate,certain,SP_4d8b159f830d4e42cb43
PERSON_ZNAIDI_ELYES,CO_SICAR_SIM,dg,corporate,certain,SP_2aab277ba49685012c33
PERSON_DOGHRI_HASINE,CO_COMPAGNIE_IMMOBILIERE_TUNISO_EUROPEENNE,administrateur,corporate,probable,SP_3a294b3d8f688cb274c6
PERSON_KABRIT_TAREK,CO_PLASTIC_ELECTROMECHANIC_COMPANY,unspecified,corporate,certain,SP_2aeb171e557c1d38d7b3
PERSON_CHABCHOUB_MOHAMED,CO_MONTFLEURY,gerant,corporate,certain,SP_64c1fd45d3368898d05e
PERSON_SASI_AHMED,CO_CAP_TEXTILE,gerant,corporate,certain,SP_1d43811fe9610e32898b
PERSON_JEBLAOUI_EMNA,ORG_INSTITUT_INTERNATIONAL_DEVELOPPEMENT_HUMAIN,association_president,corporate,certain,SP_8e52a1dfa80e8e20ed5a
PERSON_TRABELSI_MOHAMED,CO_BEST_CONSULTING_PILOTAGE,gerant,corporate,certain,SP_8baddaee481993fd5c3a
PERSON_ZGHIDI_ADNENE,CO_ENGINEERING_PROCUREMENT_PROJECT_MANAGEMENT,commissaire_aux_comptes,corporate,certain,SP_500d89290334867f1d7a
PERSON_ELOUMI_ABOUDA,CO_INDUSTRIELLE_OLEICOLE_SFAXIENNE_ZITEX_SIOS_ZITEX,unspecified,corporate,certain,SP_1ae8e46682628e2cb86a
PERSON_MEDEB_MOHAMED,CO_MEDDEB_CONSULTING,gerant,corporate,certain,SP_0a3e969058f89f4fea90
PERSON_BENMOHAMED_MOHAMED,CO_LABORATOIRE,gerant,corporate,certain,SP_09d63d5d858d5f62a307
PERSON_TRIKI_IMEN,CO_BSTI_TRADING,gerant,corporate,certain,SP_d18e8af192b0c0c2a8b9
PERSON_HAMAMI_NACEUR,CO_MARGE_AFRIQUE,gerant,corporate,certain,SP_7853f787b38fcb7f5c0c
PERSON_MEJAOUEL_HASAN,CO_SOCYP_SANITAIRE,gerant,corporate,certain,SP_41ddceeea766ab3479b0
PERSON_HAMAMI_KHALED,CO_TUNISIAN_GYPSUM_OF_MESTAWA,administrateur,corporate,probable,SP_73ecfd30688358ceec2d
PERSON_ZOUARI_RAFIK,CO_HZ_DISTRIBUTION,gerant,corporate,certain,SP_7a6500c7209831d4b1f6
PERSON_KAMOUN_ANIS,CO_MB_KAMMOUN_IMMOBILIERE,pdg,corporate,certain,SP_c2ef15c62f593a71edd3
PERSON_KASRAOUI_KACEM,CO_RAIGI_SUD,gerant,corporate,certain,SP_6af516b01fcc1c003312
PERSON_DOGHRI_MONCEF,CO_MARBRIERE_TALA_SOMAT,president_ca,corporate,certain,SP_f9100b901b4b60d7b223
PERSON_SAYHI_NABIL,CO_MARBRIERE_TALA_SOMAT,dg,corporate,certain,SP_1df014e5f2519b97edf5
PERSON_KAMOUN_MOHAMED,CO_DIAR_CHEDLI_PROMOTION_IMMOBILIERE,gerant,corporate,certain,SP_d46e6cb8858f28cfd159
PERSON_KAMOUN_SOUMAYA,CO_DIAR_CHEDLI_PROMOTION_IMMOBILIERE,gerant,corporate,certain,SP_1adbdc71d4cea30bff9b
PERSON_ZOUARI_MOEZ,CO_ZOUARI_ALU,gerant,corporate,certain,SP_22161659c5951b699042
PERSON_BENSAID_IBRAHIM,CO_COMMERCE_DISTRIBUTION_PRODUIT_ALIMENTAIRE_CODIPA,gerant,corporate,certain,SP_801ecdb63946ecc6d35d
PERSON_DARGHOUTH_FATMA,CO_AR_FILTER,dg,corporate,certain,SP_48e18546d9dd3f8b54fd
PERSON_BENAMOR_SAMIR,CO_GENERALE,representant,corporate,certain,SP_5ea79ba7b0b9931fc300
PERSON_HAMAMI_MOHSEN,CO_VEAUX_MEJERDA,gerant,corporate,certain,SP_41ebd014338ba7b687db
PERSON_KAMOUN_MOHAMED,CO_YOKO,gerant,corporate,certain,SP_4c2fe98dbfb6f782d810
PERSON_CHAKROUN_NASR_ALI,CO_3S_SICAR,pdg,corporate,certain,SP_1609527f31b9218693a8
PERSON_SLAMA_IMED,CO_SMART_INSPECTION_SERVICES,dg,corporate,certain,SP_ca915286f80049ec708a
PERSON_ISAOUI_SAMIR,CO_ISSATEX_INTERNATIONAL,gerant,corporate,certain,SP_3baf94568b9d845b9d64
PERSON_SAMOUDA_IMED,CO_COMPAGNIE_AFRICAINE_PEINTURES,dga,corporate,certain,SP_56012fc793886c866b5b
PERSON_HAMAMI_IMED,CO_ONYX_TUNISIE,president_ca,corporate,certain,SP_8cc15c91293023937790
PERSON_HAMAMI_NAHLA_BENSLIMEN,CO_ONYX_TUNISIE,dg,corporate,certain,SP_193a369d9612c2f92749
PERSON_CHAABOUNI_HATEM_BENMED,CO_LABORATOIRES_MEDICAMENTS_PREMIX,gerant,corporate,certain,SP_85f9b8d41b516d37d884
PERSON_TRIKI_AYMEN,CO_GLOBAL_TRADE_CORPORATION,gerant,corporate,certain,SP_91a8280f3a97c28355de
PERSON_CHARFEDINE_BASEM,CO_UTIC_GARDEN,gerant,corporate,certain,SP_cd6f62c6cca3d7e27612
PERSON_MILED_KARIM,CO_CMA_CGM_TUNISIE,administrateur,corporate,certain,SP_d59ecef0b48a18bf7ba3
PERSON_SLAMA_CHIHEBEDINE,CO_APPID,gerant,corporate,certain,SP_0ab13547ed220e1945d6
PERSON_DRIS_SLIM,CO_TUNISIE_INDUSTRIE_MECANIQUE,gerant,corporate,certain,SP_af18a3a2dc979fdda72e
PERSON_MABROUK_BOUCHNIBA,CO_BOUCHNIBA_MATERIAUX_CONSTRUCTION,gerant,corporate,certain,SP_2ecbe3eb452cc07a4e51
PERSON_BENZOUBIR_MOHAMED,ORGMENTION_Résolutions,administrateur,corporate,certain,SP_ebae557d9b412188885d
PERSON_KAMOUN_HABIB,CO_PLASTICUM_TUNISIE,unspecified,corporate,certain,SP_54c5e7c6e1522f2953a7
PERSON_KAMOUN_HABIB,CO_PLASTICUM_TUNISIE,dg,corporate,certain,SP_cb47589b2478f81e9cbb
PERSON_BAYAHI_TAIEB,CO_LLOYD_VIE,president_ca,corporate,certain,SP_5d35dedaff2cf8a2d15f
PERSON_SELAOUTI_YAZID,CO_LLOYD_VIE,dg,corporate,certain,SP_d917e2531a90dac65ddc
PERSON_BOUZGUENDA_HASEN,CO_MILLENIUM_HOLDING,pdg,corporate,certain,SP_d08564613da0b39c9971
PERSON_TRABELSI_MOHAMED,CO_HYDRA_MAIN,gerant,corporate,certain,SP_0425efa5ac2948b49d22
PERSON_HAMAMI_MOHSEN,CO_CHRONO_CAR_SERVICES,gerant,corporate,certain,SP_220e273288262afa47cd
PERSON_CHAHMI_MOHAMED,CO_ALL_PRINT_CHAHMI,gerant,corporate,certain,SP_6af19fa88f7cbc090291
PERSON_BOUGHAMOURA_LOTFI,CO_ITALIA_TRADING,gerant,corporate,certain,SP_38fcaf90a61440b51014
PERSON_AHABANE_BRAHIM,CO_ATTIJARI_SICAR,representant,corporate,certain,SP_e5c45d720fdfb0b77408
PERSON_BENMOHAMED_KHALED,CO_DECOSTAND,representant,corporate,certain,SP_8d2965a595112182f035
PERSON_FRIKHA_MOHAMED,CO_FONDATION_EDUCATIVE_ABDALLAH_BEN_MASSOUD,gerant,corporate,certain,SP_69b6fdec6bbc95461130
PERSON_ABDESAALEM_SAMI,CO_AMEN_CONFECTION,gerant,corporate,certain,SP_604d95fe39996fc2e78c
PERSON_BOUAOUAJA_RADHOUANE,CO_FEN_FEN_CHINOISE_ESTHETIQUE,gerant,corporate,certain,SP_58adfef5e4dc501efc25
PERSON_HAMAMI_OLFA_LAHMER,CO_ARDIS,gerant,corporate,certain,SP_6929229df04b8539db60
PERSON_MOKHTAR_FETHI,CO_CARTHAGE_GRAINS,president_ca,corporate,certain,SP_a9c58277653654f3ed1c
PERSON_MOKHTAR_SADRI,CO_CARTHAGE_GRAINS,administrateur_delegue,corporate,certain,SP_537ea71ab2ef8a44a125
PERSON_ESAYAH_HABIB,CO_EURO_CYCLES,pdg,corporate,certain,SP_9d173b72600502fd5b39
PERSON_HAMAMI_FAOUZI,CO_PIECE_AUTO_SPA,gerant,corporate,certain,SP_cd730e363e1226f69488
PERSON_KAMOUN_IBTISEM,CO_BEST_PRESSING,gerant,corporate,certain,SP_d6f35d2e1453ead7db3f
PERSON_TRIKI_FIRAS,CO_FOOT_GO,gerant,corporate,certain,SP_14ef1263e14bf0829327
PERSON_TRIKI_HATEM,CO_WOOD_FACTORY,gerant,corporate,certain,SP_bd7b42261a0471b50c75
PERSON_TRIKI_MOUNA,CO_BEST_TOURS,gerant,corporate,certain,SP_8a7b4092c60f95481b5e
PERSON_GUIDARA_ALI,CO_HOTELIERE_TOURISTIQUE_KHAYAM_GARDEN,administrateur,corporate,certain,SP_edc7d96208ef921c3379
PERSON_BOURICHA_JALEL,CO_HOTELIERE_TOURISTIQUE_KHAYAM_GARDEN,administrateur,corporate,certain,SP_1949008da1b032742dd0
PERSON_ANANE_BRAHIM,CO_TUNISIE_SICAR,administrateur,corporate,certain,SP_ef4f0d99df3d398c76ad
PERSON_BENTANFOUS_CHAWKI,ORGMENTION_Société Cap Taguermess,administrateur,corporate,probable,SP_1ca744879bde7fa33cca
PERSON_BENTANFOUS_MOHAMED_NEJIB,ORGMENTION_Société Cap Taguermess,administrateur,corporate,probable,SP_53fafe5ce5991c087965
PERSON_DRIS_MOEZ,CO_HOTELIERE_TOURISTIQUE_CHAMS_EL_HANA,administrateur,corporate,certain,SP_014c3a0874e7dd066166
PERSON_MAHJOUB_MOHAMED,CO_FLORIENT_TUNISIE,gerant,corporate,certain,SP_b676a901e73065094670
PERSON_AMOURI_ABDERAOUF,CO_HASDRUBAL_THALASSA_HOTELS,dg,corporate,certain,SP_ba33eab72b0803143847
PERSON_BOURICHA_ABDERAZEK,CO_MOHAB,unspecified,corporate,probable,SP_f6d9dab95b9fa746f287
PERSON_CHAABANE_WAFA,CO_BOUFARES_TRADING_COMPANY,gerant,corporate,certain,SP_0404e700089b883cbd51
PERSON_GRATI_WASIM,CO_ART_MARTIN_TUNISIE,dga,corporate,certain,SP_0cc670e662f6cd5a7a24
PERSON_FENDRI_KHALED,CO_SAFI_ELAN_SICAF,administrateur,corporate,certain,SP_bafe1225d1a067b785b1
PERSON_BOURICHA_RIADH,CO_AFRIQUE_TRAVAUX,cogerant,corporate,certain,SP_e28172a01933f3457633
PERSON_ABDENADHER_NIDHAL,CO_IT_DEVELOPMENT,gerant,corporate,certain,SP_016b4c93c71d0ccf4bfa
PERSON_KHEMAKHEM_MONCEF,CO_NEW_SIL,president_ca,corporate,certain,SP_149f5fcfa7c3073be2ca
PERSON_MOALA_TAHA,CO_NEW_SIL,dg,corporate,certain,SP_bd0a307630775a9fa54b
PERSON_JILANI_FAYCAL,CO_TELEMATIK,pdg,corporate,certain,SP_49c90043629457b56d73
PERSON_SELAMI_MALEK,CO_MEGA_AGRO,gerant,corporate,certain,SP_7acd5b28788cbd6d5c85
PERSON_ELPHIL_AFIF,CO_JINEN_AGRO,dg,corporate,certain,SP_dd55d901b90e587c0a3d
PERSON_BOUZIRI_ADEL,CO_PLASTICS,pdg,corporate,certain,SP_58305e9660c008f4033e
PERSON_BENAYED_HANEN_FEKI,CO_POLE_COMPETITIVITE_MONASTIR_FEJJA,administrateur,corporate,certain,SP_c30381716bcabe45252e
PERSON_ZERTI_ABDELKARIM_OMRAN,CO_NORTH_AFRICA_INTERNATIONAL_BANK,pdg,corporate,certain,SP_245c1d47c9b5d93f9896
PERSON_ESAFI_HABIB,CO_NORTH_AFRICA_INTERNATIONAL_BANK,dga,corporate,certain,SP_38cb4c02b0ac4e7c38f5
PERSON_SASI_SAMIRA,CO_MARINA_CHICCO_BENI_KHIAR,gerant,corporate,certain,SP_b4692c7a8c2c87c2869f
PERSON_BOURICHA_KHALED,CO_AGRICOLE_JSK,gerant,corporate,certain,SP_f5ed590c7b4b0318f2dd
PERSON_DRIRA_MOUCIR,CO_ITALO_TUNISIENNE_DALUMINIUM,gerant,corporate,probable,SP_b5a8d7e341f5faf8c7d4
PERSON_MZABI_MONCEF,CO_AUTOMOBILE_RESEAU_TUNISIEN_GROS_ARTEGROS,pdg,corporate,probable,SP_8f6cca86152efcc79160
PERSON_LOUKIL_MOHAMED_BENHABIB,CO_LOUKIL_INVESTMENT_GROUP,fondateur,corporate,certain,SP_8c3fe7341c76bec27869
PERSON_LOUKIL_MOHAMED_BENHABIB,CO_LOUKIL_INVESTMENT_GROUP,president_ca,corporate,certain,SP_771e5fae4ff4f137f779
PERSON_LOUKIL_BASEM,CO_LOUKIL_INVESTMENT_GROUP,dg,corporate,certain,SP_4edf41809d9e139d3287
PERSON_LOUKIL_WALID,CO_LOUKIL_INVESTMENT_GROUP,dga,corporate,certain,SP_fd80df15de26e6cd5bb7
PERSON_MABROUK_MOHAMED_BENYOUSEF,CO_TUNISIENNE_BATIMENTS_MAGNIFIQUES,gerant,corporate,certain,SP_280d560f38c038189435
PERSON_CHOUKET_KHALED,CO_AID_TUNISIA,gerant,corporate,certain,SP_35c658a23d281f9fac02
PERSON_HAMAMI_THAMEUR,CO_QIBA,gerant,corporate,certain,SP_ff7da99183c3420382fe
PERSON_DUPRE_DOMINIQUE,CO_SURFAPROTEC,gerant,corporate,certain,SP_4872e2c792007a45bb13
PERSON_ZOUARI_ABDELFATEH,CO_AZIZ_ASSISTANCE_SERVICES,gerant,corporate,certain,SP_3fe710a7d5270e4de20d
PERSON_SLAMA_KHALIFA,CO_MEUBLE_ENNOUR,gerant,corporate,certain,SP_0dd9116692d851926b32
PERSON_TRIKI_MOHAMED,CO_PHARMASWEET,gerant,corporate,certain,SP_027b5f23951f28755dec
PERSON_BLOUZA_HECHMI,CO_ENNAKL_AUTOMOBILES,secretaire_general,corporate,certain,SP_fd805c57045a779d90a7
PERSON_ZGHIDI_ADNENE,CO_POLYCLINIQUE_LAC,commissaire_aux_comptes,corporate,certain,SP_27755dfd2346d38ee4c3
PERSON_SELAMI_ABDELAZIZ,CO_GESTION_PATRIMOINE_SIVO,pdg,corporate,certain,SP_1e7ff96e6caf5e2c7cff
PERSON_LOUKIL_BASEM,CO_MEDITERRANEAN_INDUSTRIAL_GROUP,president_ca,corporate,certain,SP_9e9c3c1218613e656e54
PERSON_MHIRI_NEJI,CO_MEUBLATEX_INDUSTRIES,president_ca,corporate,certain,SP_53c04a55e2f5eb222388
PERSON_MHIRI_MOURAD,CO_MEUBLATEX_INDUSTRIES,pdg,corporate,certain,SP_c2fc98e4bfb0466a79aa
PERSON_MHIRI_SAMI,CO_MEUBLATEX_INDUSTRIES,dga,corporate,certain,SP_4560372059f2ea7ade93
PERSON_BELAID_MEKI,CO_SOMEF_TUNISIE,dga,corporate,certain,SP_ab72d5b7f404ba5b87d2
PERSON_BENAYED_HANEN_FEKI,CO_ASSURANCES_BIAT,administrateur,corporate,certain,SP_4a5558a1161733f9c0cd
PERSON_HAMAMI_KAMEL,CO_HAMMAMI_FRERES_D_ENTREPRISE_SOHAFE,gerant,corporate,certain,SP_d4c0fc7ee762c7b1ac87
PERSON_BENAYED_RIADH,CO_AZUR,administrateur,corporate,certain,SP_e86ac9ed0277694fa091
PERSON_TRABELSI_NABIL,CO_CONGELATION_TOUS_PRODUITS_PECHE_AGRICOLE_SOCEPA,pdg,corporate,certain,SP_d8d08a72d7a3f2f65c4f
PERSON_LAHMAR_MOHAMED,CO_RONCEY_INTERNATIONAL,gerant,corporate,certain,SP_000fd074a114d9807ef2
PERSON_RIAHI_SLIM,CO_CARTHAGE_CEMENT,administrateur,corporate,certain,SP_d935c29e57e081cf0c6b
PERSON_JARAYA_MOHAMED_ALI,CO_CRISTAL_TUNISIE,dg,corporate,certain,SP_f80fa608580a91ef958a
PERSON_MEJRI_IMED,CO_CRISTAL_TUNISIE,dga,corporate,certain,SP_19501faa8c8f15f92ab5
PERSON_HAMAMI_FAOUZI,CO_TUNISIENNE_NOUVELLE_COMMERCE,gerant,corporate,probable,SP_4a9a9ab36880a25e15f3
PERSON_BENASR_SLIM,CO_MANAGEMENT_ENGINEERING_CONSTRUCTION_ME_CO,administrateur,corporate,certain,SP_58ebc39d25098b0dbd09
PERSON_KAMOUN_MOEZ,CO_EXPERT_TRADING,gerant,corporate,certain,SP_40217833b7722f164f48
PERSON_BENMANSOUR_HOUSINE,CO_COMMERCE_PRODUITS_CERAMIQUES_ITALIEN_MATERIAUX_CONSTRUCTIONS,gerant,corporate,certain,SP_3165afdd4d14b3c6385b
PERSON_SEBAI_HOUDA,CO_PALAIS_LYS,gerant,corporate,certain,SP_897823a447863effce78
PERSON_KHALDI_ANIS,CO_CASTELLO_DATTES,gerant,corporate,certain,SP_965e68b22dbb38c2768b
PERSON_FENDRI_KHALED,CO_SOFI_ELAN_SICAF,administrateur,corporate,certain,SP_b029ff0b639e2ded27e5
PERSON_BOURICHA_ABDELAZIZ,CO_PLAZA_SICAF,actionnaire,corporate,certain,SP_74843884c08aa65bdd91
PERSON_MAHJOUB_MOHAMED,CO_MAHJOUB_CONSULTING,gerant,corporate,certain,SP_fc52752077b1c6f00507
PERSON_ABDELMOULA_MOHAMED,CO_PARACHIMIC,gerant,corporate,certain,SP_6dab5469bfbf77357db5
PERSON_BENSALEM_RAFAA,ORGMENTION_TUNSTORE SA,administrateur,corporate,certain,SP_cbead3d05195a7374308
PERSON_BENSALEM_ZAKARIA,ORGMENTION_TUNSTORE SA,administrateur,corporate,certain,SP_d9ea3f954d534c10a657
PERSON_BENSALEM_KORAICH,ORGMENTION_TUNSTORE SA,administrateur,corporate,certain,SP_7165ca1bbb6e052c562e
PERSON_BENSALEM_KORAICH,ORGMENTION_TUNSTORE SA,president_ca,corporate,certain,SP_f1aae1e01e9aea36d4c5
PERSON_OMRANE_MARWEN,CO_PHARMA_CLEAN_ROOM,cogerant,corporate,certain,SP_16a943d83ef1ab58e46c
PERSON_BENAMARA_KAMEL,CO_BIZERTA_BEACH_SPORT,gerant,corporate,certain,SP_9bca2d67e6a8dda7ad8b
PERSON_TRIKI_KARIM,CO_AWMC_INTERNATIONAL,gerant,corporate,certain,SP_617f3b0ceb3dabe6dee8
PERSON_CHAABANE_YOUSEF,CO_JINENE_TEZDAINE,gerant,corporate,certain,SP_91b951b5760523391667
PERSON_DERBEL_FAYCEL,CO_IMMOBILIERE_IKRAM,commissaire_aux_comptes,corporate,certain,SP_b39d2fb06f73b75c0b46
PERSON_SELAMI_MONCEF,CO_GRAND_MAGHREB_MEDIAS,pdg,corporate,certain,SP_500a8ba8007774fd5afb
PERSON_HAMROUNI_AMEL_MEDEB,CO_OPIC,gerant,corporate,certain,SP_aa20294428275dc31df9
PERSON_OUERDIANE_JALEL,CO_NOKIA_SOLUTIONS_AND_NETWORKS_TUNISIA,unspecified,corporate,certain,SP_343ed0c28fd6173ed4f7
PERSON_CIUMELI_GIACINTA,CO_COMPOLUX,gerant,corporate,certain,SP_962452264efe64a0d336
PERSON_CHAKER_INES,CO_TUNIPELLETS,pdg,corporate,certain,SP_f3d8c3b34207423b5cfe
PERSON_BOUEBDELI_KARIM,CO_TERRA_IMMOBILIERE,gerant,corporate,certain,SP_f25fe4d1eccaa833e65e
PERSON_SASI_ABDERAZEK,CO_OLIVE_UNION_TUNISIE,gerant,corporate,certain,SP_70ddae547e79204ae907
PERSON_CHABCHOUB_SOUHEILA,ORG_COMPAGNIE_TUNISIENNE_POUR_L_ASSURANCE_COMMERCE_EXTERIEUR_COT,pdg,corporate,certain,SP_2282947a5977eaa7f681
PERSON_ZOUARI_HAFEDH,CO_MAGHREBINE_TRANSPORT_TERRESTRE_SMTT,president_ca,corporate,certain,SP_23c08931198e14034d6e
PERSON_WALHA_MOHAMED,CO_OMNIPLAST,administrateur,corporate,certain,SP_d5dc3ccc74c04dbe8af6
PERSON_CASINI_CLAUDIO,CO_TUNIMAILLE,gerant,corporate,certain,SP_b0f3ed3d9e8cacb0304e
PERSON_CHAABANE_ABDENACEUR,CO_ARZAK,gerant,corporate,certain,SP_0b4789707d4e0c0fa844
PERSON_MABROUK_HABIB,CO_ATLAS_AGRICOLE,administrateur,corporate,probable,SP_a10bd94184ebb9beab4a
PERSON_HACHANA_HEDI,CO_HAZATEX,cogerant,corporate,certain,SP_f62089d949f05f3d867d
PERSON_MAGHMAGHI_NACEUR,CO_NACEUR_MAGHMAGHI_FILS_RANATEX,gerant,corporate,certain,SP_218a70fd6e09b6fc45a9
PERSON_BENYEDER_BECHIR,CO_AKYES,administrateur,corporate,certain,SP_acf872ed2d79c70bedd0
PERSON_BENYEDER_RACHID,CO_AKYES,administrateur,corporate,certain,SP_71e8d5b8c9347a4ea259
PERSON_BENYEDER_NADHIM,CO_AKYES,administrateur,corporate,certain,SP_7dbafb6dd92f0ee4fd08
PERSON_AMARA_AMEL,CO_DETERNET,gerant,corporate,probable,SP_5d4372d14d0ecd698168
PERSON_AMARA_MAHBOUBA_MHIRI,CO_DETERNET,gerant,corporate,probable,SP_6b524baca785ce367882
PERSON_PIZETI_LUCA,CO_TEX_PRINT_CUT,gerant,corporate,certain,SP_5bfd812c932bf29f462e
PERSON_TRIKI_GHAZI,CO_RIADVICE,gerant,corporate,certain,SP_8e1168075bfff29af772
PERSON_BENYEDER_NIHEL_HAJROMDHANE,CO_IMMOBILIERE_COMMERCIALE_FINANCIERE,administrateur,corporate,certain,SP_611501508679acce7f05
PERSON_BENYEDER_MALEK_SKANDRANI,CO_IMMOBILIERE_COMMERCIALE_FINANCIERE,administrateur,corporate,certain,SP_30acfdaae9de05de5db0
PERSON_BENYEDER_ISMAIL,CO_IMMOBILIERE_COMMERCIALE_FINANCIERE,administrateur,corporate,certain,SP_1967dd1521c3f85645d8
PERSON_BENYEDER_WASIM,CO_IMMOBILIERE_COMMERCIALE_FINANCIERE,administrateur,corporate,certain,SP_b2b9aed1a2d6bba4999b
PERSON_BENYEDER_HALIM,CO_PGI_HOLDING,administrateur,corporate,certain,SP_fbd82d2027ab2d30bb0f
PERSON_HAMAMI_KARIM_SABER,CO_TELOS,dg,corporate,certain,SP_f765ba6ec699cabe0d95
PERSON_LAATIRI_MONCEF,CO_TUNIPET,gerant,corporate,certain,SP_3f92a783f3800632c075
PERSON_RADHOUANI_ADEL,CO_TUNISTAR_BATTERY,administrateur,corporate,certain,SP_ced4dc1b656c4dfa3190
PERSON_SAMAALI_ABDELHAKIM,CO_TUNISTAR_BATTERY,pdg,corporate,certain,SP_0920239643aeddec3998
PERSON_TLILI_MOUNIR,CO_RESTAURANT_ALI_BABA,gerant,corporate,certain,SP_41bbae2ab7ff845f9ea2
PERSON_KAMOUN_MOHAMED,CO_MEDITERRANEAN_FOOD_PROCESS_PACKAGING_MEDIFOOD,gerant,corporate,certain,SP_1d73d7b5c137c655c269
PERSON_SALEM_HMIDA_BENSIK,CO_IDEAL_CONFECTION,gerant,corporate,certain,SP_d2d5d64c4b5b303c227a
PERSON_ABROUD_HAFEDH,CO_IDEAL_CONFECTION,gerant,corporate,certain,SP_7a5d6e57f2f0386de5f2
PERSON_KILANI_ROSTOM,CO_AMHSOFT,gerant,corporate,certain,SP_7b3bba5b70d84e87a071
PERSON_HAMAMI_MOHAMED,CO_HAMMAMI_TRANSPORT,gerant,corporate,certain,SP_c997de7e1d1776c54794
PERSON_HAMAMI_SOFIEN,CO_HAMMAMI_TRANSPORT,cogerant,corporate,certain,SP_fbd039da3a8385cdad95
PERSON_HASAN_MOHSEN,CO_MOHSEN_HASNI_PROMOTION_IMMOBILIER,gerant,corporate,certain,SP_8b5d082c93bdadd7e5d1
PERSON_ZARGOUNI_YADH,CO_MAGHREB_INVEST,dg,corporate,certain,SP_4198b16fc2b58185a761
PERSON_PECASTAINGS_FREDERIC,CO_MAGHREB_INVEST,administrateur,corporate,probable,SP_749ce488ef43dc0e6687
PERSON_BESBES_HICHEM,CO_MAGHREB_INVEST,commissaire_aux_comptes,corporate,certain,SP_93c7d1da6a25279fbee0
PERSON_MHIRI_NEJI,CO_PANOBOIS,president_ca,corporate,certain,SP_fca0c76a435773faaeb1
PERSON_YEZA_ABDELMAJID,CO_PANOBOIS,dga,corporate,certain,SP_85e21907d92635099c14
PERSON_ZOUARI_SONDES,CO_EURO_MEDITERRANEENNE_TEXTILE_BMETEX,gerant,corporate,certain,SP_decbc7db0879e01eb39f
PERSON_ZOUARI_SONDES,CO_PRINTEX,gerant,corporate,certain,SP_ebfd5e9d070895def172
PERSON_ZOUARI_SONDES,CO_INTEGE,gerant,corporate,certain,SP_4667d78cda0e8e847206
PERSON_SASI_MOHAMED,CO_GRAND_MARBRERIE_SUD,gerant,corporate,certain,SP_ccf09bab7bb1164a2282
PERSON_ZAROUK_RADHOUANE,CO_HOTELIERE_TOURISTIQUE_BALNEAIRE_MARHABA,commissaire_aux_comptes,corporate,certain,SP_261572d13e0d0b8534a7
PERSON_ENEIFER_ELYES,CO_MASRAFNA_DEQUIPEMENT_GENERAL,gerant,corporate,certain,SP_545bf5bfa544923d3f5f
PERSON_ZOUARI_NESRINE_MOALA,CO_STAM,gerant,corporate,certain,SP_e14838321561e8aa4fbd
PERSON_GHORBAL_MOHAMED,CO_POLYBETON,unspecified,corporate,certain,SP_303233b16c2f4e7159d3
PERSON_DRIS_MHAMED,CO_TOURISTIQUE_TOUR_KHALEF,administrateur,corporate,probable,SP_6065cb9ddeec0f374142
PERSON_MEDEB_SOUFIENE,CO_SUNAGRI,dg,corporate,certain,SP_83cb2bd0c82f2c1650d8
PERSON_ZOUARI_RAFIK,CO_GOLDEN_GRAINS,gerant,corporate,certain,SP_447e35bb05036fed29a7
PERSON_ZOUARI_HAGER,CO_GOLDEN_GRAINS,gerant,corporate,certain,SP_adfc73274e50b49fc169
PERSON_JARAYA_SALAH,CO_STEM,administrateur,corporate,certain,SP_b0c61cc258a2fe73b2bc
PERSON_CHARFEDINE_RIDHA,CO_UNITE_FABRICATION_MEDICAMENTS_UNIMED,commissaire_aux_comptes,corporate,certain,SP_d35cba96b483e0a7eef0
PERSON_CHARFEDINE_LOTFI,CO_UNITE_FABRICATION_MEDICAMENTS_UNIMED,commissaire_aux_comptes,corporate,certain,SP_e3ff3534bad3c1873381
PERSON_CHARFEDINE_RIDHA,CO_UNITE_FABRICATION_MEDICAMENTS_UNIMED,pdg,corporate,certain,SP_9fb1c4e724d79f046499
PERSON_HAMAMI_JIHED,CO_EAGLE_EYE_SECURITY,gerant,corporate,certain,SP_0ba27781683b3007859e
PERSON_CHAABANE_MOHAMED,CO_CHAABANE_GENERAL_SERVICES,gerant,corporate,certain,SP_8fac02d65b023bd1e23c
PERSON_SELAMI_HAFEDH,CO_RAY_EVOLUTION,gerant,corporate,probable,SP_85e50b76e304895cc732
PERSON_HAMAMI_AHMED,CO_TUNI_DEV,gerant,corporate,certain,SP_b4a0866e45e82aa5903a
PERSON_SOUKI_SALAH,CO_CIL_SICAR,administrateur,corporate,certain,SP_2ab7732f329d42f5a94a
PERSON_BRIGUI_MOHAMED,CO_CIL_SICAR,administrateur,corporate,certain,SP_6d1c89f7c00c6cc495bf
PERSON_ZIADI_KILANI,CO_CIL_SICAR,administrateur,corporate,certain,SP_f3354d4ab9fe200049bb
PERSON_CHARFEDINE_LOTFI,CO_SARAH_HUILES,administrateur,corporate,probable,SP_64da2c3529b5546b2a99
PERSON_CHARFEDINE_RIDHA,CO_SARAH_HUILES,pdg,corporate,probable,SP_67f62d43e61f0d14f96e
PERSON_BOUKARI_MABROUK,CO_PUB_LOISIRS,gerant,corporate,certain,SP_cf6b7162a0499dd7cd75
PERSON_BOUREGDHA_MAYA,CO_JURISMED,gerant,corporate,certain,SP_92d171864935e24cccd2
PERSON_SASI_ANIS_BENBADREDINE,CO_ELECTRO_JAWHARA,gerant,corporate,certain,SP_25fcd5aa10bf710bd852
PERSON_SELAMI_MOHAMED,CO_BISSA_PROMOTION_IMMOBILIERE,gerant,corporate,certain,SP_b50ad1465abf7109312d
PERSON_KARMA_SAMI,CO_STANDARD_SHARING_SOFTWARE_3S,commissaire_aux_comptes,corporate,certain,SP_55956a78cfdb5971b5bd
PERSON_MHIRI_NEJI,ORGMENTION_Société Clinique de Sousse,pdg,corporate,probable,SP_2634ad0ea7673b26a99e
PERSON_FEVRIER_THIERY,CO_ZODIAC_SEATS_TUNISIE,gerant,corporate,certain,SP_cdfe640d2e0d4924b78c
PERSON_ZGHIDI_ADNENE,CO_IS_TECHNOLOGIE,commissaire_aux_comptes,corporate,certain,SP_a8421c2f688b8c5fd1aa
PERSON_BENBRAHIM_MOHAMED_HEDI,CO_CLUB,association_president,corporate,certain,SP_795d6e83451094a32360
PERSON_JBELI_IBRAHIM,CO_CLUB,secretaire_general,corporate,certain,SP_5ef5b34ebba64e577b00
PERSON_ALOUINI_SABER,CO_CLUB,treasurer,corporate,certain,SP_81959f077354c576be84
PERSON_TRIKI_RADHOUANE,CO_TRIKI,gerant,corporate,certain,SP_98d9b68aaa76f0cbf402
PERSON_GUERMAZI_AHMED,CO_PARADISE_TRAVEL,gerant,corporate,certain,SP_e707d0adb64613cbee98
PERSON_MOKHTAR_FETHI,CO_SACINOR,president_ca,corporate,certain,SP_1b51954a50c986ce36c6
PERSON_MOKHTAR_SADRI,CO_SACINOR,administrateur_delegue,corporate,certain,SP_aa2ac4a4646e140897ff
PERSON_BENYAHIA_AFIF,CO_COMPAGNIE_INTERNATIONALE_LEASING,administrateur,corporate,certain,SP_ae830fd651950bfe265b
PERSON_BENHASINE_KHALED,CO_COMPAGNIE_INTERNATIONALE_LEASING,administrateur,corporate,certain,SP_8058da8f207d740faf2b
PERSON_MANSOUR_AHMED,CO_ALLIANCE_PHARMA,president_ca,corporate,certain,SP_19c8c2f743a3154bf10a
PERSON_BENSALEM_MONCEF,CO_REGIONALE_TRANSPORT_MARCHANDISES_SAHEL,administrateur,corporate,certain,SP_41c73009ff7f73f9533a
PERSON_BENSALEM_MONCEF,CO_REGIONALE_TRANSPORT_MARCHANDISES_SAHEL,unspecified,corporate,certain,SP_3a267a67b2c34e3ea467
PERSON_ABDENADHER_THAMEUR,CO_NASR_CONTRACTORS,dg,corporate,certain,SP_3ae32f0141392aabe47f
PERSON_HAMAMI_MOHAMED,CO_GENERAL_SERVICES_AUTOS,cogerant,corporate,certain,SP_c32084b53143378bcfca
PERSON_TRABELSI_MOHAMED,CO_DAR_IDRISS_ALUMINIUM,gerant,corporate,certain,SP_2e87d3bd66f874bd071d
PERSON_TLILI_MABROUK,CO_LUNIVERS_FARINE_POISSON,gerant,corporate,certain,SP_b9fbdc496078f3912f4f
PERSON_MOULALI_LOTFI,CO_SUFFETULA_OLIVE_OIL,dg,corporate,certain,SP_b4ffb071bd2d4371c7bf
PERSON_KHECHINE_NACEUR,CO_INSIDE_TUNISIA,cogerant,corporate,certain,SP_a2748a439bf47d35b1e2
PERSON_MAOUA_MOUNA,CO_MOUNA_CONFECTION,gerant,corporate,certain,SP_2fa1744e2d0dbbd6bdd0
PERSON_ZOUARI_RAFIK,CO_CARTHAGE_BULK_COMPANY,gerant,corporate,certain,SP_0742fe08ef1aca20cde6
PERSON_ZOUARI_HAGER,CO_CARTHAGE_BULK_COMPANY,gerant,corporate,certain,SP_9b3fa68fa0b52849385a
PERSON_TRIKI_KAMEL,CO_SETRAP,gerant,corporate,certain,SP_19f4bb5e1d869c7b7fd9
PERSON_MTAR_SAMI,CO_AL_CHIMY,administrateur,corporate,certain,SP_006f9b4e98ccce86a55f
PERSON_SIDHOM_MOUNA,CO_AL_CHIMY,administrateur,corporate,certain,SP_e1aa6bceb6facff2bc1a
PERSON_MTAR_SAMI,CO_AL_CHIMY,pdg,corporate,certain,SP_9ce38d47fde1bb8a8757
PERSON_SELAMI_MONCEF,CO_FUBA,president_ca,corporate,probable,SP_f7659b261a5168057d3c
PERSON_SELAMI_SLIM,CO_FUBA,dg,corporate,probable,SP_d8cc4c258ce1f16879aa
PERSON_ZARGOUNI_HASEN,CO_MICROCRED_TUNISIE,president_ca,corporate,certain,SP_7a0d3b1b6869945be4fa
PERSON_GORMIT_RAMZI,CO_KHALIL_HOLDING,gerant,corporate,certain,SP_69a3954e74c1f4c07d4e
PERSON_BENSAHRA_WAFA,CO_MODE_IN_FRANCE,gerant,corporate,certain,SP_347f505ffe025f1f39fe
PERSON_BENHATIRA_TAHER,CO_TUNISIENNE_GARANTIE,pdg,corporate,certain,SP_ef68cf7e83a049d41771
PERSON_OUN_SALAH,CO_HAZOUA_DATTES,dga,corporate,certain,SP_b3d82e5cc3390f6831ed
PERSON_KALEL_SAMIR,CO_SPECTRA_PEINTURE,gerant,corporate,probable,SP_b743e4532d947b4d06de
PERSON_HOUWAS_ANIS,ORG_ASSOCIATION_TUNISO_ALLEMANDE_D_ECHANGE_CULTUREL,association_president,corporate,certain,SP_f18196453141f269fa87
PERSON_HAMAMI_NASIB,ORG_ASSOCIATION_TUNISO_ALLEMANDE_D_ECHANGE_CULTUREL,secretaire_general,corporate,certain,SP_4a7bcf17b16612d3943b
PERSON_LAABIDI_IMED,ORG_ASSOCIATION_TUNISO_ALLEMANDE_D_ECHANGE_CULTUREL,treasurer,corporate,certain,SP_82c9f143e8242db5c0a0
PERSON_CHAABENE_AFEF,ORG_ASSOCIATION_TUNISO_ALLEMANDE_D_ECHANGE_CULTUREL,vice_president,corporate,certain,SP_a17d999ae5ee7e272543
PERSON_BENRHOUMA_HATEM,CO_VITAL,gerant,corporate,certain,SP_aed0ac039be052cf8bc3
PERSON_MABROUK_HABIB,CO_DALIA,pdg,corporate,probable,SP_e6d93e7a4e6719628992
PERSON_HAMAMI_HANEN,CO_MAJD_AMEN_IMPORT_EXPORT,gerant,corporate,certain,SP_77fee01d9a22c570c67f
PERSON_KHECHINE_AMIN,CO_RESIDENCE_HAMMAMET,administrateur,corporate,certain,SP_4075b2434ac1d5ff252b
PERSON_KHECHINE_FAOUZIA,CO_RESIDENCE_HAMMAMET,dg,corporate,certain,SP_dabcf6b7668f61cd8d3c
PERSON_KHECHINE_HATEM,CO_RESIDENCE_HAMMAMET,dga,corporate,certain,SP_c67527ffe44537a812af
PERSON_GHRIBI_SAMIRA,CO_AL_BARAKA_BANK,dga,corporate,certain,SP_b5ba1fa542693c4f0fb4
PERSON_GARBOUJ_HATEM,CO_SACINOR,dg,corporate,certain,SP_7de496a2123ced8f83eb
PERSON_HAMAMI_HAFEDH,CO_TUNISIENNE_HYDRAULIANTS,gerant,corporate,certain,SP_577c704c24c518d455cd
PERSON_SLAMA_CHIHEBEDINE,CO_HORIZON_COFFEE_HOUSE,administrateur,corporate,certain,SP_e8f8a418d630f403541a
PERSON_SLAMA_GHASEN,CO_HORIZON_COFFEE_HOUSE,administrateur,corporate,certain,SP_d2c4aad7db97726c55a0
PERSON_LAAJIMI_RAMLA_SLAMA,CO_HORIZON_COFFEE_HOUSE,administrateur,corporate,certain,SP_0a19e0eb752b97601c59
PERSON_SLAMA_GHASEN,CO_HORIZON_COFFEE_HOUSE,pdg,corporate,certain,SP_ae20a189ff47c4c86c4f
PERSON_ELOUMI_ABDELAZIZ,CO_HISTORY_FITNESS,gerant,corporate,probable,SP_247ee68494c62b2a0181
PERSON_ATIA_HELA_KASAB,CO_AWTAR_HOLDING,gerant,corporate,certain,SP_ac96e3d5e3d690253f9c
PERSON_ZUCHERELI_GIUSEPE,CO_VITROPLANT_TUNISIA,unspecified,corporate,certain,SP_e5186eda3974ded179c8
PERSON_GRILI_GERARDO,CO_VITROPLANT_TUNISIA,unspecified,corporate,certain,SP_a012760ac2b40253e67f
PERSON_LABAIED_MONCEF,CO_VITROPLANT_TUNISIA,unspecified,corporate,certain,SP_53530f6b67702a05636c
PERSON_HAMAMI_RACHID,CO_VITROPLANT_TUNISIA,unspecified,corporate,certain,SP_a0d675a43e6df62d8daa
PERSON_MASTINI_REALDO,CO_VITROPLANT_TUNISIA,unspecified,corporate,certain,SP_067944c745d3fcd3c1d8
PERSON_LOUKIL_BASEM,CO_SODEX,pdg,corporate,probable,SP_f70483fa4bdf45c296d3
PERSON_LOUKIL_BASEM,CO_SODEX,administrateur,corporate,probable,SP_c84078887f213e185043
PERSON_GHALI_FETHI,CO_PHENICIA_DEVELOPPEMENT_SICAR,dg,corporate,certain,SP_32dafd496754aab17d9b
PERSON_GHALI_MONDHER,CO_PHENICIA_DEVELOPPEMENT_SICAR,president_ca,corporate,certain,SP_a34113408eab74931eab
PERSON_BENSALEM_KORAICH,CO_SICAF_BS,president_ca,corporate,certain,SP_0009b26542dd0f24b0dc
PERSON_BENSALEM_ZAKARIA,CO_SICAF_BS,dg,corporate,certain,SP_01bdfabb84808c35c0fc
PERSON_FRIKHA_MOHAMED,CO_MONDIAL_EXPORT,commissaire_aux_comptes,corporate,probable,SP_d9b0783dbb2fbc9100dd
PERSON_BENSALEM_ZAKARIA,CO_KMK,cogerant,corporate,certain,SP_c5ae24e0f8775e2316c5
PERSON_BENSALEM_ZAKARIA,CO_INVESTEX,gerant,corporate,certain,SP_4f20a61880026523b4c9
PERSON_BENSALEM_KORAICH,CO_INVESTEX,cogerant,corporate,certain,SP_f38c535391d93404e352
PERSON_NAKBI_HEDI,CO_BRIQUETERIE_CENTRE_MENZEL_HAYET,cogerant,corporate,probable,SP_eee25a2030e4c4950d9e
PERSON_NAKBI_SLIM,CO_BRIQUETERIE_CENTRE_MENZEL_HAYET,cogerant,corporate,probable,SP_261e67559e6b4bad2a58
PERSON_ZOUARI_ABDALAH_BENAMEUR,CO_ZOUARI_VENTE_MATERIAUX_CONSTRUCTION,gerant,corporate,certain,SP_641f81fa8c1e2cc7f686
PERSON_SELAMI_MAHMOUD,CO_TRANSFORMATION_INDUSTRIELLE_METAL_SOTIMETAL,unspecified,corporate,probable,SP_d088be1183fe2a3e9d5f
PERSON_TRIKI_SAMIA_SELAMI,CO_TRANSFORMATION_INDUSTRIELLE_METAL_SOTIMETAL,unspecified,corporate,probable,SP_b638366a3a51fe77f288
PERSON_SELAMI_LOTFI,CO_TRANSFORMATION_INDUSTRIELLE_METAL_SOTIMETAL,unspecified,corporate,probable,SP_fed4d521eba1d4b96bcc
PERSON_SELAMI_HABIB_BENALI,CO_TRANSFORMATION_INDUSTRIELLE_METAL_SOTIMETAL,unspecified,corporate,probable,SP_d9f2b0271f05d2d65cf8
PERSON_SELAMI_LOTFI,CO_MAHMOUD_AGRICOLE,gerant,corporate,certain,SP_546dcc8354f741b45ffa
PERSON_HAMROUNI_BAYREM,CO_PRALIDOR,cogerant,corporate,certain,SP_e8a396be49c8359ea89e
PERSON_HADAR_MOHAMED,CO_CODIPRO,gerant,corporate,certain,SP_704641962b7cff735b99
PERSON_BENSOUILAH_MOHAMED_CHAHIR,CO_MARBRERIE_CHAABANE,gerant,corporate,certain,SP_a59863836299be9e6844
PERSON_FALGON_CLAUDE,CO_ADVANS_TUNISIE,president_ca,corporate,certain,SP_d3b04eef8cd5f53b4ff4
PERSON_KHECHINE_ABDELHAMID,CO_ATLAS_AUTOMOBILE_HOLDING,pdg,corporate,certain,SP_a682b6d6744b79c73cfb
PERSON_SLAMA_MOHAMED,CO_MAJIC_WORLD,cogerant,corporate,certain,SP_67ff2ebfe071edc68e0f
PERSON_ABDELFATEH_MABROUK,CO_NAKHIL,gerant,corporate,certain,SP_7717e04c6ea273efc87a
PERSON_BRAHIM_MONIA,CO_TS_ELEC,gerant,corporate,certain,SP_bd41ef4c800379ab071e
PERSON_ELGHOUL_HAZEM,CO_SERPHADOM,administrateur_delegue,corporate,certain,SP_ffa1db041c91c6452cce
PERSON_LOUKIL_WALID,CO_SODEX,dga,corporate,probable,SP_0bb54af3a957ab744517
PERSON_KHECHINE_AMIN,CO_ESPACE_A_2,administrateur,corporate,certain,SP_7f82d66ecca7f00a327c
PERSON_KHECHINE_FAOUZIA,CO_ESPACE_A_2,dg,corporate,certain,SP_4cf63c6088d222069199
PERSON_KHECHINE_YOUSRI,CO_ESPACE_A_2,dga,corporate,certain,SP_08dc90fb015143c8faa6
PERSON_KHECHINE_AMIN,CO_AMEN_VOYAGES,administrateur,corporate,certain,SP_371550c7218e8da14b9d
PERSON_KHECHINE_FAOUZIA,CO_AMEN_VOYAGES,dg,corporate,certain,SP_243bd2a10a0e52bd32e2
PERSON_KHECHINE_HATEM,CO_AMEN_VOYAGES,dga,corporate,certain,SP_d269430878d87bc99a9d
PERSON_HAMAMI_HOUSINE,CO_MASSUCAULT_CONSTRUCTION_METALLIQUE,gerant,corporate,certain,SP_b655ca599c9655063884
PERSON_KILANI_MOHAMED_KHALED,CO_BUISNESS_WEB,gerant,corporate,certain,SP_71526bdc682f31cfa0d9
PERSON_BOURICHA_ABDERAZEK,CO_MOHAB_PROJECTS_LOGISTICS,gerant,corporate,certain,SP_2169efdf9234c91f1975
PERSON_TISERAND_THIERY,CO_SCHNEIDER_ELECTRIC_FRANCE,representant,corporate,certain,SP_d82ab9183df0e2cb5d9d
PERSON_JEMAA_YNEN,CO_UNION_FINANCIERE,dga,corporate,certain,SP_208e4479109f666b2b5d
PERSON_NAIFER_NAFAA,CO_TOP_FASHION,cogerant,corporate,certain,SP_bccd683560cad7dc56fc
PERSON_BENMOHAMED_MOHAMED,CO_NORD_TRAVAUX_PUBLICS,gerant,corporate,certain,SP_506d1dafae001a5882ce
PERSON_VILANO_GENARO,CO_BESTRADE_INTERNATIONAL_HOLDING_TUNISIE,gerant,corporate,certain,SP_f36e5599bdbc0d08939f
PERSON_RUBAGOTI_CLAUDIO,CO_BESTRADE_INTERNATIONAL_HOLDING_TUNISIE,gerant,corporate,certain,SP_bbdd297b073153cea8f8
PERSON_ZOUAGHI_HASEN,CO_REGIONALE_COMMERCE_GOUVERNORAT_BEJA,president_ca,corporate,probable,SP_87b958dc3ff89ad5da74
PERSON_LINCZOWSKI_ERIC,CO_OZALIS,gerant,corporate,probable,SP_af26214f63fa0bb04e33
PERSON_FAKHFAKH_HAMADI,CO_STPA,gerant,corporate,certain,SP_de56d339b2273be516df
PERSON_MAKHLOUFI_ABDELAZIZ,CO_OLIVOLIO,gerant,corporate,certain,SP_97cf131f06a9334327b7
PERSON_KOOLI_ALI,CO_ROMA,gerant,corporate,certain,SP_59b2d6ab2c78ae57293f
PERSON_MABROUK_NEJIB,CO_LOUJINE_COMMERCE,gerant,corporate,certain,SP_9578bd3086809d64b6bc
PERSON_ZITOUNI_MOHAMED_SAMI,CO_EASY_BATIMENT,gerant,corporate,probable,SP_d3737287a1a141e223d0
PERSON_KHELIFI_BECHIR,CO_EURO_SHARPS_TERMINATOR_TUNISIA,gerant,corporate,certain,SP_c3cb3c5fc96b9d7b0657
PERSON_BENAMOR_FRAJ,CO_SOUROUR_SERVICE_BATIMENT,gerant,corporate,certain,SP_3bb0d58e7ea0afd6f1db
PERSON_SAADALAH_SOFIEN,CO_MARMOTECK,gerant,corporate,certain,SP_ad427f31eaf6692570c5
PERSON_ZOUARI_MOHAMED,CO_ROYAL_BUSINESS_TRADING,gerant,corporate,certain,SP_db31e8fcd544525f2eaa
PERSON_JENAYAH_BECHIR,CO_RESIDENCE_AMILCAR,administrateur,corporate,probable,SP_6a626997007b23e8224b
PERSON_TANAZEFTI_ABDALAH,CO_CCI_TUNISIE,gerant,corporate,probable,SP_365bfc7bb749596508b4
PERSON_ZAABI_MOHAMED,CO_ZAABI_TRANSPORT_MARCHANDISES,gerant,corporate,certain,SP_b4ce13a8588c7ca56bb1
PERSON_HAMDI_MOUNIR_BALTI,CO_BALTI_NEGOCE_INTERNATIONAL,gerant,corporate,certain,SP_d38aadcbc2b741d1eb30
PERSON_KRAUT_MARC,CO_NANI,gerant,corporate,certain,SP_81ff935842daf54f9271
PERSON_LOUKIL_BASEM,CO_ECONOMIC_AUTO,president_ca,corporate,certain,SP_6468b250b4992a4dc842
PERSON_MAJOUL_ANIS,CO_ECONOMIC_AUTO,dg,corporate,certain,SP_4b9a862268ede653c476
PERSON_SELAMI_MOHAMED,CO_MANUFACTURE_CONFECTION_SUD,gerant,corporate,certain,SP_f95cd2d48c12cd55d80a
PERSON_BOUAOUAJA_GHASEN,CO_NEGOCE_PLUS,gerant,corporate,certain,SP_0ed14d3caf903ad6307d
PERSON_TRIKI_MOHAMED,CO_TRIKI_COMMERCE_PRODUITS_MEDICAUX_PARA_MEDICAUX_EN_GROS,gerant,corporate,certain,SP_cce55100046fcd103be3
PERSON_SASI_MOUNIRA,CO_EASY_TELNET,gerant,corporate,certain,SP_95e7d583483588fe8509
PERSON_JAIDANE_RIADH,CO_TUNMOB,representant,corporate,certain,SP_eee55f79d1887f644c2d
PERSON_MESADI_YOSR,CO_TUNMOB,representant,corporate,certain,SP_5b6f90a0d428579ee97f
PERSON_HAMROUNI_FAYCEL,CO_AUDIT_CONSULTING_MANAGEMENT_D_ENTREPRISE,gerant,corporate,certain,SP_a2bfe190be1e52d4800b
PERSON_TEMIMI_TIJANI,CO_TEMIMI_TIJANI,gerant,corporate,certain,SP_aa136b48b2f5a5fdf84e
PERSON_JEMIA_KAIS,CO_CARTHAGE_CEMENT,administrateur,corporate,certain,SP_fd4ed14d6e9b3771e350
PERSON_BENGHARBIA_MEHDI,CO_WORLD_AUTO_SERVICES,president_ca,corporate,certain,SP_5ba59a889c8f8ff8e3f2
PERSON_KILANI_MEJDI,CO_SHAMS_TECHNOLOGY,pdg,corporate,certain,SP_d2ee9a2b67501d81535f
PERSON_TRIGUI_THAMEUR,CO_AFKAR_IMMOBILIERE,gerant,corporate,certain,SP_621f24eec3a3cdabd2ce
PERSON_KAMOUN_MOHAMED,CO_AFKAR_IMMOBILIERE,cogerant,corporate,certain,SP_82e774630c99569f310c
PERSON_CHAABANE_YAHIA_BENHASINE,CO_FRANCO_TUNISIENNE_DAUTOMATISMES_INDUSTRIELS_FTAI,gerant,corporate,certain,SP_ba906c6ee99f7f35ff48
PERSON_HAMROUNI_LOTFI,CO_D_ETUDES_DEVELOPPEMENT_HOUMET_ESSOUK_JERBA,administrateur,corporate,probable,SP_38764f305f3e07d86cda
PERSON_STAALI_AKRAM,CO_NOKIA_SOLUTIONS_AND_NETWORKS_TUNISIA,administrateur,corporate,certain,SP_20e0c869005bf6f78ec0
PERSON_KILANI_KARIM,CO_LOGISTIKA_INTERNATIONAL,cogerant,corporate,certain,SP_19ef399c06b883439dba
PERSON_DIMASI_MOURAD,CO_SERVICOM_IT,dg,corporate,certain,SP_b30c72716871934566de
PERSON_LOUKIL_BASEM,CO_GENERALE_INDUSTRIELLE_FILTRATION,administrateur,corporate,certain,SP_fb49a9383e5b75aec3bf
PERSON_LOUKIL_BASEM,CO_GENERALE_INDUSTRIELLE_FILTRATION,pdg,corporate,certain,SP_f6320023ea5de2999b1a
PERSON_CHAABANE_HATEM,CO_GROS_LABO,gerant,corporate,certain,SP_1f60c8069c6a2c9281be
PERSON_BENAHMED_GHAZI,ORG_ASSOCIATION_LINITIATIVE_MEDITERRANEENNE_POUR_DEVELOPPEMENT,association_president,corporate,certain,SP_35d7b7108b4596c5a620
PERSON_BENABDALAH_MEHDI,ORG_ASSOCIATION_LINITIATIVE_MEDITERRANEENNE_POUR_DEVELOPPEMENT,secretaire_general,corporate,certain,SP_dc17598ceb9c928934a4
PERSON_TEKAYA_SLIM,ORG_ASSOCIATION_LINITIATIVE_MEDITERRANEENNE_POUR_DEVELOPPEMENT,treasurer,corporate,certain,SP_303af458fff87507dd27
PERSON_TRIKI_BELGACEM_BENKHLIFA,CO_CONSTRUCTION_INDUSTRIELLE_GABES,gerant,corporate,certain,SP_b327cee207f18528e0e9
PERSON_FERCHIOU_YOUNES,CO_LACERAMIC,pdg,corporate,certain,SP_728fa38f93d51e03a4f7
PERSON_ZGHIDI_ADNENE,CO_CENTRALE_LAITIERE_MAHDIA,commissaire_aux_comptes,corporate,certain,SP_5895c8c78fcc409d24e6
PERSON_TRIKI_MAHMOUD,CO_MEDITERRANEAN_INTITUTE_OF_TECHNOLOGY_MED_TECH,pdg,corporate,certain,SP_48355e554d97b20b9ab9
PERSON_FRIKHA_MOHAMED,CO_RUSPINA_DISTRIBUTION,gerant,corporate,certain,SP_6561adb5cefedae7fae5
PERSON_KAMOUN_HABIB,CO_PLASTICUM_TUNISIE,pdg,corporate,certain,SP_953664a4e139fd28e0fa
PERSON_LAARIBI_TAHER,CO_STEG,administrateur,corporate,certain,SP_57b07401bba7240a89e5
PERSON_ZOUARI_INES,CO_HAMILA_DISTRIBUTION,gerant,corporate,certain,SP_eaa5b82732ebaece3c26
PERSON_HORCHANI_SAMIR,CO_INTERLINK_FOODS_EXPORT_COMPANY,gerant,corporate,certain,SP_e3fe87cc953223f59ce0
PERSON_KHALFALAH_MOHAMED_SALAH,CO_ARC_EN_CIEL,pdg,corporate,certain,SP_f076a3e3544286b67363
PERSON_KHALFALAH_MORCHED,CO_ARC_EN_CIEL,dga,corporate,certain,SP_f07b23072b08432b3254
PERSON_HORCHANI_NAILA,CO_ONE_TECH_HOLDING,administrateur,corporate,certain,SP_d99034eb50ac7ab1b1c8
PERSON_RUBAGOTI_CLAUDIO,ORGMENTION_MEDITERRANEE CONSERVES SARL,gerant,corporate,certain,SP_11be43ffd23913b30ce4
PERSON_VILANO_GENARO,ORGMENTION_MEDITERRANEE CONSERVES SARL,gerant,corporate,certain,SP_d8ea5575649bb574ed15
PERSON_FENDRI_SLIMA_GHDEMSI,CO_AGRICOLE_TRIAGA,gerant,corporate,certain,SP_93a861173343f117f487
PERSON_HORCHANI_RACHED,CO_HORCHANI_FINANCE,gerant,corporate,certain,SP_1a1e86b67ed3dd3324a9
PERSON_BENSALEM_ALI,CO_BS_E_CIG,gerant,corporate,certain,SP_cde6e85e7d6f9f90b80d
PERSON_MZABI_SKANDER_FADHEL,CO_LUXE_IMMO,cogerant,corporate,certain,SP_ab124dee0d27cd84416b
PERSON_CHAABOUNI_AHMED,CO_CYMOD,gerant,corporate,certain,SP_8bb0ab467c7fba667450
PERSON_HAMAMI_AMIRA,CO_BEPHONE,gerant,corporate,certain,SP_7591ede7012348038280
PERSON_AYADI_KAMEL,CO_CYCLOKAM,gerant,corporate,certain,SP_45a0de73758b0ee8aec9
PERSON_BOUJBEL_AHMED,CO_AIN_FAOUARA_MERIEM,pdg,corporate,certain,SP_5d6e9aafd81bafee2551
PERSON_AOUJI_TAREK,CO_MGI_COUTIER_TUNISIE,gerant,corporate,certain,SP_724d45b3354bb8cc928a
PERSON_KAROUI_GHAZI,CO_KAROUI_KAROUI_INTERNATIONAL,gerant,corporate,certain,SP_ffce446fa95061949fd1
PERSON_BENSALAH_MOHAMED,CO_IMMOBILIERE_81,gerant,corporate,certain,SP_ac528b3bddf54a501644
PERSON_KAMOUN_SLIM,CO_WOOD_SPACE,gerant,corporate,certain,SP_678b62a4d3402ed6309e
PERSON_MABROUK_MOHSEN,CO_SMART_E_TECH,gerant,corporate,certain,SP_5ff8f1a74cc5231316d3
PERSON_KAROUI_GHAZI,CO_KAROUI_KAROUI_ENTERTAINMENT,gerant,corporate,certain,SP_742df9cc31569249b959
PERSON_LAHMAR_MOHAMED,CO_MEDITERRANEENNE,gerant,corporate,certain,SP_35764018e438790430d4
PERSON_MABROUK_FRAJ_KHALIFA_BELKACEM,CO_VENICE_INTERNATIONALE_COLTD,gerant,corporate,certain,SP_749d6ad16ea2a14a42ae
PERSON_CHAABANE_WASIM,CO_OLIVE_ART,gerant,corporate,certain,SP_c52388dbcdd07f6e4582
PERSON_DRIS_AZIZA,CO_GESTION_COMMERCIALE_LORCHLDDEE,gerant,corporate,certain,SP_21063da7d47d8c1684b4
PERSON_HAMAMI_BECHIR,CO_AZIZ_POUR_COMMERCE,gerant,corporate,certain,SP_c2f55d8008c75d9fefe6
PERSON_AOUADI_RAOUF,CO_MAXULA_CAPITAL,dg,corporate,certain,SP_3b0ebb8f45c69c839287
PERSON_MEFTEH_SAJIAA,CO_HOLDING_COMPANY_FOR_PETROLEUM_AND_SAFETY_EQUIPMENT_HOCPESE,gerant,corporate,certain,SP_316da1c9fe2291ef6dfb
PERSON_KHECHINE_MOHAMED_AMIN,CO_AK_CONSULTING_INT,gerant,corporate,certain,SP_893e2ae47d95926e9c47
PERSON_MOUSAOUI_YAHIA,CO_VEXIN_FRANCAIS,gerant,corporate,certain,SP_da8578e3885ec6e8e6ce
PERSON_NEGRA_RAOUF,CO_CONSEIL,administrateur,corporate,certain,SP_23dabd056207d916189a
PERSON_KAROUI_GHAZI,CO_KAROUI_KAROUI_REAL_ESTATE,gerant,corporate,certain,SP_33f02e026330de4fc9d2
PERSON_KAMOUN_SKANDER,CO_HYGIENE_PLUS,gerant,corporate,certain,SP_e9261085331ae871d088
PERSON_MEMI_WALID,CO_MULTISERVICES,gerant,corporate,certain,SP_1ebd0859358d25a1d939
PERSON_SLAMA_GHASEN,CO_THOURAYA_COMMERCE_DETAIL,pdg,corporate,certain,SP_2467d4af1006891bbae9
PERSON_KAMOUN_MOURAD,CO_L_IMMOBILIERE_TMS_KAMMOUN_FRERES,gerant,corporate,certain,SP_deca60fee54fa7e8054d
PERSON_FERTANI_KHALED,CO_BIKINI_BEACH_CONCEPT,gerant,corporate,certain,SP_e4078249ec29f872371e
PERSON_BENSAAD_ABDELJELIL,CO_INOV_PSE,administrateur,corporate,certain,SP_eb6b0650b25e9f85c421
PERSON_BABOU_ALI,CO_INOV_PSE,administrateur,corporate,certain,SP_c8fc1140aea150effde7
PERSON_BENBACHI_MOEZ,CO_INOV_PSE,administrateur,corporate,certain,SP_eafdfbdd98944238fdeb
PERSON_MHIRI_SAMI,CO_L_IMMOBILIERE_SIDI_ABDELHAMID,gerant,corporate,certain,SP_fafecb84cbe5133c3a90
PERSON_CHRAIEF_HICHEM,CO_CENTRALE_LAITIERE_BIZERTE,pdg,corporate,certain,SP_ee80e8d7a5045d2a84bb
PERSON_BENABES_HEDI,CO_CONSULT_INVEST_COMPANY,gerant,corporate,certain,SP_6d199a201d08601f8b7f
PERSON_HAMAMI_RAWIA,CO_BEST_MOTEUR,gerant,corporate,certain,SP_48ff9df7894e798c9e15
PERSON_TRABELSI_MOHAMED,CO_TECHNICS_MULTIMEDIA,gerant,corporate,certain,SP_c4f3a6ec6c19b96cf17e
PERSON_HAMAMI_HICHEM,CO_CLICK_INFORMATIQUE,gerant,corporate,certain,SP_f3931fce94acc596a7c6
PERSON_BAYAHI_YAHIA,CO_NEW_LIFE_CONCEPT,commissaire_aux_comptes,corporate,certain,SP_c1802add8d89d50c1027
PERSON_BAYAHI_TAHER,CO_NEW_LIFE_CONCEPT,commissaire_aux_comptes,corporate,certain,SP_243d56edc2e1f384e1b7
PERSON_BAYAHI_TAIEB,CO_NEW_LIFE_CONCEPT,commissaire_aux_comptes,corporate,certain,SP_1d59748b3485c7c7cb86
PERSON_BENGHAZI_AHMED,CO_NEW_LIFE_CONCEPT,commissaire_aux_comptes,corporate,certain,SP_4ca775e5a0912ce76381
PERSON_BAYAHI_TAHER,CO_NEW_LIFE_CONCEPT,pdg,corporate,certain,SP_f6b1ca320d6c826e7472
PERSON_ELOUMI_MOEZ,CO_SMART_TRADING_COMPANY,gerant,corporate,certain,SP_92356c16ec61ba7285b7
PERSON_CHAABANE_SAMI,CO_UNITED_TUNISIAN_COMPANY,gerant,corporate,certain,SP_5b8d0c6708578dd453b4
PERSON_MEZLINI_RIADH,CO_WIP_CONFECTION,gerant,corporate,certain,SP_d426cb5ccf117075b36d
PERSON_AYADI_FETHI,CO_RIMASO_RENT_A_CAR,gerant,corporate,certain,SP_8d2c98874fdb166e31cf
PERSON_BENYOUSEF_AHMED,CO_TUNISIE_SECURITE,dg,corporate,certain,SP_c5591173d64c137d50f1
PERSON_MEJRI_NADIA,CO_TUNINVEST_CORPORATE_FINANCE,gerant,corporate,certain,SP_00ed47ef596b5006d4dd
PERSON_POUPON_PATRICK,CO_UBCI_CAPITAL_DEVELOPPEMENT,president_ca,corporate,certain,SP_25d96908a07111fc2829
PERSON_BENSLIMANE_KARIM,CO_UBCI_CAPITAL_DEVELOPPEMENT,dg,corporate,certain,SP_725272c6db9c714505b6
PERSON_ABDENADHER_AMIN,CO_BANNI_BANNI_CONSULTING,gerant,corporate,certain,SP_0ac962fa302067f9d2f3
PERSON_CHAABANE_NAJD,CO_GLOBAL_BUSINESS_AND_TRADING_COMPANY,gerant,corporate,certain,SP_46c4c5ca842acf9ad31e
PERSON_CHAABANE_NIHED,CO_GLOBAL_BUSINESS_AND_TRADING_COMPANY,cogerant,corporate,certain,SP_d5c00b699c13c1d077d6
PERSON_BOUATAY_AJMI,CO_BOUATAY_CONFECTION_SOBOCO,gerant,corporate,certain,SP_1353012bc88bd2f76610
PERSON_ZOUARI_MOEZ,CO_BLUETEX,gerant,corporate,certain,SP_546af2ba492d3fdd030e
PERSON_ESASI_ABDELAZIZ,CO_CAVEO,gerant,corporate,certain,SP_b476441387496a850ec7
PERSON_GUISEP_BENEDETO,CO_GISTAN,unspecified,corporate,certain,SP_c6f62dcef74a51b91ad4
PERSON_BAYAHI_TAHER,CO_ALUFOND,unspecified,corporate,probable,SP_3583ff2071fcfd614d39
PERSON_BAYAHI_TAIEB,CO_ALUFOND,unspecified,corporate,probable,SP_f870ad1e347b9ff8af8c
PERSON_GUIDARA_ABDELAZIZ,CO_PROVITAL,gerant,corporate,certain,SP_1f4e86613fb0563d7e12
PERSON_BELHIBA_ABDELAZIZ,CO_CARTHAGE_OIL,pdg,corporate,certain,SP_62fefd7dacb662082713
PERSON_CHAABANE_MAHMOUD,CO_POWER_ENGINEERING,gerant,corporate,certain,SP_a86c0e7841bf7452c0d1
PERSON_MARIE_JEAN_CHRISTOPHE,CO_FRENCH_CONNECTIONS,gerant,corporate,certain,SP_bfc272df4a0270b45cbd
PERSON_HAMAMI_MANEL,CO_RAFED_CONFECTION,gerant,corporate,certain,SP_a0b226d832de7ebb90ac
PERSON_BOUZIR_AHMED,CO_NEW_STYLE_EMBROIDERY_LTD,gerant,corporate,certain,SP_e2dbd6f9d35202b19b24
PERSON_YAHMED_SLIM,CO_EXCEL_PLAST_TUNISIE,dga,corporate,certain,SP_bccfa8667bb40c4d33fb
PERSON_WAHEBA_JEMAA_MABROUK_ALI,CO_NAIB_CO,gerant,corporate,certain,SP_c2dfa6019523e7875ca4
PERSON_RESTANO_SILVANA,CO_ARTE_ITALIA,gerant,corporate,certain,SP_82db6f985e50dffebeca
PERSON_SOUYAD_SMAIN,CO_MARKCONSEIL_INTERNATIONAL_MKCI,gerant,corporate,certain,SP_0dec16d751645493235c
PERSON_ESEBSI_KHALIL_CAID,CO_MARKCONSEIL_INTERNATIONAL_MKCI,gerant,corporate,certain,SP_c279f08b651b82dd5106
PERSON_HAMAMI_FADHEL,CO_EURO_MED_INFORMATIQUE,gerant,corporate,certain,SP_3f6122348353533adaaa
PERSON_AMAR_HICHEM,CO_URBANA,gerant,corporate,certain,SP_88cb6b547faf38595571
PERSON_BAU_GIORGIO,CO_AURELIANCE,gerant,corporate,certain,SP_63e26c955df6304969c1
PERSON_ESEBSI_KHALIL_CAID,CO_CONDITIONNEMENT_TRANSFORMATION_PRODUITS_FORESTIERS,gerant,corporate,certain,SP_13146edad35b7cab0347
PERSON_BENABDESAMY_OMAR,CO_GLOBAL_TRADING_SERVICES,gerant,corporate,certain,SP_283625d98c41e7aa2b71
PERSON_LAZAAR_KAMEL,CO_CAPITAL_CLUB_TUNISIE,pdg,corporate,certain,SP_5e1b5622993c3d82f062
PERSON_BENACHOUR_MOURAD,CO_TUNISIENNE_CONDITIONNEMENT_PRODUITS_ALIMENTAIRES_STCA,cogerant,corporate,certain,SP_ae716c3be9f3b66c6fe6
PERSON_AZOUZ_MAHER_BENMOHAMED,CO_MJF_CONFECTION,cogerant,corporate,certain,SP_5b74d27a29835b4b1cc8
PERSON_SELAMI_ABDELAZIZ,CO_GESTION_PATRIMOINE_SIVO,gerant,corporate,certain,SP_be070b46464ddf2a3050
PERSON_DRIS_LAROUSI,CO_BEST_DEVIS,gerant,corporate,certain,SP_69a9d4efb2da316daed5
PERSON_BOUGUERA_RAFIK,ORGMENTION_Casa Mobili,gerant,corporate,certain,SP_e43db4f7581f3524cf3a
PERSON_CAPUCIO_RAFAELE,CO_LABORATORIO_ITALIA_DESIGN,gerant,corporate,certain,SP_4a24b5bdfebed626d90c
PERSON_HAMROUNI_FAYCEL,CO_ELITE_BUSINESS,gerant,corporate,certain,SP_b3a5ef5fb85055255e4b
PERSON_BENYAHMED_MALEK,CO_BOULANGER_ASSOCIES,gerant,corporate,certain,SP_e595d59fe63f534a697f
PERSON_BONTAZ_YVES,CO_DECOTOOLS,gerant,corporate,certain,SP_890dd7f0d1bc1945507f
PERSON_ELWARDI_MOHAMED,CO_TUNISIA_FOOD_INDUSTRY,gerant,corporate,certain,SP_22c7e7a0e98475eef312
PERSON_TRIKI_AHMED,CO_FLORENCE_INTERNATIONALE,gerant,corporate,certain,SP_04acdc78e69327f1b903
PERSON_CHAABANE_SOFIEN,CO_SHAYMA_MEUBLES,gerant,corporate,certain,SP_0c6c1e494215f00d9c13
PERSON_DANILO_FELICI,CO_LILO_FELIX,gerant,corporate,certain,SP_74f8b9e9d1b8b9e5acbd
PERSON_CHARFEDINE_RAOUDHA_SLAMA,CO_ETUCOM,gerant,corporate,certain,SP_112cb17186fe5e3cfa61
PERSON_TRIKI_RAOUDHA,CO_RAOUDHA_TRIKI_CONSULTING,gerant,corporate,certain,SP_eba6429bbc0a56efe18d
PERSON_HAMAMI_DHAFRALAH,CO_UTS_PALMA,dg,corporate,certain,SP_9bea9b2dd1e573c7bab0
PERSON_BENKHADOUMA_HAMADI,CO_SICAF_PARTICIPATIONS_BNA,president_ca,corporate,certain,SP_4394d1c0f80c104e02ad
PERSON_LAJNEF_MOHAMED_TOUMI,CO_LAJNEF_MAISONS_BOIS_LBM,pdg,corporate,certain,SP_e3c53918ae3b87baee8b
PERSON_GUELATI_MOURAD,CO_ROYAL_INVESTISSEMENTS_PARTICIPATIONS_HOLDING,commissaire_aux_comptes,corporate,certain,SP_83dd9dc0459b0cfc34dc
PERSON_MATERI_TAHER,CO_ROYAL_INVESTISSEMENTS_PARTICIPATIONS_HOLDING,pdg,corporate,certain,SP_62557c8b51eb6cf71f30
PERSON_BENJEMAA_WISEM,CO_SOPROCAF,gerant,corporate,certain,SP_41d9c234057f30c957a7
PERSON_WANES_ANIS,CO_SOPROCAF,gerant,corporate,certain,SP_7ed6f9f146fab59cead7
PERSON_ZGHAL_HASIB,ORGMENTION_TELESTAR SA,administrateur,corporate,probable,SP_4e9c02ebd7d06a0e1ca8
PERSON_ZGHAL_HASIB,CO_COFITEL,administrateur,corporate,probable,SP_4e8fb8ad915acb81eb50
PERSON_KHECHINE_ABDELHAMID,CO_TUNISIENNE_AUTOMOBILE_FINANCIERE_IMMOBILIERE_MARITIME_STAFIM,administrateur,corporate,certain,SP_761e3b2c660cee7b68b7
PERSON_ZOUARI_ABDERAHIM,CO_TUNISIENNE_AUTOMOBILE_FINANCIERE_IMMOBILIERE_MARITIME_STAFIM,administrateur,corporate,certain,SP_5f76050c65193d997dcc
PERSON_KHECHINE_SALOUHA_MILED,CO_TUNISIENNE_AUTOMOBILE_FINANCIERE_IMMOBILIERE_MARITIME_STAFIM,administrateur,corporate,certain,SP_04e7e2d7e2dea390b2ea
PERSON_ZOUARI_SARAH_KHECHINE,CO_TUNISIENNE_AUTOMOBILE_FINANCIERE_IMMOBILIERE_MARITIME_STAFIM,administrateur,corporate,certain,SP_d6f7eb4d39fc4433254a
PERSON_ISMAIL_SONIA_KHECHINE,CO_TUNISIENNE_AUTOMOBILE_FINANCIERE_IMMOBILIERE_MARITIME_STAFIM,administrateur,corporate,certain,SP_6018553a563e9568a132
PERSON_KHECHINE_MOURAD,CO_TUNISIENNE_AUTOMOBILE_FINANCIERE_IMMOBILIERE_MARITIME_STAFIM,administrateur,corporate,certain,SP_8e587e56bfc743398bfc
PERSON_HAROUX_BRUNO,CO_TUNISIENNE_AUTOMOBILE_FINANCIERE_IMMOBILIERE_MARITIME_STAFIM,administrateur,corporate,certain,SP_a3b42d7ef53502850816
PERSON_ZOUARI_ABDERAHIM,CO_TUNISIENNE_AUTOMOBILE_FINANCIERE_IMMOBILIERE_MARITIME_STAFIM,vice_president,corporate,certain,SP_c2680bf6f4830ca0111f
PERSON_HAMAMI_KARIM,CO_TUNISIENNE_AUTOMOBILE_FINANCIERE_IMMOBILIERE_MARITIME_STAFIM,dga,corporate,certain,SP_7a3488e9e7ee165c85e1
PERSON_MEGUDMINI_AMOR,CO_SAMM_TEST_AUTOMATION,gerant,corporate,certain,SP_48effc729f3249673e56
PERSON_MELOULI_JALELEDINE,CO_GROUPE_MULTISERVICES_AGRICOLES,dg,corporate,certain,SP_87f7247ecbbe515e7da7
PERSON_MIGLIORINI_EMANUELE,CO_BLUE_CONTROL_SERVICES,gerant,corporate,certain,SP_ee741b4d907d5a5eff83
PERSON_BENJEMAA_MOHAMED_MONCEF,CO_TUNISIENNE_ARTS_GRAPHIQUES,pdg,corporate,probable,SP_47ffa1c4ca65b0ca4589
PERSON_MEZGHANI_ABDERAHMAN,CO_FABRICATION_MOUSSE_SUD_SOFAM_SUD,gerant,corporate,probable,SP_2139bf82c67ccf1ef3ba
PERSON_ZEGHAL_NADIA,CO_ESSADAKA_BATIMENTS_TRAVAUX_PUBLIQUES_EN_ETAT_LIQUIDATION,gerant,corporate,certain,SP_47086cb500dcd3e556e1
PERSON_ZAGHDOUD_MEKI,CO_SERVICE_PRODUCTION_PRODUITS_CARRIERES_TEJRA_SOSERROCA,gerant,corporate,certain,SP_674100fa5d1d74f69228
PERSON_CHAGRA_SAMI,CO_CHAGRA_COUPE,gerant,corporate,certain,SP_2015e286efc2ed3d2a96
PERSON_LOUKIL_WALID,CO_COMPAGNIE_DEVELOPPEMENTS_AGRICOLES_REUNIS_CODAR,unspecified,corporate,probable,SP_665497396f03366c17b6
PERSON_BENAYED_BILEL,CO_COMPAGNIE_DEVELOPPEMENTS_AGRICOLES_REUNIS_CODAR,unspecified,corporate,probable,SP_d28d67fc85e1d11db0c3
PERSON_ZOUARI_TAREK,CO_MEDIPIPE_INTERNATIONAL,commissaire_aux_comptes,corporate,certain,SP_a2b6a16534dbccaad649
PERSON_KAMOUN_MOHAMED,CO_M_B_CONSULTING,gerant,corporate,certain,SP_108a042d2a55560aba3d
PERSON_MIGLIORINI_DAVIDE,CO_WASH_CONTROL_SERVICES,gerant,corporate,certain,SP_6cfbf9f4d518365fb103
PERSON_TRIKI_ONS,CO_CODIPAR,gerant,corporate,certain,SP_d0e14ba07635c1613de7
PERSON_PINELI_STEFANO,CO_SPM,gerant,corporate,certain,SP_11acdaed0c6dd15a6356
PERSON_CERETA_STEFANO,CO_SPM,gerant,corporate,certain,SP_08b0a3199d36794a52f6
PERSON_VERBARI_VALENTINA,CO_SPM,gerant,corporate,certain,SP_6a2a6d2db205e2429e26
PERSON_ETIENE_JEAN_FRANCOIS,ORGMENTION_Société Unilever Maghreb Export,administrateur,corporate,certain,SP_f13fb276035d3bc3dd55
PERSON_ETIENE_JEAN_FRANCOIS,ORGMENTION_Société Unilever Maghreb Export,pdg,corporate,certain,SP_6d47a1dde7efabf4d259
PERSON_ETIENE_JEAN_FRANCOIS,ORGMENTION_Unilever Tunisie S.A,administrateur,corporate,certain,SP_e323a3f33931ba8ff4d0
PERSON_ETIENE_JEAN_FRANCOIS,ORGMENTION_Unilever Tunisie S.A,pdg,corporate,certain,SP_4b6e9fae6e9452f45a6d
PERSON_ETIENE_JEAN_FRANCOIS,CO_UTIC_DISTRIBUTION,administrateur,corporate,certain,SP_0bf5212e9faa68c73940
PERSON_ETIENE_JEAN_FRANCOIS,CO_UTIC_DISTRIBUTION,pdg,corporate,certain,SP_1f5483783b3c52219665
PERSON_SAIDANE_MOHAMED,CO_CITY_STREET_IMMOBILIERE,gerant,corporate,certain,SP_62bc04806a4152499962
PERSON_RUGIA_GIUSEPE,CO_UFI_FILTERS_NORTH_AFRICA,dg,corporate,certain,SP_f4d24ea726212c0b33c6
PERSON_HAMROUNI_MAHMOUD,CO_COMPTOIR_VOGUE_NEGOCE_COMPAGNIE,gerant,corporate,certain,SP_83fa5f3515a85befae99
PERSON_KAMOUN_FAOUZI,CO_EXTERNALISATION_PROCESSUS_TUNISIE,gerant,corporate,certain,SP_82de382baf67e25d328d
PERSON_CHAABANE_YAHIA_BENHASINE,CO_TUNISIE_MACHINES_METAUX,gerant,corporate,certain,SP_04bed6f23235341a1a65
PERSON_DIAN_DANIELE,CO_ADV,gerant,corporate,certain,SP_205245f96e0f5d9fe3c6
PERSON_HAMAMI_MOHAMED_HAITHEM,CO_PLANETE_FRET,gerant,corporate,certain,SP_2561515d9cd8e5433c76
PERSON_BENOMRANE_ZIED,CO_MANUFACTURING_INTERNATIONAL,gerant,corporate,certain,SP_de8788f4e086dc8a86fe
PERSON_HAMZA_IBTISEM_KILANI,CO_CARRELAGE_MARBRE_MOSAIQUE,gerant,corporate,certain,SP_60c76857bd791722ad86
PERSON_JAOUADI_YASINE,CO_UNIMEX,gerant,corporate,certain,SP_491919290fbd0e611258
PERSON_ALVARO_INSENGA,CO_ITALIENNE_CONSEILS_SCI,gerant,corporate,certain,SP_3f063f47ebb2f5f5d167
PERSON_GASPARI_SERGIO,CO_G_CONSULTING,gerant,corporate,certain,SP_dc1895f55cc2bc26c6a5
PERSON_LEORATO_ANDREA,CO_NEA,gerant,corporate,certain,SP_b7cf2f627315f2bf9ad9
PERSON_BERTOLDI_ANDREA,CO_TEX_CONSULING,gerant,corporate,certain,SP_ddb12ce5c30d7b1433d9
PERSON_MABROUK_MOSBEH,CO_UNITED_GROUP,gerant,corporate,certain,SP_8367439972155467b90a
PERSON_ELOUMI_YADH,CO_AURES_AUTO,commissaire_aux_comptes,corporate,certain,SP_86613ccc57d1fb38cda4
PERSON_ZGHIDI_ADNENE,CO_IBN_ZOHR,commissaire_aux_comptes,corporate,certain,SP_f5f9909115583b0a8867
PERSON_KHAMASI_MAHER,CO_IPSEN_LOGISTICS,cogerant,corporate,certain,SP_79f1e5b3da949142b340
PERSON_ZAYANE_ABDELFATEH,CO_PILOTE_CONFECTION,gerant,corporate,certain,SP_6527049ef21d81d6480f
PERSON_SALHI_MOHAMED_LAMINE,CO_STEM,pdg,corporate,certain,SP_4981010c31a3a1105ed0
PERSON_ELOUMI_KARIM,CO_ANGRY_CACTUS_TECHNOLOGY,cogerant,corporate,certain,SP_b2499dcdc2888a7d9c03
PERSON_HAMAMI_NIDHAL,CO_TUNISIE_MAINTENANCE_INDUSTRIELLE,gerant,corporate,certain,SP_022b445cc25aed6aaf6d
PERSON_BENSALEM_RAFAA,ORGMENTION_VINTEX SA,administrateur,corporate,certain,SP_5c99184689a10c2dbe17
PERSON_BENSALEM_ZAKARIA,ORGMENTION_VINTEX SA,administrateur,corporate,certain,SP_9b86f69585727e9bf83a
PERSON_BENSALEM_KORAICH,ORGMENTION_VINTEX SA,administrateur,corporate,certain,SP_20c36bbacd3cd26d8190
PERSON_BENSALEM_KORAICH,ORGMENTION_VINTEX SA,president_ca,corporate,certain,SP_467a17c835f69ea9c62a
PERSON_ZOUARI_ZEINEB_ZAHRA,CO_PROAC,gerant,corporate,certain,SP_0d210b70a01ccd864d1e
PERSON_ABDELMOULA_LASAAD,CO_ABDELMOULA,dg,corporate,certain,SP_67db8dcd8dc9ac643793
PERSON_DRIS_HEDI,CO_MATERIELS_EQUIPEMENTS,gerant,corporate,probable,SP_610618ae7e241cb9dac8
PERSON_LAMINE_NADER,CO_IDEALE_POUR_EMPORTE_PIECES_SIPEP,gerant,corporate,certain,SP_844d46798078fb381b3e
PERSON_HAMAMI_KARIM,CO_SODELEC,gerant,corporate,certain,SP_c400d8cf7e40d5a8b327
PERSON_BENEDETI_BENITO,CO_DESERT_RATS_ADVENTURE_TUNISIA,gerant,corporate,certain,SP_c569d28c37cee15f437b
PERSON_HAMAMI_WALID,CO_HAMMAMI_C_G,gerant,corporate,certain,SP_8df2b38897f8ca0fcb4d
PERSON_HAMAMI_KARIM,CO_TUNISIENNE_AUTOMOBILE_FINANCIERE_IMMOBILIERE_MARITIME_GROS,gerant,corporate,probable,SP_a6ca9e6edae92ede2d21
PERSON_DKHIL_TAOUFIK,CO_TUNISIENNE_AUTOMOBILE_FINANCIERE_IMMOBILIERE_MARITIME_GROS,gerant,corporate,probable,SP_7e1fc97019034cf96914
PERSON_ESASI_ABDELAZIZ,CO_SODRIC,gerant,corporate,probable,SP_e9680391ec3ea05f519d
PERSON_MZABI_MONCEF,CO_DALMAS_COMMERCIAL,gerant,corporate,certain,SP_7d04dcb06b6686e7ba5c
PERSON_BENABES_HEDI,CO_GENERAL_MAGHREB_SERVICES,gerant,corporate,certain,SP_e94911e6079045ce7f3a
PERSON_BENABES_HEDI,CO_MAGHREB_HEALTH_CARE_DISTRIBUTION,gerant,corporate,certain,SP_3a1091291b7c51a0f2f7
PERSON_KHALFALAH_MONTACER,ORGMENTION_Mise à jour et modification des statuts,pdg,corporate,certain,SP_650c5996e7c4e70bbe40
PERSON_KHALFALAH_MOEZ,ORGMENTION_Mise à jour et modification des statuts,dga,corporate,certain,SP_519addf8ad152ec267d2
PERSON_BOUCHAMAOUI_MOHAMED_HICHEM,CO_CMG,pdg,corporate,certain,SP_87decf5328783cf1e4be
PERSON_ESAFI_MOHAMED,CO_BRICORAMA_TUNISIE,dg,corporate,certain,SP_c8d67bf5c39915fa27fd
PERSON_MZABI_LAROUSI,CO_ORYX_SECURITY,gerant,corporate,certain,SP_57b20c55b3421bf6e14a
PERSON_RICIO_MATILDE,CO_PIAZZA_ITALIA,gerant,corporate,certain,SP_3fa505f075131700b0bb
PERSON_FADHEL_ABDENADHER,CO_IMMOBILIERE_JARDINS_LAC,gerant,corporate,certain,SP_e5e64739dfd59785254c
PERSON_ELABIDINE_MOHAMED_ZINE,CO_SUD_SERVICES_INDUSTRIELS,gerant,corporate,certain,SP_5f796abbb748c186b899
PERSON_BOUATOUR_DALILA,CO_MARETAP,administrateur,corporate,certain,SP_29b0da50e6f880bc478d
PERSON_JEMAIL_FRIDA,CO_MARETAP,administrateur,corporate,certain,SP_04b0f355064895afc751
PERSON_HAMROUNI_ABDELKADER,CO_COMPTOIR_DINVESTISSEMENT_FINANCEMENT,commissaire_aux_comptes,corporate,certain,SP_3b3ab81c78db3246475c
PERSON_HAMROUNI_ABDELATIF,CO_COMPTOIR_DINVESTISSEMENT_FINANCEMENT,commissaire_aux_comptes,corporate,certain,SP_e03f7459558f43b7fc46
PERSON_HAMROUNI_KHEIREDINE,CO_COMPTOIR_DINVESTISSEMENT_FINANCEMENT,commissaire_aux_comptes,corporate,certain,SP_4085f092a9ce81b283ed
PERSON_HAMROUNI_ABDELKADER,CO_COMPTOIR_DINVESTISSEMENT_FINANCEMENT,pdg,corporate,certain,SP_ddea0f69e0c4d4e43424
PERSON_SLAMA_GHASEN,CO_EL_MANAR,gerant,corporate,certain,SP_38321d5c9fb3843633b6
PERSON_DRIS_ZOHRA,CO_DEVELOPPEMENT_TOURISTIQUE_HADRUMET,pdg,corporate,certain,SP_29baea3186fcda3bf600
PERSON_ALOUCHE_KAMEL,CO_TUNISO_ALLEMANDE_TECHNOLOGIES_BATIMENT_SERVICES_DECORATIONS,gerant,corporate,certain,SP_3f72dea2b151c513db41
PERSON_KHOUAJA_MEHDI,CO_MIXAL,administrateur,corporate,certain,SP_33865e243a46eb4d549b
PERSON_SLIMI_JALOUL,CO_TUNISIENNE_BOISSONS_GAZEUSES_STBG,dg,corporate,certain,SP_f82ee74ad90c71d1e3a9
PERSON_HAMAMI_BELGACEM,CO_LAYALI_ENNASR_GESTION_DHOTEL_RESTAURANT,gerant,corporate,certain,SP_3e85431eab20f5630840
PERSON_KILANI_NADHIR,CO_YASSINE,gerant,corporate,certain,SP_7f8d8354705e1dd50086
PERSON_BENZID_KHALIL,CO_ITALIAN_STYLE,gerant,corporate,certain,SP_aa22866475679194c3ce
PERSON_BAYOUDH_MONCEF,CO_TUNISIE_TRANSFORMATION_METAL,gerant,corporate,probable,SP_ef1dfc6aeb25a859ae52
PERSON_HAMAMI_TAOUFIK,CO_BEST_NAT_INVEST,gerant,corporate,certain,SP_65c9f2bb6f5a613a7310
PERSON_SLAMA_IMED,CO_INFORMATIQUE_BUREAUTIQUE_SIB,gerant,corporate,certain,SP_3dd4e6611fd67f137c62
PERSON_MILED_KARIM,CO_COURTAGE_PRISE_RENDEZ_VOUS_SCPR,gerant,corporate,certain,SP_9c5e75aefe53d6883d62
PERSON_MAAROUF_ANOUAR,CO_INVESTEC,pdg,corporate,certain,SP_b44770feecec6463871c
PERSON_CHABCHOUB_MOHAMED,ORGMENTION_Société OOREDIST,gerant,corporate,certain,SP_e60669551a0641c065e2
PERSON_SLAMA_SADOK,CO_RESTAURATION_CLAUDIO,cogerant,corporate,certain,SP_c24e357a3c3242316c20
PERSON_VITARO_NATAL,CO_COGEMENT_ZELBA,gerant,corporate,certain,SP_d26986f0638b3d3298ca
PERSON_FABIO_VITARO,CO_COGEMENT_ZELBA,gerant,corporate,certain,SP_bdcd134d7b0ed49e80cf
PERSON_ELGRAIAERI_SONDES,CO_ALLEMANDE_POUR_PROGRES_AGRICOLE,gerant,corporate,certain,SP_9ec9677235886f52474a
PERSON_KORTOBI_GHAZI,CO_EDCO,gerant,corporate,certain,SP_af624656952998bee747
PERSON_BAYAR_SIHEM,CO_FROMAGE_ITALIEN_PLUS,gerant,corporate,certain,SP_7382f25d12b82da3471e
PERSON_NEFZI_ALI,CO_MIROITERIE_TUNISIENNE_SMT,gerant,corporate,certain,SP_780c0105fae27e0bd26f
PERSON_CHERAIEF_HICHEM,CO_NATILAIT,pdg,corporate,certain,SP_477b7d42d424b6036de6
PERSON_HORCHANI_HEDIA,CO_AMERICAIN_COMPUTER,gerant,corporate,certain,SP_9da0be0148c16c1f6721
PERSON_FOURATI_MOHAMED,CO_BRAVO,gerant,corporate,certain,SP_1ac07bf9a80cb8a93044
PERSON_HAMROUNI_AMIN,CO_HASH_TAG,gerant,corporate,certain,SP_e040124b0f3a16b3a9b7
PERSON_AMOURI_MOHAMED,CO_AGORA,gerant,corporate,certain,SP_d6965669bcf16b4c8e6e
PERSON_BELHIBA_ABDELAZIZ,CO_MISS_CARTHAGE,associe,corporate,certain,SP_d76442262d153d5d7157
PERSON_CHEKIR_MOHAMED_ALI,CO_CLINIQUE_INTERNATIONALE_CARTHAGE,gerant,corporate,certain,SP_5fa72abee0f55156345c
PERSON_BENAYED_MOURAD,ORGMENTION_BDPM,gerant,corporate,certain,SP_8ff8051d289c89c1fec4
PERSON_BABA_ROUKAIYA,ORGMENTION_BDPM,gerant,corporate,certain,SP_57f88bbd49710b42a31c
PERSON_KAMOUN_MONCEF,CO_SUDISTRIMAT,gerant,corporate,certain,SP_b0fe394551464d6bc4fb
PERSON_LOUKIL_BASEM,CO_INTER_EQUIPEMENT,pdg,corporate,certain,SP_9576f6fefd9ae9ed7fb1
PERSON_MABROUK_ZIED,CO_SOLAR_POWER_COMPANY,gerant,corporate,certain,SP_6ff47965b54a2716b689
PERSON_SLAMA_NOUREDINE,CO_BOULANGERIE_PATISSERIE_OULED_SLAMA,gerant,corporate,certain,SP_a282a9318ed83cfd6560
PERSON_MOKHTAR_DORDANA,CO_DOREMAIL,president_ca,corporate,certain,SP_be566db2f35975ea14a6
PERSON_MASMOUDI_MOHAMED_RAOUF,ORGMENTION_Artemail,gerant,corporate,certain,SP_45eb177e0e33939f77ce
PERSON_MASMOUDI_MONIA,ORGMENTION_Artemail,gerant,corporate,certain,SP_d937c9dfc956b3bbd99a
PERSON_SASI_HABIB,CO_TRANSPID,gerant,corporate,certain,SP_c75a0c3184c731d5fc15
PERSON_TRABELSI_MOHAMED,CO_COPRATECH,gerant,corporate,certain,SP_ea69accda7426f73fdaa
PERSON_ELABIDI_FADHEL,CO_UNITED_FOOD_COMPANY,pdg,corporate,certain,SP_78f8f38806c4bb4b443b
PERSON_ELGATRI_HOUCINE,CO_UNITED_FOOD_COMPANY,dga,corporate,certain,SP_f708f5b8d09600a69619
PERSON_SELAMI_KHALIL,CO_OVI_IMMOBILIERE,gerant,corporate,certain,SP_557105f87d95d228d731
PERSON_HAMAMI_HABIB,CO_COMPTOIR_HAMMAMI_DISTRIBUTION,gerant,corporate,certain,SP_248806eaf247a5c080e4
PERSON_CHALGHAF_CHEDLI,CO_CONGELATION_TRESORS_MER_SCTM,gerant,corporate,certain,SP_e910aabaf134d7205fff
PERSON_CHERIF_ALI_BENSLAMA,CO_SUPER_FABRIQUANT_SLAMA,gerant,corporate,certain,SP_78d8a25cd3bc190b1262
PERSON_ARFAOUI_AMEL_HORCHANI,CO_METALLIQUE_NORD,gerant,corporate,certain,SP_a678415a3d5ab8bf6947
PERSON_MAHJOUB_ABDELMAJID,ORGMENTION_,administrateur,corporate,certain,SP_5004eccc37e309192ec8
PERSON_MAHJOUB_ABDERAOUF,ORGMENTION_,administrateur,corporate,certain,SP_824aa18de15261a39861
PERSON_MAHJOUB_ABDELWAHEB,ORGMENTION_,administrateur,corporate,certain,SP_9d7652265b65ef1106ad
PERSON_ZAROUK_MEHDI,CO_SUD_SUD_TRAVAUX,administrateur,corporate,certain,SP_5985bf045488c38d5905
PERSON_TRIKI_CHAWKI,CO_TECH_CAM,gerant,corporate,certain,SP_fdb2f2b130e20c07dea8
PERSON_MALEK_RIADH,CO_CONFECTION_MODERNE_SAHEL,gerant,corporate,certain,SP_7cf2f87b035a4bf65aff
PERSON_BASTI_ABDELAZIZ,CO_SUPER_SHOES,gerant,corporate,certain,SP_eabef0c11d1077753340
PERSON_BENABDALAH_SAMI,CO_BACOVET_INTERNATIONAL,gerant,corporate,certain,SP_bfe9a122dd69ae54ba86
PERSON_ELOUMI_FIRAS,CO_TUNISIENNE_TRAVAUX_SECURITE_STTS,gerant,corporate,certain,SP_8c8ee5edfd101784ba51
PERSON_BENHIBA_SLIM,CO_COMPAGNIE_TUNISIENNE_FORAGE,unspecified,corporate,certain,SP_58efcead034274f38549
PERSON_MASMOUDI_MOHAMED_RAOUF,CO_DOREMAIL,gerant,corporate,certain,SP_0513cc16f7a1cba5a5d3
PERSON_HAMAMI_MARWA,CO_MAGASIN_MARWA,gerant,corporate,certain,SP_dcee802043cffcb251b7
PERSON_KHALFALAH_MOHAMED_SALAH,CO_RAFFINAGE_CONDITIONNEMENT_DHUILE_VEGETALE_SATHOP,pdg,corporate,certain,SP_c01531770829b6b4d7dc
PERSON_KHALFALAH_MORCHED,CO_RAFFINAGE_CONDITIONNEMENT_DHUILE_VEGETALE_SATHOP,dga,corporate,certain,SP_5487ee9f6ae54720365f
PERSON_TAKTAK_SOUHIR,CO_BANQUE_FINANCEMENT_PETITES_MOYENNES_ENTREPRISES,administrateur,corporate,certain,SP_267abe5f098290715bcf
PERSON_SOULES_HERVE,CO_SEA_LATELEC,administrateur,corporate,certain,SP_2568993daeb5e9b48b78
PERSON_BERARDO_DANIEL,CO_SEA_LATELEC,administrateur,corporate,certain,SP_8d88993ba87e469a902c
PERSON_LOUKIL_BASEM,CO_GIF_DISTRIBUTION,cogerant,corporate,certain,SP_20d26fc9934f6fea3d5e
PERSON_HAMAMI_KHEDIJA,CO_IMMOBILIERE_RACEM_RAMI,gerant,corporate,certain,SP_26cbb45d308ba88a50af
PERSON_HAMROUNI_ABDERAZEK,CO_HAMROUNI_ABDERRAZEK,gerant,corporate,certain,SP_253e08fef71ba6e51c77
PERSON_MABROUK_SONIA_BENMAHMOUD,CO_DJERBA_DOUCE_VOYAGES,gerant,corporate,certain,SP_4f67c6a48dbc2fd89341
PERSON_AREM_ABDELHALIM,CO_LEMDINA_MEUBLES_DAMEUBLEMENT,gerant,corporate,certain,SP_bf88f52b913a63a8f156
PERSON_LOUKIL_BASEM,CO_LOUKIL_MANAGEMENT_CONSEIL,administrateur,corporate,probable,SP_c405018875dc43e4e003
PERSON_CHAABANE_NOURI,CO_HOTEL_PALACE,president_ca,corporate,certain,SP_f4acbaa9e2e80c8c7647
PERSON_DHOUIB_ABDENACEUR,CO_SUD_EST_CARRELAGE_SOSECA,pdg,corporate,certain,SP_63876c2d73af467e233b
PERSON_LAMLOUM_ADEL,CO_SUD_EST_CARRELAGE_SOSECA,dga,corporate,certain,SP_b35883e7c4516f10370c
PERSON_HAMROUNI_MOHAMED,CO_HAMROUNI_TRAVAUX_BATIMENTS,gerant,corporate,certain,SP_b36ad34b06cb9c090fe5
PERSON_ABDENADHER_MOUNA,CO_VENUS_INFORMATION_TECHNOLOGY,gerant,corporate,certain,SP_6439e0f225fffbd68ce3
PERSON_ZOUARI_FAYCEL,CO_GENERALE_SERVICES_TRAVAUX,gerant,corporate,certain,SP_5bbd46e5a98f2fab9e32
PERSON_BOUCHAMAOUI_ZIED,CO_FOOD_INVESTMENTS_PLUS_FPI,gerant,corporate,certain,SP_3e98370d35a3fa96e27f
PERSON_BALTI_DRIS,CO_MAINTENANCE_MATERIELS_DIMPRIMERIES,gerant,corporate,certain,SP_7599427951a9b0f2b54a
PERSON_GAIED_RACHID,ORG_GERMAN_MARSHALL_FUND_TUNIS,representant,corporate,certain,SP_10376bd3ef0af280b8c0
PERSON_MEJAII_MOHAMED_HEDI,CO_ARKEN_CAPITAL_INVEST,president_ca,corporate,certain,SP_9b94502940eebdc9bf01
PERSON_ZLAOUI_CHAHIR,CO_ARKEN_CAPITAL_INVEST,dg,corporate,certain,SP_77c9a321bd50a54c50fb
PERSON_MABROUK_FARES,CO_YSB_TUNISIA,cogerant,corporate,certain,SP_8fb28c24694964e00692
PERSON_ELOUMI_MOHAMED_ALI,CO_ACCESS_TO_E_BUSINESS_INTERNATIONAL,gerant,corporate,certain,SP_58dd1d70ab9b5db564e3
PERSON_FARSI_NIAZI,CO_SOCOMENIN,gerant,corporate,probable,SP_7b963d7c18ffa236301d
PERSON_MABROUK_KACEM,CO_ZARZIS_DISTRIBUTION_POISSONS,gerant,corporate,certain,SP_ff260524f468ca1f4d2d
PERSON_AMAR_MOHAMED,CO_AMARA_MATERIAUX_CONSTRUCTION,gerant,corporate,certain,SP_e82ecb1bc6c837680fad
PERSON_MABROUK_KAIS,CO_TUNISIA_WORLD_TELEVISION,pdg,corporate,certain,SP_df3d285efda42664a330
PERSON_BENYOUSEF_RIDHA,CO_UTHINA,cogerant,corporate,certain,SP_9567781bcc5f06cc96ae
PERSON_KAANICH_MOHAMED_ADEL,CO_AVOCATS_CONSEILS_REUNIS,gerant,corporate,certain,SP_cb35fb0951eb33fc508a
PERSON_MAHJOUB_ABDELMAJID,CO_MOULINS_MAHJOUB,gerant,corporate,certain,SP_a87303129d9e4317490a
PERSON_ZOUARI_IKRAM,CO_BIO_GAZ_SBG,gerant,corporate,certain,SP_7933f98d0e78351d88de
PERSON_TRIKI_SABER,CO_TUNISIENNE_COMMERCE_INTERNATIONAL,gerant,corporate,certain,SP_9a7c5e42fc25693d9457
PERSON_ELOUDI_MOHAMED,ORGMENTION_STE ITALO TUNISIENNE,gerant,corporate,certain,SP_242ceb387077410c0333
PERSON_DAGDOUG_HATEM,CO_ALFA_CLIM,gerant,corporate,certain,SP_e832225dacbb200cdf47
PERSON_HAMROUNI_ALI,CO_HANZO_CREATION,cogerant,corporate,certain,SP_fb1f0f2131f27a11340d
PERSON_JAZIRI_MOHAMED,CO_QURAN_KARIM_PRODUCTION,gerant,corporate,certain,SP_97427b4b1935a3997f22
PERSON_BOUCHAMAOUI_RAOUF,CO_GLOBAL_RESOURCES_NETWORK_GLOREN,unspecified,corporate,certain,SP_93d048836c2bb76ae298
PERSON_KAROUI_RAFIKA_BOUCHAMAOUI,CO_GLOBAL_RESOURCES_NETWORK_GLOREN,unspecified,corporate,certain,SP_84838cd51e167d96e2fe
PERSON_BOUCHAMAOUI_ANIS,CO_GLOBAL_RESOURCES_NETWORK_GLOREN,unspecified,corporate,certain,SP_f8e31adfec08c7f57680
PERSON_BOUCHAMAOUI_RAMZI,CO_GLOBAL_RESOURCES_NETWORK_GLOREN,unspecified,corporate,certain,SP_5e3b9c2cca477c172fd0
PERSON_BOUCHAMAOUI_RAOUF,CO_GLOBAL_RESOURCES_NETWORK_GLOREN,president_ca,corporate,certain,SP_3591ecbe5bee0c658fff
PERSON_BOUCHAMAOUI_AHMED,CO_CIMENT_MEDITERRANEE_GAFSA,president_ca,corporate,certain,SP_bb552758d406ac593d08
PERSON_GHRIBI_SAFA,CO_SECURITY_AND_PROTECTION_SERVICES,gerant,corporate,certain,SP_50d2c1f3547e8d621eb7
PERSON_BOUZID_SAMEH,CO_NEW_BAG,gerant,corporate,certain,SP_bac1e5e3456ce439dd6c
PERSON_AFIF_FERIDA,CO_SIM_SICAR,dga,corporate,certain,SP_f730794b428f25049676
PERSON_TRIKI_MEHDI,CO_MECANIQUE_AUTOMOBILE_REPARATION_TRANSMISSION,gerant,corporate,certain,SP_a4fcda6501810b2b3ce0
PERSON_ZOUARI_ISAM,CO_MEDITERRANEENNE_DEQUIPEMENT_SANITAIRES_CHAUFFAGE_CENTRALE_SO,gerant,corporate,certain,SP_09ae43693532fb0e1285
PERSON_BENSALEM_HATEM,CO_HM_BUREAUTIQUE_INFORMATIQUE,gerant,corporate,certain,SP_e890d5381f0fe6eface5
PERSON_ZAAFOURI_BECHIR,CO_MONOGROS,administrateur,corporate,certain,SP_6a618716cbed12a02046
PERSON_ZAAFOURI_BECHIR,CO_MONOGROS,pdg,corporate,certain,SP_842ce53dd062b84465a8
PERSON_JEMAIA_KAIS,CO_CARTHAGE_CEMENT,administrateur,corporate,certain,SP_05a7f1f6308cea455418
PERSON_MABROUK_ADEL,CO_MAISON_HAJJA_MOGHLIA_TRADING,gerant,corporate,certain,SP_9c753162bf40627f042c
PERSON_MEKI_ABDELATIF,CO_SANI_CHAUFF,unspecified,corporate,certain,SP_0a97aadd7b6140856479
PERSON_AZAIEZ_HEDI,CO_CARRIERES_MARNAOUI_AMAL_SOCAMA,gerant,corporate,certain,SP_a20914d6feaf92b3799c
PERSON_GHDEMSI_ALI,CO_PANNEAUX_MAGHREB,gerant,corporate,certain,SP_1734364415b73a6ab49c
PERSON_SAADAOUI_ABDELKADER,CO_YASMINE,dg,corporate,certain,SP_968fa594bbd9868c84bf
PERSON_GDOURA_MOHAMED_AMINE,CO_TRANSFORMATION_METAUX_PAF,dg,corporate,certain,SP_7a285e7b186a3140bca0
PERSON_ZOUARI_MOHAMED_AMIN,CO_PAILLETTE,gerant,corporate,certain,SP_849c3d6fe2565bf50b13
PERSON_MASIMILIANO_MERLO,CO_GIEMME_GROUP_ITALIA,gerant,corporate,certain,SP_25a26eff0d11735cb6d4
PERSON_BENAHMED_HICHEM,CO_DOLCETTI_ITALIA,gerant,corporate,certain,SP_caf7d2a654b3c1b69930
PERSON_ZAHAF_SLAHEDINE,CO_GARGOURI_COMMERCE_INTERNATIONAL,associe,corporate,certain,SP_5665ecc4e0f7c703b898
PERSON_CHAABANE_RAJA,CO_PULIRE_PROFESSIONAL,gerant,corporate,certain,SP_6594f24f59b7efb0db29
PERSON_SLAMA_KHALIL,CO_ECOFROID_INDUSTRIES,gerant,corporate,certain,SP_222d738a4d8e77771314
PERSON_HAMAMI_BILEL,CO_QUINCAILLERIE_HAMMAMI,gerant,corporate,certain,SP_1e10b6281e80c5a6e42b
PERSON_MABROUK_MONIA,CO_NAIRI_TRANSPORT_MARCHANDISE,gerant,corporate,certain,SP_d5890af84c4331b21c81
PERSON_FERCHIOU_YOUNES,CO_MEDITERRANEAN_AIR_SERVICE,pdg,corporate,certain,SP_db5ee64e934de8fb640e
PERSON_TARIFA_SONIA,CO_BLANCS_MINERAUX_TUNISIE,dg,corporate,certain,SP_44ea69b9132e67965a53
PERSON_MZABI_MZOUGHI,CO_NEW_MAGHREB_NEGOCE,gerant,corporate,certain,SP_84c65cfdc49cd8efa144
PERSON_SASI_MOHAMED,CO_TUNISIENNE_MARBRE,gerant,corporate,certain,SP_4545c70f9edb4add3b99
PERSON_KHEMIR_MOHAMED_ELHEDI,CO_PARADISE_CONFECTION,gerant,corporate,certain,SP_6432eda596033a785f7e
PERSON_ABOUKALASH_MOHAMED_AHMED,CO_TOURGUENESS,unspecified,corporate,certain,SP_9d71f1bd3576904f5321
PERSON_BOUCHAMAOUI_RAMZI,CO_D_AMENAGEMENT_FONCIER_SAF,gerant,corporate,certain,SP_e5dc97186032fe82d8be
PERSON_DRIS_MOHAMED_TAIEB,CO_PROFIL_METAL_DESNOYERS,gerant,corporate,certain,SP_bbe2645e23d4b998681e
PERSON_DRIS_TAOUFIK,CO_PROFIL_METAL_DESNOYERS,cogerant,corporate,certain,SP_6a17dc5ba06ed6327a60
PERSON_ERIK_MARCON,CO_GENERAL_BETON_TUNISIE,gerant,corporate,certain,SP_07fef05cd1f0bd0423cf
PERSON_TRIKI_HABIB,CO_BW_TRADE_COMPANY,gerant,corporate,certain,SP_6674eec24a4aaab86b6b
PERSON_KASMI_JAMEL,CO_NP_TUNISIA,gerant,corporate,certain,SP_a561051638ddea77a491
PERSON_HAMILA_AHMED,CO_AK2R_CONFECTION,gerant,corporate,certain,SP_94d3bb150d8250fc67d4
PERSON_ZAABAR_ABDELJELIL,CO_AK2R_CONFECTION,gerant,corporate,certain,SP_d70bcd80ae262f35733d
PERSON_ZAOUI_JAAFAR,CO_AK2R_CONFECTION,gerant,corporate,certain,SP_99c65a1b340b935c6314
PERSON_SLAMA_RIDHA,CO_NEJMA_OILS_HOLDING,administrateur,corporate,certain,SP_36a89887ab73af5f0e79
PERSON_SLAMA_ALI,CO_NEJMA_OILS_HOLDING,administrateur,corporate,certain,SP_fbb3a9a91d26d48adc58
PERSON_SLAMA_LASAAD,CO_NEJMA_OILS_HOLDING,administrateur,corporate,certain,SP_831defa3074f9ccaaea4
PERSON_SLAMA_GHASEN,CO_NEJMA_OILS_HOLDING,administrateur,corporate,certain,SP_3d96c17f74d031ead9ca
PERSON_SLAMA_CHIHEBEDINE,CO_NEJMA_OILS_HOLDING,administrateur,corporate,certain,SP_dcac2dd12239c03b2a16
PERSON_SLAMA_ABDELHAKIRN,CO_NEJMA_OILS_HOLDING,administrateur,corporate,certain,SP_abc5af09c096b86262a4
PERSON_SLAMA_BADRA,CO_NEJMA_OILS_HOLDING,administrateur,corporate,certain,SP_40670e58889646c7415a
PERSON_SLAMA_ALI,CO_NEJMA_OILS_HOLDING,pdg,corporate,certain,SP_256116bd2c93daabdad7
PERSON_SLAMA_RIDHA,CO_NEJMA_OILS_HOLDING,dga,corporate,certain,SP_ccadd9dca3002d54b902
PERSON_HAMAMI_RIDHA_BENHAMOUDA_BENHSOUNA,CO_CASA_CHIC,gerant,corporate,certain,SP_288e464a8ea84f1179f2
PERSON_CHAHED_YOUSEF,CO_GROSPARA,gerant,corporate,certain,SP_e9089c5228eb1e24e1b2
PERSON_BENJEBARA_MUSTAPHA_HICHEM,CO_ATTIJARI_SICAR,administrateur,corporate,certain,SP_829b21a9c257d46ba2ec
PERSON_MABROUK_MOHAMED_CHERIF,CO_QUINQ,gerant,corporate,certain,SP_a4de18cd71bf182ebf89
PERSON_SAIDI_RIDHA,CO_TUNISIENNE_COMMERCE,gerant,corporate,certain,SP_5587c9c86780afad7039
PERSON_MHIRI_SAMI,CO_BALNEAIRE_HAMMAMET_SUD,pdg,corporate,certain,SP_4c047b80eb5e2a015809
PERSON_MHIRI_NEJI,CO_BALNEAIRE_HAMMAMET_SUD,dga,corporate,certain,SP_2c8dd95955cba3d1d689
PERSON_MARAKCHI_AHSEN,CO_GIAS_INDUSTRIES,gerant,corporate,certain,SP_28303aba2142649376aa
PERSON_TAKTAK_NABILA_ABDENADHER,CO_PROMOTION_IMMOBILIERE_DIAR_FARHAN,gerant,corporate,certain,SP_858dad2fa4e92bf4b610
PERSON_CELAMARE_GIUSEPE,CO_MAINTENANCE_SERVICE_ITALIA,gerant,corporate,certain,SP_d552f745931676949e32
PERSON_HAMROUNI_MOHAMED,CO_TELECOMMUNICATION_SERVICE,cogerant,corporate,certain,SP_fd310e6ea3ea12d07f97
PERSON_TRABELSI_MOHAMED,CO_GENERALE_COMMERCE_REPRESENTATION_SOGECOR,gerant,corporate,certain,SP_f15299fd7c4b66c2c864
PERSON_BENHAMOUDA_HAKIM,CO_EURO_MED_PLASTIQUE,gerant,corporate,certain,SP_11da8fa887487b833b9d
PERSON_YAHIA_ELYES_BENHADJ,CO_BIG_PACK,pdg,corporate,certain,SP_311cd63eda00640f2d8d
PERSON_SEBAI_BELHASEN,CO_NORTH_PACK,gerant,corporate,certain,SP_157e4610ffbe45995708
PERSON_LOUKIL_WALID,CO_APPLIANCES_ELECTRONICS_DISTRIBUTORS,gerant,corporate,certain,SP_12068bd30ef2e8256918
PERSON_SLAMA_CHIHEBEDINE,CO_CARTHAGE_OLIVE_OIL,president_ca,corporate,certain,SP_9cae5008b337e14b20c0
PERSON_TRIKI_MOHAMED_AHMED,CO_SECURITE_INFORMATIQUE,gerant,corporate,certain,SP_46ae4c2e20460e65f37e
PERSON_KSIAA_HEDI,CO_CDC_GESTION,dg,corporate,certain,SP_62485a6b167e2cabfb64
PERSON_DOGHRI_NEJIB,ORGMENTION_M'Hiri 2014,pdg,corporate,probable,SP_1880236384153a12e373
PERSON_COCUZA_CANELA_GIANLUCA,CO_ORIZZONTE_ITALIA,gerant,corporate,certain,SP_eea8fe9b25435e91d48f
PERSON_DUBRAY_FRANCK,CO_CLOUD_TEMPLE_TUNISIA,association_president,corporate,certain,SP_b67f43435550ba3a2979
PERSON_BENAYED_ABDELWAHEB,CO_CLOUD_TEMPLE_TUNISIA,vice_president,corporate,certain,SP_c2e5bd0556d202a7806f
PERSON_CHOUCHANE_MOHAMED_ALI,CO_CLOUD_TEMPLE_TUNISIA,dg,corporate,certain,SP_5ea40b3c06c93f3768d4
PERSON_ESAFI_ISAM,CO_BIGDEAL,gerant,corporate,certain,SP_4ca4da0df649e7fd47d1
PERSON_BENAYED_SLIM,CO_STM_CONSULTING,gerant,corporate,certain,SP_88e6d2ba452959c05a35
PERSON_TRABELSI_MOHAMED,CO_STUNA,gerant,corporate,certain,SP_702b1d8a6a8ffeefac52
PERSON_CHERIF_ABDELWAHEB,CO_FIDELITY_OBLIGATIONS_SICAV,dg,corporate,certain,SP_bbfd53165bf762d75c83
PERSON_GARALI_KAIS,CO_TECHNIQUES_DINJECTION_PLASTIQUE_DASSEMBLAGE_IPLAST,pdg,corporate,certain,SP_766123c677e4d448741f
PERSON_CHEBIL_MOHAMED_MONCEF,CO_DOUX_FIL,gerant,corporate,certain,SP_6dd744fd963a4394211c
PERSON_CHAABANE_ADEL_MOHSEN,CO_OGER_INTERNATIONAL_TUNISIE,commissaire_aux_comptes,corporate,certain,SP_035819c8aaac71a878ee
PERSON_HAMAMI_HAITHEM,CO_F_H_SERVICES,gerant,corporate,certain,SP_07a5ade4c875b0ea0866
PERSON_TRIKI_BACAR_MONIA,CO_SUGAR_SPOON,gerant,corporate,certain,SP_41ede70f63264551ad0f
PERSON_KAMOUN_MOHAMED_NIZAR,CO_NSCOM,gerant,corporate,certain,SP_18191e17f9de3f76e22d
PERSON_BENABDALAH_RADHOUANE,CO_GERMANY_INTERNATIONAL,gerant,corporate,certain,SP_d1101af5a1f2beabe421
PERSON_BEREHOUMA_NABIL,CO_GERMAN_COMPANY,gerant,corporate,certain,SP_24f5853f3f5017136953
PERSON_ZOUARI_ABDERAHIM,CO_STAFIM,gerant,corporate,certain,SP_701b8f9d5a1ca0402ae1
PERSON_HAMAMI_KARIM,CO_STAFIM,cogerant,corporate,certain,SP_bff31c1568f0fd71789f
PERSON_CHAKROUN_NASR_ALI,CO_SKY_RAY,gerant,corporate,certain,SP_85d4c88845c097c1c4ac
PERSON_ROSATO_STEPHANE,CO_FRANCE_PETROL_SERVICE_MAGHREB,gerant,corporate,certain,SP_8a29622a3e328d39f370
PERSON_FERCHICHI_HABIB,CO_PROMOGOLF_MONASTIR_SPM,pdg,corporate,certain,SP_964c3c7e95644bfb5184
PERSON_ARBIA_FETHI,CO_NADHMI_CONFECTION,gerant,corporate,certain,SP_0dde4e9fc5eb16fcf377
PERSON_BENABES_HEDI,CO_MAGHREB_DENTAL_CARE,gerant,corporate,certain,SP_e38466497d582238396c
PERSON_CHAABANE_ABDELWAHEB,CO_PYRAMIDE_PRESTIGE,gerant,corporate,certain,SP_56ed4bc1bdcafb14fb7f
PERSON_HAMROUNI_HATEM,CO_MACONNERIE_CARRELAGE_PEINTURE,gerant,corporate,certain,SP_5fdf05700e9d88b30097
PERSON_MHIRI_MOURAD,CO_TOURISTIQUE_MOURADI_TOZEUR,administrateur,corporate,certain,SP_97c67e8bcd4677acb9c4
PERSON_ZOUARI_ANIS,CO_BEST_REPRESENTATION,unspecified,corporate,certain,SP_240f0b8f3b3540465d89
PERSON_SELAMI_SONIA,CO_STRAMICA_SICAR,pdg,corporate,certain,SP_e0bad34e4d7d6a48a641
PERSON_CHEKIR_MOHAMED_ALI,CO_PIERRE_IMMOBILIERE,association_president,corporate,certain,SP_f83da06f009e1a8fcf9f
PERSON_ZOUARI_MOEZ,CO_NOUVELLE_BOISSONS,administrateur,corporate,certain,SP_b2daa7621de0e9cbc44d
PERSON_ELOUAER_MEHDI,CO_HERBIOTECH_AROMA,unspecified,corporate,certain,SP_54b8c6e6a02dc3cb095a
PERSON_TABKA_MOHAMED_GHAZI,CO_HERBIOTECH_AROMA,unspecified,corporate,certain,SP_89c267b12fd63dd6c14d
PERSON_PIOVANI_ALBERTE,CO_IMPRIMERIE_EMA,cogerant,corporate,certain,SP_dc44c037623e47bdbd6b
PERSON_ESEBSI_MOHAMED_LARBI_CAID,CO_ML_AGRI,gerant,corporate,certain,SP_6340f6f9ea7f79eb0132
PERSON_SLAMA_MOHAMED_HABIB_BENAMOR,CO_MONDE_AGRICOLE_LMA,gerant,corporate,certain,SP_71661559c2e335400129
PERSON_HAMAMI_DORA_HARMESI,CO_AGENCE_EL_AMANA_IMMOBILIERE_AEL,gerant,corporate,certain,SP_bf91583b751ced8ae203
PERSON_GARA_LOBNA_ELOUMI,CO_JMF,gerant,corporate,certain,SP_f34762bfd4c107506bb7
PERSON_BESBES_AHMED,CO_AGRO_FOOD,gerant,corporate,certain,SP_45c9704fe31678841607
PERSON_ZOUARI_MOHAMED_BENALI,CO_STELLINA,gerant,corporate,certain,SP_539e14e1895a8edb0882
PERSON_ABDENADHER_LOTFI,CO_MOBILE_DISTRIBUTION_COMPANY,gerant,corporate,certain,SP_3bffdeaacef46c8277ce
PERSON_NAKOU_ISLEM,CO_BHG_TUNISIA,gerant,corporate,certain,SP_c770db5a722b8e9db079
PERSON_DOGHRI_NEJIB,CO_DENGRAIS_PRODUITS_CHIMIQUES_MEGRINE_SEPCM,pdg,corporate,probable,SP_1b49bbb24ea9a08085b6
PERSON_DOGHRI_MONCEF,CO_DENGRAIS_PRODUITS_CHIMIQUES_MEGRINE_SEPCM,vice_president,corporate,probable,SP_529f4c2d69210df7b91c
PERSON_GUIGA_ZIED,CO_WALLYS_CAR,pdg,corporate,certain,SP_4abcd071d866d9548b66
PERSON_KILANI_ZINE_ELABIDINE,CO_GHANNOUCHI_COMMERCE,gerant,corporate,certain,SP_5bfc9ff61415a51676d9
PERSON_BENGHZIA_SIHEM_KILANI,CO_SUN_SHINE,gerant,corporate,certain,SP_3320ae981542e50927da
PERSON_AMRI_SAIDA,CO_DAR_ANWAR,gerant,corporate,certain,SP_66dbbe7971c10762633f
PERSON_BELHIBA_ABDELAZIZ,CO_CARTHAGE_OIL_EXPORT,gerant,corporate,certain,SP_7d1fea337a78d491d675
PERSON_TAYACH_MOHAMED_ALI,CO_ARCHIBEAU_EXPORT,gerant,corporate,certain,SP_dcc415ad1bb2ae236fac
PERSON_ABDENADHER_MOUNIR,CO_DEXPLOITATION_TRANSFORMATION_PRODUITS_FORESTIERS_SETPF,gerant,corporate,certain,SP_e50f4fee98425cae4bc8
PERSON_BENSEDRINE_MOHAMED_LASAAD,CO_BENS_INDUSTRY,gerant,corporate,certain,SP_4dce9fc12dc435cfa2f6
PERSON_OMRANE_ABDELHAMID,CO_SAPORE_ITALIANO,gerant,corporate,certain,SP_2da1fd9d34bff15dcb3b
PERSON_BENSALEM_HATEM,CO_GLOBAL_TRADING_SERVICE,gerant,corporate,certain,SP_40f753aaebbcb38af66d
PERSON_DJILANI_NEFISA,CO_NEFF_FASHION_EXPORT,gerant,corporate,certain,SP_e7b0a7bd3aba1da9cb95
PERSON_DAMAK_MOHAMED,CO_EAGLE_INTERNATIONAL_TRADING_COMPANY,gerant,corporate,certain,SP_fdbcf881427f5487a2a6
PERSON_BENALI_IMED,CO_MODERNA,gerant,corporate,certain,SP_3b289d525f49a1090923
PERSON_BENSEDRINE_ADNEN,CO_GENBA_TRAINING_CONSULTING,gerant,corporate,certain,SP_3c47d4942b7163f058f1
PERSON_DOGHRI_HASINE,CO_CIMENTS_GABES_SCG,administrateur,corporate,certain,SP_15bb95a7f4eac65c7ccc
PERSON_GHRIBI_SAFA,CO_MZ_PETROLEUM_TRUCKING_LIFTING,gerant,corporate,certain,SP_16cd0bdd11d358f48d17
PERSON_BELAGHA_ADLY,CO_CONSEIL,representant,corporate,certain,SP_0d07c56fc4f66ccb4295
PERSON_HAMROUNI_ABDERAHMAN,CO_MULTI_TECHNIQUES,gerant,corporate,certain,SP_535e77391e9f4af8438b
PERSON_DOUIRI_ALI_TRIKI,CO_HORIZON_TEXTILE_HTEX,gerant,corporate,certain,SP_666b4496e470f87e66bb
PERSON_MABROUK_HAMZA,CO_ECOBAT_BUILDING,gerant,corporate,certain,SP_91c45563cc4b04bdc026
PERSON_ZOUARI_INES,CO_METALO_PEINTURE_SOMEPE,gerant,corporate,certain,SP_91539c17220283bf3b5c
PERSON_MILOT_THIERY,CO_COMPTOIR_MULTISERVICES_AGRICOLES,dg,corporate,certain,SP_5ec595411cc825c9e08a
PERSON_DOGHRI_NEJIB,CO_TUNISIENNE_FERTILISATION_DIRRIGATION_TUNIFERT,gerant,corporate,certain,SP_15eaa1e146c2fba3eaa5
PERSON_ZOUARI_AHMED,CO_SQUARE_PROPERTIES,gerant,corporate,certain,SP_dd30d0621aaebef45934
PERSON_BOUAOUAJA_CHIRAZ,CO_CIVILE_IMMOBILIERE_SUD,gerant,corporate,certain,SP_2f757de15b204b890987
PERSON_AYED_SAMI,CO_MAGHREB_FOOD,dg,corporate,certain,SP_da78bcd2e5f977fabfd1
PERSON_SLAMA_GHASEN,CO_DM_CONSEIL,gerant,corporate,certain,SP_2ae42618dce1357edea9
PERSON_CHAIBI_NABIL,ORGMENTION_Société de Promotion Immobilière Charguia - S.P.I.C,administrateur,corporate,probable,SP_33404ad698a2b2070110
PERSON_KAROUI_MOHAMED_CHERIF,ORGMENTION_Société de Promotion Immobilière Charguia - S.P.I.C,administrateur,corporate,probable,SP_1de47c1c0c4a09c644da
PERSON_ABDENADHER_HAJEUR_DAMAK,CO_BINGO,gerant,corporate,certain,SP_2459aecc48d120a4a273
PERSON_GHLALA_ADNEN,CO_SOLEMED,gerant,corporate,certain,SP_ed7511b9b764c73cee4d
PERSON_CHAABANE_IKRAM,CO_IMMOBILIERE_ORACLE,gerant,corporate,certain,SP_e726c92976b2bd545927
PERSON_JEMLI_HABIB,CO_IDEA_2_CONSULT,gerant,corporate,certain,SP_659f1dd0ef2a15c1736a
PERSON_FOURATI_SAMI,CO_CARTHAGE_CEMENT,administrateur,corporate,certain,SP_64ae0e78d2bc460ea3dd
PERSON_MEDEB_RADHI,CO_CARTHAGE_CEMENT,administrateur,corporate,certain,SP_242aacf6cc22604bf762
PERSON_GHARBI_MUSTAPHA,CO_FRAME_PRODUCTION,gerant,corporate,certain,SP_43676c9a5b21777d4c46
PERSON_HAMROUNI_AHMED,CO_TUNISIE_FRANCE_COMMERCE,gerant,corporate,certain,SP_7f616e7e723324daf281
PERSON_MABROUK_KAIS,CO_IINA_TRAINING_CENTER,gerant,corporate,certain,SP_8fc580125cfff1f3647a
PERSON_ZRIDA_HABIB,CO_LOCEAN_PECHE,gerant,corporate,certain,SP_31810e92fe2691530314
PERSON_ABDENADHER_KARIM,CO_CARTHAGE_INVESTMENTS,gerant,corporate,certain,SP_e3f97547286621fc1118
PERSON_BENSAAD_TAOUFIK,CO_AMINCO,gerant,corporate,certain,SP_6e2d6bd7e23dda68aad2
PERSON_FRANCESCO_PANTALEO,CO_PF_FORMAGGI_ITALIA,gerant,corporate,certain,SP_06f743fa10457d14f9f3
PERSON_ZARGOUNI_IMEN_KOUKI,CO_BANQUE_FINANCEMENT_PETITES_MOYENNES_ENTREPRISES,administrateur,corporate,certain,SP_6d2f8f8cb4ad0540f84a
PERSON_JELOULI_CHAFIK,CO_BANQUE_FINANCEMENT_PETITES_MOYENNES_ENTREPRISES,administrateur,corporate,certain,SP_dcffb13b8435243d21fb
PERSON_HAMROUNI_CHOKRI_MEDEB,CO_BANQUE_FINANCEMENT_PETITES_MOYENNES_ENTREPRISES,administrateur,corporate,certain,SP_2f5277950b293fe50763
PERSON_NASRI_TAHER,CO_SODEK_SICAR,administrateur,corporate,certain,SP_b35b30ae8be5672dfcec
PERSON_ABIDA_RIADH,CO_SODEK_SICAR,administrateur,corporate,certain,SP_b3ff425f300afd128b61
PERSON_HACHICHA_SKANDER,CO_LUCKY_BREAD_LIMITED,gerant,corporate,certain,SP_bf5d1ec440114352d0a5
PERSON_MERLO_MASIMILANO,CO_GIEMME_GROUP_ITALIA_INTERNATIONAL,gerant,corporate,certain,SP_0bea86452f36e7db0bc5
PERSON_GAALOUL_JAMIL,CO_MA_CUISINE_INDUSTRIE,gerant,corporate,certain,SP_37fe8d3a074622893e31
PERSON_TRIKI_SABER,CO_IMMOBILIERE_MAYHANA_PRO,gerant,corporate,certain,SP_3973de75ee92b2106bf7
PERSON_ZARIBI_ABIR,CO_UNICOMMERCE_ITALIA,gerant,corporate,certain,SP_6b3031cc5dea399e8cc9
PERSON_BOURICHA_KAMEL,CO_K_B_R_CONSULTING,associe,corporate,certain,SP_7035e4960833dd17795e
PERSON_CHAABANE_ABDENACEUR,CO_ATALANTIC_AND_PASSIFIC_FOR_INTERNATIONAL_TRADING,gerant,corporate,certain,SP_aeadcb9fab6e9decc5bd
PERSON_SASI_MOHAMED,CO_COMECAB,administrateur,corporate,probable,SP_3d54bd8f7e472802b596
PERSON_HAMAMI_EZEDINE,CO_EL_KALAA_FOOD,gerant,corporate,certain,SP_61c08c90802fdf6f9eca
PERSON_HARIZI_BELGASEM,CO_AMILCAR_PETROLEUM_OPERATIONS,dg,corporate,certain,SP_ecde85ef0faab7b0836f
PERSON_JACQUES_DUPLIN_JEAN,CO_MULTI_SERVICES_ASSISTANCE_TUNIS_FRANCE,gerant,corporate,certain,SP_0e4f5e4979b3b7f981a7
PERSON_IDRIS_IBTISEM,CO_SIPAP_CONFECTION,gerant,corporate,certain,SP_d95d5ea038e5af92524b
PERSON_SLAMA_GHASEN,CO_AL_NASEEM_DISTRIBUTION,gerant,corporate,certain,SP_601c19bd56c5aff8f5c6
PERSON_MELOULI_JALELEDINE,CO_GRANDS_SILOS_CENTRE,dg,corporate,certain,SP_f220d8f919a26b6a08fc
PERSON_CHENIK_MOHAMED,CO_INDUSTRIELLE_BACHES_CONFECTION,pdg,corporate,certain,SP_321b17760776f5112fed
PERSON_AMOR_AMINE,CO_AXIS_CAPITAL,administrateur,corporate,certain,SP_737f80dc5a7f64a94d36
PERSON_BENBRAHIM_FERID,CO_AXIS_CAPITAL,dg,corporate,certain,SP_85d574099a56c0a7b426
PERSON_ENABLI_MOHAMED_ELHEDI,CO_M_T,gerant,corporate,certain,SP_08d8e98874c499552e5d
PERSON_SASI_MOHSEN_BENSALAH,CO_NOUVEL_ASCENSEUR,cogerant,corporate,probable,SP_d86dc1f23c1fd317951c
PERSON_CHAABANE_MOHAMED_ALI,CO_GENERALE_DISTRIBUTION_PRODUITS_DIVERS,gerant,corporate,certain,SP_4f847759a5728100f166
PERSON_ZOUARI_ABDERAHIM,CO_STAFIM_GROS,cogerant,corporate,certain,SP_4e4ebcdbd9bf4621ba66
PERSON_HAMAMI_SALAH,CO_PETRA_AFRICANA,cogerant,corporate,certain,SP_e3fcac278886d4194849
PERSON_KSOURI_BADRIA_TRIKI,CO_PHARMACIE_KSOURI,gerant,corporate,certain,SP_a50c26e8a8904edd57ef
PERSON_ESANAA_BRAHIM,CO_BINA_HOLDING,dga,corporate,certain,SP_336ae38a7b16841833d2
PERSON_BOUZGUENDA_LEILA,CO_BINA_HOLDING,administrateur,corporate,certain,SP_afd31a725c15f65ef2a4
PERSON_CHEOUR_SONIA,CO_BINA_HOLDING,representant,corporate,certain,SP_4bbbe1436ea1b274b802
PERSON_STA_LAZHAR,CO_BINA_HOLDING,representant,corporate,certain,SP_c68a592e4fbebf6e7627
PERSON_ESANAA_BRAHIM,CO_BINA_CORP,pdg,corporate,certain,SP_422022732fe6366a65f3
PERSON_ESANAA_BRAHIM,CO_BINA_CORP,administrateur,corporate,certain,SP_c7f257912d163052d7d6
PERSON_CHEOUR_SONIA,CO_BINA_CORP,representant,corporate,certain,SP_99d1cdca2a274e719ddb
PERSON_HAMZA_IBTISEM_KILANI,CO_AGRICOLE_CULTURES_PROSPECTIVES,gerant,corporate,certain,SP_653e7d89cbef634a3919
PERSON_MABROUK_ACHREF,CO_EXPERT_INTEGRATOR_SOLUTION,gerant,corporate,certain,SP_8b33b5502c542d3ab03a
PERSON_ESASI_NABIL,CO_ASSURANCES_MAGHREBIA,president_ca,corporate,certain,SP_ee8563719a88cfff24b6
PERSON_DERBEL_ABDELAZIZ,CO_MAGHREBIA_SERVICES,gerant,corporate,certain,SP_74289f75becd1dde5e98
PERSON_DANGELO_GIOVANI,CO_CF_HOLDING,gerant,corporate,certain,SP_ed1de6bed1e91f655b1a
PERSON_ELOUMI_WALID,CO_SOFEBOIS,gerant,corporate,certain,SP_efb67d2834be6371328c
PERSON_ZOUARI_SAMIRA,CO_SLIMI_TRAVAUX_SOSTRAV,gerant,corporate,certain,SP_4beef933d3f250ce49f7
PERSON_LOUKIL_BASEM,CO_GENERALE_INDUSTRIELLE_FILTRATION,president_ca,corporate,certain,SP_e3f4dc050ae6f905201d
PERSON_YAICH_FAKHER,CO_GENERALE_INDUSTRIELLE_FILTRATION,unspecified,corporate,certain,SP_3a301c72bed6ec66adff
PERSON_AYARI_RIDHA,CO_FASHION_MAID,gerant,corporate,certain,SP_2e9c9aafee4cc33ffaad
PERSON_SASI_HABIBA,CO_NEDER_MENUISERIE_LALUMINIUM,gerant,corporate,certain,SP_48b97321c8a9f9b0ab05
PERSON_AYED_TAHA,CO_AFRICA_SERVICES_HOLDING,gerant,corporate,certain,SP_a0dec2ab4a5287a9c61d
PERSON_SOLTANI_HOUCINE,ORGMENTION_SOCIETE EL ATHIR SERVICE,dga,corporate,probable,SP_30b59850dbda26405d34
PERSON_SOLTANI_HOUCINE,ORGMENTION_Compagnie Tunisienne d'Electronique El Athir,dga,corporate,probable,SP_9f78e22dc55878aa0421
PERSON_FAKHFAKH_KHALED,CO_OUR_CO_TOURISM_SERVICES,president_ca,corporate,certain,SP_35e4079c3ea1406193ac
PERSON_DAOUED_MOHAMED,CO_OUR_CO_TOURISM_SERVICES,dg,corporate,certain,SP_d48b836765628def2dcf
PERSON_CHABCHOUB_MOHAMED_AMIN,CO_TAWASOL_INVESTMENT_SICAR,dg,corporate,certain,SP_62f56818f4692463d399
PERSON_KILANI_MOHAMED_WALID,CO_ECOVIS_TUNISIA_IT_CONSULTING,gerant,corporate,certain,SP_8a2daaa8ad2f79f3bc7c
PERSON_CAPELI_FRANCO,CO_ITALIAN_CONSULTING_MANAGEMENTS,gerant,corporate,certain,SP_76fae12f575866b0aaef
PERSON_KOUBAA_AHMED_BILAL,CO_GERMAN_FASHION_CONSULTING,gerant,corporate,certain,SP_20663979eba746ab7644
PERSON_CHABCHOUB_MOHAMED,CO_PROFILE_ALUMINIUM_MAGHREBIN_PALMA,dg,corporate,certain,SP_853fc15dc24103e0ff0f
PERSON_SAADI_MOHAMED_MOUNIR,CO_BONEPI,gerant,corporate,certain,SP_39780dc9ea504a2f5492
PERSON_ISMAIL_ALI,CO_TUNISIE_PROFILES_ALUMINIUM_TPR,dga,corporate,certain,SP_6531f3d09edbaccf8af2
PERSON_ABDELKEFI_ABES,CO_DAR_EL_JELD,president_ca,corporate,probable,SP_74466419d1ec64187e75
PERSON_BENSEDRINE_SALEM,CO_LABORATOIRES_LINABEL,gerant,corporate,probable,SP_60f2cbdfb81dcddfe60f
PERSON_MABROUK_AHMED_BENABD_SALEM,CO_DYE_WASH,gerant,corporate,certain,SP_9c034e85ef13fde9b407
PERSON_PONTET_EDOUARD,CO_SWICORP_INTAJ,dg,corporate,certain,SP_b0081c0f03c558711ae2
PERSON_MABROUK_KAIS,CO_INSTITUT_INTERNATIONAL_NUMERIQUE_LAUDIOVISUEL,pdg,corporate,certain,SP_ade2d04c48aece640308
PERSON_GRIOUI_RADHIA,CO_BESTEX,gerant,corporate,certain,SP_cbf7a2655d6e8c157a64
PERSON_HAMAMI_ADEL,CO_SOLUTIONS_COMPOSITES,unspecified,corporate,probable,SP_4fbc879f94c7d9dfde28
PERSON_HAMAMI_ABDELJELIL,CO_SOLUTIONS_COMPOSITES,unspecified,corporate,probable,SP_922a904f4ea8351efa5f
PERSON_BENYAHMED_TAREK,CO_TUNISIENNE_MINOTERIE_SEMOULERIE_SOTUMIS_PALMIER,administrateur,corporate,probable,SP_cb3cd088d7800656686e
PERSON_BENYAHMED_TAREK,CO_TUNISIENNE_MINOTERIE_SEMOULERIE_SOTUMIS_PALMIER,president_ca,corporate,certain,SP_66c2215c043d6d81d0fb
PERSON_KILANI_MOHAMED_KAMEL,CO_ESPACE_MAISON,gerant,corporate,certain,SP_52c700075dcc06703b4a
PERSON_BENGHORBEL_MAKRAM,CO_TUNISIAN_ITALIAN_MOTORS,gerant,corporate,certain,SP_733093d4aaf53171298a
PERSON_JAIDANE_RIADH,CO_MEDITERRANEENNE_SANTE,administrateur,corporate,certain,SP_d17d9123ae733929fe46
PERSON_HAMROUNI_HOUSEM_EDINE,CO_LUMIERE_DOUCE,gerant,corporate,certain,SP_0fb8350aae49fe17dfa5
PERSON_BENHOURIA_MOUNIR,CO_FINANCIERE_RECOUVREMENT_CREANCES_SOFINREC,administrateur,corporate,certain,SP_0e71af87e0e86d633d8a
PERSON_BENHOURIA_MOUNIR,CO_FINANCIERE_RECOUVREMENT_CREANCES_SOFINREC,pdg,corporate,certain,SP_9d7cfd3b5daa735b7e2c
PERSON_BENCHEDLI_MOHAMED_ALI,CO_POISSONS_SAHEL,gerant,corporate,certain,SP_e44b53a04e11cc6ac0eb
PERSON_BENYEDER_BECHIR,CO_CAFES_BONDIN,unspecified,corporate,certain,SP_db9c0313bb0891b7c68d
PERSON_BENYEDER_RACHID,CO_CAFES_BONDIN,unspecified,corporate,certain,SP_2818a88f12af4a58a962
PERSON_KACHOURI_MAHJOUB,CO_CAFES_BONDIN,unspecified,corporate,certain,SP_45577301d38dd35fa5e5
PERSON_BENYEDER_NIHEL_HAJROMDHANE,CO_CAFES_BONDIN,unspecified,corporate,certain,SP_67fd3169ceb3e53debe9
PERSON_BENYEDER_NADHIM,CO_CAFES_BONDIN,unspecified,corporate,certain,SP_957685d54c85928ce1b1
PERSON_BENYEDER_KARIM,CO_CAFES_BONDIN,unspecified,corporate,certain,SP_7a16f53fd193320d33cf
PERSON_BENYEDER_HALIM,CO_CAFES_BONDIN,unspecified,corporate,certain,SP_38f33df83d4248761be6
PERSON_BENYEDER_HAKIM,CO_CAFES_BONDIN,unspecified,corporate,certain,SP_bf7a4487bee109c975d7
PERSON_BENYEDER_BECHIR,CO_CAFES_BEN_YEDDER,unspecified,corporate,certain,SP_1d115cae5dc0827a3c3e
PERSON_BENYEDER_RACHID,CO_CAFES_BEN_YEDDER,unspecified,corporate,certain,SP_dc379718b4cfe1565e5f
PERSON_KACHOURI_MAHJOUB,CO_CAFES_BEN_YEDDER,unspecified,corporate,certain,SP_1b0d30492d10907ca9f7
PERSON_BENYEDER_NIHEL_HAJROMDHANE,CO_CAFES_BEN_YEDDER,unspecified,corporate,certain,SP_8bc10554626af5840780
PERSON_BENYEDER_NADHIM,CO_CAFES_BEN_YEDDER,unspecified,corporate,certain,SP_f46f02384243a11f8179
PERSON_BENYEDER_MALEK_SKANDRANI,CO_CAFES_BEN_YEDDER,unspecified,corporate,certain,SP_e40eced74191ac26d08d
PERSON_BENYEDER_KARIM,CO_CAFES_BEN_YEDDER,unspecified,corporate,certain,SP_fda5cec3a149319cf947
PERSON_BENYEDER_HALIM,CO_CAFES_BEN_YEDDER,unspecified,corporate,certain,SP_402080940326043920a3
PERSON_BENYEDER_HAKIM,CO_CAFES_BEN_YEDDER,unspecified,corporate,certain,SP_354e2a6ed4509e17b2d2
PERSON_BENYEDER_ISMAIL,CO_CAFES_BEN_YEDDER,unspecified,corporate,certain,SP_6ef9b661b5f25aef4795
PERSON_BENYEDER_BECHIR,CO_CAFES_BEN_YEDDER,president_ca,corporate,certain,SP_39d791765b617a8c707f
PERSON_FRADI_MOHSEN,CO_PROMOTION_IMMOBILIERE,unspecified,corporate,certain,SP_43edf1560695e5169e04
PERSON_FRADI_SALAH_AMIN,CO_PROMOTION_IMMOBILIERE,unspecified,corporate,certain,SP_f58b8fe43cd7f921ab2e
PERSON_CHOUAIEB_AMIN,CO_CHIFCO,pdg,corporate,certain,SP_c1ecc5731ccb23242114
PERSON_DHAOUI_KADRI,CO_LIBERTE_DEXPLOITATION_EAUX_MINERALES_HAYET,administrateur,corporate,certain,SP_a887169d380ae106a5ea
PERSON_DHAOUI_CHAKER,CO_LIBERTE_DEXPLOITATION_EAUX_MINERALES_HAYET,administrateur,corporate,certain,SP_f6c9718f6144a7f6b166
PERSON_BENALI_ISA_OUELD_AHMED,CO_LIBERTE_DEXPLOITATION_EAUX_MINERALES_HAYET,administrateur,corporate,certain,SP_5a562365195ea3aad09a
PERSON_DHAOUI_KADRI,CO_LIBERTE_DEXPLOITATION_EAUX_MINERALES_HAYET,president_ca,corporate,certain,SP_7712284122883769d2a1
PERSON_DHAOUI_CHAKER,CO_LIBERTE_DEXPLOITATION_EAUX_MINERALES_HAYET,dg,corporate,certain,SP_8077bcf6d9988f90db98
PERSON_MOALA_REFAAT,CO_POLYMETAL,cogerant,corporate,probable,SP_b1d411691162aedadbf9
PERSON_MOALA_FAROUK,CO_POLYMETAL,cogerant,corporate,probable,SP_a849d25af388af693bce
PERSON_KALEL_EMNA,"ORGMENTION_S.A, faisant appel public à l'épargne",administrateur,corporate,certain,SP_dfb64fe0ed4cdd876b2f
PERSON_KALEL_ABDELWAHEB,"ORGMENTION_S.A, faisant appel public à l'épargne",administrateur,corporate,certain,SP_9f6c062f62eacfc9391b
PERSON_KALEL_SOUHEIL,"ORGMENTION_S.A, faisant appel public à l'épargne",administrateur,corporate,certain,SP_9b0a7c3385be72303bc6
PERSON_KALEL_ABDELHAFIDH,"ORGMENTION_S.A, faisant appel public à l'épargne",administrateur,corporate,certain,SP_1b15915948adb64a4670
PERSON_KALEL_SAMI,"ORGMENTION_S.A, faisant appel public à l'épargne",administrateur,corporate,certain,SP_d3a81151ab615df8a5e9
PERSON_TRIKI_MAHMOUD,"ORGMENTION_S.A, faisant appel public à l'épargne",administrateur,corporate,certain,SP_e6809793a4ecefd742e1
PERSON_KALEL_SLIM,"ORGMENTION_S.A, faisant appel public à l'épargne",administrateur,corporate,certain,SP_9bb33c6b63c10820ca5a
PERSON_KALEL_MEHDI,"ORGMENTION_S.A, faisant appel public à l'épargne",administrateur,corporate,certain,SP_57c53a3b7ce457325db7
PERSON_ELOUMI_HICHEM,CO_ADVANCED_DERIVATIVE_SERVICES,cogerant,corporate,certain,SP_1f24ed253f57b78c1cdd
PERSON_JELASI_HICHEM,CO_MADE_ITALY,gerant,corporate,certain,SP_dc57cfafa65408d5caee
PERSON_BENMALEK_ANAS,CO_D_ARTICLES_HYGIENIQUES,administrateur,corporate,probable,SP_8d22dd869c657486b565
PERSON_GRAR_MOHAMED_ADEL,CO_D_ARTICLES_HYGIENIQUES,administrateur,corporate,certain,SP_0cc92caf1fa0893b0b46
PERSON_ELOUMI_MOHAMED_ELYES,CO_CARAVAN_DISTRIBUTION,dg,corporate,certain,SP_ba19a508138f0c558461
PERSON_ESID_ZOUHEIR,CO_GRES_CERAMIQUES_CAP_BON,commissaire_aux_comptes,corporate,probable,SP_e2328ae0f7e64f6c54be
PERSON_AMAR_FATEN,CO_GRES_CERAMIQUES_CAP_BON,commissaire_aux_comptes,corporate,probable,SP_e82b982403f3724b8f2b
PERSON_KAMOUN_ANOUAR,CO_MANUFACTURE,unspecified,corporate,certain,SP_fd2949c1cc6850826537
PERSON_HACHICHA_MOHSEN,CO_MANUFACTURE,unspecified,corporate,certain,SP_5404541fdda17960b63e
PERSON_MABROUK_NAILI_ALI,CO_SICMED,cogerant,corporate,certain,SP_898ccebccca32b390679
PERSON_HAMAMI_KHALIL,CO_CONSORTIUM_GROUPE_HAMMAMI,gerant,corporate,certain,SP_688a9b5b5bd5c254035d
PERSON_ZOUARI_ABDELMAJID,CO_MAGHREBINE_TRANSPORT_TERRESTRE_INTERNATIONAL_SMTTI,unspecified,corporate,probable,SP_076cb080f99d20738b00
PERSON_ZOUARI_MONCEF,ORGMENTION_L'adoption de nouveaux statuts et du règlement intérieur mis,association_president,corporate,certain,SP_5d094ae4d6127cd4bb7c
PERSON_ELGHOUL_AOUATEF,ORGMENTION_L'adoption de nouveaux statuts et du règlement intérieur mis,secretaire_general,corporate,certain,SP_836be8059e5c61bd28e0
PERSON_OUAHCHI_SAMI,ORGMENTION_L'adoption de nouveaux statuts et du règlement intérieur mis,treasurer,corporate,certain,SP_184d997b1e7696771d5f
PERSON_HAMDI_MOHAMED,CO_EL_FERDAWS,gerant,corporate,certain,SP_12bacf4297205bf9a53d
PERSON_KARFAR_CHAABANE,CO_BEST_CONFECTION,gerant,corporate,certain,SP_2b5de43b435c26f4d6e7
PERSON_CHAMLI_SAMIR,CO_CHEMS_CONFECTION,gerant,corporate,certain,SP_fb65c17623fb4ac59c3c
PERSON_BETAIEB_MOHAMED_DHIA,CO_PLACOPLAST,gerant,corporate,certain,SP_5208a00d111426367f32
PERSON_AREM_MOUNIR,CO_RESTAURANTS_VILLA_DESMERALDA,gerant,corporate,probable,SP_2f20916127067ada645a
PERSON_MZABI_LAROUSI,CO_ASIAN_AUTO,gerant,corporate,certain,SP_7b847bb5626c2b9d0892
PERSON_CHAABANE_CHOKRI,CO_OPTITRADE,gerant,corporate,certain,SP_e275a1cc9f8682b25db7
PERSON_BAHRINI_HAMDI,CO_SEREPT,administrateur,corporate,certain,SP_8dd4864cb82f3cd146b2
PERSON_KILANI_MOHAMED,CO_INTERNATIONAL_TRADING_COMPAGNY,gerant,corporate,certain,SP_e4e18e97197205bda3cc
PERSON_MERCIER_JEAN_MARC,CO_BONNA_BETON_MATERIAUX_PREFABRIQUES,dg,corporate,certain,SP_370e4f0ee82ee5f3adf8
PERSON_ABAS_FERID,CO_SETCAR,pdg,corporate,certain,SP_19236ee60eeedce8ab7a
PERSON_HAMDI_MOHAMED,CO_GRAND_MARBRE_SUD,dg,corporate,certain,SP_2b473df84ca66b7be241
PERSON_BENREJEB_RIADH,CO_FORMATION_PRO,gerant,corporate,certain,SP_2698c7f7e1c111e032d6
PERSON_SGHAIER_AHMED,CO_SR_EMBALLAGES,gerant,corporate,certain,SP_2729a02005f61795b1e6
PERSON_SETHOM_MEHDI,CO_MCF_TUNISIE,gerant,corporate,certain,SP_73504c492e309041c68b
PERSON_GOUCHA_ADEL,CO_POLYCLINIQUE_TAOUFIK,administrateur,corporate,certain,SP_45b6721ba779e2ca71ec
PERSON_CHARFEDINE_RIDHA,CO_POLYCLINIQUE_TAOUFIK,administrateur,corporate,certain,SP_741b0cf9dde7e26b8d59
PERSON_ZOUARI_AYMEN,CO_COROPLAST_TUNISIE,gerant,corporate,certain,SP_d115ba770007eb85c6e1
PERSON_MHADHBI_MOHSEN,CO_FIMCO,gerant,corporate,certain,SP_98d2835f27d5ddd86445
PERSON_HAMROUNI_ABDELATIF,CO_SOTUNOL_TRADING,gerant,corporate,certain,SP_0b12ce332902434d02dd
PERSON_MILED_AZIZ,CO_JASMIN_MODE,gerant,corporate,certain,SP_c9964f70ecf3aca31da7
PERSON_LEFEBVRE_GREGOIRE,CO_RECOUVREMENT,administrateur,corporate,certain,SP_5db563286948b932b5e0
PERSON_BENHASINE_HABIB,CO_MAGHREBIA_FINANCIERE_SICAR,pdg,corporate,certain,SP_0d01401137721039641e
PERSON_BRAHIM_YASINE,CO_BINIT_IMMO_TUNISIE,cogerant,corporate,certain,SP_7f2afc11564c8e770c9a
PERSON_BELHIBA_ABDELAZIZ,CO_CINEMA_PARNASSE,gerant,corporate,certain,SP_6b75dff2086cf245bf4f
PERSON_ABDENADHER_BADREDINE,CO_UB_ENGINEERING,gerant,corporate,certain,SP_fef0d66f2c809a6f9b1f
PERSON_TRIKI_AHMED,CO_GLOBAL_CONCEPT_ENGINEERING,gerant,corporate,certain,SP_887f93aba726e53ece4a
PERSON_MANITA_ZIED_MABROUK,CO_ZIED_MABROUK_FOR_INVESTMENT,gerant,corporate,certain,SP_90a93c5a2436aa6bb69e
PERSON_KOOLI_ABDELAZIZ,CO_INTERNATIONALE_PRODUCTION_PAPIER,association_president,corporate,certain,SP_3ccc9c167a07c5a89ef3
PERSON_MESTIRI_YASINE,CO_THYNA_PETROLEUM_SERVICES,association_president,corporate,certain,SP_a9b89e2d93c29cd6f866
PERSON_BAHRINI_HAMDI,CO_THYNA_PETROLEUM_SERVICES,administrateur,corporate,certain,SP_ba4a8e8ab77d20502445
PERSON_BENAYED_ABDELWAHEB,ORGMENTION_Objectifs,association_president,corporate,certain,SP_d17f0c15350c219e5036
PERSON_BOUZGUENDA_SLIM,ORGMENTION_Objectifs,vice_president,corporate,certain,SP_e3c1bb77edf6b94a5578
PERSON_BENTHAYER_JAMEL,ORGMENTION_Objectifs,treasurer,corporate,certain,SP_23ee6d3751c7fe8c7d4e
PERSON_ELHANI_HATEM,ORGMENTION_Objectifs,secretaire_general,corporate,certain,SP_21ff4957994f4af2bc1c
PERSON_KHORCHANI_BELGACEM,CO_HABRA_HOLDING,administrateur,corporate,certain,SP_726146a3c8e795c3f2f6
PERSON_HALOUANI_NIZAR,CO_METAPHORE_LINE,gerant,corporate,certain,SP_2c3030583453b459180a
PERSON_BESALAH_MADIHA_HAFOUDHI,CO_HYDROSOL_FONDATIONS,administrateur,corporate,probable,SP_aa62686d8c29683c6f21
PERSON_BENHASINE_HABIB,CO_MAGHREBIA_FINANCIERE_SICAR,administrateur,corporate,certain,SP_316b257f65219e1b9440
PERSON_CHAABANE_FAOUZI,CO_FAST_MOBIL_TUNISIE,gerant,corporate,certain,SP_5d0c10b70f2d4fb4ae56
PERSON_MABROUK_FOUED,CO_GFH_BUSINESS_CALL_CENTER,gerant,corporate,certain,SP_98ba6a93606d332f147f
PERSON_SLAMA_FAYCEL,CO_SALAMA,gerant,corporate,certain,SP_23130c0b1f99da746588
PERSON_ZOUARI_ABDELAZIZ,CO_THYNA_MAINTENANCE,gerant,corporate,certain,SP_c6d22a4698866a625d92
PERSON_JERBI_MOHAMED,CO_YASMINE_COMMERCE,gerant,corporate,certain,SP_2ab76d46ff915a41f655
PERSON_TRIKI_WALIM,CO_GENERAL_EQUIPEMENT_DISTRIBUTION,gerant,corporate,certain,SP_83e706cde69703cf9ca7
PERSON_BENYEDER_KARIM,CO_COMAR,administrateur,corporate,certain,SP_9f10f854402c679ee39f
PERSON_SASI_CHOKRI,CO_MEUBLATEX_INDUSTRIES,dga,corporate,certain,SP_27d8de9332d2c3edf0e3
PERSON_SLAMA_GHASEN,CO_TUNISIENNE_LOGISTIQUE_SOTULOG,pdg,corporate,certain,SP_98dc67ec7409d6f5c3fe
PERSON_LABIEDH_NEJI,CO_ABATTOIR_AVICOLE_NORD,gerant,corporate,probable,SP_6ca76e9d57688c1946b4
PERSON_GUIGA_HEDI,CO_SCELLES_SECURITE_SURVEILLANCE_S3,administrateur,corporate,certain,SP_725bc7474ee4d98a87b3
PERSON_GUIGA_HEDI,CO_SCELLES_SECURITE_SURVEILLANCE_S3,president_ca,corporate,certain,SP_b614b40b9ddf66eedb05
PERSON_GUIGA_ZIED,CO_SCELLES_SECURITE_SURVEILLANCE_S3,dga,corporate,certain,SP_74e84be8c9e3c9073bcd
PERSON_KILANI_NADER,CO_NEW_PHARMA,gerant,corporate,certain,SP_c93ca4e8f224e72ed4ba
PERSON_MEDEB_MOHAMED,CO_DELICE_HOLDING,dga,corporate,certain,SP_779756a17289996f397f
PERSON_ELOUMI_YADH,CO_MIG_ENGINEERING,commissaire_aux_comptes,corporate,certain,SP_8356b9749555f973c5c8
PERSON_BENHAJI_SKANDER,CO_NITROKYM,representant,corporate,certain,SP_62018cd1a8a7e40b18d0
PERSON_BENHAJI_SKANDER,CO_NITROKYM,pdg,corporate,certain,SP_1328d01332e370bc08c9
PERSON_KAHLOUN_FAYCEL,CO_SMVDA_FERME_KAHLOUN,dg,corporate,certain,SP_b9dd1a877ba9a3dd3eb3
PERSON_KOOLI_ALI,CO_KAMG_COMMERCE,gerant,corporate,certain,SP_f12580bbb39294e070bb
PERSON_FOURATI_KHALED,CO_SEET_TELMAGH,gerant,corporate,certain,SP_3f2cd2b670a165f66f55
PERSON_ESEBSI_AMEL_CAID,CO_ART_EVENEMENTS,gerant,corporate,certain,SP_567acd301f504e2d88e3
PERSON_TRIKI_RIHAB,CO_ALTESSE_TRAVEL_SERVICE,gerant,corporate,certain,SP_579a2c5e24c0a158f7e4
PERSON_KAMOUN_NIZAR,CO_SOLTAN_FRUITS_SECS,gerant,corporate,certain,SP_85ee1e0f1a0dd6496a19
PERSON_DHAOUI_MABROUK,CO_MABROUK_DHAOUI_TRAVAUX,gerant,corporate,certain,SP_bdd86fc81ab47930e733
PERSON_BICHIOU_MOHAMED,CO_ALKARAMA_HOLDING,dg,corporate,certain,SP_f137cfc3b4670834f60d
PERSON_MRABET_RIDHA,CO_MEDICAL_WEAR,administrateur,corporate,probable,SP_f385a0061964a742d6ca
PERSON_TRIKI_DORIA_AZOUZ,CO_MEDICAL_WEAR,administrateur,corporate,probable,SP_ac15e088c2b71ab8616c
PERSON_SOUISI_MOHAMED,CO_AYA_SHOES,gerant,corporate,certain,SP_5a6b77b8c2ef924f7957
PERSON_AYED_KARIM,CO_EAGLE_MARINE,gerant,corporate,certain,SP_932de20ea02b75ce0ac3
PERSON_MABROUK_MEHDI,CO_MABROUK_ALUMINIUM,gerant,corporate,certain,SP_35ec23f401e3436d0cc0
PERSON_FERJANI_MOHAMED,CO_TUNISO_ALLEMANDE_SERVICES,gerant,corporate,certain,SP_ad301f6f289cdefc0a64
PERSON_BOUJNEH_KARIM,CO_AC2M,gerant,corporate,certain,SP_57432c062991fc15e70c
PERSON_ELHATAB_SAMI,CO_TECH_ITALY,gerant,corporate,certain,SP_83caa4e1cd7a41438e91
PERSON_SELAMI_SOFIEN,CO_MANUFACTURE_PANNEAUX_BOIS_SUD,pdg,corporate,probable,SP_1925acd6ce38094072de
PERSON_BENAMOR_NEJIB,CO_NEWREST_CATERING_TUNISIE,administrateur,corporate,certain,SP_6d8717c9c3a14a264ddd
PERSON_JEMAIA_KAIS,CO_NEWREST_CATERING_TUNISIE,administrateur,corporate,certain,SP_05a298b1bc47bc082218
PERSON_JEANDEL_MATHIEU,CO_NEWREST_CATERING_TUNISIE,administrateur,corporate,certain,SP_b7f0883e37495ed9f2d9
PERSON_JABLEOUI_ADELATIF,CO_SECURITE_MONDIALE_SECUREM,gerant,corporate,certain,SP_585e17fb9eda9e48ad8c
PERSON_IVAN_FLORIN_CHRISTIAN,CO_LAB_21,administrateur,corporate,certain,SP_38fa5888bfc7916560ff
PERSON_SKANDER_NEJI,CO_ITALIAN_CONTACT,gerant,corporate,certain,SP_ab09a91ba5ab4a0133fd
PERSON_ARFAOUI_CHOKRI,CO_DRIVING_RENT_CAR,gerant,corporate,certain,SP_47c456ebcfb222fcbfa2
PERSON_DHAOUADI_SAMIA_DRIS,CO_AL_HABIB,gerant,corporate,certain,SP_a4cc452c9993b476d54a
PERSON_ELAMRI_HABIB,CO_MODERN_LEASING,administrateur,corporate,certain,SP_d10e9fdc4f0590ca727d
PERSON_ELAMRI_HABIB,CO_MODERN_LEASING,president_ca,corporate,certain,SP_3b3302131e2165fad101
PERSON_AREM_MOHAMED_WALID,CO_CHALLENGE_HOLDING,pdg,corporate,certain,SP_f782f1afc4ca74303421
PERSON_AREM_MEHDI,CO_CHALLENGE_HOLDING,dga,corporate,certain,SP_329b53bcfcfd061e0c85
PERSON_ZOUARI_MOEZ,CO_DLP_MARKET_TUNISIE,gerant,corporate,certain,SP_2dfa375080fbc71bdd66
PERSON_ZOUARI_MOUNIR,CO_AZIZ_ZOUARI_PROMOTION_IMMOBILIERE,gerant,corporate,certain,SP_d10f19cacb75f58c094f
PERSON_HAMROUNI_AHMED,CO_ZAPPING_FORMATION,gerant,corporate,certain,SP_966d7fa8111d6b3ba3f8
PERSON_BENYEDER_KARIM,CO_PARTICIPATION_GESTION_DINVESTISSEMENT,administrateur,corporate,certain,SP_55588bb16bb04446e4dc
PERSON_TRIKI_ALAEDINE,CO_AMIR_W_ALADINO,gerant,corporate,certain,SP_de9609aa0b6cbbc7ff24
PERSON_CHAABANE_MOHAMED_SKANDER,CO_MEDITERRANEENE_SERVICES_SMS,gerant,corporate,certain,SP_0e97256fbfffbf22c7f1
PERSON_YOUSEF_MOHAMED_ALI,CO_ATELIERS_CAP_BON,gerant,corporate,certain,SP_a64658f12750b1d633b6
PERSON_KAAB_TARAK_BENEL,CO_ATELIERS_CAP_BON,gerant,corporate,certain,SP_8254f461bb4a63d7a020
PERSON_HEBIRI_FAYCEL,CO_AFRIK_PROSPECT_AND_CONNECT,gerant,corporate,certain,SP_f87eba5c1755a9d9b3fb
PERSON_MABROUK_MANEL,CO_TUNISIA_HEALTH_SERVICES,gerant,corporate,certain,SP_c1cb44bddc22bf65ebcc
PERSON_MHIRI_MOURAD,CO_TOURISTIQUE,administrateur,corporate,certain,SP_54cc7e3561f36edfc19c
PERSON_BENABES_HEDI,CO_MEDI_EQUIP,cogerant,corporate,certain,SP_6110534d0a0c024edada
PERSON_MABROUK_KHALED,CO_MABROUK,gerant,corporate,certain,SP_330e9b8e56f18e3a5ba0
PERSON_ZOUARI_SARAH_KHECHINE,CO_DEFONTAINE_TUNISIE,administrateur,corporate,certain,SP_cf07c34f27c1d5c38484
PERSON_SLAMA_MOHAMED_ALI,ORGMENTION_Société SIS SARL,gerant,corporate,certain,SP_ece0e2f33a15ce9629ab
PERSON_SLAMA_MOHAMED_SABRI,ORGMENTION_Société SIS SARL,gerant,corporate,certain,SP_8fb1bbac8a258384a7a7
PERSON_KILANI_ABDELAZIZ_AHMED,CO_MAGHREBIENNE_MAINTENANCE_INDUSTRIELLE_BACHA,gerant,corporate,certain,SP_58b5176f4666d723bf97
PERSON_MABROUK_ABDELAZIZ,CO_TUNISIE_PLATRE,gerant,corporate,certain,SP_11b9e447763a3d8ef80a
PERSON_ZOUARI_SOUHAIEB,CO_FUTUR_BATIMENT,commissaire_aux_comptes,corporate,certain,SP_724217c311fd1aafa5c2
PERSON_BENSALEM_ZAKARIA,CO_EXIS_RETAIL,gerant,corporate,certain,SP_03a4ea54e32dff06ea32
PERSON_TRIKI_HELA,CO_FERIS_SAMI_MHIRI_COMMERCE_INTERNATIONAL,gerant,corporate,certain,SP_8ef5d8d97494c6fcd714
PERSON_CHAABANE_HAMDI,CO_SUBLIMART,gerant,corporate,certain,SP_e3b6e54f4412e0be3084
PERSON_GHAZI_MOURAD,CO_EURO_CYCLES,unspecified,corporate,probable,SP_99643f801e2c0256c066
PERSON_LINCZOWSKI_ERIC,CO_WASHING_INTERNATIONAL_COMPANY,pdg,corporate,probable,SP_95a666f4989e5ace7ee8
PERSON_MERIAH_LOTFI,CO_TUNIFROM,gerant,corporate,certain,SP_9e70462bdde17c08a066
PERSON_AMOURI_MOHAMED,CO_CIVILE_IMMOBILIERE_ASTRO,gerant,corporate,certain,SP_4c28bab5d5072e08e07a
PERSON_BENSALEM_ZAKARIA,CO_VALCOR,gerant,corporate,certain,SP_0e7bface03d8b727075f
PERSON_CHAABOUNI_HATEM,CO_ELEVAGE_PRODUCTION_AGRICOLE_SEPAG,gerant,corporate,certain,SP_5085c1c1c2fd4ebe3c06
PERSON_BLOUZA_MOHAMED_NAZIH,CO_AMEUR_FRERES,gerant,corporate,certain,SP_30bb7a2d1a775c0d54fe
PERSON_HAMAMI_HAGER,CO_EXPOMAR,gerant,corporate,certain,SP_f60ecf175b4c2d3c5d52
PERSON_BATIKH_MONGI,CO_EL_BARAKA_CHAUSSURES,gerant,corporate,certain,SP_d51fe057d037159acba8
PERSON_CHERIF_MOHAMED,CO_PROCUREMENT_CONSTRUCTION_AND_MAINTENANCE_PROCOM,gerant,corporate,certain,SP_274cef4e7c081ea7b781
PERSON_ELAZARA_KARIM,CO_CAPSA_CALL_CENTER,administrateur,corporate,probable,SP_a920cf6da3883235e279
PERSON_ELAZARA_BELGACEM,CO_CAPSA_CALL_CENTER,administrateur,corporate,probable,SP_0004987841ce21f16446
PERSON_KHALIL_MOHAMED,CO_AMC_DEAL,president_ca,corporate,certain,SP_06242051c3a26bc055ec
PERSON_HAMROUNI_AHMED,CO_ARC_EN_CIEL,gerant,corporate,certain,SP_dd3958fbf9cc7d886148
PERSON_KADHRAOUI_NEJIB,CO_SARA_CONFECTION,gerant,corporate,certain,SP_5b9d8650b5914c126d0e
PERSON_CHOUAIEB_MAHMOUD,CO_NATIONALE_IMMOBILIERE_TUNISIE_NORD,dg,corporate,certain,SP_3d3e852be1b1de52c4d7
PERSON_LANDOLSI_IMED,CO_NETWORK_EXPERTISE_TELCABO,gerant,corporate,certain,SP_a4aeb0d5a7c0f23396c3
PERSON_MABROUK_MOHAMED_ALI,CO_MEDITERRANEENNE_BTP_SMBTP,gerant,corporate,certain,SP_62298fdae901cb8fe55d
PERSON_KOUBAA_THAMEUR,CO_ELIOS_LOCALISATION,gerant,corporate,certain,SP_63fd14a54532424fc60c
PERSON_KAMOUN_FATMA,CO_HFM_SERVICES,gerant,corporate,certain,SP_46bcd3ba2f22b60b4f82
PERSON_BENHMIDA_AYMEN,CO_FRENCH_CALL_ASSISTANCE,gerant,corporate,certain,SP_d0f0dcf0a023cf4cddc9
PERSON_SLAMA_JAWHER_BENMOHAMED,CO_ELLA_CONFECTION,gerant,corporate,certain,SP_f26a72274cb944d0caf0
PERSON_SLAMA_GHASEN,CO_CSM_GIAS,president_ca,corporate,certain,SP_5fd9511f88fcd8e4f976
PERSON_MARAKCHI_AHSEN,CO_CSM_GIAS,dg,corporate,certain,SP_ca7aff8b039f5b7f3ecc
PERSON_AREM_MOHAMED_ANIS,CO_RIMEL_DJERBA,president_ca,corporate,certain,SP_6f7f35bc3a4f4ad728a2
PERSON_AREM_MONCEF,CO_RIMEL_DJERBA,dg,corporate,certain,SP_0736898a8e584503bb22
PERSON_ZOUHEIR_ABDELAZIZ,CO_PROSERV,gerant,corporate,probable,SP_e30f43776ca34716cebe
PERSON_SELAMI_MONCEF,CO_AGRICOLE_FARAH,gerant,corporate,certain,SP_e6b927186911d600b1c6
PERSON_CHAABANE_DHAFER,CO_GENERALE_TRAVAUX_EN_BATIMENT,gerant,corporate,certain,SP_5eed14ac1723405cf58b
PERSON_NAJAHI_HOUDA,CO_MADJO_FASHION,gerant,corporate,certain,SP_879623c8504c6425a749
PERSON_CHAIBI_NABIL,CO_BISCUITERIE_MEDITERRANEENNE,association_president,corporate,certain,SP_7721aab230e13115e1be
PERSON_DIALO_IBRAHIMA,CO_PIERRE_FABRE_MEDICAMENTS_PRODUCTION_TUNISIE,dga,corporate,certain,SP_fbd33db555472d5bc189
PERSON_ELOUMI_SABRINE,CO_AL_MAZAR_PROMOTION_IMMOBILIERE,dga,corporate,certain,SP_bca4239f5bf9d09e3f55
PERSON_RIAHI_SLIM,CO_JARDIN_DEDEN_CONDITIONNEMENT_TRANSFORMATION_DATTES,administrateur,corporate,certain,SP_76ef12e78ee303e49cac
PERSON_HAMROUNI_AHMED_SAIFEDINE,CO_EL_YOSR_MATERIAUX_CONSTRUCTIONS,gerant,corporate,certain,SP_91892f917c7207600a94
PERSON_KILANI_AMEL,CO_TUNI_MEUBLES,gerant,corporate,certain,SP_e8330c4ed1add5f7b592
PERSON_BOUJBEL_AHMED,CO_VACPA_BOUJBEL,administrateur,corporate,certain,SP_3c16b22a1ac92e4325b5
PERSON_TRIKI_SIHEM,CO_NARD_INTELLIGENCE,gerant,corporate,certain,SP_12478ce934a0dce9e189
PERSON_HADAJI_SAMIR,CO_SAGI_PACK,gerant,corporate,certain,SP_60d6484914478a537bd3
PERSON_ZOUARI_MOHAMED_ELYES,CO_ZOUARI_FOOD,gerant,corporate,certain,SP_5ccd2bd402086e9787aa
PERSON_ZOUARI_LOTFI,CO_ZOUARI_FOOD,gerant,corporate,certain,SP_9252661e0f817082ce4d
PERSON_HAMAMI_KHALIL,CO_DISTRIBUTION_MATERIAUX_CONSTRUCTION_SODIMAC,gerant,corporate,certain,SP_f2d5f5a58288e1c63868
PERSON_HAMROUNI_SARAH,CO_BOUBAKER_LOCATION_VOITURES,gerant,corporate,certain,SP_baf66f97462fd64b8f61
PERSON_OUESLATI_ZIED,ORGMENTION_Nom : Tunisie Croissance,vice_president,corporate,certain,SP_0b4fa3532db41e9d52e3
PERSON_FEKIH_TAREK,CO_CONSEIL,administrateur,corporate,certain,SP_148a08990036361ed49e
PERSON_FEKIH_SAMIRA,CO_CONSEIL,administrateur,corporate,certain,SP_2044611f7cf74ce8bc1d
PERSON_HALEB_MOHAMED_TAHER,CO_CONSEIL,administrateur,corporate,certain,SP_2a5cafbc284ca6fe4945
PERSON_CHAYATA_SEDKI,CO_THERMO_PLAST,gerant,corporate,certain,SP_01aed3fb5971aeffcfb2
PERSON_ZOUARI_KHALED,CO_ECLAT,gerant,corporate,certain,SP_2c95413ef2d25bc35c55
PERSON_BENABDALAH_MOHAMED_SLIM,CO_GENERALE_MAKNI_COMMERCE,representant,corporate,certain,SP_588002d348ed65c139fc
PERSON_AMAR_MOHAMED,CO_ALISOL_LALTERNATIVE_ELECTRIQUE,gerant,corporate,certain,SP_7e10bfc5312ff5862c7d
PERSON_MABROUK_AHMED,CO_WILD_WONDER_PRODUCTION,gerant,corporate,certain,SP_eb18e3a64db1e1893887
PERSON_BORDIGNON_RICARDO,CO_ELECTROMECANIQUE_MEDITERRANEENNE,cogerant,corporate,certain,SP_6a17199fa35846d3a133
PERSON_ZOUARI_ZOHRA_BOUKADIDA,CO_SARAH_TEXTILE,gerant,corporate,certain,SP_265ca79f333ea018dca8
PERSON_KAROUI_CHERIF,CO_BISCUITERIE_MEDITERRANEENNE,administrateur,corporate,certain,SP_a8a9ef3082e665df131f
PERSON_MABROUK_FARES,CO_PATRIMOINE,association_president,corporate,certain,SP_6cc229ed20ff05a01192
PERSON_BENAMOR_BECHIR,CO_SARTEX,gerant,corporate,certain,SP_d99a5ee689734b0adea1
PERSON_MZAH_MOHAMED_LASAAD,CO_AVIATION_TRAINING_CENTER_OF_TUNISIA,dg,corporate,certain,SP_5d7552203a568d52f4a3
PERSON_CHAABOUNI_HEDI,CO_HYDCO,cogerant,corporate,certain,SP_32c63b21773b62c2b81f
PERSON_CHAABANE_RIDHA_ALI,CO_EXPANSION_2000,unspecified,corporate,probable,SP_a3b7b6fdbbc2377ab06b
PERSON_ELOUMI_MAJDI,CO_AGRICOLE_KHEDIJA,gerant,corporate,certain,SP_ed7fd216a34e9b42dfd3
PERSON_PICOLO_DOMENICO,CO_ITALIAN_CONTACT,cogerant,corporate,certain,SP_ec9a4fbb7d62345f8269
PERSON_THABTI_THAROUET,CO_PETROCHEM_INDUSTRIES,pdg,corporate,certain,SP_1357cb92f9769a4e8d89
PERSON_CHAIEB_MOURAD,CO_CARRELAGES_CHAIEB,gerant,corporate,certain,SP_2eba85319e9cb4445f3a
PERSON_BANOURI_SONDES,CO_DASRI_STERILE,gerant,corporate,certain,SP_2e328323c4f483a3ca27
PERSON_AREM_MARWA,CO_MAGICRECHE,gerant,corporate,certain,SP_4a294e9a4d9615eacc74
PERSON_BABER_JAMES,CO_THYNA_PETROLEUM_SERVICES,dga,corporate,certain,SP_90012e7baba1dd7f6c92
PERSON_ABDENADHER_WIRATH_FEKIH,CO_ABRAJ_TUNIS_PROMOTION_IMMOBILIERE,gerant,corporate,certain,SP_00d12712d0eadde40f93
PERSON_HAMAMI_HAMADI,CO_AMEN_TRAVAUX_PUBLICS,gerant,corporate,certain,SP_6f41ebdc7a9a3f117df3
PERSON_ABDEDAYEM_MOHAMED,CO_TUNISIE_ITALIA_TRADING,gerant,corporate,certain,SP_9ba1de46881679d2b73d
PERSON_BOUGHAMOUDA_LOTFI,CO_TUNISIE_ITALIA_TRADING,gerant,corporate,certain,SP_904edac503c791bb763c
PERSON_MABROUK_MOHAMED_ALI,CO_RAMO_CONSULTING,cogerant,corporate,certain,SP_070bf2ceb919f798ec94
PERSON_SASI_HICHEM,CO_SMC_CONFECTION,gerant,corporate,certain,SP_fd21eb92a36e4a052ef7
PERSON_HEMAYED_HAFEDH,CO_FRESH_FISH,pdg,corporate,certain,SP_9a0f24664fa9a7394428
PERSON_ZOUARI_RAFIK,CO_PRAIRIES_CARTHAGE,gerant,corporate,certain,SP_ed7b56bcff1268ea64c3
PERSON_TRABELSI_MOHAMED,CO_GOLDEN_MEDITERRANEEN_OLIVE_OIL,gerant,corporate,certain,SP_0772779bd75c8a3ae85b
PERSON_KAHBICH_MOHAMED_SADOK,CO_EQUIPEMENTS_MEDICAUX_PARAMEDICAUX,gerant,corporate,certain,SP_6972c481a8aa7032355a
PERSON_ZGOLI_MOHAMED,CO_BOITE_METALLIQUE_TUNISIENNE,pdg,corporate,certain,SP_9127db025366cb7dfc29
PERSON_SLAMA_RIDHA,ORG_CAISSE_NATIONALE_SECURITE_SOCIALE,administrateur,corporate,certain,SP_e085ce91d18385cddd9c
PERSON_BOUAJINA_NESRINE,CO_FRANCE_FASTOOD,gerant,corporate,certain,SP_ee269a153698f8f88714
PERSON_BELGACEM_AHMED,CO_AST_COMPUTERS,gerant,corporate,certain,SP_ba38297280f22aeab1a7
PERSON_BENGHARBIA_KHALED,CO_CMA_CGM_TUNISIA,president_ca,corporate,certain,SP_86ab80e840fd38dd4f1c
PERSON_ELIGIO_ASTA,CO_ITALCOS,gerant,corporate,certain,SP_81dde4d884cfa91dd9d1
PERSON_BENMILED_KHALED,CO_BTE_SICAR,president_ca,corporate,certain,SP_5dabb0910ea1b5f08e21
PERSON_JAZIRI_GOLSOM,CO_BTE_SICAR,president_ca,corporate,probable,SP_b57655faf881795a542b
PERSON_MAAMOURI_KACEM,CO_TUNISO_EMIRATIE_PARTICIPATIONS,dg,corporate,probable,SP_b876a0150ceb8405a8b5
PERSON_GAHBICHE_WALID,CO_CEREALIS,association_president,corporate,certain,SP_e834faf25beb1b449031
PERSON_BOUKHRIS_ZIED,CO_TRESOR_CUIR,pdg,corporate,certain,SP_b98d6d5268652c57ebf9
PERSON_TUTOLOMONDO_GIOVANI,CO_ITALO_TUNISIENNE_PRODUITS_ALIMENTAIRES,cogerant,corporate,certain,SP_5165feaae940d374042a
PERSON_RIZA_AHMED,CO_FRANCO_TUNISIENNE_COLLECTE_TRI_DECHETS_VALORISABLES,cogerant,corporate,certain,SP_4dd2068a6350544402a3
PERSON_TRIKI_BASMA,CO_MAISON_COUTURE,gerant,corporate,certain,SP_544b1187ed198484e729
PERSON_CHAABANE_MANEL,CO_SLECTION_DISTRIBUTION,gerant,corporate,certain,SP_51b81ac1189ed2fd44e3
PERSON_YAAKOUBI_NIZAR,CO_ICE_SOFT_ITALIA_TUNISIA,gerant,corporate,certain,SP_b2f0d9a92ef73f55ab99
PERSON_CHAABANE_ATHER,CO_KARAMA_HOLDING,administrateur,corporate,certain,SP_39e0e25781c5692f09ed
PERSON_HACHICHA_SOUHEIL,CO_MEUNIERE_TUNISIENNE,dg,corporate,certain,SP_8079b10ef4375d2520db
PERSON_KHOUAJA_MEHDI,CO_MEUNIERE_TUNISIENNE,administrateur_delegue,corporate,certain,SP_adbb6b498386c5597b56
PERSON_MHIRI_SAMI,CO_WIDED_SERVICES,gerant,corporate,certain,SP_63ad38f0510183a7a58f
PERSON_HMIDA_ADNEN,CO_COMPAGNIE_INTERNATIONALE_MEDITERRANEENNE,gerant,corporate,certain,SP_dab05973c393bebd2251
PERSON_CHAARI_MOHAMED_LASAAD,CO_COMPAGNIE_INTERNATIONALE_MEDITERRANEENNE,cogerant,corporate,certain,SP_e01ae389fab737b07381
PERSON_SOYAH_HAMED,ORG_FONDATION_IFM,association_president,corporate,certain,SP_2e5a171105fd9bdf5edc
PERSON_BOUSETA_SOFIENE,ORG_FONDATION_IFM,secretaire_general,corporate,certain,SP_bb0b6d86d5204c7382e2
PERSON_CHAGOUR_THAMEUR,ORG_FONDATION_IFM,treasurer,corporate,certain,SP_9d3818941ea4011d0f5d
PERSON_DOGHRI_NEJIB,CO_SEM_CHIFA,president_ca,corporate,certain,SP_dc91f10382ee4a746c3b
PERSON_BOUAZIZ_LOTFI,CO_CINTRES_ACCESSOIRES_DIVERS,gerant,corporate,certain,SP_fa45d5f26952b5d60c00
PERSON_BENAHMED_MOUSA,CO_GENERAL_SECURITY_EQUIPEMENTS_CONSULTING,gerant,corporate,certain,SP_e21c0d3cb66f95ef96d8
PERSON_BENYEDER_HAKIM,CO_COMAR,dg,corporate,certain,SP_0394c95a2550e80738b7
PERSON_BAHRINI_HATEM,CO_MEDIVET,commissaire_aux_comptes,corporate,certain,SP_076691540ee39284af1f
PERSON_GIANLUCA_VEZANI,CO_FVM_ITALIA_VENTILATION_INDUSTRIELLE,gerant,corporate,certain,SP_7444c0b32353696370a1
PERSON_MIGUET_CLAUDE,CO_COMPAGNIE_MEDITERRANEENNE_REPARATION_TUNISIE,administrateur,corporate,certain,SP_d5f05ce87921cdd487c1
PERSON_HACHICHA_SOUHEIL,CO_RANDA,dg,corporate,certain,SP_e3a646ec6b0dc684df43
PERSON_KHOUAJA_MAHDI,CO_RANDA,administrateur_delegue,corporate,certain,SP_55c3185d92ef981a3822
PERSON_SELAMI_SAMIA_KAMOUN,CO_ARIJE_EL_MEDINA,dg,corporate,certain,SP_b64f1f78ab9676fc7910
PERSON_SLAMA_HASEN,CO_COGEMHY,member,corporate,certain,SP_e1b4be068bf6b731f840
PERSON_SLAMA_HASEN,CO_COGEMHY,pdg,corporate,certain,SP_66b4a4aa9997e07ad76b
PERSON_MABROUK_NAIMA,CO_FOUDEX,gerant,corporate,certain,SP_3d7316a4edff4ef73ca7
PERSON_HAMROUNI_MALEK_BENMICHRIA,CO_ARTPRINT,gerant,corporate,certain,SP_7f41129a9ea35e59414f
PERSON_CHABCHOUB_MOHAMED,CO_UTS_PALMA,gerant,corporate,certain,SP_265e6b0273a25f1864d9
PERSON_KOTI_SAMIR,CO_CONSEIL_DEVELOPPEMENT_ETUDE,gerant,corporate,certain,SP_0d3951de4405ae858368
PERSON_SOULA_HEDI,CO_HORIZONS_PAPIERS,gerant,corporate,certain,SP_9e1c2929793add208dc4
PERSON_TRIKI_MAJDI,CO_TRIKI_COMPANIE,gerant,corporate,certain,SP_d5aa6c579027a3eb847a
PERSON_HAMAMI_AFEF,CO_ALZHEIMER_FAMILY_ASSISTANCE_CENTER_AFA_CENTER,gerant,corporate,certain,SP_14c50cdae2e4e2d4ca57
PERSON_ZOUARI_IKRAM,CO_BIO_GAZ,unspecified,corporate,certain,SP_d89b2d069f76ba2daab2
PERSON_HAMROUNI_MOHAMED_ELAID,CO_TUNISIAN_DISTINATION_TRAVEL,gerant,corporate,certain,SP_7d6cbab465d51fb53784
PERSON_HAMAMI_HATEM,CO_RIMES_DIFFUSION_DISTRIBUTION,gerant,corporate,certain,SP_3f5dbe80c27752d966ff
PERSON_ABDENADHER_SOFIEN,CO_AL_AMIRA,gerant,corporate,certain,SP_0ae614d454f731140ff8
PERSON_ABDELMOULA_MONCEF,CO_MAILLE_CLUB,president_ca,corporate,certain,SP_3ee136b5115403ab112c
PERSON_HAMAMI_KAMEL,CO_YOSRA_SERVICES_ORGANISATION_GALAS,gerant,corporate,certain,SP_45e23b6932232d96db9d
PERSON_SAMARA_SAMIR,CO_ITALIA_CONTRAZIONI,gerant,corporate,certain,SP_06b6f4120f702a6975a9
PERSON_KHECHINE_HIBA,CO_ALLIANCE_SYNERGIE,gerant,corporate,certain,SP_d94457354fbbff4123a4
PERSON_ZOUARI_MOHAMED,CO_MEUBLE_EDAM_SME,gerant,corporate,certain,SP_d22286c4934dd51da627
PERSON_HAMAMI_KHALED,CO_FARAH_COMMERCE_SFC,gerant,corporate,certain,SP_87bc39aaece45b9e627b
PERSON_ELOUMI_HICHEM,CO_INAPPSHORO,gerant,corporate,certain,SP_5e34364de14b63cf767f
PERSON_ZOUARI_WALID,CO_TRAVAUX_MAINTENANCES,gerant,corporate,certain,SP_e48959bfeb8e9bb6ba59
PERSON_KAMOUN_LASAAD,CO_HYDROTECH,gerant,corporate,certain,SP_bf68c3c7f2f1a90b14eb
PERSON_CHARFEDINE_RIDHA,CO_INES_TRADE_COMPANY,gerant,corporate,certain,SP_d87368bfc5651191abcf
PERSON_TRABELSI_MOHAMED,CO_SOFFITE_PROMOTION_IMMOBILIERE,gerant,corporate,certain,SP_6731b10d760d59fcde0b
PERSON_GABSI_HABIB,CO_EATING_ITALIAN,gerant,corporate,certain,SP_f4da70f31aa01ae12d1a
PERSON_HAMROUNI_MOURAD_BENHSAN,CO_KARAMA_DINVESTISSEMENT_AGRICOLE,gerant,corporate,certain,SP_3657b8cdbda03acb2452
PERSON_RAMUNO_DOMENICO,CO_FRANCO_ACCORSI_DESIGN,gerant,corporate,certain,SP_3df0dffbe43e5a96f151
PERSON_HAMAMI_HABIBA_KESIS,CO_LINFINI_COMMERCE,gerant,corporate,certain,SP_c0c45d4aac2bad7de322
PERSON_BENAISA_SAHBI,CO_SICAV_PROSPERITY,administrateur,corporate,certain,SP_c7c4edb33693c901f6f4
PERSON_CHAABANE_SAFOUEN,CO_PARFUMS_PARIS,gerant,corporate,certain,SP_5eedb8f0f10f71de4ef3
PERSON_BENAMAR_MOHAMED_SALAH,CO_EL_KHIR_DEVELOPPEMENT_AGRICOLE,gerant,corporate,certain,SP_f9c37978cd36fade17f8
PERSON_HAMAMI_AHMED_BENBRAHIM,CO_HAMMAMI_DENTREPOSAGE_FRIGORIFIQUE_SOHAF,gerant,corporate,certain,SP_8b40d2133fa4fcb43d8d
PERSON_BENAYED_MALEK,CO_CEAT_CONSEIL_ETUDE_ASSISTANCE_TECHNIQUE,gerant,corporate,certain,SP_448d7ac5111a7b5c662f
PERSON_HAMAMI_AHMED,CO_GENERAL_TRAFFIC_TECHNOLOGY,gerant,corporate,certain,SP_918ded594bea2acb2115
PERSON_LATRACHE_HAYKEL,CO_ITALY_COMMERCE_INTERNATIONAL,gerant,corporate,certain,SP_e54ab97d7ce5cd370754
PERSON_ZERZERI_BELHASEN_BENHABIB_BENHAMIDA,CO_POPCORN_DESIGN,gerant,corporate,certain,SP_d7316e0de5e1f2510b3e
PERSON_SASI_KARIM,CO_DEVELOPPEMENT_AGRICOLE_NORD_OUEST_SODANO,gerant,corporate,certain,SP_09abda87b260e28da9e4
PERSON_MOALA_RAFIK,CO_WAHRA_RENT,president_ca,corporate,certain,SP_149d3c4de54e8c218c13
PERSON_HORCHANI_AHMED,CO_WAHRA_RENT,dga,corporate,certain,SP_ecf2a67183c740dbf5bb
PERSON_BENSALEM_ZAKARIA,CO_SMART_RETAIL,administrateur,corporate,certain,SP_d4c47c5f99c0a817fd69
PERSON_BENSALEM_ZAKARIA,CO_SMART_RETAIL,pdg,corporate,certain,SP_2c288ee72d0c3146cd0d
PERSON_TRIKI_WASIM,CO_MEDTRUST_INTERNATIONAL,gerant,corporate,certain,SP_5a76dd44380a06205a79
PERSON_BENHAMOUDA_NIZAR,CO_ITALIAN_JOB,gerant,corporate,certain,SP_c6bf96423e2a747ca60f
PERSON_AMAR_RIDHA,CO_NOUVELLE_TRANSPORT_KERKENNAH_SONOTRAK,pdg,corporate,certain,SP_aecf125c50ff5193e1be
PERSON_HAMAMI_MOHAMED,CO_EZDIHAR_BATIMENTS_SOMPTUEUX,gerant,corporate,certain,SP_9b54007ff1c6fba6f289
PERSON_JABEUR_MOKTHAR,CO_LINDATEX,gerant,corporate,certain,SP_1ba313b31f11e91b835c
PERSON_BAYAHI_TAHER,CO_BHM,pdg,corporate,certain,SP_e9ed3b9b1948c63f4edb
PERSON_TRIKI_ANIS,CO_FOOD_SERVICES,gerant,corporate,certain,SP_68f099b69ec94c8a760f
PERSON_BENSALEM_MOURAD,CO_BRODERIE_MODERNE,gerant,corporate,certain,SP_3c1cf634900e9d514467
PERSON_GHERAB_BELHASEN,CO_PARTNER_TEXTILE_INDUSTRY,gerant,corporate,certain,SP_8a42c88e97ab7dad17a3
PERSON_BENZBIR_MAROUA,CO_VISTA_ITALIA,gerant,corporate,certain,SP_8145e3bd4ce6bf2466dd
PERSON_HAMAMI_HELMI,CO_RUSPINA_METAUX_USEES,gerant,corporate,certain,SP_5895cad9b85bf43e928f
PERSON_AMAR_KAMEL,CO_DISPLAY_AND_SIGN_FACTORY,gerant,corporate,certain,SP_cdbcf4301925967a576f
PERSON_TANAZEFTI_ABDALAH,CO_TECHNO_DEV_SOLUTIONS,gerant,corporate,certain,SP_299f1721659bd46d0790
PERSON_HAMAMI_ADEL,CO_MEGA_PLAST,gerant,corporate,certain,SP_96ee6a6193de6d5942e9
PERSON_SELMANE_ABDELKERIM,CO_FRANCE_CONSULT,gerant,corporate,certain,SP_a9b7a05e7b27e4671343
PERSON_MAJAJI_AHMED,CO_SICAF,dg,corporate,certain,SP_4487d109c083fd3593cc
PERSON_LOUED_TAHA,CO_TECHNIQUE_INSPECTION_CONTROLE,administrateur,corporate,certain,SP_76d5a32fd00699ccaffb
PERSON_BENAMOR_MOHAMED,CO_LAMBDA_DECO,gerant,corporate,certain,SP_1ee6ee303f32d3936c2e
PERSON_MABROUK_AMIR,CO_LOKMAN_AL_HAKIM,gerant,corporate,certain,SP_644645cad55f98f84640
PERSON_CHAABANE_OMAR,CO_EL_KHOUTAF_FABRICATION_PRODUITS_DENTRETIEN,gerant,corporate,certain,SP_da91ab7715f3caca2449
PERSON_ELOUMI_SARAH_HAJROMDHAN,CO_PARENTHESE,gerant,corporate,certain,SP_227b69aeaafb78a45190
PERSON_BENALI_AMEL,CO_PRODUITS_DENTRETIEN_SUD_PLUS_SPE_SUD,gerant,corporate,certain,SP_e61485de0c98259a62ed
PERSON_CHABCHOUB_NAJET,CO_MODERN_LEASING,unspecified,corporate,certain,SP_41aed3e3648c3ef6a759
PERSON_BENABES_HEDI,ORG_CHAMBRE_COMMERCE_D_INDUSTRIE_TUNISO_JAPONAISE,association_president,corporate,certain,SP_98ef10ea1edabec85b54
PERSON_TEBOURBI_KHADIJA,ORG_CHAMBRE_COMMERCE_D_INDUSTRIE_TUNISO_JAPONAISE,secretaire_general,corporate,certain,SP_12a0cc140d3a14381b72
PERSON_KAMOUN_MOHAMED,ORG_CHAMBRE_COMMERCE_D_INDUSTRIE_TUNISO_JAPONAISE,treasurer,corporate,certain,SP_71255c946fd35675feae
PERSON_BAYAHI_YAHIA,CO_R_INDUSTRIE,pdg,corporate,certain,SP_349bc7e4bac7321c8678
PERSON_BENAYED_MOHAMED_TAHER,CO_CERAMIQUE_ARTISTIQUE_TUNISIE_CERAT,unspecified,corporate,certain,SP_64d87f97bbfd86626330
PERSON_BENAYED_MOHAMED_FARES,CO_CERAMIQUE_ARTISTIQUE_TUNISIE_CERAT,unspecified,corporate,certain,SP_706d88e7f7801886e0d0
PERSON_BENAYED_MOHAMED_SALAH,CO_CERAMIQUE_ARTISTIQUE_TUNISIE_CERAT,unspecified,corporate,certain,SP_161666ea5f6aa7c51bbd
PERSON_BENAYED_MOHAMED_EZINE,CO_CERAMIQUE_ARTISTIQUE_TUNISIE_CERAT,unspecified,corporate,certain,SP_af6ddaa1092419383591
PERSON_ATIA_KAIS,CO_GOLDEN_ALIMENT,gerant,corporate,certain,SP_ac33865bb61d2b57dd78
PERSON_CHAABANE_MOHAMED,CO_TUNISIENNE_DAUTOMATISME_STA,gerant,corporate,certain,SP_e178cd2ca6aa1121f566
PERSON_FAKHFAKH_KHALED,CO_INTERNATIONALE_TOURISME_COMPAGNIE,pdg,corporate,certain,SP_6fc7ee6c10d8746b18e5
PERSON_AOUADI_RAOUF,CO_NOUR,administrateur,corporate,certain,SP_7ec7789c12f448f229e1
PERSON_BOURICHA_SLIM,CO_SERGAL,gerant,corporate,certain,SP_64423f5ce04b675b6848
PERSON_AOUINTI_MOHAMED_MEHDI,CO_CABLERIES_ACCESSOIRES_TRANSMISSIONS_SCAT,pdg,corporate,certain,SP_e2fe900d10ae6feda734
PERSON_AOUINTI_TAHER,CO_CABLERIES_ACCESSOIRES_TRANSMISSIONS_SCAT,dga,corporate,certain,SP_f007618fd839cdc190a8
PERSON_SADRAN_OLIVIER,ORGMENTION_Newrest Retail SA,administrateur,corporate,certain,SP_aa0a63a487e8ae3cfb05
PERSON_SUAREZ_OLIVIER,ORGMENTION_Newrest Retail SA,administrateur,corporate,certain,SP_2003097ca1b925af280e
PERSON_JEANDEL_MATHIEU,ORGMENTION_Newrest Retail SA,administrateur,corporate,certain,SP_e7c4daa1736a3d3982d6
PERSON_ZAAFOURI_BECHIR,CO_MONOGROS,president_ca,corporate,certain,SP_4c4540bca2b711120c63
PERSON_BENHATIRA_MUSTAPHA,CO_TUNISIE_DISTRIBUTION,unspecified,corporate,certain,SP_6885a6de07d2238c23a9
PERSON_FEKIH_ABDELKARIM,CO_INDUSTRIES_METALLIQUES_CENTRE,gerant,corporate,certain,SP_704485f8066a95921050
PERSON_BENSOUSIA_NOURI,CO_INDUSTRIES_METALLIQUES_CENTRE,gerant,corporate,certain,SP_f98a9ee1881db816889d
PERSON_MOALA_AMINE,CO_TECHNOLOGIQUE_VERRES_STV,gerant,corporate,certain,SP_805889aeac17ef388689
PERSON_KILANI_AMEL,CO_TUNI_INFO,gerant,corporate,certain,SP_8eb280a5973172a22fd5
PERSON_GHEDIRA_ANIS,CO_TUNISIENNE_DINSTALLATION_MAINTENANCE_SOTUIM,gerant,corporate,certain,SP_7fdd8950f7f89fb61b2c
PERSON_BOUCHAMAOUI_MOHAMED_HICHEM,CO_AL_MAJD,administrateur,corporate,probable,SP_e1093e24cd85cee06ef1
PERSON_BOUCHAMAOUI_MAHER,CO_AL_MAJD,administrateur,corporate,probable,SP_624ecbffc2f0f390eb55
PERSON_BOUCHAMAOUI_KHALED,CO_ASTORIA_IMMOBILIERE,unspecified,corporate,certain,SP_c645fadc03f574915738
PERSON_BOUCHAMAOUI_TAREK,CO_ASTORIA_IMMOBILIERE,unspecified,corporate,certain,SP_9d5703bf13bdcc99c882
PERSON_BOUCHAMAOUI_ZIED,CO_ASTORIA_IMMOBILIERE,unspecified,corporate,certain,SP_9178dc3dc6c327ade61c
PERSON_BOUCHAMAOUI_AMEL,CO_ASTORIA_IMMOBILIERE,unspecified,corporate,certain,SP_7103063156a6a3f33f14
PERSON_BOUCHAMAOUI_WIDED,CO_ASTORIA_IMMOBILIERE,unspecified,corporate,certain,SP_629234f50c00cfa80f80
PERSON_BOUCHAMAOUI_WIDED,CO_ASTORIA_IMMOBILIERE,president_ca,corporate,certain,SP_22a74131003cf1e9899b
PERSON_TRIKI_ANIS,CO_FOOD_DISTRIBUTION,gerant,corporate,certain,SP_bb896de23a5f2bf6754c
PERSON_PASCAL_VIGIER,CO_FRANCE_CONSEIL,gerant,corporate,certain,SP_71e985df4e36bea069e4
PERSON_NEVEU_JEROME,CO_FRANCE_TUNISEA,liquidateur,corporate,certain,SP_aa2e953e8b6f8ce91559
PERSON_TRAPOLINI_PAOLO,CO_ITALIAN_CONSULTING_MAGHREB,associe,corporate,certain,SP_e36f4dc3f46d50ad5ee3
PERSON_RADOVIC_ZORAN,CO_ITALIAN_CONSULTING_MAGHREB,associe,corporate,certain,SP_3c11240552ffd12023e7
PERSON_MABROUK_RAMZI,CO_GLOBAL_TELECOM_OUTSOURCING,gerant,corporate,certain,SP_02e53185cfdbdf9c1cd3
PERSON_BENHADJ_MOULDI,CO_SANITEC,gerant,corporate,certain,SP_512daabdf6d89b85ed8a
PERSON_DAMAK_MOHAMED,CO_IDEAL_SERVICE,gerant,corporate,certain,SP_6883fdab25480d8454f6
PERSON_HAJRI_NEJIB,CO_LYWAIN_HOLDING,administrateur,corporate,certain,SP_d747b0746f4ebabe4d90
PERSON_BARBOUCHE_LILIA_HAJRI,CO_LYWAIN_HOLDING,administrateur,corporate,certain,SP_96e4024a8b12f21829b5
PERSON_HAJRI_WALID,CO_LYWAIN_HOLDING,administrateur,corporate,certain,SP_38d48512f220f6c21def
PERSON_HAJRI_MOHAMED_AYMEN,CO_LYWAIN_HOLDING,administrateur,corporate,certain,SP_05476bcf1b5f64af5e82
PERSON_HAJRI_YASINE,CO_LYWAIN_HOLDING,administrateur,corporate,certain,SP_2f5d5ce55392a88e578e
PERSON_HAJRI_NEJIB,CO_LYWAIN_HOLDING,pdg,corporate,certain,SP_5192b693ccb3672c9c67
PERSON_HAMAMI_MAHMOUD,CO_EL_YOSR_CONGELATION_FRUITS_MER,gerant,corporate,certain,SP_608a60153ea732215ef4
PERSON_ZAHAF_SLAHEDINE,CO_DOLLAR_STORE_TUNISIE,commissaire_aux_comptes,corporate,certain,SP_732da2fdccfcfadd8006
PERSON_MEDEB_MOHAMED_ALI,ORGMENTION_2- Lecture du rapport du commissaire aux comptes,administrateur,corporate,certain,SP_fca1143ed37d94478c0f
PERSON_CRUSE_XAVIER_LUCIEN_STEPHANE,ORGMENTION_2- Lecture du rapport du commissaire aux comptes,administrateur,corporate,certain,SP_2308a7afa02fc77098ea
PERSON_SOUSI_HICHEM,CO_POLYMED,pdg,corporate,probable,SP_ab727ef057f4416cee28
PERSON_BELKHIRIA_KAMEL,CO_PRODUCTION_AGRICOLE_TEBOULBA_SOPAT,president_ca,corporate,certain,SP_21dc8bfe36a3f7f1b89a
PERSON_BENYOUSEF_ABDELAZIZ,CO_PRODUCTION_AGRICOLE_TEBOULBA_SOPAT,administrateur,corporate,probable,SP_75f25fca3defe4cee126
PERSON_HAMAMI_AHMED,CO_SMVDA_AGRIFERME,commissaire_aux_comptes,corporate,certain,SP_ad2ef07bebdc908d7b10
PERSON_HAMAMI_MHADHEB,CO_SMVDA_AGRIFERME,commissaire_aux_comptes,corporate,certain,SP_83a4ed7078e4e98b59c8
PERSON_HAMAMI_AHMED,CO_SMVDA_AGRIFERME,unspecified,corporate,certain,SP_16ba97f444984e786c79
PERSON_CHAABANE_ZIED,CO_TUNISCOUNT,gerant,corporate,certain,SP_12223eda09a80f05d2a1
PERSON_CHAABANE_YOUSEF,CO_TUNISCOUNT,gerant,corporate,certain,SP_1144c40c14ab11cad3b4
PERSON_KHALIL_MOHAMED,CO_DOGGS_TEAM_PRODUCTION,cogerant,corporate,certain,SP_f95b2176674013597ca0
PERSON_BOUBAKER_SOUFIEN,CO_MEDISCARPA,gerant,corporate,certain,SP_360461663608f306fd3d
PERSON_BAYAHI_YAHIA,CO_COMPAGNIE_DEMBALLAGE_TRANSFORMATION_DALUMINIUM_CETRAM,unspecified,corporate,probable,SP_99639580259ab1e1350f
PERSON_BAYAHI_TAHER,CO_COMPAGNIE_DEMBALLAGE_TRANSFORMATION_DALUMINIUM_CETRAM,unspecified,corporate,probable,SP_1fdf532d40e6d9bf63f2
PERSON_SUAREZ_OLIVIER,CO_NEWREST_SERVICES_TUNISIE,administrateur,corporate,certain,SP_8137b536b7f16bf31a67
PERSON_GHARBI_NEJIA,CO_TUNISIE_CATERING,administrateur,corporate,certain,SP_53224a87f284c0a327c3
PERSON_SUAREZ_OLIVIER,CO_TUNISIE_CATERING,administrateur,corporate,certain,SP_3914e8c92604cd928d14
PERSON_BOUDEN_MAHMOUD,ORGMENTION_MARTEX à égalité à Monsieur Mahmoud Bouden et Monsieur Moham,gerant,corporate,certain,SP_527985054cee7d70c0ca
PERSON_JEMAL_NOOMEN,CO_AFRIQUE_BETON,gerant,corporate,probable,SP_4881b50ec0a372740610
PERSON_MBONGO_MOUNIRA_HAMAMI_YONEL_FREDOD,CO_ULTRA_PLUS_CONSULTING,cogerant,corporate,certain,SP_2fbb4db9a167633ab530
PERSON_ELEJMI_MEJDA_FEDHILA,CO_AMERICAN_UNIVERSITY_IN_NORTH_OF_AFRICA,president_ca,corporate,certain,SP_4804989cb84ca6ec0785
PERSON_KILANI_NABIL,CO_SANI_MODE_EXPO,cogerant,corporate,certain,SP_f384db8f8de1f25271fb
PERSON_HAMAMI_FAOUZI,CO_DIMACHKI,gerant,corporate,certain,SP_220e72bceacb54e4de7f
PERSON_FERCHICHI_ZAARA,CO_TUNISIA_GERMANY_SERVICES,gerant,corporate,certain,SP_a994b39dd96f739c479a
PERSON_SLAMA_HAITHEM,CO_ESSALAMA_PIECES_MACHINE,gerant,corporate,certain,SP_d5336d76561bcc883369
PERSON_SLAMA_HOSNI,CO_ESSALAMA_PIECES_MACHINE,gerant,corporate,certain,SP_7b11df1dbbbdcb3541ba
PERSON_HADAD_LEILA_KHEMIRI,CO_ELECTRIC_SERVICE_AUTO,gerant,corporate,certain,SP_aa3514da247d5c6d01d8
PERSON_DRIDI_MABROUK,CO_TECHNIQUES_VERRES_SVT,gerant,corporate,certain,SP_dcf5a9ca40bfba6064c0
PERSON_BENMABROUK_NIDHAL,CO_SUD_SOLAR_ENERGIE,gerant,corporate,certain,SP_3696a3f2739e9cfe119b
PERSON_ZOUARI_JAMEL,CO_EL_HENA_INDUSTRIES_METALLIQUES_SEHIM,gerant,corporate,certain,SP_b839f6ff6e9d0ca05d3e
PERSON_HAFEDH_ABDERAZEK,CO_WALID_FRIGORIFIQUE,gerant,corporate,certain,SP_ac34cbc3c00682ff6686
PERSON_ALANI_SONIA,CO_TUNISIENNE_ACER_SOTACER,pdg,corporate,probable,SP_7fda62881940da947b07
PERSON_BENZINA_RIDHA,CO_TUNISIENNE_ACER_SOTACER,dga,corporate,probable,SP_49d075342429b9a5731f
PERSON_TURKI_AMIRA_JOUINI,CO_ORGANISATION_SERVICE_INFORMATIQUE,gerant,corporate,certain,SP_fff5c6acb7fe5b90028c
PERSON_ZOUARI_DORIA,CO_SELECTION,gerant,corporate,certain,SP_080336509667348396b3
PERSON_ELBARBOUCHI_NAWFEL,CO_ITALY_PHARM,gerant,corporate,certain,SP_9acfff430f3d67772f11
PERSON_ALOUI_AYMEN,CO_ERRAFEHA,gerant,corporate,certain,SP_199efa32dc03cb68a01b
PERSON_BOURICHA_BOUBAKER,CO_GLOBAL_SERVICES_AGENCY,gerant,corporate,certain,SP_1cb19cb360e367e754a9
PERSON_BELKAHIA_ALIA_AMAR,CO_TANIT_INTERNATIONAL,administrateur,corporate,certain,SP_517a3f6d7795de94af81
PERSON_BENSALAH_KHALIL,CO_UNAGRO,gerant,corporate,certain,SP_914fbf1ad3f405a9e111
PERSON_SBAA_ABDELATIF,CO_MINOTERIES_CENTRE_SAHEL_REUNIES,gerant,corporate,certain,SP_397b4bf3480f12e1cac5
PERSON_HAMAMI_WALID,CO_HAMMAMI_FILS,gerant,corporate,certain,SP_30aa57d633902aff4eaf
PERSON_CHAABANE_ABDELWAHEB,CO_CONSORTIUM_IMMOBILIER_DEVELOPPEMENT_TRAVAUX_CIDET,gerant,corporate,certain,SP_60c507f3f57f7295d460
PERSON_ESASI_ABDELAZIZ,CO_UNION_FINANCIERE_HOLDING,administrateur,corporate,certain,SP_1ce73bc50d89a99eb29d
PERSON_ESASI_MOHAMED_NABIL,CO_UNION_FINANCIERE_HOLDING,administrateur,corporate,certain,SP_fae5a13b2254af4cb171
PERSON_ESASI_MOHAMED_NABIL,CO_UNION_FINANCIERE_HOLDING,pdg,corporate,probable,SP_09b1b713c8e8e7af2f3f
PERSON_HAMAMI_HABIB,CO_H2C_MANAGEMENT,gerant,corporate,certain,SP_590047dbdfb2d32f1e2d
PERSON_BOUSAA_HAMZA,CO_PROMOTION_IMMOBILIERE_EL_MADINA,dg,corporate,certain,SP_0650a9bf8e1fc8566085
PERSON_BOURICHA_KHALED,CO_ROMULUS_VOYAGES,member,corporate,certain,SP_b7b7315164ea120be551
PERSON_MEDEB_MOHAMED_ALI,CO_M,pdg,corporate,certain,SP_ec23c011bae668dd8bb8
PERSON_JARAYA_SADOK,CO_MEUBLE_SADOK_JARRAYA,gerant,corporate,certain,SP_d1be392db224d7d05873
PERSON_JARAYA_MOHAMED_ALI,CO_MEUBLE_SADOK_JARRAYA,gerant,corporate,certain,SP_9f7c5fa0c836961ed6bb
PERSON_BONIN_DIDIER,CO_STELIA_AEROSPACE_TUNISIE,president_ca,corporate,certain,SP_66db673ca07bb438834d
PERSON_HAMAMI_ALI,CO_POLYCLINIQUE_CAP_BON,administrateur,corporate,certain,SP_069d415e07e361b8e6f4
PERSON_HAMAMI_ALI,CO_POLYCLINIQUE_CAP_BON,president_ca,corporate,certain,SP_0b7dadcdacdd7dae1a6a
PERSON_CHABCHOUB_MOHAMED_AMIN,CO_TREDCO,administrateur,corporate,certain,SP_9bf26ab063d8654bedff
PERSON_CHABCHOUB_MOHAMED_AMIN,CO_TREDCO,president_ca,corporate,certain,SP_ba37e7d4da0d2ad8f908
PERSON_TRABELSI_MOHAMED,CO_TRANSWORD_TOURISM_TRANSPORT_AGENCY,cogerant,corporate,certain,SP_fe720ea7e89704ccc0b4
PERSON_ELOUMI_FAOUZI,CO_ELITEC_INTERNATIONAL,administrateur,corporate,probable,SP_6100897e4815b35ef8e9
PERSON_ROTOLO_SALVATORE,CO_ITALIAN_CONTACT,cogerant,corporate,certain,SP_22bbb8539a583c83930c
PERSON_CHAKROUN_NASR_ALI,CO_AFRICA_SOLAR,gerant,corporate,certain,SP_2fe2f92d19c7a4f2e436
PERSON_DRIS_KARIM_BENALI,CO_FOOTBALL_ACADEMY_MARACANA,gerant,corporate,certain,SP_fd5745a8169486bf32f6
PERSON_LOUED_ABDESALEM,CO_HUILERIE_LOUED,pdg,corporate,certain,SP_ccf8f3df4d28ea3b03a8
PERSON_ZOUARI_MOHAMED,CO_HORIZON_SERVICES,gerant,corporate,certain,SP_a45193d1d432bbd54eb6
PERSON_KAMOUN_MOHAMED_OUSAMA,CO_PLASTIKAF,gerant,corporate,certain,SP_c02b8e5e3a3231749477
PERSON_KHECHINE_KHEDIJA,CO_MKD,gerant,corporate,certain,SP_8959cd53ac4f74c827f2
PERSON_ZARGOUNI_SEHL,CO_MICROCRED_TUNISIE,dga,corporate,certain,SP_4a1f93aaf1da4007d1c8
PERSON_ABAS_FERID,CO_TAMWIL_SICAR,pdg,corporate,certain,SP_4a3cb1708fee4706730f
PERSON_BAIZIG_NEDRA,CO_TAMWIL_SICAR,dga,corporate,certain,SP_cf62a2f32f10f3047ec6
PERSON_BAIZIG_NEDRA,ORGMENTION_Amwell Capital Ventures,dga,corporate,certain,SP_b93ec0e6192d483fcf71
PERSON_CHERAIT_ABDERAZEK,CO_TUNISIENNE_DECLAIRAGE_MAZDA,pdg,corporate,probable,SP_cdc0a42559269784aa1a
PERSON_DJERBI_ABDELAZIZ,CO_MINEMET_TUNISIE,pdg,corporate,certain,SP_32052687f16ab82e38a0
PERSON_RABAH_MAHER,CO_MAAMOURI,gerant,corporate,certain,SP_47458bde986ed2559210
PERSON_GHACHEM_ZOHRA,CO_GTC_CONFECTION,gerant,corporate,probable,SP_23b0f29cd79a998be52d
PERSON_BENMAHMOUD_MOHAMED,ORGMENTION_Société Tunisienne de Chimie Industrielle S.A.R.L,cogerant,corporate,certain,SP_3fc58eca9eaebd5e122f
PERSON_CHAABANE_YASINE,CO_ARTISANS_PROMOTION_IMMOBILIERE,gerant,corporate,certain,SP_b5619215d363d2721839
PERSON_DAMAK_MOHAMED,ORGMENTION_Société TUNI FOOD,gerant,corporate,certain,SP_cb27069870a7f6394ccd
PERSON_SLAMA_MOHAMED,CO_ESSALAMA_BATIMENT,gerant,corporate,certain,SP_d0cd7670edfcf2b97bc2
PERSON_TRIKI_ANOUAR,CO_INTERNATIONAL_CONSULTING_SERVICE_INTER_COS,gerant,corporate,certain,SP_c75f91dbc490499388b3
PERSON_MABROUK_HAZAR,CO_GENERAL_NETTOYAGES_FLIPER_PLUS,gerant,corporate,certain,SP_25821e86ef3a97ed8ce1
PERSON_BENSASI_RIADH,CO_ARTI_LASER,gerant,corporate,certain,SP_d58982c1900377a43a53
PERSON_BETAIEB_HANEN,CO_PLACOPLAST,gerant,corporate,probable,SP_564c3e0553316fab9bd2
PERSON_ALANI_HAMDI,CO_AMINA,gerant,corporate,certain,SP_4ebb188959a5ffd9fec4
PERSON_HAMAMI_MOHAMED_ALI_AKECHA,CO_NASSIBCO_IMMOBILIERE,gerant,corporate,certain,SP_6d5c841540d6c73e2a0a
PERSON_JAZIRI_ANIS,CO_TUNISIA_CONNECTING_AFRICA,gerant,corporate,certain,SP_55625a2ba212cd2fe12c
PERSON_ELOUMI_ELYES,CO_SAMELSA_INTERNATIONAL,gerant,corporate,certain,SP_e67a2768fab34564cc0e
PERSON_KOUBAA_WAJDI,CO_BANQUE_TUNISO_KOWEITIENNE,dga,corporate,certain,SP_89a0f8ff7ecb8e92a204
PERSON_AREM_ANIS,CO_COTUMAU,pdg,corporate,certain,SP_ef09fefd1adbd64de370
PERSON_BENMILED_MOHAMED_MOUNIR,CO_NOUVELLE_MAISON_VILLE_TUNIS_MONOPRIX,president_ca,corporate,certain,SP_9a2442b7a9de1808d86a
PERSON_BERNARD_BOULNOIS_YANICK_CHRISTIAN,CO_FRANCO_TUNISIENNE_CONSULTING,gerant,corporate,certain,SP_718580bad19c9ed0ece3
PERSON_SASI_MOHAMED_RIADH,CO_MEDIAFORM,cogerant,corporate,certain,SP_406bc5ed0ecc86a9ff95
PERSON_BOUCHAMAOUI_MOUNA,CO_AL_HIDAYA_AGRICOLE,commissaire_aux_comptes,corporate,certain,SP_cfbb24743855e026975f
PERSON_BOUCHAMAOUI_KHALED,CO_AL_HIDAYA_AGRICOLE,commissaire_aux_comptes,corporate,certain,SP_4bc22b47df5be5a945dc
PERSON_BOUCHAMAOUI_TAREK,CO_AL_HIDAYA_AGRICOLE,commissaire_aux_comptes,corporate,certain,SP_e054824b31ac3dcd0031
PERSON_BOUCHAMAOUI_AMEL,CO_AL_HIDAYA_AGRICOLE,commissaire_aux_comptes,corporate,certain,SP_3d502274085e0eda7c28
PERSON_BOUCHAMAOUI_MOUNA,CO_AL_HIDAYA_AGRICOLE,president_ca,corporate,certain,SP_e1632586ee17e4ceb1e6
PERSON_ESAFI_ABDELWAHEB,CO_PROLOGIC_HOLDING,pdg,corporate,certain,SP_c4b0fe1895a04f04a54b
PERSON_BOUDEN_MAHMOUD,CO_PROLOGIC_HOLDING,dga,corporate,certain,SP_56df858427039e694e91
PERSON_KILANI_FETHI,CO_MADENET,gerant,corporate,certain,SP_fd39faf43b8ff75568ff
PERSON_NASR_MOHAMED,CO_TUNISIENNE_BOISSONS_CENTRE_STBC,dg,corporate,probable,SP_f549b7d5528248c22f3f
PERSON_CHABCHOUB_NAJET,CO_SICAV_BH_PLACEMENT,dg,corporate,certain,SP_7f4d362a091c758bf970
PERSON_KAMOUN_FAOUZI,CO_LOUAY_E3MAR,liquidateur,corporate,certain,SP_1e83416ea08a5ed3d03d
PERSON_JMAII_SOUFIEN,CO_TUNISIE_FRANCE_IMPORT_EXPORT,gerant,corporate,certain,SP_a5bcaa94239a9382cc7a
PERSON_MAATOUG_MOHAMED_RIADH,CO_ALVILDA_MODE,gerant,corporate,certain,SP_516cda5ed1581d84bc24
PERSON_SLAMA_INES_BENTFAOUZI_BENSALAH,CO_INES_DISTRIBUTIONS,gerant,corporate,certain,SP_8ab65be0f1efaf98316d
PERSON_MHIRI_MOHAMED_SALAH,CO_POULINA,dga,corporate,certain,SP_2ffcd1cdfcba570d2ecd
PERSON_AOUINTI_TAHER,CO_GRES_CERAMIQUES_CAP_BON,gerant,corporate,certain,SP_f17eb46f0bc62fa0cedd
PERSON_TRABELSI_MOHAMED,CO_JGAS_TUNISIE,gerant,corporate,certain,SP_bb04462ab63883706ffb
PERSON_AMAR_KAMEL,CO_HAPPY_CAR_TUNISIE,gerant,corporate,certain,SP_24e74bb36e06177f9637
PERSON_FRIKHA_ANIS,CO_ITALIAN_TOUCH,gerant,corporate,certain,SP_bfea2ef398d870da5df6
PERSON_HACHICHA_SOUHEIL,CO_TUNISIE_FARINE,gerant,corporate,certain,SP_0ddb4e001e0cb7eccc90
PERSON_HACHICHA_SOUHEIL,ORGMENTION_Société Tunisienne de Collecte des Céréales SARL,gerant,corporate,certain,SP_6149ebc7e4d2bf7db3aa
PERSON_LAABIDI_IMED_HAMDI,CO_FLORUS_DISTRIBUTION,gerant,corporate,certain,SP_23ea2ee44a748c2b0189
PERSON_HAMROUNI_JAMEL,CO_JAMEL_COMMERCE,gerant,corporate,certain,SP_f6e6f9de1436ee8a08cc
PERSON_KILANI_ABDELAZIZ,CO_L2S_COMPANY,gerant,corporate,certain,SP_7a7d49a2f0f9fc38b499
PERSON_CHAABANE_AYMEN,CO_GRILLADE,gerant,corporate,certain,SP_e42a34f4562e837fd203
PERSON_SLAMA_GHASEN,CO_CSM_GIAS,administrateur,corporate,probable,SP_1202d7a7eac9b2a4976c
PERSON_MEMI_HAMOUDA,CO_GLOBAL_TRADING_HOLDING,gerant,corporate,certain,SP_b32ad37bf345271e10a5
PERSON_BENJEMA_ISAM,CO_BEN_JEMAA_MELOUDI,cogerant,corporate,certain,SP_305fc93ab8f654d4006e
PERSON_KACEM_MOHAMED,CO_LUMTEC,gerant,corporate,certain,SP_89b203d477e51ef0cb18
PERSON_DRIS_OUAHBI,CO_LOGICALL,gerant,corporate,certain,SP_38aed6911b53c45d74a5
PERSON_HAMROUNI_INES,CO_EURO_GROUPE,gerant,corporate,certain,SP_09257ab6e99465c5c7b7
PERSON_HAMAMI_MONGI,CO_AFRICAINE_INDUSTRIES_AGROALIMENTAIRES,gerant,corporate,certain,SP_e3be7c4651ff4caed1de
PERSON_ZAHER_MOHAMED_HEDI,CO_AUT_FACIAM,gerant,corporate,certain,SP_d41c43e8ed938d0ab2f0
PERSON_HAMILA_TAREK,ORGMENTION_SOCIETE KASSO POUR LE COMMERCE ET L'INDUSTRIE S.A,unspecified,corporate,certain,SP_30d7e387859b9fca709b
PERSON_BOUGUERA_RAFIK,ORGMENTION_Compagnie Méditerranéenne de Commerce Automobiles,gerant,corporate,certain,SP_132c755175f8657a65d7
PERSON_HAMAMI_RAMI,CO_HTE,gerant,corporate,certain,SP_1edbcca3c8fd0abf0626
PERSON_ZOUARI_YASINE,CO_NOVA_METAL_INDUSTRIE_PLUS,gerant,corporate,certain,SP_6d6297e4b78bf0a0cd6b
PERSON_MABROUK_NAIMA,CO_NAIDEX,gerant,corporate,certain,SP_657b6513bf3543916680
PERSON_CHALGHOUM_RIDHA,CO_STB_FINANCE,administrateur,corporate,certain,SP_cddd9496a58904a507c8
PERSON_HAMAMI_WASIM,CO_LYNA_LINDA_SERVICE_SLLS,gerant,corporate,certain,SP_030725a62c0cb77fb71d
PERSON_AMAR_MOHAMED,CO_SAMAR,gerant,corporate,certain,SP_59645086459970664698
PERSON_HACHICHA_SOUHEIL,ORGMENTION_Société de Transport Wided,gerant,corporate,certain,SP_bb4311110230534862d8
PERSON_HAMAMI_BILEL,CO_BMA_GROUPE_RECYCLAGE,gerant,corporate,certain,SP_3ed5304d221d122d4273
PERSON_KHALIL_MOHAMED,CO_AZIZ_COMMERCE_MECANIQUE_INDUSTRIELLE,gerant,corporate,certain,SP_e805fb85e3835e3894ad
PERSON_BOURICHA_BOUBAKER,CO_NEW_VISION_TECHNOLOGY,gerant,corporate,certain,SP_806c9571e5d13fdd8080
PERSON_ABDENADHER_HAMADI,CO_PROMOTOS,gerant,corporate,certain,SP_c96261d97c82aebd860e
PERSON_HAMROUNI_MOHAMED,CO_IMPRI_TEX,gerant,corporate,certain,SP_21d9b46aa730da1e3b6f
PERSON_SFAXI_NAJET_BENTAYEB,CO_SFAKTER_MODE,gerant,corporate,certain,SP_3a672fe7274fbd57d595
PERSON_HAMROUNI_GHASEN,CO_SIDEWINDIE_GAMES,gerant,corporate,certain,SP_b8a37ebad6be1a1edd83
PERSON_BENAYED_NOUREDINE,CO_TUNISIENNE_LEVURE_STL,pdg,corporate,certain,SP_90a755df119ec13cb4af
PERSON_DILSON_MONTEIRO_BEZERA,CO_SOUTH_AMERICAN_CONSULTING,gerant,corporate,certain,SP_a8442d3e8dae7b4fc82a
PERSON_ABASI_SLAHEDINE,CO_ADATEX,gerant,corporate,certain,SP_9cbae9abf37204ade704
PERSON_SALAH_AHMED_ABDELKARIM_AHMED,CO_AFRICA_POTENTERG_HOLDING,association_president,corporate,certain,SP_abeaa689ba45917c47c4
PERSON_BELHIBA_ABDELAZIZ,CO_AFRICA_POTENTERG_HOLDING,dg,corporate,certain,SP_8f9ecf78f2bcd107ccde
PERSON_SALAH_AHMED_ABDELKARIM_AHMED,CO_POTENTERG_TUNISIA,president_ca,corporate,certain,SP_3c6780ae29c82cecdc73
PERSON_BELHIBA_ABDELAZIZ,CO_POTENTERG_TUNISIA,dg,corporate,certain,SP_83cc2cac942e50884f01
PERSON_KAABI_MOHSEN,CO_WORLD_DECO,gerant,corporate,certain,SP_c5ce31731dccf4cef24d
PERSON_HMIDA_ADNEN,CO_INDUSTRIES_ALIMENTAIRES_RANDA,dga,corporate,certain,SP_f6273910320e188235fb
PERSON_NEBLI_LOTFI,CO_PETRAGEB,gerant,corporate,certain,SP_18532726b578a6b609ac
PERSON_NAHDI_MOUSA,CO_TUNISO_ALLEMANDE_D_ENGINEERING,gerant,corporate,certain,SP_4d85204fefc7d9f9fd62
PERSON_ZOUARI_RAIDA,CO_IBSOFT,gerant,corporate,certain,SP_17b7134eb956a3f64bb3
PERSON_CHERAIT_ABDERAZEK,CO_TUNISIENNE_DECLAIRAGE_MAZDA,unspecified,corporate,probable,SP_8ba5387ca3c29cd22be0
PERSON_HACHICHA_SAMI,CO_MEUNIERE_TUNISIENNE,president_ca,corporate,certain,SP_451de2aec102874787d8
PERSON_MOUELHI_ABDELJELIL,CO_MODERNE_D_INDUSTRIES_ALIMENTAIRES,administrateur,corporate,certain,SP_ecc4fc27d91c6f6d5b99
PERSON_CHAABANE_NEJIB,CO_GENERALE_PRODUITS_DIVERS,gerant,corporate,certain,SP_f18053c9151c364d8463
PERSON_TOUIL_HOUSEM_EDINE,CO_INTERACTIVE,gerant,corporate,certain,SP_f515ee612e186295d040
PERSON_KAMOUN_MOHAMED,CO_MARGUERITE_IMMOBILIERE,gerant,corporate,certain,SP_09a7f9b902f9942692cd
PERSON_BENSALEM_SALEM_ALI_KHALIFA,CO_DELTA_ELECTRIC,gerant,corporate,certain,SP_e6c57b3288d04acccef0
PERSON_ZOUARI_FADOUA,CO_ELEF_CONFECTION,gerant,corporate,certain,SP_71dfb0a01361700b7d76
PERSON_BENSAAD_MOHAMED_HABIB,CO_PROMOTION_FINANCEMENT_TOURISTIQUE_CARTHAGO,administrateur,corporate,probable,SP_89d46cd14415b50ab5cc
PERSON_MHIRI_SAMI,CO_TUNISIE_VOYAGES,dga,corporate,probable,SP_350d9a17aca95369dd15
PERSON_HAMROUNI_MOHAMED,CO_EL_HAMROUNI,gerant,corporate,certain,SP_bd245ab34c854b684888
PERSON_YAICH_WISEM,CO_BON_BISCUIT_SUD,gerant,corporate,certain,SP_c3012684413dd0ce5675
PERSON_YAICH_MOEZ,CO_BON_BISCUIT_SUD,cogerant,corporate,certain,SP_dd73b80b3a95ca503858
PERSON_MABROUK_RIM,CO_ESSAFAA,gerant,corporate,certain,SP_49617b60b051e58621ff
PERSON_CHAIEB_AZA_BENSLAMA,CO_MAISON_VERTE,gerant,corporate,certain,SP_d6e80275ef5d06048c2e
PERSON_CHABCHOUB_HATEM,CO_SYPHAX_AIRLINES,administrateur,corporate,certain,SP_51453b7b35cc773f93b2
PERSON_CHEIKHROUHOU_LEILA,CO_POLYCLINIQUE_INTERNATIONALE_RIADH_ENNASR_PIRESA,dg,corporate,certain,SP_c4b6194a83c60dbfa8ad
PERSON_AMAR_MABROUK,CO_ENNAKHLA_COMMERCE_INTERNATIONAL,gerant,corporate,certain,SP_7dd4dd1299bdcaf5f62d
PERSON_ZOUARI_NEJIB,CO_COMPTOIR_PIECES_AUTOS_COPA,gerant,corporate,certain,SP_adb182a51562e8c4ed11
PERSON_TRIKI_ALI,CO_FITOURI_TRIKI_MATERIAUX_CONSTRUCTION,gerant,corporate,certain,SP_3ed63e3e619355df074d
PERSON_ZAGHDOUD_MEKI,CO_SUD_TUNISIEN_SERVICES_ARCHITECTURES,gerant,corporate,certain,SP_c28c262f43f234e4d78a
PERSON_CHANDOUL_SALAH,CO_FRIPERIE_NORD_JUGURTHA_SOFRI_NORD,gerant,corporate,probable,SP_5805c700a26b8de92d60
PERSON_ALESANDRO_BORELI,CO_ITALIAN_LIBYEN_COMPANY_ILCO,gerant,corporate,certain,SP_0a94c7d3b7584b6e2d32
PERSON_ZOUARI_ABDELKARIM,CO_SOFIA_DISTRIBUTION,gerant,corporate,certain,SP_b0a5fb4f46e61ca67536
PERSON_DRIS_MOHAMED_SADOK,CO_TUNISIENNE_D_INDUSTRIE_DALUMINIUM_STIAL,administrateur,corporate,certain,SP_11e0601e7e7c2d9343a4
PERSON_HAMROUNI_ADEL,CO_COLLECTE_PLUS,gerant,corporate,certain,SP_571c91d2e4369993ab09
PERSON_BENJEMAA_MOHAMED,CO_AL_AMAL,gerant,corporate,certain,SP_28c45d72f9c61dca6734
PERSON_SASI_TAOUFIK,CO_TUNISIENNE_TRANSFORMATION_CHIMIQUE,gerant,corporate,certain,SP_feb9011be3de3c9f042d
PERSON_BENROMDHANE_HATEM,CO_LABORATOIRES_PHARMACARE,actionnaire,corporate,certain,SP_21cc42c3308de770b2a2
PERSON_TAMAM_HAIRULAZWAN_BIN,CO_FAZCO_HA_INVESTMENT_HOLDING,president_ca,corporate,certain,SP_cb924cbd957137756e7c
PERSON_AKID_KHALED,CO_FAZCO_HA_INVESTMENT_HOLDING,dg,corporate,certain,SP_4033df14b414d33d3d55
PERSON_MABROUK_SALAH,CO_ELAMANA_EXPORT,gerant,corporate,certain,SP_da2b95a908004779a152
PERSON_DOMENICO_ULDERICO_DI,CO_PROFIL_SCHULZ_MAGHREB,cogerant,corporate,certain,SP_a97148fff2548e746cb7
PERSON_SAIDANE_MOHAMED,CO_AWATEF_TUNISIAN_FASHION,gerant,corporate,certain,SP_dfcc8f8eef85fb971243
PERSON_ABDENADHER_MOHAMED,CO_AVEROES_CONSEIL,gerant,corporate,certain,SP_d64c77f5251d8e42b817
PERSON_GHORBEL_MONCEF,CO_GHORBEL,gerant,corporate,certain,SP_09f48fed6f348f996918
PERSON_BAYAHI_YAHIA,CO_GERVASONI,administrateur,corporate,certain,SP_e6e292ea072d076bfc35
PERSON_BAYAHI_KHALED,CO_GERVASONI,administrateur,corporate,certain,SP_e5855b5a8f7158a5d377
PERSON_BAYAHI_KHALED,CO_GERVASONI,dga,corporate,certain,SP_a39605eed3894b0b986c
PERSON_FEDOU_GREGOIRE_DANEL,CO_ADVANS_TUNISIE,administrateur,corporate,certain,SP_a5676b47be6de34e443b
PERSON_CHAABANE_ABDALAH,CO_PYRAMIDE_COMMERCE_DISTRIBUTION,cogerant,corporate,certain,SP_b41757a75fd6603a6556
PERSON_BAYEUX_ARNAUD,CO_AFRICACORP,cogerant,corporate,certain,SP_98f20754f4976f241bbc
PERSON_MARAKCHI_AHSEN,CO_CSM_GIAS_TRADING,gerant,corporate,certain,SP_cd9fd70cff5488c390a2
PERSON_MARAKCHI_AHSEN,CO_CSM_GIAS,gerant,corporate,certain,SP_41bb579f4c4e7647d0d7
PERSON_ZOUARI_MOURAD,CO_MAGHREB_GREEN_INDUSTRY,gerant,corporate,certain,SP_036869d7927ac6979081
PERSON_SELAMI_MOUNIR,CO_COMPTOIR_QUINCAILLERIE,gerant,corporate,certain,SP_1bcf12eab9fec01a5d71
PERSON_HAMAMI_MOUNIR,CO_SOLIDARITE_DINVESTISSEMENT,gerant,corporate,certain,SP_1ecfdf65b63b62d0207b
PERSON_KAMOUN_MOHAMED,CO_AL_FERDA_WS,gerant,corporate,certain,SP_770118b6876e06e6881e
PERSON_HAMAMI_BAHRI,CO_KELIFISH,gerant,corporate,certain,SP_cba33f82476d5628d3d2
PERSON_RIAHI_SELIM,CO_DELTA_FINANCE_SICAF,pdg,corporate,certain,SP_e2c31c1a77f1cf57af42
PERSON_RIAHI_SLIM,CO_DELTA,pdg,corporate,certain,SP_44da68dfcbc3579f13e6
PERSON_BENSAID_IBRAHIM,CO_NOURCYRINE,gerant,corporate,certain,SP_eb006288c669ef9c5032
PERSON_HAMAMI_RAOUDHA,CO_H_R_TEXTILE,gerant,corporate,certain,SP_4f6671f279e439562e5d
PERSON_TRABELSI_MOHAMED,CO_VIE_MEDICALE,gerant,corporate,certain,SP_303e6deed369949647a3
PERSON_HAMROUNI_IMED_MEDEB,CO_IMH_INFORMATIQUE,gerant,corporate,certain,SP_738bf4e1e07ead95f324
PERSON_SLAMA_MOUNIR,CO_ANAS_BOULANGERIE_PATISSERIE,gerant,corporate,certain,SP_9c99267944cc553186bb
PERSON_KHAMOURI_MOHAMED,CO_GENERALE,dg,corporate,certain,SP_c133c832a3c8793a9f9c
PERSON_BENSALEM_HATEM,CO_MERINOZA,gerant,corporate,certain,SP_b935add5b4802ff3a3c4
PERSON_SAIED_FIRAS,CO_TEXTILE_RETAIL_COMPANY,commissaire_aux_comptes,corporate,certain,SP_82bc7fb70ca5d118f6a7
PERSON_SAIED_FIRAS,CO_TEXTILE_RETAIL_COMPANY,president_ca,corporate,certain,SP_8df9ba00b4f3465281b1
PERSON_BAHRI_MOHAMED_MEHDI,CO_TEXTILE_RETAIL_COMPANY,dg,corporate,certain,SP_331fd243b3c3dbf74e34
PERSON_ELOUMI_MARWA,CO_MAWAZINE,gerant,corporate,certain,SP_f4cc9507636b6c665989
PERSON_SAIDANE_MOHAMED,CO_MEDIPHARMA,gerant,corporate,certain,SP_968088e434148731da28
PERSON_BAROUNI_MAHFOUDH,CO_ARAB_TUNISIAN_DEVELOPMENT,president_ca,corporate,certain,SP_91a0b45c1a37591a6ae2
PERSON_MAHFOUDH_SAMI,CO_MED_CAVI,gerant,corporate,certain,SP_e0249f8ca0ad8ad76252
PERSON_REJEB_SARAH,CO_TUNISAIR,pdg,corporate,certain,SP_bbd83951f32926c41fd2
PERSON_TLILI_HEDI,CO_AKYES,administrateur,corporate,certain,SP_ef2c608f0f2dbd789e10
PERSON_RIAHI_SLIM,CO_ALPHA_GTI_CROISSANCE,pdg,corporate,certain,SP_4fd4b99c79ef1bfc8dad
PERSON_ROUATBI_MOHAMED_SAMI,CO_SMART_INVEST_GROUP_HOLDING,unspecified,corporate,certain,SP_07fea51edbc0aabcc463
PERSON_RJIBA_MOHAMED_ALI,CO_SMART_INVEST_GROUP_HOLDING,unspecified,corporate,certain,SP_a312b0059814e7cbb64d
PERSON_BEHIRI_MELINDA,CO_SMART_INVEST_GROUP_HOLDING,unspecified,corporate,certain,SP_c69d291050e2aefd9aa7
PERSON_RJIBA_MOHAMED_ALI,CO_SMART_INVEST_GROUP_HOLDING,pdg,corporate,certain,SP_4ccad6409db0dd83a299
PERSON_CHAABANE_ABDESALEM,CO_CHAABENE_CONSTRUCTION_METALLIQUE_INDUSTRIELLE,gerant,corporate,certain,SP_6d56bda7c3feb003de46
PERSON_FRIKHA_MOHAMED,CO_ALLIANCE_IMMOBILIERE,commissaire_aux_comptes,corporate,certain,SP_622ef735425f300821b9
PERSON_MABROUK_KHALED,CO_TASSAHIL,gerant,corporate,certain,SP_262ce63ffe9b3e01dbb7
PERSON_OUERFELI_NIDHAL,CO_OUERFELLI_CONSEIL_STRATEGIE,gerant,corporate,certain,SP_6f9c6887222d55512c5a
PERSON_HAMAMI_MOHAMED,CO_SAMARONS_RESORT5,gerant,corporate,certain,SP_07078d34756429ab38d0
PERSON_HAMAMI_NAJET,CO_EL_KHALIFA_COMMERCE_INTERNATIONAL,gerant,corporate,certain,SP_e835aaeca3a8c7ddc818
PERSON_MSEDI_ABDELMAJID,CO_EL_WAFA,gerant,corporate,certain,SP_7f439989df081d6aa250
PERSON_MABROUK_HATEM,CO_BOT_ENERGY,gerant,corporate,certain,SP_e67ea07999fb0f7b63fb
PERSON_ALIMI_LAKHDHAR,CO_ITALIAN_MARBLE_COMPANY,gerant,corporate,certain,SP_b563101e12302f4b2d0a
PERSON_BOUZGUENDA_AHMED,CO_IMMOBILIERE_EL_HEDI,dga,corporate,certain,SP_e9c400bb11f93f9715e7
PERSON_TRIKI_AMEUR,CO_MEUBLE_BOBOIS,gerant,corporate,certain,SP_0d67f50ab1b92aa2794a
PERSON_FLORE_DARIO,CO_CENTRE_ITALIEN_TELEMARKETING,gerant,corporate,certain,SP_8dd4e893d418ed79ca29
PERSON_GISH_PETER,CO_ENERCIEL_TUNISIE,cogerant,corporate,certain,SP_7e0549e3ee611163a0bf
PERSON_HAMAMI_MUSTAPHA,CO_HABIBI_EVENTS,gerant,corporate,certain,SP_a694ca1f91538ca09a54
PERSON_SAIDANE_MOHAMED,CO_DEVLEARN,gerant,corporate,certain,SP_71ab26883560fccc391a
PERSON_BOUDEN_MAHMOUD,ORGMENTION_SIMOP TUNISIE,pdg,corporate,certain,SP_ae2044f4590615ecf325
PERSON_ESAFI_ABDELWAHEB,ORGMENTION_SIMOP TUNISIE,unspecified,corporate,certain,SP_20ac7a11754f701f3f48
PERSON_BENKHEMIS_MOHAMED_TAOUFIK,ORGMENTION_SIMOP TUNISIE,unspecified,corporate,certain,SP_47c11cea909eab4a30b7
PERSON_ESAFI_ABDELWAHEB,ORGMENTION_SMART HOST,unspecified,corporate,certain,SP_670602ef59b52ecdbb86
PERSON_BOUDEN_MAHMOUD,ORGMENTION_SMART HOST,unspecified,corporate,certain,SP_27d5a54a90046e861e5b
PERSON_BENKHEMIS_MOHAMED_TAOUFIK,ORGMENTION_SMART HOST,unspecified,corporate,certain,SP_61e4c64c64abf9928147
PERSON_BOURICHA_NACEUR,CO_HOTELIERE_TOURISTIQUE_KHAYAM_GARDEN,dg,corporate,certain,SP_53216ef1bf23618afd84
PERSON_TRIGUI_HICHEM,CO_CENTRALE_TUNISIENNE_D_INDUSTRIE_PEINTURES_CETIP,gerant,corporate,certain,SP_bcf90a3fd23db54d711d
PERSON_DAMAK_MOUNIR,CO_CENTRALE_TUNISIENNE_D_INDUSTRIE_PEINTURES_CETIP,gerant,corporate,certain,SP_95a8227122bae8e199ae
PERSON_REKIK_SALMA_ELOUMI,CO_LEADER_VOIP,gerant,corporate,certain,SP_e48a05a7e5b47da48443
PERSON_CHAABANE_NOUR,CO_ETTAKA_CORPORATION,gerant,corporate,certain,SP_4efcc160a566bab1b8d8
PERSON_BERJEB_RIADH,CO_MAGHREBINE_COMMERCIALISATION_PNEUMATIQUES,administrateur,corporate,certain,SP_43e8985030e5a9f7a320
PERSON_GOUADRIA_MOHAMED,CO_HAIFA,gerant,corporate,certain,SP_07f1dc2d786988389c14
PERSON_ZGHIDI_ADNENE,CO_SERVICOM_PREFA,commissaire_aux_comptes,corporate,certain,SP_6a491ea130484dce0081
PERSON_MZABI_YASMINE,CO_GM_DISTRIBUTION,gerant,corporate,certain,SP_8543451deed446fdede8
PERSON_ELMEHDI_GHASEN,CO_BETONIA,gerant,corporate,certain,SP_d66dc47bf9e98461dd25
PERSON_HAMAMI_KHALED,CO_AGRICOLE_CHOISIE,gerant,corporate,certain,SP_9e5d85e2ca8703491fb9
PERSON_TOUMI_HABIB,CO_AL_KHOUTAF_ONDULE,president_ca,corporate,certain,SP_bec871670ed999a2f1d7
PERSON_TOUMI_HABIB,CO_AL_KHOUTAF_ONDULE,unspecified,corporate,certain,SP_016a3e41f098c0be2a12
PERSON_CHERIF_HASAN_MOKHTAR_MOHAMED,CO_CASA_LINGE,gerant,corporate,certain,SP_c979101239f8cda0d3be
PERSON_JAZIRI_MOHAMED,CO_METALCO,gerant,corporate,certain,SP_21153630de64792649d1
PERSON_ELOUMI_RAMZI,CO_EL_HAJ_TRAVAUX_PUBLICS,gerant,corporate,certain,SP_0e2bbd74ea1431089dd4
PERSON_BESBES_ZOUHEIR,CO_HANNIBAL_LEASE,administrateur,corporate,certain,SP_ce203a9ac2e0ff9ac511
PERSON_BEJAOUI_AFIF,CO_UNITED_DECS,gerant,corporate,probable,SP_2717a5faa17e5961b3f1
PERSON_BESBES_HICHEM,CO_UNITED_DECS,commissaire_aux_comptes,corporate,probable,SP_34448c15ef7917fe7684
PERSON_ABDENADHER_THAMEUR,CO_AL_MAZAR_PROMOTION_IMMOBILIERE,pdg,corporate,probable,SP_710bba093529911b8196
PERSON_KHALIL_MOHAMED_ABDELSALEM,CO_MABCO_HOLDING,gerant,corporate,certain,SP_d00d92773c2640c68cd6
PERSON_DAHECH_MOHAMED_LASAAD,CO_SONEDE_INTERNATIONAL,pdg,corporate,certain,SP_da115fc3778c92e60d40
PERSON_MEDEB_MOHAMED,CO_CENTRALE_LAITIERE_NORD,pdg,corporate,certain,SP_17ded4dcf1c31f96302c
PERSON_BENAYED_AHMED,CO_BEN_AYED_EBAC,gerant,corporate,probable,SP_6aa9467d2891b06ddcf6
PERSON_ABDENADHER_ANAS,CO_SANIMED,president_ca,corporate,probable,SP_d7d39b2da678b5691650
PERSON_BENHOURIA_MOUNIR,CO_FINANCIERE_RECOUVREMENT_CREANCES_SOFINREC,dg,corporate,certain,SP_360c2315640455fac265
PERSON_MABROUK_ZIED,CO_HD,gerant,corporate,certain,SP_5cf6e714d902476b1810
PERSON_HAMROUNI_MAHJOUB,CO_UNITEX,gerant,corporate,certain,SP_17b4572a37dd21fe3a7b
PERSON_JOMAA_MEHDI,CO_GLOBAL_STRATEGIE_ADVISORY,gerant,corporate,certain,SP_6baa99038fb5eb4e6a5e
PERSON_MAJDOUB_MOUNIR,CO_ACES,gerant,corporate,certain,SP_9f475a00efecf7b05088
PERSON_FTEN_AKREMI,CO_PLASTIFILM,administrateur,corporate,certain,SP_4c12b9a4522ffd5c9e9d
PERSON_BENYAHYIA_KAMEL,CO_SANIBEL,dg,corporate,certain,SP_ccecab58d2e36b724a27
PERSON_MZABI_LAROUSI,CO_SIBEM,gerant,corporate,certain,SP_f599a7e5f8afefc2e1fd
PERSON_GHARBI_SABRI,CO_GHARBIS_SCARPE,gerant,corporate,certain,SP_eb8e1d205d41eb3fc358
PERSON_LADJIMI_SLAHEDINE,CO_DELICE_HOLDING,administrateur,corporate,certain,SP_a40803f6e29991aece6f
PERSON_MEDEB_HOUEIDA,CO_DELICE_HOLDING,administrateur,corporate,certain,SP_b7cb788882b9424a1648
PERSON_GHORBEL_KARIM,CO_POLYBETON,dga,corporate,certain,SP_66ffaf169287972b838c
PERSON_BUVRY_VIRGINIE,CO_ALSTOM_TRANSPORT_FRANCE,unspecified,corporate,certain,SP_0fc80dd79e17aa25cfd3
PERSON_BENSEDRINE_NIHEL,CO_PERFECT_EVENTS,gerant,corporate,certain,SP_54998f6efeb5d9bb3974
PERSON_CHAKROUN_NASR_ALI,CO_BIOSEVE,gerant,corporate,certain,SP_ee8bf4efcf97bbf18d01
PERSON_ELABED_IMED,CO_UNION_FRERES_CONFECTION,gerant,corporate,certain,SP_24303ef959481db0a46e
PERSON_REY_DAVID,CO_TUNISIENNE_INDUSTRIELLE_PAPIER_CARTON,representant,corporate,certain,SP_1c4265ebd3ff422cfad8
PERSON_CHEBI_MOHAMED_LARBI,CO_HORCHANI_SICAR,gerant,corporate,certain,SP_0db57d82e83def78d3b9
PERSON_CHEBI_MOHAMED_LARBI,CO_HORCHANI_SICAR,pdg,corporate,certain,SP_b5a30d3a34dc4e9fd11e
PERSON_DKHILI_MOHAMED,CO_GAT_ASSURANCES,administrateur,corporate,certain,SP_509c9835a04cfc96aed8
PERSON_MEBAREK_AZIZ,CO_GAT_ASSURANCES,administrateur,corporate,certain,SP_a5d3e349f4458860bd9f
PERSON_LADJIMI_TAHER,CO_GAT_ASSURANCES,administrateur,corporate,certain,SP_409a93417d2427af0292
PERSON_DKHILI_MOHAMED,CO_GAT_ASSURANCES,pdg,corporate,certain,SP_684dc93b47747f185b0b
PERSON_CONIGLIO_AGOSTINO,CO_MEUBLES_ITALIA,gerant,corporate,certain,SP_1db997d317ffb8c324bb
PERSON_FERJANI_TAOUFIK,CO_ITALIEN_INNOVATION_TECHNOLOGIES,gerant,corporate,certain,SP_b17a1aec6ad704152465
PERSON_NOURI_AYMEN_ABDESAMAD,CO_PHONIX_HOLDING,gerant,corporate,certain,SP_60e69874ab7da68b0a92
PERSON_HORCHANI_HICHEM,CO_ELECTRONIC_SERVICE_MAINTENANCE,gerant,corporate,certain,SP_d890fefd51a2e5cdb59d
PERSON_ELOUMI_MOHAMED_MONCEF,CO_TUNISIENNE_DEQUIPEMENT_PNEUMATIQUE,commissaire_aux_comptes,corporate,probable,SP_e6f50ee6ed58e6858340
PERSON_BOUKHRIS_LAMJED,CO_TUNISIENNE_REASSURANCE_TUNIS_RE,representant,corporate,certain,SP_4bc561ec0be961004f53
PERSON_MABROUK_HOUCEM,CO_CAS_INDUSTRIES,gerant,corporate,certain,SP_373a9cff1eb5eb363eef
PERSON_KILANI_ABDELMAJID,CO_EMTYAZ_FOR_INDUSTRIAL_AND_PETROLEUM_CONSTRUCTION,gerant,corporate,certain,SP_4f2467ebc6ba1cd10afb
PERSON_MHIRI_MOURAD,CO_MEUBLATEX,vice_president,corporate,certain,SP_adf40e7d106c5cb68f00
PERSON_JELOULI_NOUREDINE,CO_OLEICOLE_NORD_OUEST_SONO,gerant,corporate,certain,SP_ef5ad6c9605c40d032ac
PERSON_MHIRI_KHALED,CO_KAREK_DISTRIBUTION,cogerant,corporate,probable,SP_49ef6f40247850e25b7f
PERSON_HAMROUNI_ABDERAHIM,CO_RESTAURANT_MAESTRO,gerant,corporate,certain,SP_fca601a47526116abef8
PERSON_BEDEZ_ERIC,CO_UNIVERS_PARTICIPATIONS_SICAF,administrateur,corporate,certain,SP_cbd168c1ff73d86abb9e
PERSON_PECH_JEAN_LOUIS,CO_ACTIA_TUNISIE,administrateur,corporate,certain,SP_a06b9bc32fe8a0887e71
PERSON_KAMOUN_ANIS,CO_ECOTOURISM_TUNISIA_CONCEPT,gerant,corporate,certain,SP_d309ab7599bed04cf921
PERSON_MZOUGHI_MAHER,CO_BEST_BRAND,gerant,corporate,certain,SP_e1cddbb5f92f9cc42d88
PERSON_LHIBA_MABROUK,CO_RESTAURANT_ABOUNAWAS,gerant,corporate,certain,SP_d43195a77f50ee25182c
PERSON_RIAHI_SLIM,CO_WINDY_INVESTISSEMENTS_PARTICIPATIONS,pdg,corporate,certain,SP_df381314dd519157283d
PERSON_RIAHI_FRANCOISE,CO_WINDY_INVESTISSEMENTS_PARTICIPATIONS,vice_president,corporate,certain,SP_062b0b0d8f2e479f6fff
PERSON_KOOLI_MONCEF,ORGMENTION_IMMOBILIÈRE de la CTAMA (I CTAMA),dg,corporate,certain,SP_30b29e6525d3c2fa0776
PERSON_HAMAMI_OUSAMA,CO_LINSTALLATION_PARFAITE_IP,gerant,corporate,certain,SP_a4563a7f1d77567aebd4
PERSON_FEKIH_ABDELKARIM,CO_FEKIH_INDUSTRIES_METALLIQUES_SOFIM,gerant,corporate,certain,SP_a129a86965bc3c7f1d9a
PERSON_TRIKI_WAJIH,CO_TRIKI_DATTES,gerant,corporate,certain,SP_443c3a436963a4a66d15
PERSON_BENYEDER_MELEK,CO_PGI_HOLDING,administrateur,corporate,certain,SP_6f75c7cfe231c8d28795
PERSON_HAMROUNI_RACHID,CO_CHIMICOULEUR_COMMERCIAL,gerant,corporate,certain,SP_8e5e5b682a043134b001
PERSON_MEZNI_JALILA,ORGMENTION_DOUIRTI,administrateur,corporate,probable,SP_4c4ad5e8364042231a80
PERSON_ELJAIEZ_MOUNIR,ORGMENTION_DOUIRTI,administrateur,corporate,probable,SP_114cd0c3076f5ba5c00f
PERSON_KHEMAKHEM_MONCEF,CO_CONFECTION_IDEALE_SUD,gerant,corporate,certain,SP_ca2a4d7d62bc41c206a1
PERSON_MOALA_TAHA,CO_CONFECTION_IDEALE_SUD,gerant,corporate,certain,SP_83c3d3dc8e640743e716
PERSON_HAMROUNI_AHLEM,CO_TECNOHOUSE_IMMO,gerant,corporate,certain,SP_83d6dd00441089589fba
PERSON_ZOUARI_HABIB,CO_MAISON_BOULANGERIES,gerant,corporate,certain,SP_63bdbf149327d9f02872
PERSON_AOUADI_HAKIM,CO_GAMMA_BETON,gerant,corporate,certain,SP_c201e9b9fef3887bb7a7
PERSON_CHAABANE_NOURI,CO_LINTERNATIONALE_POUR_SCIENCES_LENTREPRISE_ISE,president_ca,corporate,certain,SP_4fb2c531b83fda90ac61
PERSON_BOURICHA_KHALED,CO_MASTER_RETAIL,president_ca,corporate,certain,SP_4ded98d41a8525a1df6b
PERSON_HAMAMI_AHMED,CO_TUNISO_HONGROISE_DEVELOPPEMENT_AGRICOLE,administrateur,corporate,certain,SP_20c5d9e0818f277b4683
PERSON_HAMAMI_RACHID,CO_TUNISO_HONGROISE_DEVELOPPEMENT_AGRICOLE,pdg,corporate,certain,SP_980654a6dd9c0f776afb
PERSON_BENYEDER_RACHID,CO_COMAR,administrateur,corporate,certain,SP_e34843d7bbb744bae446
PERSON_HAROUCH_NAJLA_MOALA,CO_ASSURANCES_BIAT,dg,corporate,certain,SP_6d5d267dc8387f0ae431
PERSON_HAKIM_SOFIEN,CO_AMANDINE,gerant,corporate,certain,SP_de416c804d8ec2a0815c
PERSON_KAMOUN_YOUSEF,CO_VITALAG,gerant,corporate,certain,SP_5f6184800a3a59b2ee0f
PERSON_HAFOUDHI_SLAHEDINE,CO_HYDROSOL_FONDATIONS,administrateur,corporate,probable,SP_babdb8e5d289714c60d1
PERSON_GHEDAMSI_KARIM,CO_HYDROSOL_FONDATIONS,administrateur,corporate,probable,SP_9784d1199ac737d96e76
PERSON_LOUKIL_BASEM,CO_ATELIERS_MECANIQUES_SAHEL,administrateur,corporate,probable,SP_9c1a6132cbac5766a0e6
PERSON_MAMOGHLI_CHOKRI,CO_ATELIERS_MECANIQUES_SAHEL,administrateur,corporate,certain,SP_646a043113066aeb4a95
PERSON_MILED_FOUED,CO_NOUVELLE_MENZEL_BOUZELFA,cogerant,corporate,certain,SP_804564077664f6f27cc8
PERSON_BENDHIFALAH_ABDELKADER,CO_NOUVELLE_MENZEL_BOUZELFA,cogerant,corporate,certain,SP_c659c9fee7a6c97c0a2c
PERSON_KEBAIER_HAYET,CO_CONSEIL,administrateur,corporate,certain,SP_855f1bdfda8bfac7951b
PERSON_AMAR_HABIB,CO_D_ETUDES_DEVELOPPEMENT_SOUSSE_NORD,pdg,corporate,certain,SP_203196785928af8e7334
PERSON_ABDENADHER_LOTFI,CO_INTERNATIONAL_SICAR,pdg,corporate,certain,SP_bb52025a3e80cb6bb982
PERSON_AYACHI_LEILA_JEDIDI,CO_FRANCO_ELIO,gerant,corporate,certain,SP_17bcad226dc23df6882f
PERSON_BENSEDRINE_CHEDLIA,CO_FEMINA_CLUB,gerant,corporate,certain,SP_189c7892ee2c6f0a73e0
PERSON_BONTAZ_JEAN_CLAUDE,CO_R_INDUSTRIE,dga,corporate,certain,SP_383c74cabd6ac6218bdf
PERSON_BONTAZ_JEAN_CLAUDE,CO_LEMAN_TUNISIE,dga,corporate,certain,SP_ce7a64d2bd77b65d8acf
PERSON_ROUATBI_MOHAMED_SAMI,CO_TRANKOUCHA_HOLDING,unspecified,corporate,certain,SP_7dac48689b86a2d39717
PERSON_RJIBA_MOHAMED_ALI,CO_TRANKOUCHA_HOLDING,unspecified,corporate,certain,SP_1c72a669529300d021b9
PERSON_BEHIRI_MELINDA,CO_TRANKOUCHA_HOLDING,unspecified,corporate,certain,SP_5759c59f08de353978cc
PERSON_RJIBA_MOHAMED_ALI,CO_TRANKOUCHA_HOLDING,pdg,corporate,certain,SP_e2c6277271bd3f5b05e1
PERSON_DAHECH_MOHAMED_LASAAD,CO_SONEDE_INTERNATIONAL,president_ca,corporate,certain,SP_7c9fddcb4405d85b01c6
PERSON_JENAYAH_OTHMEN,CO_COMPAGNIE_TUNISIENNE_DEVELOPPEMENT_TOURISTIQUE,administrateur,corporate,probable,SP_b6c66afd5aa4c5ab8ab2
PERSON_JENAYAH_BECHIR,CO_COMPAGNIE_TUNISIENNE_DEVELOPPEMENT_TOURISTIQUE,administrateur,corporate,probable,SP_402309a281bc64785cc7
PERSON_CHAABANE_WAFA,CO_COMMERCIALE_DEQUIPEMENT_INDUSTRIEL_SOCEQI,gerant,corporate,certain,SP_0bff9a901d1eb622198d
PERSON_TRIKI_MAHMOUD,CO_OLIVE_WOOD_PRODUTS,gerant,corporate,certain,SP_eb1d4bdff3bb6251d93c
PERSON_KILANI_AMEL,CO_ORONTE,gerant,corporate,certain,SP_ea21854441d0da531f7c
PERSON_JARAYA_SALAH,CO_TOPNET,administrateur,corporate,certain,SP_903e0500c79ec0f1c3f8
PERSON_KAMOUN_OMRANE,CO_TOPNET,administrateur,corporate,certain,SP_4fc0352c99c617361318
PERSON_MABROUK_SALAH,CO_IMMOBILIERE_BA,gerant,corporate,certain,SP_b167390e1f31528d4d0f
PERSON_MECHRIA_AMIR,CO_SERVICES_INTERNATIONAL_BSIR_TOTALEMENT_EXPORTATRICE,commissaire_aux_comptes,corporate,certain,SP_56ad5193bd3d4d2aa73c
PERSON_MECHRIA_AYMEN,CO_SERVICES_INTERNATIONAL_BSIR_TOTALEMENT_EXPORTATRICE,commissaire_aux_comptes,corporate,certain,SP_23de43137abc71a7c00c
PERSON_MECHRIA_AMIR,CO_SERVICES_INTERNATIONAL_BSIR_TOTALEMENT_EXPORTATRICE,president_ca,corporate,certain,SP_0a94f2c79891a7dfff48
PERSON_MECHRIA_AYMEN,CO_SERVICES_INTERNATIONAL_BSIR_TOTALEMENT_EXPORTATRICE,dg,corporate,certain,SP_7850bafd2ebce74bcccd
PERSON_MZID_KHALED,CO_MENZEL_CHAKER_MODE,gerant,corporate,certain,SP_0d0189c0199be4bf004b
PERSON_ALALA_MANEL_KAMOUN,CO_ECOLE_BILINGUE_FRANCO_TUNISIENNE,gerant,corporate,certain,SP_b78f3f5efd85bbcacaa5
PERSON_BENLAKHDAR_TAHER,CO_AL_FIKR,fondateur,corporate,certain,SP_06e0c1f1d5b4040187ca
PERSON_BENLAKHDAR_TAHER,CO_AL_FIKR,pdg,corporate,certain,SP_4f3acaa5f766d83dd5f3
PERSON_KHIARI_RACHED,CO_ESSADA_IMPRESSION_EDITION,gerant,corporate,certain,SP_8b761d3a0e96610dbe9e
PERSON_BENSALEM_SABRI,CO_LAWHAT_TUNISIE,gerant,corporate,certain,SP_753aedb9eee5c41d8e37
PERSON_HADAR_MOHAMED,CO_SICAV_RENDEMENT,administrateur,corporate,certain,SP_3e3b8d4874a102c72718
PERSON_JENDOUBI_KAMEL,CO_POLE_COMPETITIVITE_BIZERTE,administrateur,corporate,certain,SP_89304af87593f81bef1d
PERSON_AMRI_SADOK,CO_BECHATTI,gerant,corporate,certain,SP_5d107a4e0e8a8b1d8a7a
PERSON_YATZIMIRSKY_NICOLAS,CO_BONNA_TUNISIE,administrateur,corporate,certain,SP_70ce4433298ed49b9af9
PERSON_MERCIER_JEAN_MARC,CO_BONNA_BETON_MATERIAUX_PREFABRIQUES,representant,corporate,certain,SP_db19a86a6009137a675d
PERSON_ZAGHDANE_SOUHIR,CO_KHADIJA_MISS_2,gerant,corporate,certain,SP_2725389ea38449a47832
PERSON_TRAIKI_FAISAL,CO_KHADIJA_MISS_2,cogerant,corporate,certain,SP_beaca6c7002c377fbaf1
PERSON_HAMROUNI_HMAIED,CO_SOTACID_ZAGHOUAN,pdg,corporate,probable,SP_3d7b206ffc71f8a15bb3
PERSON_KALEL_ABDELWAHEB,CO_LABORATOIRES_K_R,administrateur,corporate,certain,SP_154212badf79edb6ead8
PERSON_HAMDI_KACEM,CO_BK_FOOD,administrateur,corporate,certain,SP_11b7ffe912d24b96159c
PERSON_BLIBECHE_SLAHEDINE,CO_BK_FOOD,administrateur,corporate,certain,SP_bdc843ddf019ad1402f1
PERSON_KACEM_OLFA,CO_BK_FOOD,administrateur,corporate,certain,SP_0222d8838b919cb3658d
PERSON_KACEM_SOUMAYA,CO_BK_FOOD,administrateur,corporate,certain,SP_b52cf5b2ddeba3d280de
PERSON_MHENI_LEILA,CO_FORUM,gerant,corporate,certain,SP_015e09d15f126c3adcda
PERSON_CHAABANE_FAOUZI_BENABDESLEM,CO_MOBILE_PHONE,gerant,corporate,certain,SP_6dfe1096ee5c8f5f4639
PERSON_ARCOLIN_MASIMO,CO_ITALIAN_PRODUCTS_AND_TECHNOLOGIES,gerant,corporate,certain,SP_e80f1f90278f6f99d7fa
PERSON_AMAR_HABIB,CO_HOTELIERE_TOURISTIQUE_PORT_EL_KANTAOUI,pdg,corporate,certain,SP_29cd545ed3871afeb4f9
PERSON_MABROUK_HOUSIN,CO_MAM_EPCM,gerant,corporate,certain,SP_60ea7a526972c573c410
PERSON_ZOUARI_IKRAM,CO_IKRAM_COMMERCE,gerant,corporate,certain,SP_b7372a9c0bf8df003d49
PERSON_RANCOURT_FRANCOIS,CO_CENTRE_FINANCIER_AUX_ENTREPRENEURS_TUNISIE,dga,corporate,certain,SP_c9ca8ce762c31d35143d
PERSON_SELAMI_HEDI_KARIM,CO_MARINE_LOISIRS,cogerant,corporate,certain,SP_e99cc83c3c745a19071b
PERSON_AREM_ABDELHALIM,CO_BEST_BUY,gerant,corporate,certain,SP_01674016b1112d6d5722
PERSON_AREM_MAHMOUD,CO_AREM_DINNOVATION_IMMOBILIERE,gerant,corporate,certain,SP_8d32937b9f4c4e457c97
PERSON_ZOUARI_NOURA,CO_BEL_AZUR,gerant,corporate,certain,SP_3fd3aee8de34d40e1082
PERSON_TRIKI_EZEDINE,CO_TRIKI_COMMERCE_EN_GROS,gerant,corporate,certain,SP_f5d26425b964a37e9912
PERSON_BENAYED_ABDESALEM,CO_TUNISIENNE_FILTRES_MISFAT,association_president,corporate,certain,SP_434ba57f33c466c767ea
PERSON_BENABDESALEM_SLIM,CO_ESSAFA_PAIN_LUX_GATEAUX,gerant,corporate,certain,SP_65aebc431b8a39239dfc
PERSON_HAMAMI_SASI,CO_HAMMAMI_EVENEMENTS_LOGISTIQUE_SOHEL,gerant,corporate,certain,SP_f97ecc1728c802093d4d
PERSON_MESTIRI_DORA,CO_ATHENA_HOLDING_GROUP,gerant,corporate,certain,SP_9d3c33fa1ef04443cf17
PERSON_SAMAALI_ABDERAHMANE,CO_ITALY_IMPORT_EXPORT,gerant,corporate,certain,SP_b74ce138263ec3dd4595
PERSON_MOULALI_LOTFI,CO_SUFFETULA_OLIVE_OIL,pdg,corporate,certain,SP_c4f474c2fc5a7324e1c8
PERSON_SELAMI_SKANDER,CO_CONFORTA,cogerant,corporate,certain,SP_b7aad045153df66a6112
PERSON_KILANI_KARIM,CO_INDUSTRIELLE_CHAUFFAGE,gerant,corporate,certain,SP_2c3c009c857ea6ca3c34
PERSON_HAMAMI_MOHAMED,CO_FOREVER_FASHION,gerant,corporate,certain,SP_c9eab23e64b50efa5ea9
PERSON_BENRHOUMA_MOHAMED,ORGMENTION_Société CELLCOM. S.A,representant,corporate,certain,SP_1b26494125543d425765
PERSON_BEY_FAROUK,ORGMENTION_Société CELLCOM. S.A,representant,corporate,certain,SP_e51ad456261e27542407
PERSON_ZITOUNI_GHOFRANE,ORGMENTION_Société CELLCOM. S.A,representant,corporate,certain,SP_a4a036059e51e953b081
PERSON_GARBOUJ_MOHAMED,ORGMENTION_Société CELLCOM. S.A,representant,corporate,certain,SP_e8e0072149dc744c64f0
PERSON_HAMEMI_AMEL,CO_O_DELICE_FRANCE,gerant,corporate,certain,SP_36db426c86482ea6ffe9
PERSON_MEZNI_JALILA,CO_JM_HOLDING,administrateur,corporate,certain,SP_18dcf270c469fda7ee77
PERSON_KHALIL_MOHAMED,CO_EXTREME_EVENTS,gerant,corporate,certain,SP_872e522600a8cf0853b1
PERSON_ZOUARI_BOUTHAINA,CO_ADOS,gerant,corporate,certain,SP_588967e3313c0bc74b2e
PERSON_HAMROUNI_NABIL,CO_HAMROUNI_ETUDES_CONSEILS_ASSISTANCES_HEACA,gerant,corporate,certain,SP_2d9ae7222a2193c521ac
PERSON_HADAD_MOEZ,CO_BANQUE_FINANCEMENT_PETITES_MOYENNES_ENTREPRISES,administrateur,corporate,certain,SP_bc661f46fd360169d726
PERSON_AMAR_HABIB,CO_EL_KANTAOUI_DEVELOPPEMENT_TOURISME_GOLF,pdg,corporate,certain,SP_5829d4905cbff736b20c
PERSON_DEBORA_BRANDI,CO_ITALIA_STAMPI,unspecified,corporate,certain,SP_95ed057ffaa1c4d0c560
PERSON_MBAREK_ROCHDI,CO_FASHION_PRINT,gerant,corporate,certain,SP_dffa6b274e555d4ad503
PERSON_BRAHAM_MONCEF,CO_AFRIKA_PLAST,gerant,corporate,certain,SP_5ce87bbe9773dbc9148a
PERSON_LOUKIL_BASEM,CO_N_TRAINING,gerant,corporate,certain,SP_1f6f4dd249d2366282b5
PERSON_BENAMOR_BECHIR,CO_GENERALE,representant,corporate,certain,SP_a1898f28d22f9d4f44ab
PERSON_JAZIRI_ANIS,ORG_TUNISIA_AFRICA_BUSINESS_COUNCIL,secretaire_general,corporate,certain,SP_05ee6e6dd8bc89038ccd
PERSON_KHALIL_MOHAMED,CO_WISS_WORLD_DESIGN,gerant,corporate,certain,SP_697a741ba867cf9504e1
PERSON_DRIDI_ABDELKADER,CO_INTERNATIONAL_TRADING_COMPANY,gerant,corporate,certain,SP_dbc28d9de87ebf1493be
PERSON_CARUSO_ERIC_CESAR,CO_CAZINO_VENEZIA,cogerant,corporate,certain,SP_0795cd2b0c702314b00a
PERSON_HAMROUNI_RIADH,CO_SANI_JET,gerant,corporate,certain,SP_4ad1221bf6f89c8f5435
PERSON_DRIS_AICHA,CO_ECHIFA_HOLDING,unspecified,corporate,certain,SP_e56632b5daea95a85f36
PERSON_JENAYAH_OMAR,CO_ECHIFA_HOLDING,unspecified,corporate,certain,SP_4da47dea09fa9fbc0d78
PERSON_JENAYAH_BECHIR,CO_ECHIFA_HOLDING,unspecified,corporate,certain,SP_d1b793cb073ed874b7de
PERSON_DRIS_AICHA,CO_ECHIFA_HOLDING,pdg,corporate,certain,SP_3654c9585c41e65c2cee
PERSON_MABROUK_ABDESATAR,CO_ISOLAB_ANIMAL_HEALTH,gerant,corporate,certain,SP_955d726b2e93b12f1243
PERSON_MASMOUDI_MOHAMED,CO_SIAM,gerant,corporate,certain,SP_31b9ffc858553baea465
PERSON_CHAABOUNI_MOHAMED,CO_VIVO_ENERGY_TUNISIE,president_ca,corporate,certain,SP_eeeea34ad34fc8b51662
PERSON_ALMAGURI_ABDELMAJID_MOHAMED_RAMADAN,CO_BANQUE_TUNISO_LIBYENNE,dga,corporate,certain,SP_5d251209f0ebf14f5372
PERSON_KAMOUN_HASEN_BENMOHAMED,CO_HYDRO_TECHNOLOGY,gerant,corporate,certain,SP_410fed668200e80c051d
PERSON_DRIS_AICHA,CO_L_IMMOBILIERE_MEDICALE,pdg,corporate,probable,SP_613d9722043e2f56b4e2
PERSON_MEJBRI_GHAZI,CO_SMEDI,gerant,corporate,probable,SP_03abb124a7bc02c5e3cc
PERSON_ABID_MOHAMED_ALI,CO_RAYEN,gerant,corporate,certain,SP_ed7a7a553f2948966eee
PERSON_HAMILA_TAREK,CO_THOMAS_TUNISIE_PLASTIC,unspecified,corporate,certain,SP_b45bc614018b60aa8354
PERSON_BEY_FAROUK,CO_THOMAS_TUNISIE_PLASTIC,unspecified,corporate,certain,SP_4f0613815449f253bbce
PERSON_ZITOUNI_GHOFRANE,CO_THOMAS_TUNISIE_PLASTIC,unspecified,corporate,certain,SP_9a8195d280031d8d5557
PERSON_HAMILA_TAREK,CO_THOMAS_TUNISIE_PLASTIC,president_ca,corporate,certain,SP_3c41406f397c35fcd6c1
PERSON_CHAGOUR_THAMEUR,CO_CAPSA_CAPITAL_PARTNERS,dg,corporate,certain,SP_268f8358e30599099b12
PERSON_ASBEK_JOSE_ENRIQUE_GOMEZ,CO_BITBASE_TUNISIE,gerant,corporate,certain,SP_92dcf1e9d328f1a35352
PERSON_SAHNOUN_HEDI,CO_BELLE_ROSE,pdg,corporate,certain,SP_6fff1f3910e475e2225d
PERSON_AMAR_HABIB,CO_D_ETUDES_DEVELOPPEMENT_HERGLA,pdg,corporate,certain,SP_7c72074286a4f5e55f9d
PERSON_MOUMNI_MOHAMED,CO_MISSAOUI_DEXPLOITATION_CARRIERES_SOMECA,gerant,corporate,certain,SP_7154806005de68660ca9
PERSON_ZOUARI_NAIM,CO_SMC,gerant,corporate,certain,SP_462b846dd8e8332967b9
PERSON_DRIS_WALID,CO_DIGITUS,gerant,corporate,certain,SP_713ef3ff9de8d3d2ce85
PERSON_BONTAZ_PHILIPE,CO_MANAGEMENT_CONSEIL_ASSISTANCE,gerant,corporate,certain,SP_8a6998217ceae6db4b24
PERSON_ATIA_KHALIL,CO_BOT_TUNISIA,gerant,corporate,certain,SP_b954d900eca8c6d1b221
PERSON_SELAMI_MOHAMED_RIDHA,CO_GALPHARMA,president_ca,corporate,certain,SP_27c656274e69d1dcb272
PERSON_SELAMI_RIADH,CO_GALPHARMA,dg,corporate,certain,SP_ee42f5a15adeb65c2e8e
PERSON_LETELIER_NICOLAS,CO_NEWREST_SERVICES_TUNISIE,dg,corporate,certain,SP_3641f94fcce23ae143f9
PERSON_LETELIER_NICOLAS,ORGMENTION_NEWREST RETAIL SA,dg,corporate,certain,SP_c4ebda5f969828ee952f
PERSON_MALEK_FAOUZI,CO_NEWREST_CATERING_TUNISIE,administrateur,corporate,certain,SP_d26e1e052237ac80ea2b
PERSON_SADRAN_OLIVIER,CO_NEWREST_CATERING_TUNISIE,administrateur,corporate,certain,SP_e881ea32c651cabcf39c
PERSON_MASON_ALAIN,CO_NEWREST_CATERING_TUNISIE,administrateur,corporate,certain,SP_9eae075770472c3ec8c5
PERSON_LETELIER_NICOLAS,CO_NEWREST_CATERING_TUNISIE,administrateur,corporate,certain,SP_21a60ccd658e1d80c988
PERSON_LETELIER_NICOLAS,CO_NEWREST_CATERING_TUNISIE,dg,corporate,certain,SP_8b87255545572e17305f
PERSON_BOUGUILA_NIZAR,CO_TOPNET,administrateur,corporate,certain,SP_d5c3077cf375c25df374
PERSON_CHAABANE_THOURAYA,CO_CAP_CHAHIA,gerant,corporate,certain,SP_7d69dcd7eb4019286236
PERSON_SLAMA_SABIHA_BOUMAIZA,CO_TUNISCASA,gerant,corporate,certain,SP_c97eace5190bdf425f8b
PERSON_ZAGUIA_CHAWKI,ORGMENTION_Société TUNINJECT - SA,administrateur,corporate,certain,SP_2610c4ce074b48828a27
PERSON_ZAGUIA_MOHAMED,ORGMENTION_Société TUNINJECT - SA,administrateur,corporate,certain,SP_a08538301604e96f0ea2
PERSON_SELAMI_MAHMOUD,CO_STRAMICA,pdg,corporate,probable,SP_27f2e75b3468eaaf2bd1
PERSON_FRIOUI_MOHAMED,CO_APHRODITE_GESTION_HOTELIERE,administrateur,corporate,certain,SP_885f4b736eafc6a00359
PERSON_SLAMA_GHASEN,CO_RED_GO,gerant,corporate,certain,SP_e8793c15c1371a63def2
PERSON_ARMOUCHE_ABDENACER,CO_GERMAN_MM_GMM,gerant,corporate,certain,SP_74653595802729c4d301
PERSON_BICHIOU_MOHAMED,CO_SILT_SICAF,pdg,corporate,certain,SP_89216ef4ef7ff2d23c8e
PERSON_ZGOULI_ABDELKADER,CO_SILT_SICAF,pdg,corporate,certain,SP_e48c8f0ae0f4840f2b5b
PERSON_BENAMOR_NEJIB,CO_KARTHAGO_GROUP,administrateur,corporate,probable,SP_126404f7f90d99704d7a
PERSON_BICHIOU_MOHAMED,CO_KARTHAGO_GROUP,pdg,corporate,certain,SP_3663c50f34d18abe4114
PERSON_BICHIOU_MOHAMED,CO_KARTHAGO_GROUP,administrateur,corporate,probable,SP_700946ebd13cf43f3f69
PERSON_BICHIOU_MOHAMED,CO_KARTHAGO_GROUP,administrateur,corporate,certain,SP_bb3ae4a3b8da51927a1c
PERSON_BICHIOU_MOHAMED,CO_KARTHAGO_INVEST,pdg,corporate,certain,SP_a837ea2faef25c7c3a11
PERSON_BABA_MOHAMED,CO_TUNISIENNE_FABRICATION_PRODUITS_QUINCAILLERIE,gerant,corporate,certain,SP_d9e46d0b3b289b70fbf6
PERSON_BOUFADEN_HABIB,CO_MAISON_LUNIFORME,gerant,corporate,certain,SP_e053dbb4740a22c2f0e8
PERSON_MOKHTAR_FETHI,CO_METAL_COLLECTE,unspecified,corporate,certain,SP_7c2906db5cf1160e9a75
PERSON_MOKHTAR_FETHI,CO_METAL_COLLECTE,pdg,corporate,certain,SP_72113d43e2ec231bdfec
PERSON_MABROUK_MOHAMED_ALI,CO_L_IMMOBILIERE_MONOPRIX,president_ca,corporate,certain,SP_ec68b1b4eaaef3e0e186
PERSON_ABDENADHER_ANAS,CO_AB_CORPORATION,unspecified,corporate,certain,SP_2452ac737efc3b290ab6
PERSON_ABDENADHER_LOTFI,CO_AB_CORPORATION,unspecified,corporate,certain,SP_d0ab24e48ea1b7b69ce5
PERSON_ABDENADHER_SABA,CO_AB_CORPORATION,unspecified,corporate,certain,SP_53a33d0b35a07b9f5de4
PERSON_RIAHI_MOHAMED,CO_RIAHI_DECO,gerant,corporate,certain,SP_9aafb347021a1a5c2d63
PERSON_MABROUK_MOHAMED,CO_MK_TRADE_DISTRIBUTION,gerant,corporate,certain,SP_50200ffdec5983425b77
PERSON_SAIDANI_SAMIA,CO_INSTITUT_MEDITERRANEEN_FORMATION_AUX_METIERS_MARITIMES,administrateur,corporate,certain,SP_e7bafac0778bdbe067fa
PERSON_AMAR_MOHAMED,CO_APEA,liquidateur,corporate,certain,SP_de77f494e51e81167662
PERSON_CHAABOUNL_HABIB,CO_MER_BLEU_TAPES,gerant,corporate,certain,SP_d0267418d434ceb250d5
PERSON_BENASR_KARIM,CO_KERKOUANE,gerant,corporate,certain,SP_de62a1f0b346054087b4
PERSON_BENAMOR_AHMED,CO_ROYAL_TEXTILE,dg,corporate,certain,SP_aab9ce696da3374394a8
PERSON_HAMAMI_AMAR,CO_FAMILY_FARMING_INDUSTRY_FOR_IMPORT,gerant,corporate,certain,SP_766a81d11401654a3423
PERSON_AKRICHE_HAMOUDA,CO_FRANCE_TELESECURITE,gerant,corporate,certain,SP_ce5dec1e030612afa649
PERSON_BENSALEM_RAFAA,CO_WAITEX,administrateur,corporate,certain,SP_a7ae58ab41b670f63e1d
PERSON_BENSALEM_ZAKARIA,CO_WAITEX,administrateur,corporate,certain,SP_c88403fd3eb442f7899b
PERSON_BENSALEM_KORAICH,CO_WAITEX,administrateur,corporate,certain,SP_a09d59f33a87aeff1a6f
PERSON_BENSALEM_KORAICH,CO_WAITEX,president_ca,corporate,certain,SP_795b15a45a2a7ceeaad3
PERSON_CHIKHAOUI_IMED,CO_WAITEX,dg,corporate,certain,SP_430d4daf56d637b306f7
PERSON_BENSEDRINE_KAMEL,CO_THE_FUTURE_OF_MULTIMEDIA_TECHNOLOGY,cogerant,corporate,certain,SP_59cfe17d621a67742ba5
PERSON_HAMROUNI_SAMEH,CO_BATIMENT_TRAVAUX_PUBLICS_NORD_SOBA_TRAP_NORD,gerant,corporate,certain,SP_269d465d294747a3aa10
PERSON_MILED_NAAMA,CO_TUNISIE_CONSERVES,administrateur,corporate,certain,SP_1a2740c46675e8512c33
PERSON_MILED_ISMAIL,CO_TUNISIE_CONSERVES,administrateur,corporate,certain,SP_4cc082ae7ce2127e3dbf
PERSON_MILED_ANOUAR,CO_TUNISIE_CONSERVES,pdg,corporate,certain,SP_308708b83ddb53459751
PERSON_MILED_NAAMA,CO_TUNISIE_CONSERVES,dga,corporate,certain,SP_4b4aab7e3375b7335715
PERSON_MZABI_MONCEF,CO_CENTRALE_IMMOBILIERE_LAVENUE,unspecified,corporate,probable,SP_2decf1ef019d42f80350
PERSON_AISA_SONIA,CO_ITALIAN_MARKETING,gerant,corporate,certain,SP_ada66d4e236103c8d5fd
PERSON_ESAFI_MOHAMED,CO_COMPTOIR_INTERNATIONAL_DATTES,cogerant,corporate,certain,SP_57d0c692a607f1cd6ff2
PERSON_YOUNES_MHAMED,ORGMENTION_Sté Zina Commerce Marbre Et Granite,gerant,corporate,certain,SP_d1ee3dbba8c39cdafe1e
PERSON_HAMAMI_MAHER,CO_PSI_ADVISORING,gerant,corporate,certain,SP_158735376d37fa48d8da
PERSON_SELAMI_HICHEM,CO_PSI_ADVISORING,gerant,corporate,certain,SP_d91e998806eb14d91b7b
PERSON_MNASRI_MOKHTAR,CO_CENTRE_BETON,pdg,corporate,certain,SP_8cd82663a9a8416f509b
PERSON_MZABI_MONCEF,CO_GENERALE_INDUSTRIE_NORD_GINOR,administrateur,corporate,certain,SP_d152f415ec1e85741e8a
PERSON_BOUKHRIS_ZIED,CO_EL_FABRIKA_ECO_BOIS,dg,corporate,certain,SP_256f736902515374c5ed
PERSON_BOURICHA_MOHAMED_TAIEB,CO_TULIPE_DISTRIBUTION,gerant,corporate,certain,SP_b268d3e041b05a576749
PERSON_GHARIANI_MOKHTAR,CO_DREAM_FASHIONS,gerant,corporate,certain,SP_527daa1dfaf9328815ac
PERSON_ENACEUR_MONGI,CO_CONFISERIE_DONIA,gerant,corporate,certain,SP_e6e9bc526adf78ace1d2
PERSON_BENAYED_RIADH,CO_BATIMENT,dga,corporate,certain,SP_24b97d264483e2a03738
PERSON_KAABI_NEJI,CO_TUNISIENNE_DALIMENTATION_CONFISERIE_SOTUALCO,gerant,corporate,certain,SP_42bb1b284ccedcebc7b0
PERSON_ABDALAH_MOHAMED,CO_GENERAL_MACHINES,gerant,corporate,certain,SP_3a8382c5561a97f0576e
PERSON_KAMOUN_LASAAD,CO_BATIMENT_MAGHREBINE,gerant,corporate,certain,SP_51bd825365cc1b567da5
PERSON_BOURICHA_KHALED,CO_GENERALE_INDUSTRIELLE_PRODUITS_ALIMENTAIRES,association_president,corporate,certain,SP_4cf23d9ba9e35fa60001
PERSON_BOURICHA_KHALED,CO_CARTHAGO_BRIQUES,member,corporate,certain,SP_292a560f218f34056c24
PERSON_GAHBICHE_KARIM,CO_BOLERIO,administrateur,corporate,certain,SP_bd189389042b3cab33dd
PERSON_TRIKI_BASEM,CO_SURVEILLANCE_ALARME_TECHNOLOGIE,gerant,corporate,certain,SP_4d0ff3504930d3690b9e
PERSON_MABROUK_NOUREDINE,CO_IMMOBILIERE_MACTALINA,gerant,corporate,certain,SP_31ba69df9f2ec7d026e4
PERSON_JAIDANE_RIADH,CO_MODERNE_CERAMIQUE_SOMOCER,dg,corporate,certain,SP_b65c39e2464022f1d7d8
PERSON_ZGHIDI_ADNENE,CO_PANNEAU,commissaire_aux_comptes,corporate,certain,SP_8d8c34a5c0b1fd383584
PERSON_SASI_ISMAIL,CO_SPEED_RECOUVREMENT,gerant,corporate,certain,SP_723857c76a64c8d03501
PERSON_MHIRI_SAMI,CO_SEA_WAYS,gerant,corporate,certain,SP_5aee5cc7a42f1ad142cc
PERSON_HAMROUNI_NAIMA,CO_LAN_TECH,gerant,corporate,certain,SP_34c900822e0b92310fd4
PERSON_DHOUIB_FATMA,CO_MADE_IN_ITALY_GROUP,gerant,corporate,certain,SP_fcac2fc288d290117afc
PERSON_NOUIRA_CHEKIB,CO_UNION_TUNISIENNE_DEMBALLAGE_CONDITIONNEMENT_UNITEC,administrateur,corporate,certain,SP_591b466f3303971857b8
PERSON_ELBA_TAREK,CO_TUNISO_ANDALOUSE_CIMENT_BLANC,dg,corporate,certain,SP_c5e7a1807bfec9c51498
PERSON_HAMROUNI_MOKHATAR,CO_INDUSTRIES_PERFECTIONNES_SIP,gerant,corporate,probable,SP_c4897ae856b2955c6634
PERSON_KANOUN_IMED,CO_BOIS_MAISON,gerant,corporate,certain,SP_ddce829ec7e954f6b290
PERSON_DARCEL_OLIVIER,CO_ASW3_NADHOUR,gerant,corporate,certain,SP_ce1675f508a4f6c2c128
PERSON_DARCEL_OLIVIER,CO_SWT2,gerant,corporate,certain,SP_1efab7618631d7fd8f0a
PERSON_DARCEL_OLIVIER,CO_SWT1,gerant,corporate,certain,SP_0fe397b782f20db29473
PERSON_DARCEL_OLIVIER,CO_SWTF,gerant,corporate,certain,SP_a48837a67ef2eae702da
PERSON_HACHICHA_FATHI,CO_ALFET_EL_MACHIA_SAM,administrateur,corporate,certain,SP_35fd1b1ea8f6fc829572
PERSON_DJEMALI_HOSNI,CO_TOURISTIQUE,gerant,corporate,certain,SP_93921fc4ca9f8c86848f
PERSON_ABDENADHER_HASEN,CO_PETROLEUM_SERVICES_PROVIDER,gerant,corporate,certain,SP_a89ca73ee9e0c4d2b40e
PERSON_ALI_TAREK_BELHAJ,CO_MY_WORK,gerant,corporate,certain,SP_9bbffc3ca5a2658bea25
PERSON_ZOUARI_HAZAR,CO_LACADEMIE_INTERNATIONALE_FORMATION_CONSULTATION_SYPHAX,gerant,corporate,certain,SP_4ccce42712610cea4152
PERSON_BENABDALAH_MOHAMED_SLIM,CO_NOUR_EL_FERDAWS,gerant,corporate,certain,SP_49f25ef196f7c18506ae
PERSON_TRIKI_OMAR,CO_COMPTOIR_COMMERCIAL_METAL_SFAX,gerant,corporate,certain,SP_7dd6f694935abe959507
PERSON_ZOUARI_WASIM,CO_IMAGINE_MEUBLE_DESIGN,gerant,corporate,certain,SP_21c722d7fb2bd908b1e2
PERSON_ERICHIELO_LORENZO,CO_GELOSA,gerant,corporate,certain,SP_652c2c3fab4694cf6578
PERSON_AMDOUNI_MOURAD,CO_SMATCH,commissaire_aux_comptes,corporate,certain,SP_c521a324db1ac8875049
PERSON_ZERZERI_HAMZA,CO_POINT_DART,gerant,corporate,certain,SP_c57cec009513328b2530
PERSON_BOUCHET_JEAN_MARC,CO_QUADRAN_TUNISIE,gerant,corporate,certain,SP_16a8afe05b8c513f109c
PERSON_ASTRUC_OLIVIER,CO_QUADRAN_TUNISIE,gerant,corporate,certain,SP_9e4eeff17b122a177339
PERSON_KAMOUN_SAMI,CO_COMPTOIR_PIECES_RECHANGE,gerant,corporate,certain,SP_4d62bdfeaa0f9f65b0fb
PERSON_TABANE_MOHAMED_ALI,CO_TOURISTIQUE_MARILLIA,administrateur,corporate,certain,SP_6503b99ccb203aa04702
PERSON_CHAOUCH_TAREK,CO_TUNISIENNE_DAVICULTURE_SOTAVI,pdg,corporate,certain,SP_b02f9977a739f1c3b9ff
PERSON_ELOUAER_MEHDI,CO_HERBIOTECH_AROMA,dga,corporate,probable,SP_de97d23b97c62a076fd8
PERSON_GUERIDA_MONGI_BENMOHAMED_BENMABROUK,CO_RECYCLEURS,gerant,corporate,certain,SP_911520fad463dee33aad
PERSON_BAYAHI_YAHIA,CO_TUNISIE_CAR,administrateur,corporate,certain,SP_12c3520d369c5744ed29
PERSON_BAYAHI_TAHER,CO_TUNISIE_CAR,administrateur,corporate,certain,SP_8d753633687aa325d8a8
PERSON_BAYAHI_TAIEB,CO_TUNISIE_CAR,administrateur,corporate,certain,SP_e0e975aa75a5a3240fbf
PERSON_BAYAHI_KHALED,CO_TUNISIE_CAR,administrateur,corporate,certain,SP_88ff1862c15ff3df8ebf
PERSON_BAYAHI_MAHER,CO_TUNISIE_CAR,administrateur,corporate,certain,SP_cb731d84bb648a1578c9
PERSON_BAYAHI_KARIM,CO_TUNISIE_CAR,administrateur,corporate,certain,SP_3fb0d6c76e73dfa88be1
PERSON_TRIKI_MARYAM,CO_DIGIVERTEX,gerant,corporate,certain,SP_68c490370c479ba5d908
PERSON_ZOUARI_AMEUR,CO_AMEL,gerant,corporate,certain,SP_91381b93628192621cc2
PERSON_MEZGHANI_MOHAMED_SALAH,CO_DIDO_CAPITAL_PARTNERS,gerant,corporate,certain,SP_71a97777d33799656891
PERSON_HAMAMI_FAOUZI,CO_NEW_EXCELLENT,gerant,corporate,certain,SP_42354385021b48a23228
PERSON_KHALIL_MOHAMED,CO_BIOMEDICALE_MAINTENANCE_KINESITHERAPIE,gerant,corporate,certain,SP_0e87c5e49b430cf00686
PERSON_LARBI_SONIA,CO_SICAF,administrateur,corporate,certain,SP_662be80f91cf5f13315e
PERSON_BENSALEM_ANIS,CO_GENERALE,gerant,corporate,certain,SP_b5141256898f550eb342
PERSON_ELBOULIFI_RAMZI,CO_REGIONALE_TRANSPORT_GOUVERNORAT_KEF_SRTG_KEF,pdg,corporate,certain,SP_01d32852ad18bdab6132
PERSON_ABCHA_MOHAMED,CO_ENTREPOT_FRIGORIFIQUE_SMVDA_EPI_DOR,gerant,corporate,certain,SP_856c9b61c69ed9f08cb3
PERSON_HELAL_ANIS,CO_MARBRERIE_NEW_MODE,gerant,corporate,certain,SP_7a931d0dd6cb8220cd7b
PERSON_TRABELSI_KAMEL,CO_REGIONALE_COMMERCE_GOUVERNORAT_BEJA,dg,corporate,certain,SP_fa2ec07a44982e570179
PERSON_MEJRI_KHADIJA_THOURAYA_SFAR,CO_COMPAGNIE_IMMOBILIERE_TOURISTIQUE_EL_MEHDI,administrateur_delegue,corporate,certain,SP_aef413cdb6b266edbc0b
PERSON_CELENTANO_EMILIO,CO_CIELO_SERVICES_TEXTILES,gerant,corporate,certain,SP_3be8a3e4b65827c42937
PERSON_BOURICHA_RACHID,CO_SOCAB_DISTRIBUTION,gerant,corporate,certain,SP_e1417812e128816bb5eb
PERSON_CHAABOUNI_HATEM,CO_CHAHIA,president_ca,corporate,certain,SP_11f0d52c00a0fe2f9bab
PERSON_AYADI_MOHAMED,CO_STEG_INTERNATIONAL_SERVICES,gerant,corporate,certain,SP_7d5b5385bfd2efd2895d
PERSON_BENSASI_BECHIR,CO_TUNISAIR,dg,corporate,certain,SP_5489ac5e6f8136460ac4
PERSON_CHAABANE_MOHAMED_DHIAEDINE,CO_ALPHA_CONSTRUCTION,gerant,corporate,certain,SP_3c364c9ac430f8318916
PERSON_LABIADH_SALEM,CO_CARTHAGES_PRODUITS_ALIMENTAIRES,gerant,corporate,certain,SP_cbb9b815550f72656e5b
PERSON_ISAIA_GIUSEPE,CO_LAB_21,administrateur,corporate,certain,SP_062bc79682e651d9b9d2
PERSON_ISAIA_GIUSEPE,CO_LAB_21,dg,corporate,certain,SP_5937d531c64e1df35814
PERSON_BENAYED_MOHAMED_TAHER,CO_VERRERIE_NAASSEN,pdg,corporate,probable,SP_4450a8b7990a9e5b6c22
PERSON_BENAYED_MOHAMED_TAHER,CO_VERRERIE_NAASSEN,administrateur,corporate,certain,SP_e2c0e39ee0382665975e
PERSON_CHAABANE_MAHER,CO_SELECTION_GESTION_SERVICE,gerant,corporate,certain,SP_fac12b799f5cd173ac6f
PERSON_KAMOUN_BILEL,CO_OGEC_EQUIPEMENT_SUPPLY,gerant,corporate,certain,SP_aef6a290aab144d85d64
PERSON_GHARBI_ANIS,CO_REUSE_BAG,gerant,corporate,certain,SP_0b00a82024516d80010a
PERSON_BOURICHA_MOHAMED_MONTASAR,CO_TENES,gerant,corporate,certain,SP_3355b25568deefee300e
PERSON_CHAKROUN_OTHMAN,CO_STANDARD_SHARING_SOFTWARE_3S,president_ca,corporate,certain,SP_91d9270c517722f47f17
PERSON_ABDELKARIM_KAWTHER,CO_GARAGE_ALLEMAND,gerant,corporate,certain,SP_806fd8809f9fb92f0623
PERSON_SAYARI_HAJER,CO_FRANCO_TUNISIENNE_DINVESTISSEMENT_GENERAL,gerant,corporate,certain,SP_dc452d8d933ce055f39b
PERSON_ALAL_LOTFI,CO_COMPAGNIE_TUNISIENNE_FORAGE,unspecified,corporate,certain,SP_20fc06bf254d222ec837
PERSON_KTATA_ABDELKARIM,CO_COMPAGNIE_TUNISIENNE_FORAGE,unspecified,corporate,certain,SP_1dd9fce8034a65a3f489
PERSON_LAHRIZI_NAJOUA,CO_COMPAGNIE_TUNISIENNE_FORAGE,unspecified,corporate,certain,SP_f438e73518c692f936bb
PERSON_ELGZAL_LOTFI,CO_COMPAGNIE_TUNISIENNE_FORAGE,unspecified,corporate,certain,SP_f380ab373702093520aa
PERSON_BORNAZ_MOHAMED_LASAAD,CO_COMPAGNIE_TUNISIENNE_FORAGE,unspecified,corporate,certain,SP_3aa8a40b0c86d976a163
PERSON_EZIDI_MABROUK,CO_COMPAGNIE_TUNISIENNE_FORAGE,unspecified,corporate,certain,SP_4eb8ceba81684553f3d8
PERSON_ABES_ALI,CO_COMPAGNIE_TUNISIENNE_FORAGE,unspecified,corporate,certain,SP_e79e992a8a7f6c660ba3
PERSON_ALEGUE_MAROUEN,CO_COMPAGNIE_TUNISIENNE_FORAGE,unspecified,corporate,certain,SP_29043429b7612b1dd08d
PERSON_EJABARI_SAMI,CO_COMPAGNIE_TUNISIENNE_FORAGE,unspecified,corporate,certain,SP_32de07d42d74dd9f63af
PERSON_BENSALAH_SLAH_EDINE,CO_COMPAGNIE_TUNISIENNE_FORAGE,unspecified,corporate,certain,SP_e8c52f1bd3bf67ef43e6
PERSON_ISAIA_GIUSEPE,CO_RINA_TUNISIA,cogerant,corporate,certain,SP_f2680117b635888ad5eb
PERSON_BENGHAZI_AHMED_FARHAT,CO_MITIGAN_CREDIT_INSURANCE,administrateur,corporate,certain,SP_cbaab03249d25478f97d
PERSON_LAOUITI_KAIS,CO_MITIGAN_CREDIT_INSURANCE,administrateur,corporate,certain,SP_ce0938a857c18dcf93c5
PERSON_CHAGOUR_THAMEUR,CO_MITIGAN_CREDIT_INSURANCE,administrateur,corporate,certain,SP_c0403eae9b8ca35b808f
PERSON_TRIKI_TAREK,CO_MITIGAN_CREDIT_INSURANCE,administrateur,corporate,certain,SP_b40d9ef8aab6dfcb50c3
PERSON_BENGHAZI_AHMED_FARHAT,CO_MITIGAN_CREDIT_INSURANCE,president_ca,corporate,certain,SP_80dccba2380031cb7114
PERSON_ELMATRI_OMAR,CO_MITIGAN_CREDIT_INSURANCE,dg,corporate,certain,SP_ebc864cf151eb70a082d
PERSON_LOUDHABACHI_ANOUAR,CO_AFRIQUE_ACIER,pdg,corporate,certain,SP_52b2ac92395250c357ba
PERSON_CHAABANE_ABDELWAHEB,CO_MARINA_PRESTIGE_HOTELS_RESSORTS,associe,corporate,certain,SP_177b25a61d05d846b274
PERSON_HERMASI_ALI,CO_D_ETUDES_EL_AMEL,pdg,corporate,certain,SP_93361726e259ffc04235
PERSON_HALWANI_MOHAMAD,CO_ALLEMAND_TUNISIEN_D_ENERGIE_SOLAIRE_SATES,gerant,corporate,certain,SP_d9bf379743c6401baa8e
PERSON_BENAHMED_CHIHEB,CO_POOLSIDER,gerant,corporate,certain,SP_db2973ee2e74a33a8d37
PERSON_KAMOUN_MOHAMED_AMIN,CO_IDEAL_COMMERCE,unspecified,corporate,certain,SP_cea09ef4cd186bb65ad1
PERSON_CHEBI_AHMED_NEJIB,ORG_CLUB_SYAKAT,association_president,corporate,certain,SP_78444351ca8457e408f1
PERSON_BENKHELIFA_SONIA,ORG_CLUB_SYAKAT,secretaire_general,corporate,certain,SP_39637dc3baba582bda42
PERSON_MSELEM_EINAYET_GMIR,ORG_CLUB_SYAKAT,treasurer,corporate,certain,SP_a3a8f8e8b801fb3e4b72
PERSON_CHERIF_MOHAMED,CO_MC_CONSULTING,gerant,corporate,certain,SP_f1060d9bb739be4c69e1
PERSON_SELAMI_SLIM,CO_ONE_TECH_MECATRONIQUE_CONSULTING_GIE,association_president,corporate,certain,SP_93574f50ef680422358c
PERSON_FENIRA_IMED,CO_PELLET_PALLET_INDUSTRY,commissaire_aux_comptes,corporate,certain,SP_cb0d14619b734d5b8001
PERSON_BLAIECH_MOHAMED,CO_PELLET_PALLET_INDUSTRY,commissaire_aux_comptes,corporate,certain,SP_ca89bd79d570e5ed578f
PERSON_FENIRA_IMED,CO_PELLET_PALLET_INDUSTRY,pdg,corporate,certain,SP_e3ac6e83c137d2b4e3d5
PERSON_SLAMA_RIADH,CO_SLAMA_DISTRIBUTION,gerant,corporate,certain,SP_35a54248c386e9163383
PERSON_SLAMA_GHASEN,CO_GROUPEMENT_MAINTENANCE_GESTION_ZONE_INDUSTRIELLE_BOUARGOUB,association_president,corporate,certain,SP_7800357999ff4d7d8fdb
PERSON_MECHRIA_AMIR,CO_HORIZON_BUSINESS_COMPANY_HOLDING,pdg,corporate,certain,SP_010b12e1aa65e6a4e614
PERSON_HORCHANI_ABDELWAHEB,CO_SOHOPSA,gerant,corporate,certain,SP_a44a55847e9484a6a0f7
PERSON_HAMROUNI_ABDERAHMAN,CO_LINE_MARETH,gerant,corporate,certain,SP_a15011c5de58581a312a
PERSON_BENSEDRINE_MOHAMED_LASAAD,CO_HOTELIERE_DOUJA,pdg,corporate,certain,SP_17d6b0727d68cd644af0
PERSON_SELMI_MONTHER,CO_GREEN_PACK,gerant,corporate,certain,SP_f86a03407b3c5eeccc76
PERSON_DHAOUI_CHAKER,CO_LIBERTE_DEXPLOITATION_EAUX_MINERALES_HAYET,pdg,corporate,certain,SP_72425d835932e351fbbd
PERSON_BENAHMED_HICHEM,CO_MIA_MIA_DISTRIBUTION,gerant,corporate,certain,SP_a6fa55a9689729217d5c
PERSON_SAYADI_HOUCINE,CO_MARBRERIE_SAYADI_FILS,gerant,corporate,probable,SP_6d699fa82360c539d3ba
PERSON_CHAABANE_IMED,CO_TRANSTRAVEL,gerant,corporate,certain,SP_91afa63a57c8b7a02cd1
PERSON_CHARAABI_SOBHANE,CO_GERMAN_SCHMIEDEEISEN,gerant,corporate,certain,SP_efda8ba4b64924c76882
PERSON_JERBI_BELHASEN,CO_SERVICOM_IT,pdg,corporate,certain,SP_63588c33488eb30ac227
PERSON_MABROUK_AMIN,CO_DAR_KHADHAR,gerant,corporate,certain,SP_1e33e60badad48c9d8b9
PERSON_GHALEB_NABIL,CO_ZITOUNA_TAMKEEN,pdg,corporate,certain,SP_38d4fc5ce0766a697ce3
PERSON_DIMASI_MORSY,CO_UNITED_GENERAL_PARTNERS,fondateur,corporate,certain,SP_9d75ec89ada38816af48
PERSON_DIMASI_MORSY,CO_UNITED_GENERAL_PARTNERS,dg,corporate,certain,SP_6794fd4d8e5ed6b3fd6c
PERSON_BOUSLAMA_MOURAD,CO_NOUVELLE_CHIMIE_SNC,representant,corporate,probable,SP_c517284b024dec13734b
PERSON_BEJAOUI_SEIF_EDINE,CO_METAL,administrateur,corporate,certain,SP_fa3fe2876f5c1837ddfb
PERSON_KAMOUN_MEHDI,CO_MANUFACTURE,unspecified,corporate,certain,SP_13fb81238f2df0b70d03
PERSON_KAMOUN_ANOUAR,CO_MANUFACTURE,pdg,corporate,certain,SP_6af41497e09e4075b88f
PERSON_BENSALEM_MONCEF,CO_BEN_SALEM_TRABELSI,gerant,corporate,certain,SP_8921d67d0b7dfee916c9
PERSON_HAMAMI_ZINA,CO_TELECOM_NORD,gerant,corporate,certain,SP_700d69a25e2ded90d98b
PERSON_BENAMARA_KAMEL,CO_ADEM_BATIMENT,gerant,corporate,certain,SP_fc94454b09e394d92344
PERSON_JERBI_BELHASEN,CO_SERVICOM,administrateur,corporate,certain,SP_79f83abfc10d7c4af511
PERSON_KAABACHE_ABDELKARIM,CO_D_INDUSTRIE_PHARMACEUTIQUE_IBN_AL_BAYTAR,dg,corporate,certain,SP_2f82ca7e9ad9d8b3b03e
PERSON_DJEMALI_HOSNI,CO_CONTACT,pdg,corporate,certain,SP_dbe20bffe7f244bc1b0d
PERSON_SAIED_SAMIR,CO_TUNISIENNE_BANQUE,dg,corporate,certain,SP_70be2e916e838df270c0
PERSON_GARGOURI_MOHAMED,CO_MAM_RESTAURATION,gerant,corporate,certain,SP_fecded3e8f590389125b
PERSON_ABID_MOHAMED,CO_AMARANTE_ECOM,gerant,corporate,certain,SP_8d3c0f12b4151c6b70ae
PERSON_ZINGONI_LEONARDO,CO_LEOFLEX,gerant,corporate,certain,SP_4fb89cbdb64ea9419a21
PERSON_KAABACHE_ABDELKARIM,CO_MEDICEF,dg,corporate,probable,SP_b8dac34f4a6cbf83b14d
PERSON_KAMOUN_MEHDI,CO_TRANSPORT_EXPRESS_CLEARANCE,associe,corporate,certain,SP_0c13017d2580cd36f6b9
PERSON_KAMOUN_MEHDI,CO_TRANSPORT_EXPRESS_CLEARANCE,cogerant,corporate,certain,SP_cff784cae3d739039158
PERSON_KOOLI_MOHAMED_RIADH,CO_SOLUTION_T,pdg,corporate,certain,SP_284a50aa83e4d1bd3e45
PERSON_KAMOUN_RADHIA_MEGDICHE,CO_SOLUTION_T,president_ca,corporate,certain,SP_aefdbbdee280d38cedab
PERSON_KOOLI_MOHAMED_RIADH,CO_SOLUTION_T,administrateur,corporate,certain,SP_0a72ebfc43dce9fa940f
PERSON_KAMOUN_RADHIA_MEGDICHE,CO_SOLUTION_T,administrateur,corporate,certain,SP_ea9ef516bdeaefd8489d
PERSON_TRAD_KARIM,CO_SOLUTION_T,administrateur,corporate,certain,SP_03c3dcf0cacc5752d468
PERSON_ABDELAOUI_MOHAMED,CO_AMIS_BATIMENT,gerant,corporate,certain,SP_068789113f89f0f91c51
PERSON_CHAABANE_MOHAMED,CO_CHAABANE_MOTEUR,gerant,corporate,certain,SP_38b69f25b9f7c3c94558
PERSON_CHAABANE_AMIN,CO_AMI_SERVICE,gerant,corporate,certain,SP_e66b6433ffa340e3fd08
PERSON_DAOUD_HICHEM,CO_BRIQUETERIE_DAOUD_SOBRIDA,gerant,corporate,certain,SP_7fbb40c63af88082a27f
PERSON_DRIS_AZIZA,CO_TUNISIA_SNACKING,gerant,corporate,certain,SP_d79527e75a765e548d3f
PERSON_TRIKI_CHAMSEDINE,CO_TIBA_COMMERCE,gerant,corporate,certain,SP_1c2b6356ba51051f19c7
PERSON_SLAMA_KHALIL,CO_STAF_INTER_GIE,administrateur,corporate,certain,SP_bded47cd7e81979b2dc3
PERSON_BENAYED_RAFIK,CO_TRAVAUX_ELECTRIQUES_ETELEC,administrateur,corporate,certain,SP_29e6b5ea17331aa35d2a
PERSON_BENAYED_ABDESALEM,CO_TRAVAUX_ELECTRIQUES_ETELEC,administrateur,corporate,certain,SP_721adfc3a581735a2aa7
PERSON_REJEB_EZEDINE,CO_NOUVELLES_BRIQUES,cogerant,corporate,certain,SP_78f1f1f8d58ff424808b
PERSON_AREM_DKHAILI,CO_ZAHRAT_EL_MADAEN,gerant,corporate,certain,SP_cf31acedfd11350a6c39
PERSON_GRIBAA_FRAJ,ORGMENTION_2/ Actualisation des statuts de la société dans certains poi,gerant,corporate,certain,SP_514511bf172dfadee8e4
PERSON_MANICLE_PAUL,CO_GOOGLE_TUNISIA,unspecified,corporate,certain,SP_b58adbbbde4f5d2b5536
PERSON_ZOUARI_THOURAYA,CO_AMEN_AUTO,gerant,corporate,certain,SP_bd792b74b36a5093ff1b
PERSON_HAMAMI_MOUEDH,CO_PESTO,gerant,corporate,certain,SP_46682fd99b0e57138f5e
PERSON_HAMAMI_SEIF,CO_HAMMAMI_MULTI_SERVICES,gerant,corporate,certain,SP_83d69ce44cf8824d61de
PERSON_SLAMA_BECHIR,CO_LASSAAD_MATERIAUX_CONSTRUCTION,gerant,corporate,certain,SP_8fa3131d74c1b527fcda
PERSON_SFAR_AHLEM_HANTOUS,CO_COMPAGNIE_IMMOBILIERE_TOURISTIQUE_EL_MEHDI,pdg,corporate,certain,SP_7760ca65d23b2bd11f2d
PERSON_SFAR_AHLEM_HANTOUS,CO_COMPAGNIE_IMMOBILIERE_TOURISTIQUE_EL_MEHDI,administrateur,corporate,certain,SP_d81fc1971b70d4a72ed4
PERSON_BENAMAR_MANSOUR,CO_TECHNOFLEX,cogerant,corporate,certain,SP_b8ad687054876f32e123
PERSON_BENYOUSEF_AHMED,CO_NEW_ECODATTES,administrateur,corporate,certain,SP_84d8d1e8c5a009d0c141
PERSON_TRIKI_KAWTHAR,CO_AMAL_COMMERCE,gerant,corporate,certain,SP_76a9b8dee18187560314
PERSON_BENMOALEM_HAITHEM,CO_PROMETAL_PLUS,gerant,corporate,certain,SP_2d1efc75ca67f84d56d3
PERSON_HAMAMI_HELA,CO_TLS_LINKS_PLUS,gerant,corporate,certain,SP_a1835dde0253eef2f929
PERSON_MNASER_MOHAMED_HOUSEM_EDINE,CO_VALORISATION_INDUSTRIELLE_PRODUITS_ALIMENTAIRES,gerant,corporate,certain,SP_fda0efe650d26d37351e
PERSON_KAMOUN_KAMEL,CO_KIMOO,gerant,corporate,certain,SP_8f60fb7bf5399b16eb46
PERSON_JELOULI_HAZAR,CO_CEPTUNES,dga,corporate,certain,SP_18c3f65423a89fb12412
PERSON_BESBES_HICHEM,CO_MAGHREB_FINANCIERE_HOLDING,commissaire_aux_comptes,corporate,certain,SP_4195fe2ebf747b4123a8
PERSON_MABROUK_ISMAIL,CO_MAGHREB_FINANCIERE_HOLDING,pdg,corporate,certain,SP_36f3b5297a79a3748dc5
PERSON_BENGHAZI_AHMED_FARHAT,CO_MITIGAN,administrateur,corporate,certain,SP_8ea453c77ff219a145f9
PERSON_JOUINI_ELYES,CO_MITIGAN,administrateur,corporate,certain,SP_73f3445f6fd08ccaa995
PERSON_LAOUITI_KAIS,CO_MITIGAN,administrateur,corporate,certain,SP_fc0c47400aacea6dcfbf
PERSON_HAMAMI_HAMZA,CO_COMMERCE_DEVELOPPEMENT_AGRICOLES_SCDA,gerant,corporate,certain,SP_601f370f4e2949f9a1fe
PERSON_OUESLATI_ZAKARIA,ORGMENTION_Société Le Marchand de L'Immobilier S.A,pdg,corporate,certain,SP_f192ca3918a39a2c6847
PERSON_HAMROUNI_SKANDER,CO_MEGATECH,gerant,corporate,certain,SP_53f406b72a575ec82fa6
PERSON_ZOUARI_MOHSEN,CO_ENGINEERING_AFFAIRES,gerant,corporate,certain,SP_dd8e3e1c3a1ffe3851ad
PERSON_BENAMOR_BECHIR,CO_DJET_SECURITE,president_ca,corporate,certain,SP_e8807b6b1aeb6a435d6c
PERSON_BANI_FAYCEL,CO_RANIA_CONFECTION,unspecified,corporate,certain,SP_6dca5fc238c39fa8fa25
PERSON_GAZAH_LOTFI,CO_FRANCO_TUNISIENNE_BATIMENTS,gerant,corporate,certain,SP_0808057cdd4bc9c9bb6a
PERSON_TRIFI_LAKHDHAR,CO_FRANCO_TUNISIENNE_BATIMENTS,cogerant,corporate,certain,SP_3cdb0c1569e914a4930f
PERSON_ZOUARI_MOHAMED_ALI,CO_AL_RAHMEN,gerant,corporate,certain,SP_f306b7c1281945119f1d
PERSON_SELAMI_HOUDA,CO_MEUBLES_BELWAER,gerant,corporate,certain,SP_377db149eae72c97af67
PERSON_KADECH_ANIS,CO_LABORATOIRES_HEALTHY_SOLUTION,gerant,corporate,certain,SP_83a95d3c6e7158882cab
PERSON_HAMAMI_TAREK,CO_MOTORAX,gerant,corporate,certain,SP_17e23c5a40f9c95a73cf
PERSON_CHARFEDINE_LOTFI,CO_UNITE_FABRICATION_MEDICAMENTS,dga,corporate,certain,SP_29647c9ad1cd42a425c1
PERSON_NAKBI_MOHAMED,CO_FRIGO,gerant,corporate,certain,SP_fffd301531b1325c587e
PERSON_BELAMINE_ADNEN,CO_CONSULTING,cogerant,corporate,certain,SP_4dd934f86efc34915523
PERSON_CHEBAANE_MOUNIR,CO_JBC,gerant,corporate,certain,SP_ff25825a7f27fe6d95e0
PERSON_TRABELSI_MOHAMED,CO_CARTHAGE_DIDACTIC,gerant,corporate,certain,SP_d41c4a0b74b50ce7646d
PERSON_ELOUZE_AMIRA,CO_GENERAL_GERMANY_SERVICES,gerant,corporate,certain,SP_7a047da5265717b4eb93
PERSON_BENAMOR_MOHAMED,CO_MED_WOODS,dg,corporate,certain,SP_e64ca7bc2eaf149e8b55
PERSON_BOURGELAS_SYLVAIN,CO_CENTRE_FINANCIER_AUX_ENTREPRENEURS_TUNISIE,dg,corporate,certain,SP_f117c7d35ffc4e53cd8c
PERSON_CHABCHOUB_MOHAMED,CO_ESSEYAHA,unspecified,corporate,probable,SP_0acb60bfba84c757ac5d
PERSON_KHALIL_MOHAMED,CO_POEY,gerant,corporate,certain,SP_0d2b9b7b7b12330c1e80
PERSON_BAIREM_SLIM,CO_ULYSSE_TUNISIE,president_ca,corporate,certain,SP_bcb6577d29c9a0abf4a5
PERSON_MELOUSE_MOHAMED,CO_WIFAK_INTERNATIONAL_BANK,pdg,corporate,certain,SP_9742365bcd9c4a7c4c76
PERSON_STURDIVAN_JOSHUA_JOEL_HOMER,CO_ME_CONSULTANTS,cogerant,corporate,certain,SP_e669b5d2015fdb062191
PERSON_HAMAMI_INES,CO_QUALI_CONSULTING,gerant,corporate,certain,SP_311e1026c8c273a3a919
PERSON_ZOUARI_CHIHEB,CO_COMMERCE_INTELLIGENT_SCI,gerant,corporate,certain,SP_08f8112977c82b41e34e
PERSON_MAMOGHLI_CHOKRI,CO_ATELIERS_MECANIQUES_SAHEL,unspecified,corporate,certain,SP_8f4548a458342cfa15fe
PERSON_SLAMA_WAJDI,CO_VIANDE_MERVEILLE_SLAMA,gerant,corporate,certain,SP_c7c548ce501e9721744a
PERSON_KILANI_KHIAREDINE,CO_IKLIL_IQF,cogerant,corporate,certain,SP_f0c34b4941b116eaea11
PERSON_ZOUARI_GHASEN,CO_GARDEN_SERVICE_SGS,gerant,corporate,certain,SP_dc784b782c2886f38b4f
PERSON_ELOUMI_YOUNES,CO_ESSIA,gerant,corporate,certain,SP_90a198b5aeabe5a8ffda
PERSON_KHALIL_MOHAMED,CO_UP_TECH,gerant,corporate,certain,SP_87b5c6804e4d7616392d
PERSON_MANI_CHAIMA,CO_PRISM,gerant,corporate,certain,SP_9dd1b9ddd784449d44a3
PERSON_KAMOUN_ASMA,CO_INNOVATION_HOUSE_CONSULTING,gerant,corporate,certain,SP_7cf067d4f8ccde1c420d
PERSON_KAMOUN_SIRINE,CO_SIRINE,gerant,corporate,certain,SP_6d172ee7e5249c983bbf
PERSON_MABROUK_AMARA,CO_ASSOUMOUD,gerant,corporate,certain,SP_249a524b3b486cd67801
PERSON_BOUSAID_MOUNA,CO_GENERALE_IND_BISCUITS_SOGIB,gerant,corporate,certain,SP_02ca7a1557fd09fdc558
PERSON_TRIKI_MOHAMED,CO_LEXPERT_CONSTRUCTION_METALLIQUE,gerant,corporate,certain,SP_4e2b5addfd645833472f
PERSON_ZOUARI_RAIDA,CO_VELO_ROUGE,gerant,corporate,certain,SP_730f9197d64f52133538
PERSON_MANSOURI_TAOUFIK,CO_ATLAS_MINING_HOLDING,pdg,corporate,certain,SP_1984d08b4e9e231e66b8
PERSON_BENABDALAH_MOHAMED_SLIM,CO_BTP_HOLDING,gerant,corporate,certain,SP_539aa69b41458e02a092
PERSON_ALMOUNIR_SARHANE,CO_BTP_HOLDING,gerant,corporate,certain,SP_ddd722385273aaacb7e3
PERSON_HACHICHA_KHALED,CO_LINA,gerant,corporate,certain,SP_519ceec7dbc5276f802e
PERSON_ZOUARI_DORIA,CO_ACCESS_PRINT,gerant,corporate,certain,SP_fcdca26555a854847b76
PERSON_MANKAI_MAKRAM,CO_GERMAN_MOTORS_GM,gerant,corporate,certain,SP_85009e431ee14d424cc0
PERSON_ATHIMINI_MABROUKA,CO_KHEMIR_DISTILLATION_PLANTES_AROMATIQUES_MEDICINALES,gerant,corporate,certain,SP_b65da3fa8464633481f5
PERSON_HAMROUNI_AYMEN,CO_HAMROUNI_D_M_E,gerant,corporate,certain,SP_1146f97dbbe5b21982ee
PERSON_SAIDANE_MOHAMED,CO_MSCP,gerant,corporate,certain,SP_533eb65c8dd325427aba
PERSON_HASEN_MOHAMED_ALI,CO_ATLAS_PACKAGING,pdg,corporate,certain,SP_12e6e9cca1730c96779e
PERSON_HAMAMI_ABDELKADER,CO_COMPTOIR_GENERAL_MARBRE_COGEMAR,gerant,corporate,certain,SP_8c77f916fdd89bf09ac2
PERSON_BOUALAGUE_MABROUK,CO_SLPIA,gerant,corporate,certain,SP_48c26291dbc60dbab0c5
PERSON_BETAIEB_IMEN,CO_LANA_COACHING_TUNISIA,gerant,corporate,certain,SP_87fb53a386ca8c57e994
PERSON_TLILI_MUSTAPHA,CO_EURO_ART_INTERNATIONAL,cogerant,corporate,certain,SP_2be1134c05fc9f2b4cfd
PERSON_BOUSHIH_KHALIFA,CO_KR_HOLDING,gerant,corporate,certain,SP_4b714d1d8dfb1e77758c
PERSON_BOURKEB_MOHAMED,CO_D_INDUSTRIE_FROID_MEDENINE_INFROMED,gerant,corporate,certain,SP_94a30767c8d2f886ea07
PERSON_HAMROUNI_CHADHA,CO_GREES_TN,gerant,corporate,certain,SP_161559465ddf6e6370be
PERSON_SLAMA_CHIHEBEDINE,CO_NEW_TECHNOLOGY_CENTER,gerant,corporate,certain,SP_f5b64e0cf8901432fa29
PERSON_AMRI_SADOK,CO_MODERNE_MECANIQUE_NAVALE,gerant,corporate,certain,SP_6e19bf2447a0e1b811ca
PERSON_SLAMA_HOUCEM_BENELBAHRI_ELMANAA,CO_EL_JOUD,gerant,corporate,certain,SP_7776bf4c493fe7837298
PERSON_LOUKIL_BASEM,CO_INTER_EQUIPEMENT,president_ca,corporate,certain,SP_1bdc557195f9aab2b0c3
PERSON_MAJOUL_ANIS,CO_INTER_EQUIPEMENT,dg,corporate,certain,SP_fea83fdc01256c917ebf
PERSON_BENGAIED_LASAAD,CO_PATISSIERE,gerant,corporate,certain,SP_71e8883a6ea08b484012
PERSON_ZAROUK_RAFII,CO_GRANDS_ATELIERS_NORD,dg,corporate,certain,SP_e252a19fa0d9becfd7ab
PERSON_OUESLATI_ZAKARIA,CO_PIERRE_IMMOBILIERE,pdg,corporate,certain,SP_761e39c2812ddf647994
PERSON_HAMAMI_MOUNIRA,CO_OUTSOURCING_COMPANY,gerant,corporate,certain,SP_78707001a5f4b972319f
PERSON_KHECHINE_ATEF,CO_ALFAROS,gerant,corporate,certain,SP_f496e178e358a6f90aa0
PERSON_BENTURKIA_SARAH,CO_CHEMSA_HOLDING,administrateur,corporate,certain,SP_747fb7fb59d2a3f38f8b
PERSON_HAMAMI_MOURAD,CO_RENTAI_RIDE,gerant,corporate,certain,SP_6d65a83634beff8e66bf
PERSON_BENABDESALEM_SLIM,CO_INSAF_COMMERCE_INTERNATIONAL,gerant,corporate,certain,SP_804651a705ee7c186f9c
PERSON_MABROUK_HASINE,CO_IDEE_DECO,gerant,corporate,certain,SP_7c462bba5f1765a11249
PERSON_KAMOUN_SLIMA,CO_COMETH_SERVICES,associe,corporate,certain,SP_69033d8d18032d079741
PERSON_TRIKI_OUSAMA,CO_GENERALE_TRAVAUX_PUBLICS,gerant,corporate,certain,SP_6894168d10fa290adbae
PERSON_CHAABANE_FAOUZI,CO_SIRIN_CO,gerant,corporate,certain,SP_4a81d6223c7b24b2abb7
PERSON_MABROUK_RIADH,CO_MULTISERVICES_BATIMENTS_CONSTRUCTION,gerant,corporate,certain,SP_c7636a7b4ffd077cab26
PERSON_KAMOUN_HEDI,CO_TOP_ETANCHEITE,gerant,corporate,certain,SP_29b72c192060241e2191
PERSON_CARUSO_ERIC_CESAR,CO_CAZINO_VENEZIA,gerant,corporate,certain,SP_89311f0b2d4ed5c65159
PERSON_SELAMI_ALJIA,CO_NOUR_MALEK_COMMERCE,gerant,corporate,certain,SP_9ad758a7bf34f0256b67
PERSON_ZOUARI_FAYCEL,CO_PROGRES_AGRICOLE,gerant,corporate,certain,SP_2b779b262160900a40a3
PERSON_CHAABANE_FAOUZI,CO_CHAABANE_PRODUCTION_AGRICOLE_SCPA,gerant,corporate,certain,SP_92ff059a55606962434c
PERSON_HACHICHA_MONGI,CO_PROMOTION_IMMOBILIERE,gerant,corporate,certain,SP_19d01f3678ea4a1ef59e
PERSON_HAMAMI_LOTFI,CO_VETEMENT_ANIS_BOUHJAR,gerant,corporate,certain,SP_c6b8d87d2fa702cbabb1
PERSON_CHAABANE_YASMINE,CO_BEAUTY_BROWS,gerant,corporate,certain,SP_8add390ad8ad32bdf7f8
PERSON_SLAMA_MOHAMED_ALI,CO_SLAMA_INDUSTRIES_ARTISANALES,gerant,corporate,certain,SP_051b5673a2471b7ff6b9
PERSON_ZERZERI_AFIF,CO_EUROMAG,administrateur,corporate,certain,SP_b0761e31ee0c710c50c7
PERSON_ELOUMI_YADH,CO_BALTIC_MEDITERRANEAN_TRADING,commissaire_aux_comptes,corporate,certain,SP_37120ff3bb5c610f0c87
PERSON_CHAABOUNI_HATEM,CO_SOFIA_HOLDING,president_ca,corporate,certain,SP_e81dc9d736596597c7db
PERSON_ELOUZE_HASIB,CO_SOFIA_HOLDING,dg,corporate,certain,SP_beb6c490149c543d7446
PERSON_CHAABANE_FAOUZI,CO_DERINTON_CARE,gerant,corporate,certain,SP_636432f6ca1f20fe1fdc
PERSON_JHAYEM_MABROUK,CO_ELFALLAH_TRAVAUX_PUBLICS,gerant,corporate,certain,SP_e8c91b5c122c779d997a
PERSON_GAHBICHE_MOHAMED_SALAH,ORGMENTION_INTER AGRO - GIE,administrateur,corporate,certain,SP_2a865214ee65bc47eb96
PERSON_KOUIDER_HABIB_BENHADJ,CO_BANQUE_NATIONALE_AGRICOLE,president_ca,corporate,certain,SP_c7d311d5fad21b9e2862
PERSON_KHOUAJA_SAMI,CO_TELNET_HOLDING,president_ca,corporate,certain,SP_1d1eec3fe61b93304f58
PERSON_FRIKHA_MOHAMED,CO_TELNET_HOLDING,dg,corporate,certain,SP_d6cb07c60aa2fb16d3a0
PERSON_JEDIDI_NEILA,CO_CAP_3000_IMMOBILIERE,gerant,corporate,certain,SP_cb63a8bd2635f43a8a20
PERSON_HAMAMI_HICHEM,CO_NEJMA_COMMERCE,cogerant,corporate,certain,SP_42f0abe782bbb82b2508
PERSON_CHOKRI_ABDENADHER,CO_LABORATOIRES_SCI,gerant,corporate,certain,SP_fe76502557319cf8244c
PERSON_HACHICHA_SOUHEIL,CO_MEUNIERE_TUNISIENNE,administrateur,corporate,certain,SP_7caaeff4cfdb03c7d341
PERSON_HACHICHA_SAMI,CO_MEUNIERE_TUNISIENNE,administrateur,corporate,certain,SP_fd4579046853a4e789bf
PERSON_HMIDA_ADNEN,CO_MEUNIERE_TUNISIENNE,unspecified,corporate,certain,SP_0e362786a2c0b4ef140b
PERSON_JMAL_BASEM,CO_MEUNIERE_TUNISIENNE,unspecified,corporate,certain,SP_1961ab40df8e6d324783
PERSON_KHOUAJA_MAHDI,CO_MEUNIERE_TUNISIENNE,administrateur_delegue,corporate,certain,SP_d1a109baa86874d49867
PERSON_DOGHRI_MONCEF,CO_PULVAGRI,commissaire_aux_comptes,corporate,probable,SP_611656cd4326931fc221
PERSON_KRAIEM_MOHAMED_FADHEL,CO_DEVELOPPEMENT_AGRICOLE_MATIERES_TRANSFORMEES_MONOPRIX_MMT,gerant,corporate,certain,SP_fc0809c0ac081663d94d
PERSON_DRIDI_ABDELKADER,CO_AFRICA_HOLDING,pdg,corporate,certain,SP_0555dd77c5a07c1bac46
PERSON_ELOUMI_KHEIREDINE,CO_AGRITUNISIA,gerant,corporate,certain,SP_6c6c06c6e8a7bb8d546b
PERSON_TRIKI_RABIA_BENYOUSEF_BENOMAR,CO_CCP_MODERNE,gerant,corporate,certain,SP_b7c6c03d24301989af74
PERSON_MABROUK_HAMZA,CO_QUALITE_PLUS_TUNISIE,gerant,corporate,certain,SP_6e0e0fa70fd415dca2ea
PERSON_MABROUK_MARIEM,CO_JURIS_SERVICES,gerant,corporate,certain,SP_7f7da0d1e63d06b1a38a
PERSON_KRAIEM_MOHAMED_FADHEL,CO_NOUVELLE_MAISON_VILLE_TUNIS_MONOPRIX,dg,corporate,certain,SP_e416ea7bf040a61dd269
PERSON_JAIDANE_RIADH,CO_SOMOCER_NEGOCE,gerant,corporate,certain,SP_0ed54a3f383e57e3060d
PERSON_BENSEDRINE_SEIFALAH,CO_MEDITERRANEAN_MEDICAL_COMPANY,gerant,corporate,certain,SP_fe9d11f7a02fa945be35
PERSON_FLORY_XAVIER,CO_STELIA_AEROSPACE_TUNISIE,administrateur,corporate,certain,SP_203c2529683559cdda51
PERSON_AMAR_WASIM,CO_HELIAPACK,cogerant,corporate,certain,SP_b2e0338d181aa482cbb4
PERSON_HAMAMI_SAMIR,CO_NOUR_COMMERCE_SNC,gerant,corporate,certain,SP_4c4d4d538ec75137b911
PERSON_BENSEDRINE_MOHAMED_AMIN,CO_REVOLUTION_TRAVEL,cogerant,corporate,certain,SP_e79cb5ce58fafc893dd0
PERSON_AMAR_MOHAMED,CO_FRESH_FISH,gerant,corporate,certain,SP_32a09e2cc6e1cf5f8ee5
PERSON_HBILI_ABDELMONEM,CO_REGIONALE_TRANSPORT_GOUVERNORAT_KAIROUAN_SORETRAK,pdg,corporate,certain,SP_c6b8cf98f0dc2e2659fb
PERSON_HELALI_MOSBAH,CO_EL_KANAOUET,administrateur,corporate,certain,SP_a09f8c643fa83ffaaccb
PERSON_BOUHLEL_MONCEF,CO_GALAXY_NATUREL,gerant,corporate,certain,SP_c753a5cd1d57450e10c9
PERSON_GAMRA_JAMEL,CO_GO_BITUME,gerant,corporate,certain,SP_93caca9c1ee641d5061e
PERSON_BOUGUERA_RAFIK,ORGMENTION_Société emballage technique,gerant,corporate,certain,SP_5b461cc08d4447a4c950
PERSON_TRIKI_OUSAMA,CO_TRIKI_REKIK_MEDICALE_TR_MEDICALE,gerant,corporate,certain,SP_477f36eb8ea6610073a0
PERSON_DHOUIB_MOHAMED,CO_CONFORT,gerant,corporate,certain,SP_37632fe76d07bd327d71
PERSON_KILANI_MAHER,CO_TRAVAUX_GENERALES_HYDRAULIQUES,gerant,corporate,certain,SP_7b67838425d6c73603e9
PERSON_KOOLI_ABDELAZIZ,CO_FERZ,administrateur,corporate,certain,SP_239a72a946267749b3fa
PERSON_KOOLI_AZIZ_GHASEN,CO_FERZ,unspecified,corporate,certain,SP_af2912e1ad6844ce4616
PERSON_BENAYED_YASINE_BENHEDI,CO_MEDITERRANEE_POUR_COMMERCE,commissaire_aux_comptes,corporate,certain,SP_f155c09f20e1798733d5
PERSON_SAOUDI_HAJER,CO_ACTIFS_PRECIEUX_APEX,pdg,corporate,certain,SP_64fbad978ee303f49b62
PERSON_HAMAMI_HAKIM_BENALI,CO_HAMMMAMI_COOPERATION_AGRICOLE,gerant,corporate,certain,SP_b44df118fe87c66abf8a
PERSON_JENDOUBI_KAMEL,CO_BOURSE_TUNISIE,administrateur,corporate,certain,SP_fc384fe8f00f1bbf759c
PERSON_KOOLI_AZIZ_GHASEN,CO_INTERNATIONALE_PRODUCTION_PAPIER,unspecified,corporate,certain,SP_c45783b1e734f8f798d0
PERSON_MHIRI_SAMI,CO_MEUBLATEX,administrateur,corporate,certain,SP_c37b09429b6345c33b5b
PERSON_SLAMA_RIADH,CO_SLAMA_COMPAGNIE,gerant,corporate,certain,SP_3d6073008508327a4055
PERSON_HEDFI_ABDELBASET,CO_GOLDEN_AGRICOL_PRODUCT,cogerant,corporate,certain,SP_41be90958ca2de3b1655
PERSON_DAGDOUG_HATEM,CO_NAVETTE,gerant,corporate,probable,SP_5d5601e8251ed85703e4
PERSON_AMAR_MOHAMED,CO_VERA_VIE,gerant,corporate,certain,SP_3ca243a9e9df1b2ddcf1
PERSON_FARSI_NASR,CO_SOCOMENIN,president_ca,corporate,certain,SP_be06cde32e8782cf68dc
PERSON_ZOUARI_ISAM,CO_ZOUARI_FLUIDE_SZF,gerant,corporate,certain,SP_03f4542c74138c8b30d5
PERSON_BAYOUDH_CHOKRI,CO_OFFICE_NATIONAL_L_HUILE_EXPORT,administrateur,corporate,certain,SP_a1c3e6045e07194bca69
PERSON_FARHAT_LILIA_BELKHODJA,CO_FINANCIERE_MALGA,associe,corporate,certain,SP_69da9ec465a58e13b8e2
PERSON_BENAYED_RAFIK,CO_MECATECH,administrateur,corporate,certain,SP_4486a3ed6fea1eb119f3
PERSON_ZERZERI_RIADH,CO_INFORMATION_ECONOMIQUE_AFRICAINE,gerant,corporate,certain,SP_5f7a1e22fd693f221ffa
PERSON_FARHAT_LILIA_BELKHODJA,CO_COGEHUILE,gerant,corporate,certain,SP_b03f4df0616210519da6
PERSON_HAMAMI_MANOUBIA,CO_TUNISIEN_ISTANBUL_INTERNATIONAL,gerant,corporate,certain,SP_a51e538f8a25c4426425
PERSON_HADAR_MOHAMED,CO_TUNISIE_SICAR,administrateur,corporate,certain,SP_ebd250afae4147fbc266
PERSON_BENYOUSEF_ABDELAZIZ,CO_TELNET_HOLDING,administrateur,corporate,certain,SP_3f362afc79ec29b6f5ba
PERSON_BENSEDRINE_SOFIEN,CO_POLY_SERVICES_EVENEMENT,gerant,corporate,certain,SP_e1d9f20cf5e05c4b1e9f
PERSON_HAMAMI_FOUED,CO_HAMMAMI_COMMERCE_SHC,gerant,corporate,certain,SP_546c30a3778aeb385a75
PERSON_BENFRAJ_RAMZI,CO_PRESTIGE_IMMOBILIER,gerant,corporate,certain,SP_c4de364832bdd57f8ae3
PERSON_SASI_RAFIK,CO_TOURISTIQUE_CAP_BON,president_ca,corporate,certain,SP_4d547bb564fe807f7afb
PERSON_ZGHAL_NABIHA_BOUZGUENDA,CO_COFITEL,administrateur,corporate,probable,SP_a3112c0b7d83f388a964
PERSON_KILANI_ABDELFATEH,CO_JANET_HOLDING,pdg,corporate,certain,SP_268c49dd6a40f9dd3225
PERSON_ELOUMI_AHMED,CO_ELLOUMI_GLASS,gerant,corporate,certain,SP_35a2ebc1152ccb6a96b5
PERSON_HAMROUNI_SAADAN,CO_FABRICO,gerant,corporate,certain,SP_e3f5d4c1a3ce46ce6d31
PERSON_HAMROUNI_SHAHRAZED_MEDEB,CO_LARC_SECURITY_ACTIVITE,gerant,corporate,certain,SP_4efcd2e0473c29043941
PERSON_TRIKI_GHOFRANE,CO_ROYAUME_MEDICAL,gerant,corporate,certain,SP_af35dd58f91386b08134
PERSON_KHROUF_MAHMOUD,CO_CLINIQUE_JASMINS,dg,corporate,certain,SP_14d10ac007cf6ca2e73f
PERSON_KOOLI_ABDELAZIZ,CO_TUNISIE_OUATE,administrateur,corporate,certain,SP_7c462f9caa1fd58b1646
PERSON_KOOLI_AZIZ_GHASEN,CO_TUNISIE_OUATE,administrateur_delegue,corporate,certain,SP_ff72e880b3ea4d8481c3
PERSON_HAMAMI_FAOUZI,CO_UNIVERS_MOTEURS_SUM,gerant,corporate,certain,SP_cbbc6d45f429fabf9aaa
PERSON_HAMAMI_MASARAH,CO_MISTRAL_DISTRIBUTION,gerant,corporate,certain,SP_5377e281a1e821f494d1
PERSON_KAMOUN_ALI,CO_ENCM_ENGINEERING_CONSTRUCTION_MANAGEMENT,gerant,corporate,certain,SP_f53ca714170e39aed3e2
PERSON_OTOLENGHI_GUIDO,CO_STOCKAGE_TRANSPORT_CARBURANT,representant,corporate,certain,SP_18324e43f8e22bc276ea
PERSON_BORGHESI_STEFANO,CO_STOCKAGE_TRANSPORT_CARBURANT,representant,corporate,certain,SP_debdf8172310440e1a47
PERSON_MORFIN_ALAIN,CO_UNIVERS_INVEST_SICAR,dg,corporate,certain,SP_4566f457d61c29e900af
PERSON_MEDEB_HOUEIDA_NASRA,CO_CENTRALE_LAITIERE_CAP_BON,administrateur,corporate,certain,SP_e6f957403194d7c8fd90
PERSON_DJILANI_NEDIA_MEDEB,CO_CENTRALE_LAITIERE_CAP_BON,administrateur,corporate,certain,SP_2bcabd39c526c899cb7c
PERSON_ABIDI_SIRINE_MEDEB,CO_CENTRALE_LAITIERE_CAP_BON,administrateur,corporate,certain,SP_4dae266ba31a6b8af2f8
PERSON_MEDEB_AHMED,CO_CENTRALE_LAITIERE_CAP_BON,administrateur,corporate,certain,SP_252df83f26f56ac915d2
PERSON_ZOUARI_KAIS,CO_SOCMAC,gerant,corporate,certain,SP_1bc53fa96d7871f8afc2
PERSON_BENYAHMED_TAREK,CO_UTIKAGRO,gerant,corporate,certain,SP_a40e390778fb3e0b2111
PERSON_KHEMAKHEM_MONCEF,CO_FIT_CUP,gerant,corporate,certain,SP_cccd841d7aff0058cc9a
PERSON_HAMAMI_HABIBA,CO_SOTETEL,dg,corporate,certain,SP_a65d9247c1b2dcc64b9a
PERSON_ELFOURATI_MUSTAPHA,CO_MARBRERIE_DESIGN_OBJETS,dga,corporate,certain,SP_f3a618520964d8c8aec4
PERSON_BAYAHI_KHALED,CO_GERVASONI,unspecified,corporate,probable,SP_8dd34eca14f5a825bd45
PERSON_KASAB_MOURAD,CO_RESEAU_FERROVIAIRE_RAPIDE_TUNIS,pdg,corporate,certain,SP_1c8604e0ba3dc9b6a4f1
PERSON_PELOSO_CARLO,CO_GHANNOUCH_MAINTENANCE,cogerant,corporate,certain,SP_4999a36839c4482a8a47
PERSON_GIANATI_STEFANO,CO_GHANNOUCH_MAINTENANCE,cogerant,corporate,certain,SP_1bd6decca4075f387024
PERSON_TRABELSI_MOHAMED,CO_MAISON_BLANCHE,gerant,corporate,certain,SP_d701f6fba977968fadd3
PERSON_HAMAMI_WALID_BENALAZHAR,CO_GENERAL_VAP_SERVICE,gerant,corporate,certain,SP_d6d06b0af641bff9765c
PERSON_MABROUK_MOHAMED_ALI,CO_ISABEY,gerant,corporate,certain,SP_db54fdae4e5963e16473
PERSON_KILANI_ISMAIL,CO_AL_KILANI_INDUSTRIES_ALIMENTAIRES,gerant,corporate,certain,SP_983621c533e709d5e175
PERSON_FRIKHA_MOHAMED,CO_SIMOPLAST,commissaire_aux_comptes,corporate,certain,SP_3bb015f2e4a810ba07e4
PERSON_ZAYANE_SAMI,ORGMENTION_Application des dispositions de l'article 142 du Code des so,gerant,corporate,certain,SP_aec46007317ce9a8c76e
PERSON_TRIKI_MOHAMED_ALI,CO_MAT,gerant,corporate,certain,SP_e85ebd11f56efcab8b26
PERSON_HAMROUNI_MOHAMED,CO_ARCHE,gerant,corporate,certain,SP_f63927e83d847fd9b0c4
PERSON_TRIKI_SANA,CO_TRIKY_LEATHER,gerant,corporate,certain,SP_079ca43597c4c2eaa20d
PERSON_BELKHODJA_ZAKARIA,CO_CORPORATE_TRAVEL_AND_EVENTS,dg,corporate,certain,SP_624e5f34d647894f99f3
PERSON_MABROUK_MOHAMED_NEJIB,CO_ARALCO,pdg,corporate,certain,SP_1a624857e7bb13f8249e
PERSON_ZILI_MOHAMED_CHAWKI,CO_3P,commissaire_aux_comptes,corporate,certain,SP_f6aed862bdad1c22a012
PERSON_DIMASI_SOFIENE,CO_AMERICAN_TASTE,gerant,corporate,certain,SP_06bc03ef3a5b93a32aaf
PERSON_CHEFAI_JIHED,CO_AMERICAN_TASTE,gerant,corporate,certain,SP_4ae0c1d78ff60420f8d6
PERSON_KAMOUN_SOUAD_BAKLOUTI,CO_TUNOFF_IT_SERVICES,gerant,corporate,certain,SP_f1a651ed375246e27487
PERSON_CHEBI_CHIRAZ,CO_MAGHREB_GLASS_MANUFACTURING,gerant,corporate,certain,SP_6a79f0ee82e99296bd5c
PERSON_SLAMA_CHIRAZ,CO_SLAMA_IMPORT_EXPORT,gerant,corporate,certain,SP_ea7dd4a72533a0222ae5
PERSON_KAMOUN_MALIK,CO_GNU_SOLUTIONS,gerant,corporate,certain,SP_9129786baae0354aa0bd
PERSON_TRIKI_ZAHER,CO_TRIKI_REFREGERATION_STR,gerant,corporate,certain,SP_fa1341807e769e74ad4c
PERSON_SADOUD_SOFIEN,CO_ALFA,gerant,corporate,certain,SP_df47e1f913f7e0196e38
PERSON_HAMAMI_ABDELWAHED,CO_HAMMAMI_PIECES_AUTO,gerant,corporate,certain,SP_e9d0402ef9f78ed0f20d
PERSON_MZABI_MOHAMED,CO_COMPTOIR_TUNISIEN_PRODUITS_DECONOMIE_DENERGIE,gerant,corporate,certain,SP_cef750395fe817618bfc
PERSON_ELOUMI_MOKLE,CO_KMAR_BATIMENT,gerant,corporate,certain,SP_997180573c8238a00a52
PERSON_BAYARD_FRANCOIS_ROCHE,CO_BISCUITERIE_MEDITERRANEENNE,pdg,corporate,certain,SP_160e1f2659a46865654f
PERSON_LASAAD_KAAROUD,CO_SODIT_SICAR,pdg,corporate,certain,SP_d102054ebba7a42fd17a
PERSON_BENAMOR_BECHIR,CO_GENERALE_SECURITE_PROTECTION_ELECTRONIQUE_GENERALE_PROTECTIO,gerant,corporate,certain,SP_5024c0329c14ad7d7944
PERSON_TRIKI_MOHAMED_GUESMI,CO_TELEACTIVE,gerant,corporate,certain,SP_6b7f98daa7d634819997
PERSON_BOUKARI_MABROUK,ORG_GROUPEMENT_INTERETS_ECONOMIQUES_RAGMA,gerant,corporate,certain,SP_c47ad36eaafbfdd68f95
PERSON_ESASI_NABIL,ORGMENTION_Société CARAVEL,administrateur,corporate,probable,SP_96dc370d76d41a41c86e
PERSON_MARZOUKI_MOUFIDA,CO_DAVID_ART_AMEUBLEMENT_DAVID,gerant,corporate,certain,SP_45eb6318398e4b21c20b
PERSON_ZENATI_MOHAMED,CO_ZETEX,gerant,corporate,certain,SP_f39222a5ea0f7488761c
PERSON_NAFTI_AMEL,CO_GLOBAL_SERVICES,gerant,corporate,certain,SP_b46103aea28792aa33b5
PERSON_ESASI_NABIL,CO_UNION_FINANCIERE,administrateur,corporate,probable,SP_040e63be43abf8cd58ca
PERSON_ESASI_NABIL,CO_UNION_FINANCIERE,president_ca,corporate,certain,SP_d6b523758c008b129f1b
PERSON_JEMAA_YNEN,CO_UNION_FINANCIERE,unspecified,corporate,certain,SP_32cf314b984610b45341
PERSON_TROUDI_MOHAMED,CO_AFRICAINE_SERVICES_BATIMENT,gerant,corporate,certain,SP_b3161efe7e439e2c361f
PERSON_ZOUARI_AHMED,CO_WORLD_OF_CHOCOLATE,gerant,corporate,certain,SP_2071f4db207f76a492bd
PERSON_MORFIN_ALAIN,CO_ARAB_INTERNATIONAL_LEASE,administrateur,corporate,certain,SP_dcaa87de09d7cc5f644f
PERSON_HAMAMI_RAMZI,CO_INSTITUT_SAVARY_FORMATION,gerant,corporate,certain,SP_6578ce11a16ee4467463
PERSON_BOUGHANIA_OUSAMA,CO_ITALIAN_FOOD,gerant,corporate,certain,SP_2ee02459320e3ff0a5cb
PERSON_BENSALAH_MOHAMED,CO_MBS,gerant,corporate,certain,SP_fd8985b706e4196ca285
PERSON_BOUCHAMAOUI_THOURAYA,CO_AMIRA_TRADING_COMPANY_ATRACO,gerant,corporate,certain,SP_9868ebca01929fbb5044
PERSON_KILANI_ABDELFATEH,CO_ELYSSIMMO_MARKETING,gerant,corporate,certain,SP_a4ce7f7f4f6700fb44c9
PERSON_ELOUMI_HAROUN,CO_CAPTURE,gerant,corporate,certain,SP_d079878c317d5eea93fb
PERSON_TRIKI_MONCEF,CO_TECHNIQUE_PAPIER_EN_CONTINU,gerant,corporate,certain,SP_2170ea0e638bad29531b
PERSON_SLAMA_DHAOU,CO_PLANETTE_PHONE,gerant,corporate,certain,SP_024cf8ff2d0aa5eb0bf6
PERSON_JAMOUSI_MOURAD,CO_NORTH_AFRICA_INTERNATIONAL_BANK,administrateur,corporate,certain,SP_400d137a5af0c5bf5752
PERSON_LATRECH_NEJIB_ABELHAMID,CO_NORTH_AFRICA_INTERNATIONAL_BANK,administrateur,corporate,certain,SP_79c7a919dc57e71258e6
PERSON_SELAMI_KAMEL,CO_TUNISIAN_DISPENSER_MACHINES,gerant,corporate,certain,SP_cf2e581ead786705af6d
PERSON_ATIG_SAID,CO_DEVELOPPEMENT_PLASTIQUE_SODEPLAST,unspecified,corporate,probable,SP_e954ef987030274dcb91
PERSON_CHAAR_KADHEM,CO_CALYPSO_ITALIAN_AGENCY,cogerant,corporate,certain,SP_1be91f1ce9afe5c256e5
PERSON_BENABDALAH_RAMZI,CO_RAMIS_DATTES_FRUITS,gerant,corporate,certain,SP_c257045b9761ea556996
PERSON_HAMAMI_ADNEN,CO_G_PHONE,gerant,corporate,certain,SP_97ce627e358fb62eafe0
PERSON_NASRAOUI_SLIM,CO_AURASOL,gerant,corporate,certain,SP_8ada6cf3b716100006ca
PERSON_GHARBI_NEJIA,CO_ANONYME_TUNISIENNE_DHUILE_DOLIVE_PURE,president_ca,corporate,certain,SP_0113386e1c70e6f671f1
PERSON_MABROUK_AHMED,CO_TRANSWORLD_TOURISM_AND_TRANSPORT_AGENCY,gerant,corporate,certain,SP_d4d0a55ebb4fe98388f4
PERSON_LOUKIL_MOEZ,CO_CONSEIL,dg,corporate,certain,SP_a2266311d1d1b6f727ba
PERSON_SLAMA_WISAL,CO_METM_GLOBAL_SOURCING,gerant,corporate,certain,SP_5b1e153cd60464f36e4e
PERSON_KHOUAJA_MAHDI,CO_MIXAL,unspecified,corporate,probable,SP_f6ba9ede56576d63da0d
PERSON_BOUIN_OLIVIER,CO_MIXAL,unspecified,corporate,probable,SP_9ab7f385e6eed9a3593e
PERSON_HACHICHA_SOUHAIL,CO_MIXAL,representant,corporate,certain,SP_649a5b056eb95f39c221
PERSON_HACHICHA_SAMI,CO_MIXAL,representant,corporate,certain,SP_e1a15c2d63a3741ec354
PERSON_TRABELSI_LASAAD,CO_NOVA_TEX,gerant,corporate,certain,SP_3071f7a20830e4353c07
PERSON_DHAOUI_ALI,CO_FRIGORIFIQUE_INDUSTRIELLE_SUD,gerant,corporate,probable,SP_fc85eebedd246d477e47
PERSON_MARGHLI_RIADH,CO_DISTRIBUTION_MARBRE_SODIMA,cogerant,corporate,certain,SP_4e69ed800f38a371ba50
PERSON_MABROUK_MOHAMED,CO_LAPINIERE_PROGRES,gerant,corporate,certain,SP_5aee08720c8be0697064
PERSON_KAMOUN_YASER,CO_KAMMOUN_TRADING_COMPANY,gerant,corporate,certain,SP_ac0e81ce3824aae0ca4c
PERSON_MAKHLOUFI_ABDELAZIZ,CO_ULYSSE_AGRO_INDUSTRIES,pdg,corporate,certain,SP_c83044f525629bc0e6d1
PERSON_MAKHLOUFI_ABDELAZIZ,ORGMENTION_ULYSSE DEVELOPPEMENT AGRICOLE,pdg,corporate,certain,SP_87338b6feb25eede2d89
PERSON_MAKHLOUFI_ABDELAZIZ,CO_CONDITIONNEMENT_HUILES_SOCOHUILE_COMPANY,gerant,corporate,certain,SP_8cd314c814fe266776c5
PERSON_AMEUR_WALID,CO_SALAKTA_FERTILIZER_COMPANY,gerant,corporate,certain,SP_28bee7c86c0e553d7c33
PERSON_BOURICHA_MOHAMED_MONTASAR,CO_TENES_IMMOBILIERE,gerant,corporate,certain,SP_98ed06ecc9d5eff8251b
PERSON_TRIKI_MARWA,CO_AGRICOLE_MAHARAT_AGROMA,gerant,corporate,certain,SP_ada93ea94c31075ab947
PERSON_BELKAHIA_ALIA_AMAR,CO_POLE_COMPETITIVITE_MONASTIR_FEJJA,administrateur,corporate,certain,SP_fd7c4fdc28b96a270f57
PERSON_BOUSETA_MOHAMED,CO_BOUSSETTA_BATIMENT_SBB,gerant,corporate,certain,SP_9998e30729bfcf8353a4
PERSON_SELAOUI_KAMEL,CO_AVICENNE_PRIVATE_BUSINESS_SCHOOL,pdg,corporate,certain,SP_7b004eec5daa1d0bff15
PERSON_HASAN_ABDELMAJID,CO_PV_DECOR,gerant,corporate,certain,SP_c40e28e57b90cd7c4492
PERSON_NASRI_MANSOUR,CO_MUTUELLE_SAVOIR,administrateur,corporate,certain,SP_5c23d776764561f1df90
PERSON_SAIDI_AHMED,CO_MUTUELLE_SAVOIR,administrateur,corporate,certain,SP_3b7b34996e583ed59a05
PERSON_HAMAMI_MOHAMED_FAOUZI,CO_FAOUZI_HAMMAMI_NOURA_LIMAM,gerant,corporate,certain,SP_1f2308ebf97dd8eb9ea6
PERSON_HAMROUNI_IMED_MEDEB,CO_SMART_COM,gerant,corporate,certain,SP_84156d0621fb037ad3b8
PERSON_DAMORE_ENRICO,CO_ODYSSEE_HOLDING,gerant,corporate,certain,SP_1aa5a0ec78c8c266827d
PERSON_MEKNI_KARIM,CO_ITALIAN_COFFEE,gerant,corporate,certain,SP_69855001239b09ac3cdb
PERSON_HAMROUNI_BASEM,CO_HAMROUNI_SERVICES,gerant,corporate,certain,SP_f4b39f1836103074fa49
PERSON_BENSALEM_KORAICH,CO_CONCEPT_DEVELOPPEMENT,pdg,corporate,certain,SP_0ed2c255dd80dce02cb3
PERSON_TRIKI_NABIL,CO_EL_ONS_COMMERCIALE,gerant,corporate,certain,SP_c60f457316be6e266f8e
PERSON_GUIZA_WAFA_LAMINE,CO_HEALTH_PRODUCTION_PRODUCTS,gerant,corporate,certain,SP_c8fc76c3487c972c60d4
PERSON_HAMAMI_MOHAMED,CO_SERVICES_SOLUTIONS_SECOURS_SANTE_4S,gerant,corporate,certain,SP_c1619e32ebb20d9d3fb5
PERSON_BAYAHI_TAHER,CO_MAGASIN_GENERAL,association_president,corporate,certain,SP_79d373f118c9e54e0895
PERSON_ZRIBI_LAMIA_BOUJENAH,CO_BANQUE_FINANCEMENT_PETITES_MOYENNES_ENTREPRISES,administrateur,corporate,certain,SP_f61144f69cf4b1e7f7e5
PERSON_ZOUITEN_HEDI,CO_DEXPANSION_LITERIE_MATELASSERIE_SELIMAT,pdg,corporate,probable,SP_c6343a6bd6a092d8647f
PERSON_HAMAMI_HABIB,CO_SERVICE_CONSEIL_EN_FILTRATION_SOFILTRA,associe,corporate,probable,SP_7b4b518b0d88d9798bcc
PERSON_CHAABOUNI_ABDERAZEK,CO_HYDCO,gerant,corporate,certain,SP_4017488cf3f0293bcac9
PERSON_GHALEB_NABIL,ORG_TAMKEEN_FOR_DEVELOPMENT,association_president,corporate,certain,SP_1cf5e288192d2f838b52
PERSON_CHEKIR_MOHAMED_ALI,ORG_TAMKEEN_FOR_DEVELOPMENT,secretaire_general,corporate,certain,SP_5e85f21e2067b56b72f4
PERSON_KESRAOUI_NABIL,ORG_TAMKEEN_FOR_DEVELOPMENT,treasurer,corporate,certain,SP_5ff980f105db1c51c736
PERSON_BETAIEB_ALAYA,ORG_TAMKEEN_FOR_DEVELOPMENT,vice_president,corporate,certain,SP_46b5962d532a39f0a905
PERSON_ELOUED_MOHAMED_TAHAR,ORGMENTION_Nom : Association de partenariat,association_president,corporate,certain,SP_63b139c0e8ead590fa80
PERSON_BELAZREG_ALI,ORGMENTION_Nom : Association de partenariat,vice_president,corporate,certain,SP_34349ed8ffa1bddcbb9a
PERSON_BENAMEUR_MOURAD,ORGMENTION_Nom : Association de partenariat,secretaire_general,corporate,certain,SP_37a7b68e61545e400b8e
PERSON_ELOUED_RAOUF,ORGMENTION_Nom : Association de partenariat,secretaire_general_adj,corporate,certain,SP_1af3ec85f190313f9b9f
PERSON_JENZOURI_BELHASEN_CHADHLI,ORGMENTION_Nom : Association de partenariat,treasurer,corporate,certain,SP_1c2e6b62f8d0353fb93e
PERSON_ZGOLAI_MAHER,ORGMENTION_Nom : Association de partenariat,treasurer,corporate,certain,SP_92088ca1794c9b0a4431
PERSON_GRAA_MOHAMED,ORGMENTION_Nom : Association de partenariat,member,corporate,certain,SP_eb1d97d0c44c9cc73a52
PERSON_HAMAMI_HATEM,CO_SPORTS_CORPS,gerant,corporate,certain,SP_8cbb1e17465bcf0cbe5a
PERSON_TRIKI_MOUNA,CO_CENTRE_SONIA_DESTHETIQUE,gerant,corporate,certain,SP_a62c521e160612a1c0fc
PERSON_KAMOUN_TAREK,CO_MED_ASSISTANCE,gerant,corporate,certain,SP_104df5e630c5e7fdfb1c
PERSON_ZOUARI_ABDERAHIM,CO_MEDAZUR_TRADING,cogerant,corporate,certain,SP_f950c4887c8df380728c
PERSON_ABDELKEFI_AHMED,CO_COMAR,administrateur,corporate,certain,SP_71bfcceae084f366324e
PERSON_SELAMI_HASEN,CO_AGENCE_CONTROLE_TECHNIQUE_INTERNATIONALE,pdg,corporate,certain,SP_58a63eb36e1eaace6cc4
PERSON_KOUIDER_HABIB_BELHAJ,CO_ASSURANCES_MULTIRISQUES_ITTIHAD,representant,corporate,certain,SP_4ef84ca4822f8a315e9b
PERSON_DJILANI_NEDIA_MEDEB,CO_HAUSSMANN_PRO_IMMOBILIERE,cogerant,corporate,certain,SP_36eb43ca448d61051cec
PERSON_AREM_MAHMOUD,CO_FEERIE_PRO,gerant,corporate,certain,SP_b65c165335980f48948f
PERSON_BENTURKIA_SLAH,CO_UNITE_FABRICATION_MEDICAMENTS,administrateur,corporate,certain,SP_c81b2a5e7f7e0f7e5c8a
PERSON_JAAFOURA_INES,CO_UNITE_FABRICATION_MEDICAMENTS,administrateur,corporate,certain,SP_56eafd3c06eb33c66157
PERSON_ZOUARI_KAIS,CO_VENUS,gerant,corporate,certain,SP_dfe96b71ac87d52bf937
PERSON_KAMOUN_HABIB,CO_MEHARI_BEACH,president_ca,corporate,certain,SP_1daf56180e99220be60b
PERSON_KAMOUN_AHMED,CO_MEHARI_BEACH,dg,corporate,certain,SP_d59fc26273af9393df0d
PERSON_YAICH_FAKHER,ORGMENTION_ASWAK-E-RETAIL S.A.R.L,gerant,corporate,certain,SP_8b8fcc6d5e2b5744825d
PERSON_KAMOUN_AZEDINE,CO_DJERBA_NORMANDIE_GESTION_HOTELIERE,gerant,corporate,certain,SP_19be4e3ecef7013ea7d9
PERSON_GARGOURI_FAYCEL,CO_TELNET_TECHNOLOGIES,administrateur,corporate,certain,SP_c414ee3cf7227eb33f75
PERSON_GARGOURI_FAYCEL,CO_HAMMAMI_POUR_COMMERCE_MEUBLES_USAGES,administrateur,corporate,certain,SP_ababb069afa481c57f8e
PERSON_MESAOUD_OUSAMA,CO_DATAVORA,president_ca,corporate,certain,SP_f85b205d55678d296c07
PERSON_ZAHER_MOHAMED_HEDI,CO_DATAVORA,dg,corporate,certain,SP_2e216359b9d416f63cf9
PERSON_SLAMA_HASANE,CO_AMIS_GOLF_NAPOLI,gerant,corporate,certain,SP_e1186f9d2d8692242689
PERSON_MABROUK_CHAKER_BENABDALAH,CO_AMENI_COMMERCE,gerant,corporate,certain,SP_b2e58cafdb62f97eadd7
PERSON_SAHLI_MOHAMED_ABOUEL_AID_MILED,CO_LIBYAN_AFRICAN_AGRICULTURAL_HOLDING_CO,representant,corporate,certain,SP_4d50c440bf136b424563
PERSON_ELEUCH_SLIMA_BOURICHA,CO_MOHAB,administrateur,corporate,certain,SP_d6ebd64b6e7c524b64c8
PERSON_SELAMI_MOHAMED,CO_TUNISIENNE_DELECTRO_PORTATIF,administrateur,corporate,probable,SP_d8610144ecebf5f85125
PERSON_SELAMI_SONIA_BENOTHMAN,CO_TUNISIENNE_DELECTRO_PORTATIF,administrateur,corporate,probable,SP_f2ad8627184ebafafa29
PERSON_SELAMI_MOHAMED,CO_TUNISIENNE_DELECTRO_PORTATIF,pdg,corporate,probable,SP_0adbb0d7791ac687cea4
PERSON_SASI_ASMA,CO_SERVICAR_VOYAGE_LOISIRS,gerant,corporate,certain,SP_3d6808851966cd14ce9f
PERSON_HAMROUNI_BASEM,CO_HAMROUNI,gerant,corporate,certain,SP_61c9c4c8b1e809a1142d
PERSON_HZAMI_FAOUZI,CO_IDEAL_CARRIERES_SICAR,gerant,corporate,certain,SP_f24c98fac2f98554cd00
PERSON_TRIKI_NABIL,CO_MOULIN_INVEST,gerant,corporate,certain,SP_c27fad4efbaa8765cd4a
PERSON_BELKHIRIA_KAMEL,CO_TRANSFOOD,administrateur,corporate,certain,SP_ed22d3fcba3282b6de34
PERSON_REKIK_MOHAMED_RIADH,CO_TRANSFOOD,dg,corporate,certain,SP_06adc70caa7273397907
PERSON_BELKHIRIA_KAMEL,CO_PATES_WARDA,administrateur,corporate,certain,SP_0fc0673c5b60ade2f95c
PERSON_ARBI_NADER,CO_PATES_WARDA,dg,corporate,certain,SP_3a90bf10402824033589
PERSON_BELKHIRIA_KAMEL,CO_MEDIGRAIN,administrateur,corporate,certain,SP_bc9bca8afddc0af3c10f
PERSON_REKIK_MOHAMED,CO_MEDIGRAIN,dg,corporate,certain,SP_61e348eed939b5336383
PERSON_KILANI_MOHAMED,CO_CAMAR_LOGISTIC,administrateur,corporate,certain,SP_7621a780b7f47baf5990
PERSON_KILANI_MOHAMED,CO_CAMAR_LOGISTIC,pdg,corporate,certain,SP_2ed35ac480003696e671
PERSON_KOOLI_MOHAMED,CO_PAPIERS_COLLECTIVITES,president_ca,corporate,certain,SP_9beb448552300e719172
PERSON_KOOLI_MOHAMED_SAMI,CO_PAPIERS_COLLECTIVITES,dg,corporate,certain,SP_e350a199532c2ddd5a30
PERSON_TRIKI_ALI,CO_QUINCAILLERIE_ULYSSE,gerant,corporate,certain,SP_18fb8ca200e866e84af0
PERSON_NAMLI_MOHAMED,CO_INTERNATIONAL_TRADING_HOLDING,gerant,corporate,certain,SP_3983dd42ecf92524611c
PERSON_CHAABANE_MOHAMED_BENMUSTAPHA,CO_CONSEIL,pdg,corporate,certain,SP_2ae00a0b687c94bdf19a
PERSON_CHAABANE_LASAAD_BENMUSTAPHA,CO_CONSEIL,administrateur,corporate,certain,SP_8e7e7e420121717533ea
PERSON_GRAIET_MOHAMED,CO_GLOBAL_DISTRIBUTION,gerant,corporate,certain,SP_ab95acbf18ecca842a2a
PERSON_TAJOURI_JALEL,CO_TAJOURI_PLAST,gerant,corporate,certain,SP_0249a9d19073334d7557
PERSON_CHAIEB_ZOUBEIR,CO_ADVANCED_E_TECHNOLOGIES_AETECH,pdg,corporate,probable,SP_6fac3fc24e91f9d44771
PERSON_MHIRI_RIADH,CO_AL_KHOUTAF_ONDULE,unspecified,corporate,certain,SP_f76168584a8874b79aec
PERSON_OMRANE_ABDELHAMID,CO_ALIMENTS_COMPOSES_NORD,dg,corporate,certain,SP_561c0c15e08998fd05ea
PERSON_ZGHIDI_ADNENE,CO_BATIMENT,commissaire_aux_comptes,corporate,certain,SP_7226de9cb2c26bf73e92
PERSON_ZGHIDI_ADNENE,CO_HISTORY_FITNESS,commissaire_aux_comptes,corporate,certain,SP_f56da2a4b71d704351d3
PERSON_CHEKIR_MOHAMED_ALI,CO_CONSEILS_ETUDES_STRATEGIQUES,gerant,corporate,certain,SP_a30aaeb677c5ca7a6aac
PERSON_ZOUARI_MARWEN,CO_ZOUARI_FRERES,gerant,corporate,certain,SP_15464624237b004a959a
PERSON_GUIDARA_MABROUK,CO_AL_AMEN,gerant,corporate,certain,SP_87a9cc69790f3033f178
PERSON_BRADAI_NAJET_SELAMI,CO_REFENDAGE_TOLE_SORETOL,unspecified,corporate,probable,SP_a6c342258ab85e1e283e
PERSON_ZGOULI_ABDELKADER,CO_PLASTI_SERVICES,gerant,corporate,certain,SP_c61ec88d68d1ce736c45
PERSON_SLAMA_ABDELKEDER,CO_PLASTI_SERVICES,cogerant,corporate,certain,SP_896b53d1142408c27324
PERSON_MABROUK_HATEM,CO_BOT_TUNISIA,cogerant,corporate,certain,SP_e37845a9001fde1d4425
PERSON_CHAABANE_BECHIR,CO_CHAUSSURES_JAWDA,liquidateur,corporate,certain,SP_7c1f5735b99096bf9f31
PERSON_FARHAT_LILIA_BELKHODJA,CO_COMMERCE_PRODUITS_CHIMIQUES_INTERMEDIAIRES,dg,corporate,probable,SP_91747cde8670332030b6
PERSON_BENYEDER_RACHID,ORGMENTION_Z.I. Aéroport - 2035 Tunis Carthage,administrateur,corporate,certain,SP_bb63d6caeb7a5ff46681
PERSON_BENYEDER_HAKIM,ORGMENTION_Z.I. Aéroport - 2035 Tunis Carthage,administrateur,corporate,certain,SP_10fa908caf6dcedbbd7f
PERSON_BENYEDER_WASIM,ORGMENTION_Z.I. Aéroport - 2035 Tunis Carthage,administrateur,corporate,certain,SP_80967f385b20edb2633f
PERSON_KACHOURI_MAHJOUB,ORGMENTION_Z.I. Aéroport - 2035 Tunis Carthage,administrateur,corporate,certain,SP_2416ec926721c080bd95
PERSON_TRIKI_ARAFET,CO_ELITE_NEGOCE,gerant,corporate,certain,SP_3ffced1d55a046fd8f32
PERSON_SLAMA_GHASEN,CO_IZMIR_LOGISTIQUE_DISTRIBUTION,administrateur,corporate,certain,SP_9755a9588814047d540e
PERSON_SLAMA_CHIHEBEDINE,CO_IZMIR_LOGISTIQUE_DISTRIBUTION,administrateur,corporate,certain,SP_a902daf2441234c08806
PERSON_LAAJIMI_RAMLA_SLAMA,CO_IZMIR_LOGISTIQUE_DISTRIBUTION,administrateur,corporate,certain,SP_5a366b2c3221f9a81d6e
PERSON_SLAMA_BRAHIM,CO_IZMIR_LOGISTIQUE_DISTRIBUTION,administrateur,corporate,certain,SP_57348b1d3617890bc3b3
PERSON_SLAMA_GHASEN,CO_IZMIR_LOGISTIQUE_DISTRIBUTION,association_president,corporate,certain,SP_634ec3a91d45ac94b01a
PERSON_MEDEB_MOHAMED,CO_RECOUVREMENT,gerant,corporate,certain,SP_69fb664d2c91307bc44e
PERSON_ZOUARI_WALID,CO_NEXT_IT,gerant,corporate,certain,SP_a2cb841cee528169f89b
PERSON_HAMAMI_HEDIA,CO_COTE_DAZUR,gerant,corporate,certain,SP_4019cdb0879b33eb22be
PERSON_PONTET_EDOUARD,CO_SWICORP_INTAJ,dga,corporate,probable,SP_fa65fdef3cbe235b53b8
PERSON_GUILEBON_NORBERT_DE,ORG_ASSOCIATION_TUNISIENNE_MEDAILLES_LEGION_DHONNEUR_LORDRE_MERI,association_president,corporate,certain,SP_450b61d1fdcced66da5b
PERSON_JEDIDI_AMEL,ORG_ASSOCIATION_TUNISIENNE_MEDAILLES_LEGION_DHONNEUR_LORDRE_MERI,vice_president,corporate,certain,SP_3b1b31052653ee75aa89
PERSON_TREBUCIEN_MARTINE_GAMBARD,ORG_ASSOCIATION_TUNISIENNE_MEDAILLES_LEGION_DHONNEUR_LORDRE_MERI,secretaire_general,corporate,certain,SP_010b0dafe573b5d672c9
PERSON_JAFAR_KARIM_BENALI,CO_CASA_DEL_TRADUTTORE_ITALIANO,gerant,corporate,certain,SP_80b52ae10389909ba90b
PERSON_MOKHTAR_FETHI,CO_FONDINOR,unspecified,corporate,certain,SP_bf47d69f996f42e23d9b
PERSON_MOKHTAR_SADRI,CO_FONDINOR,unspecified,corporate,certain,SP_3dc7ca2889d497c5f6cb
PERSON_MOKHTAR_SADRI,CO_FONDINOR,president_ca,corporate,certain,SP_ee1638d71c0ae3a62f19
PERSON_MOKHTAR_FETHI,CO_FONDINOR,administrateur_delegue,corporate,certain,SP_330907fefbf7ca2fcb93
PERSON_GARBOUJ_HATEM,CO_FONDINOR,dg,corporate,certain,SP_3d477c15e6c68aa49616
PERSON_BEJAOUI_SEIFEDINE,CO_PLASTICUM_TUNISIE,administrateur,corporate,certain,SP_e87d62690dc834c4b1db
PERSON_AYED_HICHEM,ORGMENTION_Société LAND'OR,administrateur,corporate,probable,SP_03b34fecb79cee298602
PERSON_CHOURIA_RIDHA,ORGMENTION_Société LAND'OR,administrateur,corporate,probable,SP_0cf3c1a2f128d70ff8ca
PERSON_ELOUMI_WISEM,CO_CCI_SERVICES,gerant,corporate,certain,SP_121f15508cf896ca6bbe
PERSON_HAMAMI_MOHAMED,CO_LINEA_FOOD,gerant,corporate,certain,SP_169d40a949817c678e14
PERSON_SLIKE_JEAN_JACQUES_VAN_DER,CO_TELNET_HOLDING,administrateur,corporate,certain,SP_79b90e3c5c9c7a6c782d
PERSON_GRAR_MOHAMED_ADEL,CO_TELNET_HOLDING,administrateur,corporate,certain,SP_e5308ce560f00c237df6
PERSON_MAALOUL_JAMEL,CO_TUNISIAN_ADDITIVE_FOOD_COMPANY,administrateur,corporate,certain,SP_3a1737e2f6fe1e624f63
PERSON_KALEL_EMNA,CO_PROMOTION_TOURISTIQUE_MOHAMED_V,administrateur,corporate,certain,SP_0276e75794b10180db73
PERSON_BELKAHIA_ALIA_AMAR,CO_PROMOTION_TOURISTIQUE_MOHAMED_V,dg,corporate,certain,SP_01ce47e98f562c1bb03a
PERSON_HAMROUNI_NEJAH,CO_HST_COM,gerant,corporate,certain,SP_c7e5cb4a72ba40913864
PERSON_TURKI_MOHAMED,CO_MOEZ_BOURAOUI_TURKI,commissaire_aux_comptes,corporate,certain,SP_53e0ada3120ad902e90d
PERSON_TURKI_MOEZ,CO_MOEZ_BOURAOUI_TURKI,pdg,corporate,certain,SP_44d615347ea51e7cc11d
PERSON_ZOUARI_MOURAD,CO_EXELLANCE_COMMERCE_SEC,gerant,corporate,certain,SP_8ec0922f494732b5a1ef
PERSON_KOOLI_MOHAMED,CO_TUNISIE_OUATE,unspecified,corporate,certain,SP_df14f27314c6a441b772
PERSON_KOOLI_AZIZ_GHASEN,CO_TUNISIE_OUATE,unspecified,corporate,certain,SP_41a64020bc6464748c1a
PERSON_KOOLI_MOEZ,CO_INTERNATIONALE_PRODUCTION_PAPIER,unspecified,corporate,certain,SP_8df55bcf97cbf115d468
PERSON_KOOLI_MOHAMED_SAMI,CO_FERZ,unspecified,corporate,certain,SP_f9e62b2c2bf3dfd57dbd
PERSON_HOBY_GERARD_MARTIN,CO_MEDITERRANEAN_GATE_DEVELOPMENT_COMPANY,administrateur,corporate,certain,SP_0ed31c4c0c4d9aa37d03
PERSON_HAMAMI_ABDELATIF,CO_YASMINE_COMMERCE_GROS,gerant,corporate,probable,SP_e904583072861cc34df6
PERSON_ZGHIDI_ADNENE,CO_METAL,commissaire_aux_comptes,corporate,certain,SP_2b5b81b048ec0518dc37
PERSON_BOUJNAH_ASMA,CO_SCHILLER_GERMANY,gerant,corporate,certain,SP_edf6c160c1df5350d638
PERSON_VASANIPOUR_ALI_SEIFILA,CO_SCHILLER_GERMANY,cogerant,corporate,certain,SP_98fe6931a3db64f36631
PERSON_MZABI_MONCEF,CO_AUTOMOBILE_RESEAU_TUNISIEN_GROS_ARTEGROS,president_ca,corporate,certain,SP_40b6079aeb95eafaf0cc
PERSON_AYED_ADEL,CO_AUTOMOBILE_RESEAU_TUNISIEN_GROS_ARTEGROS,dg,corporate,certain,SP_2fe146b12faa6b3ee197
PERSON_ARBI_HASEN_BENCHEIK,CO_SERVICOM,administrateur,corporate,certain,SP_8cb0ebc55a43889f713b
PERSON_ZGOULI_ABDELKADER,CO_KARAMA_HOLDING,administrateur,corporate,probable,SP_e4a7c46b4b7a7aaeac96
PERSON_CHAABANE_MAHER,CO_COMPTOIR_GENERAL_QUINCAILLERIE,associe,corporate,certain,SP_d7a87135a1788295413e
PERSON_BOUKHRIS_SONIA,CO_SICAF_BIAT,pdg,corporate,certain,SP_8a9140942fce79aa16d9
PERSON_FRADI_IMEN,ORGMENTION_Société TRANSPORT URBAIN ET SUBURBAIN TUS,administrateur,corporate,probable,SP_8059673aad52796abb68
PERSON_FRADI_INES,ORGMENTION_Société TRANSPORT URBAIN ET SUBURBAIN TUS,administrateur,corporate,probable,SP_a0b8eabd3e0af1f44e56
PERSON_FRADI_INSAF,ORGMENTION_Société TRANSPORT URBAIN ET SUBURBAIN TUS,administrateur,corporate,probable,SP_c79d27ce86024d35d3db
PERSON_FRADI_MOHAMED_HEDI,ORGMENTION_Société TRANSPORT URBAIN ET SUBURBAIN TUS,administrateur,corporate,probable,SP_62dfa6b765f9bdde963e
PERSON_FRADI_SALAH_AMIN,ORGMENTION_Société TRANSPORT URBAIN ET SUBURBAIN TUS,administrateur,corporate,probable,SP_0048bcd5ddd180b0080d
PERSON_MHIRI_MOURAD,CO_MEUBLATEX_INDUSTRIES,vice_president,corporate,probable,SP_bd53d1c9b2bd9b0b812f
PERSON_BADRELDINE_AHMED,CO_D_ARTICLES_HYGIENIQUES,administrateur,corporate,certain,SP_b674c5c39b65f8fd443d
PERSON_MEZNI_ACHREF,CO_D_ARTICLES_HYGIENIQUES,administrateur,corporate,certain,SP_e7d7329f7f619fa5d80f
PERSON_SAYAH_WASIM,CO_BEAU_JEANS,gerant,corporate,certain,SP_3293f7ea5abb7639c099
PERSON_TRIKI_FIRAS,CO_ANWI,gerant,corporate,certain,SP_da4aa279706c6a99ea92
PERSON_CHAKER_INES,CO_TUNIPELLETS,administrateur,corporate,certain,SP_e91bafaeb7f7739efab3
PERSON_MISAOUI_SOFIEN_SADOK,CO_TUNIPELLETS,administrateur,corporate,certain,SP_c357bf358e5a1e591fc1
PERSON_TOUNSI_HICHEM,CO_TUNIPELLETS,administrateur,corporate,certain,SP_fed105083a0e9745f40c
PERSON_CHAABANE_ISMAIL,CO_JOB_POWER_SERVICES_PLUS,gerant,corporate,certain,SP_e592bef70016fa0c8224
PERSON_TRABELSI_MOHAMED,CO_AZUR,gerant,corporate,certain,SP_baf799f382ade6616b7c
PERSON_HAMAMI_MOHAMED_BENBOULAARASE,CO_ENNOUR_VENTE_PRODUITS_QUINCAILLERIE,gerant,corporate,certain,SP_165c1a8b3e2e16c97e07
PERSON_SIDHOM_MOHAMED,CO_SIDHOM,gerant,corporate,certain,SP_483f48f16525fec40018
PERSON_MAESTRI_GIULIANO,CO_BENMA_COORDINATION,gerant,corporate,certain,SP_38f085de826c26a7a245
PERSON_GHARBI_NAJIA,CO_TUNISIENNE_BANQUE,president_ca,corporate,certain,SP_e8027d44dbf1b2789d65
PERSON_HAMAMI_HABIBA,CO_HABIBA_PRODUITS_ALIMENTAIRES_EN_GROS,gerant,corporate,certain,SP_93d51347c4c2a25c9327
PERSON_TRIKI_MOHAMED_AMIN,CO_SUBURBS_IMMOBILIERE,gerant,corporate,certain,SP_789a79f4749cd727ca14
PERSON_ZOUHEIR_ABDELAZIZ,CO_SENSEA_LAB,association_president,corporate,certain,SP_d9cc5d8e903329bf8d18
PERSON_ZOUHEIR_FAROUK,CO_SENSEA_LAB,dg,corporate,certain,SP_2c099b2bd6f71b1f07f4
PERSON_JOUILI_SALIM,CO_EURANOVA_TUNISIA,gerant,corporate,certain,SP_23be30209214c756143a
PERSON_AMAR_MOHAMED,CO_BOUSSETTA_BUSINESS_CAMPANY,gerant,corporate,certain,SP_209e036d614718862035
PERSON_ZOUARI_KARIM,CO_EXTRA_PUB,gerant,corporate,certain,SP_b940279512faec9eeac3
PERSON_LABIDI_AMEN_ALAH,CO_LABIDI_VIANDES,cogerant,corporate,certain,SP_1e0b2c454b1e0ba7bfd7
PERSON_GNATA_ROBERTO,CO_TRANSFO_2,gerant,corporate,certain,SP_ffcee15e5f3af657afeb
PERSON_MEGDICHE_RAOUF,CO_HUILE_NORD_OUEST,association_president,corporate,certain,SP_a7e80b1e5690ae224d63
PERSON_FEKIH_MOHAMED,CO_SMVA,gerant,corporate,certain,SP_c7580ab06d90497a2366
PERSON_KAMOUN_SLIM,CO_NOUR_PACK_INDUSTRIE,gerant,corporate,certain,SP_70445a630fd0d9956356
PERSON_AYOUB_MONCEF,CO_GRANDE_FABRIQUE_CONFISERIE_ORIENTALE,pdg,corporate,certain,SP_7e391b0de0ea5a358f32
PERSON_MHIRI_NEJI,CO_TISSAGE_MEUBLATEX,president_ca,corporate,probable,SP_fc4b8e9110d48cd36302
PERSON_AMOUS_MOHAMED,ORGMENTION_Société MAS S.A,president_ca,corporate,certain,SP_bc125181c31f0f360694
PERSON_AMOUS_MOHAMED_HEDI,ORGMENTION_Société MAS S.A,dg,corporate,certain,SP_f5ca342b5bbf83e6b724
PERSON_DERBEL_HICHEM,ORGMENTION_Société MAS S.A,dga,corporate,certain,SP_551a530cb82a7dae5e1b
PERSON_BONTAZ_PHILIPE,CO_LEMAN_TUNISIE,pdg,corporate,certain,SP_7afbd4cb94f2cc61211b
PERSON_CHETCUTI_PHILIPE_ANDRE,CO_FRANCO_TUNISIENNE_CONCEPTION_TRAVAUX_PUBLICS,gerant,corporate,certain,SP_f8ad3819f008971ce7a1
PERSON_BAYAHI_TAIEB,CO_COMPAGNIE_FINANCIERE_D_INVESTISSEMENT,unspecified,corporate,probable,SP_f37a8ed1681b565baafd
PERSON_MARSOUR_ABDESALEM,CO_TAWASOL_GROUP_HOLDING,administrateur,corporate,certain,SP_d5b545fe609ea92b3e0c
PERSON_BENTAIEB_HATEM,CO_BEST_BABY_SHOES,gerant,corporate,certain,SP_2ef4c3cf732cba521b7b
PERSON_PIERASA_CARLO,CO_PATES_FRAICHES_ITALIENNES,gerant,corporate,certain,SP_0e1249171951e9de8fa7
PERSON_HAMAMI_FETHI,CO_NOUR_BUILDING,gerant,corporate,certain,SP_1cd7c54487ef5bc5b828
PERSON_MEDEB_RADHI,CO_BANQUE_TUNISO_KOWEITIENNE,administrateur,corporate,certain,SP_205babe66e2b95db96e1
PERSON_GARSUAULT_PHILIPE,CO_BANQUE_TUNISO_KOWEITIENNE,president_ca,corporate,certain,SP_5f04a86256867609368c
PERSON_FREMONT_BERNARD,CO_BANQUE_TUNISO_KOWEITIENNE,dg,corporate,certain,SP_8f6b96eca0f6f6e38d3d
PERSON_SKIK_KARIM,CO_INGENUIM_ODYSSEY_HOLDING,pdg,corporate,certain,SP_9b040f72d568bc10f308
PERSON_HACHICHA_NOUREDINE,CO_GROUPEMENT_SOROUBAT_SOTRAP,association_president,corporate,certain,SP_d49659a6c89e3443613c
PERSON_HFAIEDH_ABDELWAHEB,CO_GROUPEMENT_SOROUBAT_SOTRAP,member,corporate,certain,SP_289b791a8afd8ee31775
PERSON_CHAABANE_KACEM,CO_SMVDA_BOUSLIM_ESSAADA,pdg,corporate,certain,SP_a0e1a7116e2001c5c369
PERSON_BENYOUSEF_ABDELAZIZ,CO_UNIVERSAL_AUTO_DISTRIBUTORS_HOLDING,administrateur,corporate,certain,SP_60078549afa17c7a1aaf
PERSON_ZOUARI_MOHAMED_HABIB,CO_TUNISIENNE_FILTRES_MISFAT,dga,corporate,probable,SP_18a58fdf5674ef0c0056
PERSON_ATAOUI_OUAFA,CO_ITALIA_CAFE,gerant,corporate,certain,SP_c71a2959138b26c4f5e2
PERSON_HAMAMI_SADOK,CO_SAKA_INTERNATIONAL_TRADING,gerant,corporate,certain,SP_64005d4e298b480090b3
PERSON_DRIRA_MOHAMED,CO_CONCEPTION_FABRICATION_MACHINES_SOCOFAM,gerant,corporate,certain,SP_4dc20ab62eb00603c1b3
PERSON_CHAHBA_MABROUK,CO_INTERNATIONAL_SPARE_PARTS,gerant,corporate,certain,SP_e01444f8c646b236bde3
PERSON_MZABI_LAROUSI,CO_CITRUS,pdg,corporate,certain,SP_dfe628710a06282d3aaf
PERSON_CHABCHOUB_MOHAMED,CO_TUNISIENNE_FOURNITURES_INSTALLATIONS_SANITAIRES,president_ca,corporate,certain,SP_5b6987ffffc7b6edc698
PERSON_CHABCHOUB_MOHAMED,CO_TUNISIENNE_FOURNITURES_INSTALLATIONS_SANITAIRES,dg,corporate,certain,SP_035002505f5aa120a508
PERSON_HORCHANI_SKANDER,CO_BEST_FRUIT_TUNISIA,gerant,corporate,certain,SP_5646223d21d519398ebe
PERSON_LATRACHE_HAYKEL,CO_ITALY_COMMERCE_DISTRIBUTION,gerant,corporate,certain,SP_daec006fd2124ee47c0b
PERSON_ZOUARI_WALID,CO_CLIMAT_MAISON,gerant,corporate,certain,SP_a35dee60644e890ad3d9
PERSON_ESAFI_ABDELWAHEB,ORGMENTION_PROLOGIC TUNISIE,unspecified,corporate,certain,SP_140fd6e833dcdfd84e6f
PERSON_BOUDEN_MAHMOUD,ORGMENTION_PROLOGIC TUNISIE,unspecified,corporate,certain,SP_8363a8c60edaf19a782d
PERSON_BENKHEMIS_MOHAMED_TAOUFIK,ORGMENTION_PROLOGIC TUNISIE,unspecified,corporate,certain,SP_3bcade15d8d96adf745e
PERSON_BENKHEMIS_MOHAMED_TAOUFIK,ORGMENTION_PROLOGIC TUNISIE,pdg,corporate,certain,SP_ee723831e43084296e9b
PERSON_ELGHOUL_AOUATEF,CO_STIFEN_FRUIT,administrateur,corporate,certain,SP_947f32de5c58f2277d9d
PERSON_BENSLIMANE_HATEM,ORGMENTION_Société Atelier du meuble intérieurs,pdg,corporate,certain,SP_87b72ff62ed83393235a
PERSON_ELGHOUL_ANIS,CO_GAMA_SAC,gerant,corporate,certain,SP_cf658d2d3fa5dbcb3e82
PERSON_KARMA_HAGER_ZOUARI,CO_ABASTADO_KARMA_ADVISORY,gerant,corporate,certain,SP_5af83ae234059379bdc0
PERSON_MSEDI_FATMA,CO_MUSES,gerant,corporate,certain,SP_44f446dae61c015461f6
PERSON_GHORBAL_MOHAMED,CO_POLYBETON,dga,corporate,certain,SP_951e8d6ba7b74e20e3fe
PERSON_GHORBEL_MOURAD,CO_POLYBETON,pdg,corporate,certain,SP_b59cd30ca153db74ef34
PERSON_HAMAMI_SOFIEN,CO_MAINTENANCE_AUTOS_SERVICES_SOMAS,gerant,corporate,certain,SP_35c682ee6745d99e2c6c
PERSON_HAMAMI_SOFIEN,CO_MAINTENANCE_AUTOS_SERVICES_SOMAS,cogerant,corporate,probable,SP_7841ce63dfa209f23e04
PERSON_KHECHINE_AMOR,CO_MOHAMED_AMOR_KHECHINE,gerant,corporate,certain,SP_bf6680b9a0418c3c0050
PERSON_BENSALEM_ZAKARIA,CO_KMK,gerant,corporate,probable,SP_c52afceeb193e95e6320
PERSON_MABROUK_WALID,CO_MOSAICOCERAM,gerant,corporate,certain,SP_395025d2bd100c9090bb
PERSON_KILANI_KARIM,CO_SONOTEM,gerant,corporate,certain,SP_8b2345b776f38ee144ee
PERSON_ABDELKARIM_MABROUK,CO_DAR_ALKUNAFA,gerant,corporate,certain,SP_d8b222a6e4b3dc284472
PERSON_BOUSLAMA_MOHAMED_MOURAD,CO_INTERNATIONAL_SICAR,dg,corporate,certain,SP_276766afb8c75a39b9e2
PERSON_BAYAHI_TAIEB,CO_PROCAN,unspecified,corporate,probable,SP_553bf310c84afce0701f
PERSON_BAYAHI_YAHIA,CO_PROCAN,unspecified,corporate,probable,SP_b4e51b26261c9307e0f3
PERSON_BAYAHI_TAHER,CO_PROCAN,unspecified,corporate,probable,SP_de5883e57d536b5edc2c
PERSON_OUARDANI_KHALED,CO_ALFA,administrateur,corporate,certain,SP_088241d1614898854406
PERSON_MALIK_KHALED_ABDULKARIM_HUSAIN_AI,CO_MEDITERRANEAN_GATE_DEVELOPMENT_COMPANY,pdg,corporate,certain,SP_a368896121159f27600f
PERSON_OUARDANI_KHALED,CO_DELTA_FINANCES_SICAF,administrateur,corporate,certain,SP_79ed54418ecf7f125d27
PERSON_CHEMLI_CHIHEB,CO_CHIHEB_PRODUCTION_CPRO,gerant,corporate,certain,SP_2a6cf66a1c80cb7e98d1
PERSON_DKHAR_MABROUK,CO_CENTRE_SCIENTIFIQUE_TECHNIQUE_PATHALOGIES,gerant,corporate,certain,SP_02a7807e0f009b5b2ef7
PERSON_HAMAMI_LEILA,CO_MEETING_CONGRES_SERVICES,gerant,corporate,certain,SP_8f3abb35d1c295f487f9
PERSON_ATIA_SADOK,CO_ITALIAN_BEAUTY,gerant,corporate,certain,SP_4df0d0fc1aeab157b982
PERSON_FEHRI_NOOMANE,CO_21_CENTURY_CONSULTING,gerant,corporate,certain,SP_00f3fb4ec697fed849ad
PERSON_DRIS_MHAMED,CO_COMPTOIR_NATIONAL_PLASTIQUE_DISTRIBUTION,unspecified,corporate,certain,SP_677c3b7e826d51e5dfcb
PERSON_CHLIOUI_NIZAR,CO_SERIPRO_PLUS,gerant,corporate,certain,SP_8a014daaacca545b9402
PERSON_CHEBI_MORCHED,CO_NOZHA_DATTES,gerant,corporate,certain,SP_b840877b2d355bd70f71
PERSON_DOGHRI_HASINE,CO_PERENITY_CAPITAL_HOLDING,administrateur,corporate,certain,SP_54d639f39043f584c8f8
PERSON_DOGHRI_MEHDI,CO_PERENITY_CAPITAL_HOLDING,administrateur,corporate,certain,SP_1dfbd9f6d9a2b698d80f
PERSON_DOGHRI_HASINE,CO_PERENITY_CAPITAL_HOLDING,pdg,corporate,certain,SP_d3526eda7ea1b19b1c44
PERSON_TRIKI_NABIL,CO_ROCHAMBEAU,gerant,corporate,certain,SP_d152d6bc459d2c717c03
PERSON_DRIS_MOEZ,CO_STUNAS_DISTRIBUTION,pdg,corporate,probable,SP_5bb86da9d42f99a3469f
PERSON_DJILANI_HEDI,"ORGMENTION_4, Avenue de Monastir El Menzah VII Ariana",pdg,corporate,probable,SP_725607664c5ea261a2c4
PERSON_DJILANI_MOHAMED_HECHMI,"ORGMENTION_4, Avenue de Monastir El Menzah VII Ariana",dga,corporate,probable,SP_2dd299172d1844880dd9
PERSON_ZOUARI_ATEF,CO_SFAX_LASER,cogerant,corporate,certain,SP_90a4ed3bc89b517bf1f6
PERSON_FDHIL_TAHER,CO_CHIMED,gerant,corporate,certain,SP_153341955fd05e6ab081
PERSON_KILANI_SKANDER,CO_SOMATCO_MATERIAUX_CONSTRUCTION,gerant,corporate,certain,SP_c33073fcfbc2bb1fcdb7
PERSON_ZOUARI_NAIEM,CO_PROFESSIONNEL_CONSTRUCTION_SERVICE,gerant,corporate,certain,SP_c9959a3536ea991dd057
PERSON_HAMAMI_IBTISEM,CO_MIK_CONTACT,gerant,corporate,certain,SP_2f7b0f010517330e3a55
PERSON_SALHI_MOHAMED_LAMINE,CO_STEM,administrateur,corporate,certain,SP_9ebd56d7f9c95ae2b882
PERSON_KAROUI_CHERIF,CO_STEM,administrateur,corporate,certain,SP_c102d9ffc2e77cebde08
PERSON_ZOUARI_AKRAM,CO_IDEAL_TECHNOLOGIE,gerant,corporate,certain,SP_c2cbd4e314ccda04a110
PERSON_ZOUARI_HATEM,CO_DMZ_IMMOBILIERE,gerant,corporate,certain,SP_341e8efa6605fc30efd6
PERSON_CALVO_JORDI,CO_AUTO_CABLES_TUNISIE,president_ca,corporate,certain,SP_11cad449ddb3d027e018
PERSON_KILANI_CHIVA_SAM,CO_MEDICIS,gerant,corporate,certain,SP_186fd86b5658a780273c
PERSON_BELKAHIA_ALIA_AMAR,CO_TOURISTIQUE,dg,corporate,certain,SP_311ca4b9ff4a6536feaa
PERSON_ALDAHHAN_MOHAMED_AMAR,CO_AMERICAN_TUNISIAN_CONSULTING_SERVICES_GROUP,gerant,corporate,certain,SP_0acef7a7592124b4b063
PERSON_AMAR_MOHAMED,CO_GOLF_DALLUMINIUM,gerant,corporate,certain,SP_517e903749f666b7cd3f
PERSON_MTIR_TAHER,CO_TUNISIA_HOLDING,gerant,corporate,certain,SP_660422f7b0e00c6c635d
PERSON_SAIDANE_EZEDINE,CO_TUNISIENNE_DASSURANCE_LLOYD_TUNISIEN,administrateur,corporate,certain,SP_7c8d86cf6e88d23b7d45
PERSON_HAMDI_SADOK,CO_HAMDI_FRERES_TRANSPORT_SERVICES,pdg,corporate,certain,SP_a44316a59e0530ed9967
PERSON_ABDESALEM_MOURAD,CO_TUNISAIR,administrateur,corporate,certain,SP_482c0265c179b240ae53
PERSON_NAFTI_AMEL,CO_GLOBAL_SERVICES_BATIMENTS,gerant,corporate,certain,SP_bd674a0417b3c8b69b11
PERSON_ABDENADHER_NAJLA,CO_SELLAMI_CONSTRUCTION_METALLIQUE_SECOME,gerant,corporate,certain,SP_71bffa2fb7a16a503273
PERSON_DRIS_AICHA,CO_GROUPE_MEDICAL_OLIVIERS,administrateur,corporate,certain,SP_c247b3c17c8a44ace883
PERSON_OUARDANI_KHALED,CO_DELTA_PROJETS_SICAR,administrateur,corporate,certain,SP_cc745008ab8bbc690f67
PERSON_ABDENADHER_FATMA,CO_BUSINESS_INTELLIGENCE_SOLUTION,gerant,corporate,certain,SP_9fb0fb6da7788443f5fb
PERSON_SELAMI_SLIM,CO_AFEK_BATIMENTS,gerant,corporate,certain,SP_8c3d20c727654fdc9169
PERSON_BENYAHMED_DALILA,CO_TUNISIENNE_MINOTERIE_SEMOULERIE_SOTUMIS_PALMIER,administrateur,corporate,probable,SP_9c2a7bcad49eb197ac8d
PERSON_BENYAHMED_WALID,CO_TUNISIENNE_MINOTERIE_SEMOULERIE_SOTUMIS_PALMIER,administrateur,corporate,probable,SP_8a0ae429e48733140274
PERSON_BENYAHMED_MALEK,CO_TUNISIENNE_MINOTERIE_SEMOULERIE_SOTUMIS_PALMIER,administrateur,corporate,certain,SP_abe9ab8315df5800aadb
PERSON_MBAREK_MOHAMED_AZIZ,CO_SANCELLA,president_ca,corporate,certain,SP_b144c0759dae82bd67c2
PERSON_MZABI_TOUHAMI,CO_PET_HOUSE_KANTAOUI,gerant,corporate,certain,SP_116430c84e6623515bab
PERSON_DOGHRI_MOURAD,CO_TUNISIENNE_FERTILISATION_DIRRIGATION_TUNIFERT,administrateur,corporate,certain,SP_1f75584712fbec590bf2
PERSON_DOGHRI_NEJIB,CO_TUNISIENNE_FERTILISATION_DIRRIGATION_TUNIFERT,pdg,corporate,certain,SP_a0034127ba8a4cde4528
PERSON_NASR_MOHAMED,CO_TOUAREG,gerant,corporate,certain,SP_c2ab7556b020ea9929bc
PERSON_MEJRI_MOHAMED_BAROUKA,CO_CARTHAGE_OVERSEAS_ENGINEERING_SERVICES,gerant,corporate,certain,SP_88a23c65d16e05f8a97a
PERSON_TRABELSI_MOHAMED,CO_AGRICOLE_BRANCHE_DOREE,cogerant,corporate,certain,SP_3bd30e5c527fac516a04
PERSON_KHALIL_MOHAMED,CO_HAND_MADE_EXPORT,gerant,corporate,certain,SP_94d34814e3c66ab2c60b
PERSON_ELOUMI_ELYES,CO_TUNISIENNE_SERVICES,gerant,corporate,certain,SP_499dea9ffd95e7a1e08c
PERSON_KOOLI_AZIZ,ORGMENTION_Société K.A.M.G HOLDING,pdg,corporate,certain,SP_66d15e873d11c8ab7cc2
PERSON_KOOLI_AZIZ,ORGMENTION_Société K.A.M.G HOLDING,unspecified,corporate,certain,SP_98e51903c40b0288ad03
PERSON_KOOLI_OLFA,ORGMENTION_Société K.A.M.G HOLDING,unspecified,corporate,certain,SP_b95e49c014560a176887
PERSON_KOOLI_IMEN,ORGMENTION_Société K.A.M.G HOLDING,unspecified,corporate,certain,SP_a1fd2994a39f0b0f9446
PERSON_MEDEB_RADHI,CO_COMPAGNIE_D_ASSURANCES_REASSURANCES_TUNISO_EUROPEENNE_VIE,administrateur,corporate,certain,SP_67c3a4a6f0231e72e4ca
PERSON_HAMZA_YAMINA_HAOUES,CO_ARCELEN_BRODERIE_SAB,cogerant,corporate,certain,SP_f2264be7cc3c2e5424b4
PERSON_ANHOURY_LYN_SAKR,CO_MAGHREB_INTERNATIONAL_PUBLICITE,administrateur,corporate,certain,SP_4ea5e8593231287df80a
PERSON_GHARBI_KARIM,CO_SEGOR,administrateur,corporate,certain,SP_2d1047f60ad12e6f3898
PERSON_BENGHARBIA_KHALED,CO_CMA_CGM_TUNISIA,unspecified,corporate,probable,SP_fbcbf27fed237c610e40
PERSON_BENRHOUMA_ADLY,CO_CMA_CGM_TUNISIA,unspecified,corporate,probable,SP_1ddfbd052585ad28c183
PERSON_BENJEBARA_MUSTAPHA_HICHEM,CO_CMA_CGM_TUNISIA,unspecified,corporate,probable,SP_7ac647f93322f3b0ea8f
PERSON_THENOZ_JEAN_PHILIPE,CO_CMA_CGM_TUNISIA,unspecified,corporate,probable,SP_c44aa95101214a3525c2
PERSON_ZOUARI_SOFIEN,CO_HARMONIA_TRADE,gerant,corporate,certain,SP_2f81ab42bf1a6d159199
PERSON_KAROUI_HATEM,CO_ARTI_EVENTS,gerant,corporate,certain,SP_1b708a6134adc3c315b4
PERSON_BENSEDRINE_MOHAMED_BENKHALED,CO_BEN_SEDRINE_DISTRIBUTION_SBD,gerant,corporate,certain,SP_cf2d71488c589b0e4eb2
PERSON_BAYAHI_TAHER,ORG_CHAMBRE_COMMERCE_TUNISO_CHINOISE,association_president,corporate,certain,SP_5db63e525542df702b04
PERSON_BENCHAABANE_FAOUZI,ORG_CHAMBRE_COMMERCE_TUNISO_CHINOISE,secretaire_general,corporate,certain,SP_df9e1a4de4bc93be838c
PERSON_BENARBIA_NOUREDINE,ORG_CHAMBRE_COMMERCE_TUNISO_CHINOISE,treasurer,corporate,certain,SP_187d11d28669965d872e
PERSON_MOKHTAR_KAIS,CO_TEXTILE_NORD_TEXNOR,president_ca,corporate,certain,SP_80cf13c1c1de58e77b6f
PERSON_LOUATI_MOHAMED_ZAKARIA,CO_TEXTILE_NORD_TEXNOR,dg,corporate,certain,SP_724b546cee553d84ac47
PERSON_YAGHI_CHARBEL,CO_BOSCO_TUNISIA,gerant,corporate,certain,SP_bf047e9434476f015567
PERSON_JAZIRI_RJEB,CO_MEDITERRANEAN_WIRING_SYSTEMS,gerant,corporate,certain,SP_c86d15a2a54856ffa61a
PERSON_ABDENADHER_ALI,CO_BREF,gerant,corporate,certain,SP_93021c112679e39929b5
PERSON_KAMOUN_MOLKA,CO_MOLKA_MARIEM,gerant,corporate,certain,SP_622d7ee665c3cfb3c2e7
PERSON_MAIRE_CLAUDE,CO_AIR_FRANCE,unspecified,corporate,certain,SP_a940918a78112be1cfb6
PERSON_GHRIBI_SAMIRA,CO_AL_BARAKA_BANK_TUNISIA,dga,corporate,certain,SP_9f286bc2fbc27e2d7c98
PERSON_TOUMI_RACHIDA_JENZRI,CO_AL_BARAKA_BANK_TUNISIA,dga,corporate,certain,SP_d7ef5611087300c586c2
PERSON_JEBALI_HAMADI,CO_NOKIA_SOLUTIONS_AND_NETWORKS_TUNISIA,administrateur,corporate,certain,SP_5ba0fb2518f7ed8fcba2
PERSON_ZOUARI_KAIS,CO_HKJLD,gerant,corporate,certain,SP_e7b93140ab20e641f91e
PERSON_ABOUKALASH_MOHAMED_AHMED,CO_TOURGUENESS,pdg,corporate,certain,SP_b28e8f9a9d348490aeea
PERSON_HAMAMI_ABDELMONAEM,CO_FERROPLAST,gerant,corporate,certain,SP_b59be53ddb8c19163890
PERSON_DHRAIEF_MEHDI,CO_AM_HOLDING,gerant,corporate,certain,SP_4bc38fe6fcb05af3ea16
PERSON_ZOUARI_SARAH_KHECHINE,CO_TUNISIE_PORCELAINE,pdg,corporate,certain,SP_d78bc5965ecd26b1a6f4
PERSON_CHOUKROUN_JEREMIE,CO_ACAPLAST_TUNISIE,cogerant,corporate,certain,SP_69ec842316e6b9f2d170
PERSON_ZOUARI_HENI,CO_UNO_MOBILI,gerant,corporate,certain,SP_a6cbe84e039d21d60fe0
PERSON_MHIRI_MOHAMED_MALEK,CO_JARDIN_DEDEN_CONDITIONNEMENT_TRANSFORMATION_DATTES,pdg,corporate,certain,SP_a66e3df783d35e23826b
PERSON_MELKI_JEAN_CARLES,CO_AZUR_CONCEPT,gerant,corporate,certain,SP_4d39dbe7fa9d77a55eee
PERSON_ZOUARI_MANEL,CO_VERO_CONSULTING,gerant,corporate,certain,SP_6b4b154af7621bdcab39
PERSON_HAMAMI_SOFIEN,CO_HAMMAMI_TRANSPORT,gerant,corporate,certain,SP_52d3906921a87a368ad2
PERSON_HAMAMI_MOHAMED,CO_SAFRAN_MARKET,gerant,corporate,certain,SP_7ff2445f59cbbd177a5d
PERSON_SALHI_BARAA,CO_OUDI_CONFECTION,gerant,corporate,certain,SP_eedbad6ddd79b46a0d85
PERSON_BOUJBEL_AHMED,CO_VACPA_BOUJBEL,dg,corporate,certain,SP_dd062564094a5712acc4
PERSON_BOUJBEL_MOHSEN,CO_VACPA_BOUJBEL,president_ca,corporate,certain,SP_1242e53dbe82e9634981
PERSON_SELAMI_KHALED,CO_STRAMIFLEX,dga,corporate,probable,SP_593461c2eef551d4eb26
PERSON_GRANDMAISON_XAVIER_LECOUR,CO_STRAMIFLEX,dga,corporate,probable,SP_df8b826bd7e893a43030
PERSON_SELAMI_HEDI_KARIM,CO_TUNISIENNE_CONSTRUCTION_METALLIQUES,administrateur,corporate,certain,SP_fb9920206589f60d43b1
PERSON_MAAMER_MONDHER,CO_MANUFACTURE_MAGHREBINE_VALISES,gerant,corporate,certain,SP_3800c9b9f8d9db4c2e4f
PERSON_MAAMER_MOUHEDINE,CO_MANUFACTURE_MAGHREBINE_VALISES,gerant,corporate,certain,SP_72a85c3144cb7ea0fd16
PERSON_MAAMER_MOUHEDINE,ORGMENTION_Nouvel article 10 : titre III.- administration de la société,gerant,corporate,certain,SP_c56a9bf7742b00ac4609
PERSON_CHAABANE_MOHAMED,CO_TOKYO_KITCHEN,gerant,corporate,certain,SP_f084cdff4127df715efd
PERSON_BENHALIMA_ANIS,CO_BEN_HALIMA_HOLDING,administrateur,corporate,certain,SP_eee05bc1298c86345630
PERSON_BENHALIMA_HEDI,CO_BEN_HALIMA_HOLDING,administrateur,corporate,certain,SP_a4409a0a0dcb2d2c332e
PERSON_BENHALIMA_NOURI,CO_BEN_HALIMA_HOLDING,administrateur,corporate,certain,SP_2f2778eecec2dd861fe5
PERSON_BENHALIMA_MOHAMED,CO_BEN_HALIMA_HOLDING,administrateur,corporate,certain,SP_6d4df5422638a0164d14
PERSON_BENHALIMA_ANIS,CO_BEN_HALIMA_HOLDING,pdg,corporate,certain,SP_527e9da1d8b0af9aff1f
PERSON_BOUCHAMAOUI_RAFIK,CO_YIWUBUY_TUNISIA_LTD,gerant,corporate,certain,SP_961bcb6f2af56d89f0ff
PERSON_SLAMA_SOUHEIL,CO_SBS_AGRICOLE,gerant,corporate,certain,SP_fa066e73e092531e59b5
PERSON_BENSALAH_MOHAMED,CO_SBS_AGRICOLE,gerant,corporate,certain,SP_e35c340c81c40e54bfc5
PERSON_MABROUK_HAMZA,CO_PUBPRO,gerant,corporate,certain,SP_5d57ffb8ba599602f022
PERSON_HAMAMI_SEIFALAH,CO_HAMMAMI_BAT,gerant,corporate,certain,SP_773768c48205cb527fcd
PERSON_OUESLATI_LEILA_KHMIRI,CO_SOFTY,gerant,corporate,certain,SP_f723898470f36659e65e
PERSON_ELHERGLI_SOUAD,CO_SOGECO,gerant,corporate,certain,SP_4ab89827dc00128a617e
PERSON_KHARAT_MOHAMED,CO_EL_AMAL,gerant,corporate,certain,SP_f1eb0b45d22c70387243
PERSON_ALANI_SONIA,CO_TUNISIENNE_ACER_SOTACER,president_ca,corporate,probable,SP_1c0ed50f9b464bb8121e
PERSON_SOLTANI_HOUCINE,CO_TUNISIENNE_ACER_SOTACER,administrateur,corporate,probable,SP_38f8ecc121502330cd1d
PERSON_ALANI_SONIA,CO_TUNISIENNE_ACER_SOTACER,commissaire_aux_comptes,corporate,probable,SP_5597d1c480f9793f2ca2
PERSON_SOLTANI_HOUCINE,CO_TUNISIENNE_ACER_SOTACER,commissaire_aux_comptes,corporate,probable,SP_510799e10f914aad7489
PERSON_GUIZANI_LOTFI,CO_CONFECTION_DIVERS_ARTICLES,gerant,corporate,certain,SP_06a7131a6cda339f7a0a
PERSON_MABROUK_AMIN,CO_PROFESSIONNEL_DISTRIBUTION,gerant,corporate,certain,SP_95350e14849ed0226e98
PERSON_TRIKI_MOHAMED,CO_SED_ALU_MENUISERIE,gerant,corporate,certain,SP_5d9558812d4e278d2c03
PERSON_HMIDA_ADNEN,CO_HHW_TRADING,administrateur,corporate,certain,SP_cfa8c707ea004dc1ce5a
PERSON_CHAARI_MOHAMED_LASAAD,CO_HHW_TRADING,dg,corporate,certain,SP_e085e8bfa6b513f16eb3
PERSON_BOUALEGUE_NAOUFEL,CO_POLYMERES,unspecified,corporate,certain,SP_817a4758cd10aaada1e9
PERSON_YATZIMIRSKY_NICOLAS,CO_BONNA_TUNISIE,president_ca,corporate,certain,SP_3f789a86df2f42c3a779
PERSON_AMAR_MOHAMED,CO_IMOOBILIERE_SADEEN,commissaire_aux_comptes,corporate,certain,SP_829284e07b8f2dbecad6
PERSON_BOUAOUAJA_AMIN,CO_ZARZIS_EVENT,gerant,corporate,certain,SP_3c49b52a4ebbd2e68a3f
PERSON_HAMAMI_IMED,CO_AZALEE,gerant,corporate,certain,SP_9b5b70c5111732b66a44
PERSON_TLILI_INES,CO_EQUERRE_MODE,pdg,corporate,certain,SP_da53942ac4b15b3d49f1
PERSON_REBAI_HICHEM,CO_RECOUVREMENT,administrateur,corporate,certain,SP_24ef73a35349eb0b2486
PERSON_TRIKI_NABIL,CO_SPE_CAPITAL_TUNIS,pdg,corporate,certain,SP_332f7a95d064577e9eb5
PERSON_PONTET_EDOUARD,CO_SPE_CAPITAL_TUNIS,dga,corporate,certain,SP_e71c17a475340259871e
PERSON_HAMAMI_ALI,CO_RESIDENCE_CAP_BON,vice_president,corporate,certain,SP_94d68d335fccf5b51602
PERSON_ZAROUK_NAZIHA,CO_ALMA_CONFECTION,gerant,corporate,certain,SP_e0215b5874214401ee8c
PERSON_BAYAHI_TAIEB,CO_COMPAGNIE_DEMBALLAGE_TRANSFORMATION_DALUMINIUM_CETRAM,unspecified,corporate,probable,SP_887f84fb5a0660422315
PERSON_HAMAMI_AHMED_BENBRAHIM,CO_TOUT_POUR_LAGRICULTEUR_TPA,gerant,corporate,certain,SP_e353064f118f0120ab7a
PERSON_CHAABANE_FAHMI,CO_EXPLOITATION_AGRICOLE,gerant,corporate,probable,SP_9eb7d61df4ef7c5fbe2d
PERSON_HACHICHA_SKANDER,CO_PATISSERIE_HACHICHA,gerant,corporate,certain,SP_a061b33deea5dcff43e7
PERSON_DOGHRI_HASINE,CO_MOTORS_HOLDING,pdg,corporate,certain,SP_1428f35aa3f3db1fe00c
PERSON_MOKADEM_JAMEL,CO_MOTORS_HOLDING,administrateur,corporate,certain,SP_aabd069bd970fed0edc8
PERSON_BEDOUI_ALI,CO_CLUB,gerant,corporate,certain,SP_2e57cc03b7c2ee87a9f3
PERSON_HAMAMI_OMAR,CO_TOUMIA_SHOPPING_CENTER,gerant,corporate,certain,SP_c9d38dfdeffb855068eb
PERSON_TRIKI_CHEMA,CO_GLOBAL_PRINTING_PACKAGING,gerant,corporate,certain,SP_e0aa9f83d37e94e113bb
PERSON_HAMROUNI_HANI,CO_EMPIRE_DIGITAL,gerant,corporate,certain,SP_8edb473cdf11809820a0
PERSON_SASI_RADHIA,CO_TRAVAUX_CHAUSSEES_STC,gerant,corporate,certain,SP_d4977b131e0310a1678d
PERSON_FARJALAH_AHMED,CO_TUNISIO_ALLEMANDE_MARBRE,gerant,corporate,certain,SP_c971175df956a65b84d1
PERSON_OMRI_SAMIRA,CO_AZIZ_CONFECTION,pdg,corporate,certain,SP_cfa7704ec78c57ea0383
PERSON_SIDHOM_MOHAMED,CO_EZZAHRA,cogerant,corporate,certain,SP_349efef3782b595d857d
PERSON_HAMAMI_KARIM,CO_EG2E,gerant,corporate,certain,SP_2714705b6f6b9a0ae50f
PERSON_ZOUARI_LASAAD,CO_BEL_FER,gerant,corporate,certain,SP_3d02bdaf0a01cd583453
PERSON_HAMZAOUI_ABDERAOUF,CO_TUNISIENNE_PIECES_RECHANGES_ALLEMANDE_SOTUPRA,gerant,corporate,certain,SP_9816fae9756b19f10236
PERSON_BOUGUERA_AZOUZ,CO_AFRICA_CONSULTING_EXPORT_SOLUTIONS,gerant,corporate,certain,SP_957de557de5ce427bc2e
PERSON_DAHMANI_ADEL,CO_STANDARD_SHARING_SOFTWARE_3S,dga,corporate,certain,SP_41b8161d39f1e068e5d5
PERSON_BRAHEM_MAJED,CO_TEXMODE,gerant,corporate,certain,SP_8076d9a3cc10cc0a5ffc
PERSON_DAMAK_MOHAMED,ORGMENTION_Société Sotraco Commerciale,gerant,corporate,certain,SP_0c2d4739ca6504a3f01c
PERSON_JABES_MEHDI,CO_SMITH_INTERNATIONAL_FRANCE,unspecified,corporate,certain,SP_28e5ee284d2d825e7113
PERSON_SKHIRI_MOHAMED,CO_PALM,gerant,corporate,certain,SP_292668d2068f7128fe4e
PERSON_BENACHOUR_LEILA_HAMAMI,CO_FEDE_BEAUTE,gerant,corporate,certain,SP_585fcc81bc5b0e4a86fa
PERSON_BENSALEM_RAFAA,CO_HOME_TEX,administrateur,corporate,certain,SP_e95637459ec223dde782
PERSON_BENSALEM_ZAKARIA,CO_HOME_TEX,administrateur,corporate,certain,SP_c7ecba91ffb6e6663ad0
PERSON_BENSALEM_KORAICH,CO_HOME_TEX,administrateur,corporate,certain,SP_5065788e2d7e4f045658
PERSON_BENSALEM_KORAICH,CO_HOME_TEX,president_ca,corporate,certain,SP_7b36b0c45a5bd833ca55
PERSON_CHIKHAOUI_IMED,CO_HOME_TEX,dg,corporate,certain,SP_af147d1cb9755a7f6349
PERSON_MABROUK_MOHAMED,CO_MEUBLE_YASSER_MOHAMED,gerant,corporate,certain,SP_1c6a684d2ef558023aaa
PERSON_HAMAMI_SIHEM_AMARA,CO_CROISSANT_DORE,gerant,corporate,certain,SP_20cee325c021212795fd
PERSON_ABDENADHER_FAKHER,ORG_GROUPEMENT_MAINTENANCE_GESTION_MADAGASCAR,secretaire_general,corporate,certain,SP_30fc6d015132b6ba2db0
PERSON_DRIS_AICHA,CO_GROUPE_MEDICAL_OLIVIERS,pdg,corporate,certain,SP_63f549cf3c0565ce1db7
PERSON_ZAROUK_MOUNA,CO_ZAHRA_HOLDING,gerant,corporate,certain,SP_59875c16a015b025cf7e
PERSON_CHOUCHEN_SOFIEN,CO_ZAHRA_HOLDING,gerant,corporate,certain,SP_ed4618a23bb2948ffd04
PERSON_ZGHAL_HASIB,CO_COFITEL,gerant,corporate,certain,SP_91b41137c1c64c72232c
PERSON_KHALIL_MOHAMED,CO_HR_CAFEE_RESTO_OBELIX,gerant,corporate,certain,SP_408f4cc7077279a203e7
PERSON_ABIDI_SIRINE_MEDEB,CO_CENTRALE_LAITIERE_CAP_BON,unspecified,corporate,certain,SP_7208fd032136a1977df5
PERSON_LAHBAIEL_BADREDINE,CO_TUNISIE_AUTOROUTES,pdg,corporate,certain,SP_a3600f32d86a35b5fd21
PERSON_ELKATEB_FOUED,CO_MATERIEL_AUTOS_DERIVES,dg,corporate,certain,SP_1028b5fc4b23b40d7847
PERSON_BENJEMAA_KHALED,CO_M_S_CONSULTING,pdg,corporate,certain,SP_a370140ee75a041f0bbc
PERSON_ESAYED_DRIS,CO_NEW_OMAR,gerant,corporate,certain,SP_a5a6af51ee00e2d28f7e
PERSON_HAMROUNI_MOHAMED_FAOUZI,CO_INDUSTRIELLE_CERAMIQUE,gerant,corporate,certain,SP_c014fd62952afd717ddd
PERSON_MABROUK_HANEN,CO_8000_PROD,gerant,corporate,certain,SP_6b35083a1fc6440e2e78
PERSON_BELAGHA_AMEL,CO_GENERALE,liquidateur,corporate,certain,SP_10c5a009cb7a6e389f2e
PERSON_LADJIMI_MOHAMED_TAHER,CO_MMP_HOLDING,pdg,corporate,certain,SP_e678f94a19b0a88aa3ad
PERSON_DJILANI_NEFISA,CO_POPUP,gerant,corporate,certain,SP_40c3b62ad56e5217e29f
PERSON_KAROUI_GHAZI,CO_NOUVELLE_NEGOCE,gerant,corporate,certain,SP_a7913b0e729e4a73d9ed
PERSON_MERGHENI_SAIFEDINE,CO_MASTER_FRANCHISE,gerant,corporate,certain,SP_82c1705df0fdf08c2699
PERSON_BENSAAD_MOHAMED_HABIB,CO_BANQUE_TUNISIE,dg,corporate,certain,SP_2dbfb2a5944f5db03f24
PERSON_BOURICHA_RADHIA,CO_AFRICA_MODE,unspecified,corporate,certain,SP_7d1abdc82dda6ad9ea0e
PERSON_ZOUARI_HEDI,CO_CARTHAGE_AGRICULTURE,gerant,corporate,certain,SP_b77e9c972e3cc52f7af9
PERSON_GHACHEM_FARAH,CO_TECHNOPOLE,unspecified,corporate,certain,SP_052a6ae311e01cb66976
PERSON_BAYAHI_YAHIA,CO_PROD_CAR_TUNISIE,administrateur,corporate,certain,SP_21f7fe6621f06120cb3a
PERSON_BAYAHI_TAHER,CO_PROD_CAR_TUNISIE,administrateur,corporate,certain,SP_5a07c11351b130bbd65f
PERSON_BAYAHI_TAIEB,CO_PROD_CAR_TUNISIE,administrateur,corporate,certain,SP_0df12bd555097f99c123
PERSON_BAYAHI_KHALED,CO_PROD_CAR_TUNISIE,administrateur,corporate,certain,SP_cc035a27dd19c186abe0
PERSON_BAYAHI_MAHER,CO_PROD_CAR_TUNISIE,administrateur,corporate,certain,SP_393be915d89cb8ce9fb3
PERSON_BAYAHI_SLIM,CO_PROD_CAR_TUNISIE,administrateur,corporate,certain,SP_699e8ec1dabe86d88c8b
PERSON_KHALIL_MOHAMED,CO_PROLASER,gerant,corporate,certain,SP_be8d375adfdf91242fbd
PERSON_HAMAMI_SAMIR,CO_RAPID_INDUSTRY_SYSTEMS,gerant,corporate,certain,SP_939cac02a17dafc67b03
PERSON_CHIKHAOUI_NESRINE,CO_EXPRESS_GERMANY_SERVICES,gerant,corporate,certain,SP_cf29a7cf51f3e76051af
PERSON_TRIKI_SALWA_BENMONGI,CO_OASIS_TRAVAUX_GENERAUX,gerant,corporate,certain,SP_e41a6cadd447abf85cfc
PERSON_BOUCHAMAOUI_RAOUF,CO_BOUCHAMAOUI_INDUSTRIES,dg,corporate,probable,SP_11304b2ab65f5779dfe4
PERSON_BOUCHAMAOUI_MAHER,CO_BOUCHAMAOUI_INDUSTRIES,dga,corporate,probable,SP_465ef75db0d2e805dce8
PERSON_DRIS_ZOHRA,CO_TOURISTIQUE_TOUR_KHALEF,dg,corporate,certain,SP_31336fa0393363caa0bb
PERSON_BECHEUR_MOHAMED_BENANOUAR,CO_TOURISTIQUE_TOUR_KHALEF,dga,corporate,certain,SP_7f2cf1aa60ea21cd9711
PERSON_BLAIECH_MOHAMED,CO_PELLET_AND_PALLET_INDUSTRY,dga,corporate,certain,SP_ff0f84afdf1cc6bd55e7
PERSON_HMIDA_ADNEN,CO_TUNISIE_FARINE,cogerant,corporate,certain,SP_e8a92c22e313480b9fd9
PERSON_ABDENEBI_ALIBI,CO_COMPLEMENTARITY_HOLDING,president_ca,corporate,certain,SP_8ef2e2288b2dcb381346
PERSON_HAGUI_MAHER,CO_COMPLEMENTARITY_HOLDING,dga,corporate,certain,SP_fae93f87ab454a923c32
PERSON_HAGUI_MAHER,CO_COMPLEMENTARITY_HOLDING,president_ca,corporate,certain,SP_8d718deeedcc0a3e3718
PERSON_RICHARD_DIDIER,CO_AEROMECA,gerant,corporate,certain,SP_9d0614a63414bdf46ba8
PERSON_TRABELSI_MOHAMED,CO_LABO,gerant,corporate,certain,SP_1881a7fca3ea9ca6a408
PERSON_SAYAH_WASIM,CO_HBIRA_CONFECTION,gerant,corporate,certain,SP_62abfd9d1f5aeee89a6f
PERSON_SELMA_AMRI,CO_ITALIEN_SERVICE,gerant,corporate,certain,SP_e2479538be668c65c547
PERSON_ELOUMI_HICHEM,CO_REGIONALE_TRANSPORT_GOUVERNORAT_SFAX_SORETRAS,administrateur,corporate,certain,SP_1f9dfeae34f708637452
PERSON_ZAAFOURI_BECHIR,CO_TUNISIAN_SHOPPING_SPACES_AMEL_T2S,pdg,corporate,certain,SP_8c31bd8cdb793b59c388
PERSON_AREM_RIADH,CO_PRO_QUINCAILLERIE_NEGOCE,gerant,corporate,certain,SP_4121a27bd9aefc93f7d1
PERSON_SLAMA_HOUSEIN,CO_SLAMA_CONSTRUCTION_METALLIQUE,gerant,corporate,certain,SP_55807c8898e8c893db81
PERSON_DARWICHE_MABROUK,CO_MOTEUR_SUD,gerant,corporate,certain,SP_ec7db2983e5fe5b8a198
PERSON_SALEM_SAHBI,CO_SERVICES_TUNISIE,gerant,corporate,certain,SP_3418287542883c63c1c2
PERSON_BRIBECH_HABIB,CO_ELECTRONICS_PROCESS_COMPANY,administrateur,corporate,certain,SP_27cd8a7cebe9e0509b01
PERSON_HAMAMI_ABDELAZIZ,CO_AMEN_INVEST,dg,corporate,certain,SP_9ad9f72998fee3f3db3b
PERSON_ELYAHYAOUI_HAZEM,CO_COMPAGNIE_TUNISIENNE_FORAGE,unspecified,corporate,certain,SP_f73260d0930aa06a3b92
PERSON_TAMARZISTE_MEHDI,CO_MENINX_HOLDING,commissaire_aux_comptes,corporate,certain,SP_e8534327a13effe3bd58
PERSON_TAMARZISTE_AFIFA,CO_MENINX_HOLDING,commissaire_aux_comptes,corporate,certain,SP_663dc5f2dac228a23f29
PERSON_TAMARZISTE_AFIFA,CO_MENINX_HOLDING,president_ca,corporate,certain,SP_541cc2e0a544e28ed656
PERSON_TAMARZISTE_MEHDI,CO_MENINX_HOLDING,dg,corporate,certain,SP_6a3dd30a9c122e8cc44e
PERSON_LANGLIZ_FAYCEL_KAMEL,CO_GROUPE_FRANCE_ASSURANCE_INTERNATIONALE,gerant,corporate,certain,SP_3cbe3f199ce6aee080f9
PERSON_ZITOUN_LOTFI,CO_INSTITUT_LEADERSHIP_GOUVERNANCE_TUNIS,gerant,corporate,certain,SP_4a51274608b0b69d6b8f
PERSON_MZABI_MOHAMED_SADOK,CO_AFRIVISION_ELECTRONICS,gerant,corporate,certain,SP_48321b77a17d2a4b1f26
PERSON_HAMAMI_KAIS,CO_MASSI_INVESTISSEMENTS_SERVICES_TUNISIA,gerant,corporate,certain,SP_042c60271f725bc443d6
PERSON_KHANOUSI_FOUZIA,CO_PASTRY_DECORS,gerant,corporate,certain,SP_4eba1f1393cf8b3c0331
PERSON_SDIRI_FETHI,CO_PC_RETAIL_OUTLET,pdg,corporate,probable,SP_dc9da7e2969ca120a728
PERSON_ZOUARI_MOHAMED_ALI,CO_COCCINELLE_PRINT,gerant,corporate,certain,SP_37ed1ca1069dc1340555
PERSON_CHAIBI_NABIL,ORGMENTION_Société KISSES S.A,administrateur,corporate,certain,SP_fc2ba4222dfdae3d0b79
PERSON_SOUISI_MOHAMED_ALI,ORGMENTION_Société KISSES S.A,administrateur,corporate,certain,SP_3da64ab8b3d9f356e568
PERSON_MOKHTAR_FETHI,CO_MOKHTAR_GROUP_HOLDING,pdg,corporate,certain,SP_36d94aed614b7fd112d6
PERSON_MOKHTAR_KAIS,CO_MOKHTAR_GROUP_HOLDING,dga,corporate,certain,SP_f1c6e1b3dfad166d20a2
PERSON_SAIDANE_MOHAMED,CO_ENERGY_ONE,gerant,corporate,certain,SP_3fd79a43fdb00b3eeacb
PERSON_YENGUI_LILYA_BENTABDELWAHEB,CO_ITALIA_MARBRE_GRANITE,gerant,corporate,certain,SP_a740c68ac9a30219d9cb
PERSON_BENABDESALEM_SLIM,CO_SBA_ETUDES_CONSEIL,gerant,corporate,certain,SP_398700e7b479db062be6
PERSON_SNOUSI_MOHAMED_BILEL,CO_MARIEM_CORAIL,gerant,corporate,certain,SP_24af8219be500cdf4613
PERSON_BENAICHA_RAYEN,CO_BAFORNI,commissaire_aux_comptes,corporate,probable,SP_508ef50eef76e46200b7
PERSON_DAMAK_MOHAMED,CO_TRANSFORMATION_CONDITIONNEMENT_EPICES_SOTRACO,gerant,corporate,certain,SP_2f9dba41199dc6a6091c
PERSON_DAMAK_AHMED,CO_TRANSFORMATION_CONDITIONNEMENT_EPICES_SOTRACO,gerant,corporate,certain,SP_806099dc9ee77d17b29f
PERSON_BOUZGUENDA_ABDELAZIZ,CO_SBF_EQUIPEMENTS,cogerant,corporate,certain,SP_56ab02afa7925d8a7f7a
PERSON_CHAABANE_NOURI,CO_BTP_CONSULTING,gerant,corporate,certain,SP_1721660aed57b14ed326
PERSON_BOURICHA_HASEN_ABDESALEM,CO_B_B_CONSULTING,gerant,corporate,certain,SP_26fb890bf7085b05d5bc
PERSON_ABDENADHER_MAHMOUD,CO_SKIRA_PETRO_SERVICES,administrateur,corporate,probable,SP_684986d098d64d4ecf75
PERSON_CHAABANE_ABDERAHMAN,CO_SKIRA_PETRO_SERVICES,administrateur,corporate,probable,SP_02931065bcca17f69761
PERSON_MABROUK_FARES,CO_YUNUS_SOCIAL_BUSINESS_TUNISIA,gerant,corporate,certain,SP_d86c860944c2e2ea69b6
PERSON_DRIS_MARIEM,CO_HOTELIERE_TOURISTIQUE_BALNEAIRE_MARHABA,dg,corporate,certain,SP_775c5c26fb94695bb6a4
PERSON_BENSOUSIA_NOURI,CO_INDUSTRIES_METALLIQUES_CENTRE,pdg,corporate,certain,SP_ac02a016167938657c67
PERSON_AYACHI_MAHMOUD_CHEHIR,CO_EL_HANA,gerant,corporate,certain,SP_8c1ab8403dba6c5c0417
PERSON_BENOTHMAN_GHAZI,CO_NORTH_AFRICA_EDUCATION_HOLDING_COMPANY,pdg,corporate,certain,SP_28e052bd6db6dadd199b
PERSON_BENAFIA_HATEM,CO_CHANDELLE_TEX,gerant,corporate,certain,SP_a4f04283a31154d01fa4
PERSON_SASI_SIHEM,CO_FOREIGN_STUDY_CENTER,gerant,corporate,certain,SP_74469ab088da56624bc1
PERSON_TRIKI_MOHAMED_ALI,CO_CYNTILLION_SOLUTIONS,gerant,corporate,certain,SP_39f4c16647bcfa675ee0
PERSON_ABDESATAR_MABROUK,CO_NEOVITAL,gerant,corporate,certain,SP_ab030fff445b2ddea67a
PERSON_BENSEDRINE_YASINE,CO_EGENE,gerant,corporate,certain,SP_0f38b8124ebf0df4fcfb
PERSON_SAID_SALAH,CO_BEN_SAID_PLAST_BSP,gerant,corporate,certain,SP_adab4a4d797d2c4920c9
PERSON_ZGHIDI_ADNENE,CO_METAL_SERVICE_CENTER,commissaire_aux_comptes,corporate,certain,SP_f682c241048c4735fd89
PERSON_SLAMA_GHASEN,CO_AL_NASEEM_TUNIS,administrateur,corporate,certain,SP_1b9e05c77e5712511b0a
PERSON_SLAMA_CHIHEBEDINE,CO_AL_NASEEM_TUNIS,administrateur,corporate,certain,SP_75821c1c0c2e2b52ccbf
PERSON_SLAMA_RAMLA,CO_AL_NASEEM_TUNIS,administrateur,corporate,certain,SP_6771398b7ed1b56f698e
PERSON_TLILI_TAHER,CO_COMPLEXE_TLILI_PRODUCTION_AVICOLE,pdg,corporate,certain,SP_09d829bf585c89c11c48
PERSON_GLOULOU_SALEM,CO_SALEM_GLOULOU_HOLDING,pdg,corporate,certain,SP_277a140d3fd2737828fd
PERSON_GLOULOU_SAMIR,CO_SALEM_GLOULOU_HOLDING,dga,corporate,certain,SP_a35354d6ef6b1f319321
PERSON_GLOULOU_MOHAMED,CO_MOHAMED_GLOULOU_HOLDING,pdg,corporate,certain,SP_7dcb322868c30c77d877
PERSON_GLOULOU_HABIB,CO_MOHAMED_GLOULOU_HOLDING,dga,corporate,certain,SP_57d5b125957fec40d18a
PERSON_HAMROUNI_HANEN,CO_LIVREX,gerant,corporate,certain,SP_347850b851f39fcd9f52
PERSON_CHERIF_SABRI,CO_KERKOUANE_CONDITIONNEMENT_SUCRE,gerant,corporate,certain,SP_99a16e2a1cf777163d18
PERSON_TAMARZISTE_MEHDI,CO_EO_DATA_CENTER,association_president,corporate,certain,SP_d9e427da51109c6ac2f1
PERSON_TRIKI_RAOUDHA,CO_FRET_ROUTIER_AIR_MER,gerant,corporate,certain,SP_082abcd31e23a6ed0590
PERSON_LAZREG_KHALED,CO_LAZRAG_HOLDING,gerant,corporate,certain,SP_7a51306c5c0b59394c01
PERSON_SAIDI_MOHAMED,CO_GENERAL_MOTEUR_CASSE,gerant,corporate,certain,SP_fc62e6a6e98ab3b7d5c5
PERSON_OUERTANI_NEJIB,CO_AROMATES_NORD,gerant,corporate,certain,SP_13d00e1ebe2d502e7aa4
PERSON_DHOUIB_MOHAMED,CO_CODIT,gerant,corporate,certain,SP_d5ba88903f055aae4c9a
PERSON_LAHIOUEL_ALI,CO_SICAV,dg,corporate,certain,SP_199f187871cb10abbe35
PERSON_JELASI_SADOK,CO_SICAV,administrateur,corporate,certain,SP_17b0502c99249408fd82
PERSON_JELASI_SADOK,CO_SICAV,pdg,corporate,certain,SP_d28766260617b2a36ee3
PERSON_ZOUARI_ABDERAZEK,CO_ARAB_BANKING_CORPORATION_TUNISIE,member,corporate,certain,SP_6efbe1dd4c2c61402e35
PERSON_TRIKI_SAMIRA,CO_GENERAL_COMMERCE_DISTRIBUTION,gerant,corporate,certain,SP_08d3c7a2f922194e7567
PERSON_BAYAHI_TAHER,CO_TUNISIE_CAR,president_ca,corporate,certain,SP_0a8d7b007c363ecac4c6
PERSON_GHACHEM_TAIEB,CO_TUNISIE_CAR,dg,corporate,certain,SP_c02aa4deeefe51143428
PERSON_BENJEMAA_MOHAMED_FETHI,GOV_ETAT_TUNISIEN,dg,corporate,certain,SP_5890fc8bef3b3258a5f6
PERSON_BENJEMAA_MOHAMED_FETHI,CO_GENERALE_INDUSTRIELLE_ALIMENTAIRE_NORD,dg,corporate,certain,SP_687158ab5c16f7880507
PERSON_BENJEMAA_MOHAMED_FETHI,CO_GRANDS_SILOS_BEJA,dg,corporate,certain,SP_8df857287a08cd7042f1
PERSON_KHECHINE_SAHBI,CO_KHECHINE_PRET_A_PORTER_DISTRIBUTION,gerant,corporate,certain,SP_a825fe1dc14dec694fcf
PERSON_SALAH_ABDERAOUF,CO_REGIONALE_TRANSPORT_GOUVERNORAT_JENDOUBA_SRTG_JENDOUBA,pdg,corporate,certain,SP_87f9184050dbc8b74e12
PERSON_BOUCHAMAOUI_MOUNA,CO_AUTOMOBILE_INVESTMENT_COMPANY,administrateur,corporate,certain,SP_778ff9f35c70763776cf
PERSON_KHALFALAH_MOHAMED_SALAH,ORGMENTION_Et nomination du Président Directeur Général et Directeur Gé,pdg,corporate,certain,SP_7848440f7cab66cb5068
PERSON_KHALFALAH_MOEZ,ORGMENTION_Et nomination du Président Directeur Général et Directeur Gé,dga,corporate,certain,SP_54ed520464eee460ded5
PERSON_DRIS_MOEZ,CO_VENUS_IMMOBILIERE,gerant,corporate,certain,SP_da991fb7797a4b5c9093
PERSON_HORCHANI_WISEM,CO_DEVELOPPEMENT_WEB_MOBILES,gerant,corporate,certain,SP_7f001fa3979db8509059
PERSON_KOTI_HICHEM,CO_KOTTI_HOLDING,gerant,corporate,certain,SP_cf85c6e46b792b4bee56
PERSON_GHACHEM_ZOHRA,CO_GHACHEM_TEKAYA_CONFECTION,gerant,corporate,certain,SP_d8a0f85eca365ddc73ee
PERSON_BAYAHI_TAHER,CO_PROD_CAR_TUNISIE,president_ca,corporate,certain,SP_b03f71baeba3c6b26b72
PERSON_GHACHEM_TAIEB,CO_PROD_CAR_TUNISIE,dg,corporate,certain,SP_18a8ff8d61944ee2637d
PERSON_ZOUARI_MOURAD,CO_BATIMENT_SERVICES,gerant,corporate,certain,SP_3ca06e94b8e193e9842e
PERSON_ZOUARI_KARIM,CO_K_Z_FASHION,gerant,corporate,certain,SP_fd0b0e2c0bdb8fea44b8
PERSON_HACHEMI_RACHED,CO_SODEPS,pdg,corporate,certain,SP_0649b5198a203e7e5d78
PERSON_NACHI_ABDELWAHEB,CO_BANQUE_ZITOUNA,president_ca,corporate,certain,SP_03d5fd13f5a6d634877a
PERSON_KHOUJA_EZEDINE,CO_BANQUE_ZITOUNA,dg,corporate,certain,SP_aa95edc4b79e2c2cda2d
PERSON_BELKAHIA_KAMEL,CO_POLE_COMPETITIVITE_BIZERTE,administrateur,corporate,probable,SP_8b1b0cff9d42bcb8cb93
PERSON_HAMROUNI_MALIKA,CO_HAMROUNI_GROUP,gerant,corporate,certain,SP_8f476a2f28ff5df12f9a
PERSON_TRIKI_MOHAMED_ABDEL_WAHEB,CO_TUNISIE_VOLAILLES,gerant,corporate,certain,SP_57f2467ebf3c34dd5ad1
PERSON_SELAMI_MOHAMED_AMIN,CO_GENERAL_TECHNOLOGIE_S_G_T,gerant,corporate,certain,SP_f4211814763e5df822cb
PERSON_FRIKHA_HENI,CO_MEUBLES_MONCEF_FRIKHA,gerant,corporate,certain,SP_bfc02f3cd9c29c84fdc2
PERSON_ZOUARI_NIZAR,CO_PLOMBERIE_INDUSTRIELLE_NIZAR_SEPIN,gerant,corporate,certain,SP_7a3c9041a3717e5c0071
PERSON_HAMAMI_SLIM,CO_EUROPA_BUSINESS,gerant,corporate,certain,SP_dc3265466f9c843537aa
PERSON_KSIBI_JAMEL,CO_MAGHREBIA_TECHNOLOGIE_TRAVAUX,president_ca,corporate,certain,SP_ed7e5383103230f204ad
PERSON_KSIBI_JAMEL,CO_MISE_EN_VALEUR_DEVELOPPEMENT_AGRICOLE_EL_KARMA,gerant,corporate,probable,SP_856dc4ccdaf05c7db58b
PERSON_MEJRI_RIM,CO_GROUPE_TUNISIENNE_CONFECTION,unspecified,corporate,certain,SP_5efb2cf62fe0d1d039d0
PERSON_MABROUK_FARES,CO_YSB_TUNISIA,gerant,corporate,certain,SP_35992dff08984b9abeea
PERSON_HAMAMI_TAHER,CO_BARHOUMI_SERVICES_TELEMECANIQUE,gerant,corporate,certain,SP_fb5e4664f367b995b0df
PERSON_CHAABANE_MOHAMED_TAOUFIK,CO_CHAABANE_INDUSTRIAL_CONSULTING,gerant,corporate,certain,SP_7b4fcaaf82bbdda6d863
PERSON_AREM_SOUFIANE,CO_GOLD_SERVICES,gerant,corporate,certain,SP_1d76c867b47800c09c20
PERSON_HAMROUNI_FAOUZI,CO_DARDOURI_MOTEURS,gerant,corporate,certain,SP_a359d51740f90ac78beb
PERSON_SLAMA_MOHAMED_HEDI,CO_IYED_SCHOOL,gerant,corporate,certain,SP_03dfa6a2897f90586b79
PERSON_ELOUZE_MALEK,CO_HAMMAMET_LEISURE_COMPANY,administrateur,corporate,certain,SP_328e379b63d66c4b66d0
PERSON_BELKAHIA_ALIA_AMAR,CO_HAMMAMET_LEISURE_COMPANY,dg,corporate,certain,SP_427ea3e32ee8c847e1a9
PERSON_ELOUZE_MALEK,CO_HAMMAMET_LEISURE_COMPANY,president_ca,corporate,certain,SP_707c2a8b3a0eef1c72ce
PERSON_TEKAYA_MEHDI,CO_ADACTIM,dg,corporate,certain,SP_9fa02070a5e26091e85e
PERSON_SELAMI_MONCEF,CO_TRANSFIL_COMMERCE,liquidateur,corporate,certain,SP_224dde25d2f1244da67f
PERSON_HAMILA_TAREK,ORGMENTION_Société MENIX O.I.S SA,unspecified,corporate,certain,SP_6292a057ee662a496ff8
PERSON_BAY_FAROUK,ORGMENTION_Société MENIX O.I.S SA,unspecified,corporate,certain,SP_34552e5a831c3a60676b
PERSON_ZITOUNI_GHOFRANE,ORGMENTION_Société MENIX O.I.S SA,unspecified,corporate,certain,SP_4f8266ede3bed7565b13
PERSON_MZABI_MOHAMED_OMRANE,CO_AFRITEX,cogerant,corporate,certain,SP_6364e23bab1a801442aa
PERSON_MZABI_MOHAMED_MALEK,CO_AFRITEX,cogerant,corporate,certain,SP_1c34ae5114fe4e8ca0b2
PERSON_CHARFEDINE_LOTFI,ORGMENTION_Diverses résolutions,administrateur,corporate,probable,SP_8be840db7c29bb09158d
PERSON_CHARFEDINE_RIDHA,ORGMENTION_Diverses résolutions,pdg,corporate,probable,SP_0d0d357ed6c76b978680
PERSON_KHALIL_MOHAMED,CO_IMMOBILIERE_ESSAKIA,commissaire_aux_comptes,corporate,certain,SP_81314ea66de37c69071b
PERSON_ABID_MONDHER,CO_MARBRERIE_ZINA_PLUS,cogerant,corporate,certain,SP_f8d673f5991965667f09
PERSON_ABID_AHMED,CO_MARBRERIE_ZINA_PLUS,cogerant,corporate,certain,SP_744c9a76c057df3682c1
PERSON_GHANEM_MOHAMED,CO_PERFECTION_LABO_COSMETIQUE_PERLA_COSMETIQUE,gerant,corporate,certain,SP_b8c346aa225846e78ccd
PERSON_KILANI_MOHAMED_SKANDER,CO_PRODIS,gerant,corporate,certain,SP_c3425eb2406dcd552445
PERSON_TURKI_FATMA,CO_AHMED_CONFECTION,gerant,corporate,certain,SP_3b7639f48f17f9c1f2dd
PERSON_HAMAMI_MALEK,CO_TUNIPRO,gerant,corporate,certain,SP_e2e8820093afc21636b4
PERSON_KHEMIRI_IMED,CO_NESS_GREEN,gerant,corporate,certain,SP_5dbd437405f57f991ce1
PERSON_LOUATI_HAZEM,CO_MARITIME_AMIRA,pdg,corporate,certain,SP_4bb257a95c7c5c8af8de
PERSON_FERIANI_SLIM,CO_BANQUE_FINANCEMENT_PETITES_MOYENNES_ENTREPRISES,pdg,corporate,certain,SP_3cd6006ee57b41f20837
PERSON_DRIS_HASEN,CO_DRISS_LABORATORY_EQUIPEMENT,gerant,corporate,certain,SP_f13dc00be556daaf4798
PERSON_HAMAMI_ROCHDI,CO_ROCHDI_HAMMAMI_CIE_DISTRIBUTION,gerant,corporate,certain,SP_fe6904a9da3e29519efa
PERSON_ZERZERI_MEHDI,CO_IPSUM_SYSTEMES,gerant,corporate,certain,SP_873ca8916ff86a94edca
PERSON_KHALIL_MOHAMED,CO_DEVITCO,gerant,corporate,certain,SP_8629231fc072056789d1
PERSON_SELAOUTI_YAZID,CO_TUNISIENNE_DASSURANCE_LLOYD_TUNISIEN,dg,corporate,certain,SP_357c9fad1ddba68531a7
PERSON_BAYAHI_YAHIA,CO_LAVAAL_INTERNATIONAL_TUNISIE,gerant,corporate,certain,SP_a7e72ed9fc3bf13222b4
PERSON_CHAMAM_IMED_BENMOHAMED,CO_GERMAN_PART_GROS_G_P_G,gerant,corporate,certain,SP_0a670a5aa84a25b1f023
PERSON_SETHOM_MEHDI,CO_SOFTWARE_PRODUCTIVITY_GROUP,administrateur,corporate,certain,SP_3c577331811dc4bbd065
PERSON_GARGOURI_MOHAMED,CO_SOFTWARE_PRODUCTIVITY_GROUP,dg,corporate,certain,SP_da5fa866a87186ea36c5
PERSON_ZGHIDI_ADNENE,CO_SOFTWARE_PRODUCTIVITY_GROUP,commissaire_aux_comptes,corporate,certain,SP_450b6010bd0df7264a41
PERSON_AMOUS_MOHAMED,CO_PARTNER_INVESTMENT,gerant,corporate,certain,SP_09fdf299a57a59476986
PERSON_SAIDANE_MOHAMED,CO_HISTORY_FITNESS,gerant,corporate,probable,SP_6acca289e5899afd98bc
PERSON_MABROUK_HOUCEM,CO_VENTURIS_INVEST,gerant,corporate,certain,SP_8b017e843a14a51513b2
PERSON_BOUATOUR_TAREK,CO_FRANCO_TUNLSLENNE_COMMERCE_INTERNATIONAL_SFTCI,gerant,corporate,certain,SP_e49c918ed552bf9856ea
PERSON_KAMOUN_AMJED,CO_PATCHWORK_AGENCY,gerant,corporate,certain,SP_28196982ca886703915d
PERSON_AREM_LAMIA,CO_DECO,cogerant,corporate,certain,SP_a00d722e579992e4ce9d
PERSON_FADHEL_ABDENADHER,CO_KROWNER,gerant,corporate,certain,SP_e6fe6143287418aab93e
PERSON_TOUMI_MOHAMED_ALI,CO_SERVICES_MAINTENANCES_IMMOBILIERES_ALLO_MAINTENANCE,gerant,corporate,certain,SP_54dbc769a725f28effe0
PERSON_TRIKI_MOHAMED_TAHER,CO_TELSET,gerant,corporate,certain,SP_cfac5f4196ff829bb7db
PERSON_MAKNI_DONIA_ELOUMI,CO_MSEDDI_COMMERCE,gerant,corporate,certain,SP_8dbaed89df0256997333
PERSON_GRAR_MOHAMED_ADEL,CO_KARAMA_HOLDING,dg,corporate,certain,SP_97a3289df5982ff90bef
PERSON_TRABELSI_BOUBAKER,CO_GROUPEMENT_TUNISO_ITALIEN_IMMOBILIER,gerant,corporate,certain,SP_4d2fd0023af4dc2ecc33
PERSON_HAMAMI_SABRINE,CO_ELINE_TRAVEL_SERVICE,gerant,corporate,certain,SP_bd82632c0e92ce9cc26c
PERSON_SAIJI_NEJIB,CO_GISTAN,pdg,corporate,certain,SP_51544a824e97f82050d0
PERSON_GROSI_CARLO,CO_GISTAN,administrateur,corporate,certain,SP_b755518b4adf2948c1e1
PERSON_MABROUK_ACHREF,CO_MY_DECO,gerant,corporate,certain,SP_7f38e538fc82df224085
PERSON_CHAABANE_HAMDI,CO_TECHNICA,gerant,corporate,certain,SP_84ab4991637a86a13e9c
PERSON_HAMAMI_HALIM,CO_COMPTOIR_HAMMAMI,gerant,corporate,certain,SP_f9650e675538488dff50
PERSON_CHAABANE_AMINA,CO_QUEENS_BY_AC,gerant,corporate,certain,SP_faf6e811855b17d70206
PERSON_FRIKHA_LOTFI,CO_SYPHAX_AIRLINES,pdg,corporate,certain,SP_30aa3d6ac76f09472863
PERSON_HERMASI_ALI_BENAMAR,CO_HERMESS_CARBONATE,president_ca,corporate,certain,SP_0673136d74fcffddb2d4
PERSON_KAROUI_HATEM,CO_TRADE_SERVICES,gerant,corporate,certain,SP_f7aac158fd2b0dec4e08
PERSON_CHAABANE_MARZOUK,CO_D_ENTREPRISE_GENERALE_BATIMENT_SEGEBA,gerant,corporate,certain,SP_1cd3a55ef36d419d53fc
PERSON_SLAMA_MOHAMED_FETHI,CO_ABDELKADER_SLAMA_POTERIE,gerant,corporate,certain,SP_e9ecb0b08c394b23538f
PERSON_BEJAOUI_SEIF_EDINE,CO_CYTOPHARMA,administrateur,corporate,certain,SP_3281b6db8a6696ae4642
PERSON_ESID_HATEM,CO_COMPTOIR_TUNISIEN_PAPIERS,dga,corporate,certain,SP_c4297387e34dedb99513
PERSON_CHARAD_ANIS,CO_FLOWER,cogerant,corporate,certain,SP_bcc0889f23a166433911
PERSON_TRIKI_HASOUNA,CO_CENTRE_DANIMATION_BELLE_RIVE,pdg,corporate,probable,SP_1f6847d8e82c84e47842
PERSON_SAIDANE_MOHAMED,CO_TANIT_PROFESSIONNEL,cogerant,corporate,certain,SP_1036d6f5875b95abaa6c
PERSON_CONIGLIARO_GIOVANI,CO_DOLCE_PIZZA_ITALIA,gerant,corporate,certain,SP_b98f473eedca2594cdac
PERSON_SMAOUI_HASIBA_ZOUARI,CO_BIO_TUNISIA_INNOVATION_BIOTI,administrateur,corporate,certain,SP_2f9a37d15100917b8dd7
PERSON_SMAOUI_HASIBA_ZOUARI,CO_BIO_TUNISIA_INNOVATION_BIOTI,dga,corporate,certain,SP_c2aae4ad66d72694fa6c
PERSON_KHEDIRA_MOURAD,CO_PETITE_PATISSERIE_ALLEMANDE,gerant,corporate,certain,SP_92255d8705ca2d017a08
PERSON_ZAYANI_RADHOUENE,CO_PLACEMENTS_TUNISIE_SICAF,dg,corporate,certain,SP_8d577d16752ab058b865
PERSON_HASEN_ZOUHEIR,CO_PLACEMENTS_TUNISIE_SICAF,president_ca,corporate,certain,SP_0835a6b8c4d4caf249b3
PERSON_LARDENOIS_EDOUARD,CO_VALEO_TUNISIE,dga,corporate,certain,SP_cd7163d96c8e8d89fd60
PERSON_BENISMAIL_AHMED,CO_ST_AROMI_SAPORI_D_ITALIA,gerant,corporate,certain,SP_7ae0ae6aa27b44585dce
PERSON_MHIRI_MOURAD,ORGMENTION_Société CLINIQUE DE SOUSSE,dga,corporate,probable,SP_b18f2a0ca84156876235
PERSON_MHIRI_SAMI,ORGMENTION_Société CLINIQUE DE SOUSSE,dga,corporate,probable,SP_25b5d933c0cebdbb2917
PERSON_ZOUARI_BECHIR,CO_DELTA_TRADE,gerant,corporate,certain,SP_151f1c1a22972bd3ea68
PERSON_ZOUARI_AMEUR,CO_CREATION_INDUSTRIELLE,gerant,corporate,certain,SP_5d108f6433bb06c9ca66
PERSON_MABROUK_ALI_BENAMOR,CO_CLINIQUE_ESSAFA,commissaire_aux_comptes,corporate,probable,SP_d2c6f34e947636604015
PERSON_BAYAHI_KHALED,CO_VULCAIN,gerant,corporate,certain,SP_736a9d681af2e4b36fc0
PERSON_HAMAMI_YOUNES,CO_HAMMAMI_TRAVAUX,gerant,corporate,certain,SP_e950b786478112bf2b07
PERSON_MZID_KHALED,CO_TUNISIAN_FASHION_GARMENT_TGF,gerant,corporate,certain,SP_364f9c65f4df175243bd
PERSON_BOUSBIA_MAHMOUD,CO_ALIF_CONSULT,gerant,corporate,certain,SP_f0d275a3cd8f45e54b09
PERSON_CHAIEB_ZOUBEIR,CO_ADVANCED_E_TECHNOLOGIES_AETECH,administrateur,corporate,probable,SP_983203ff4e63e6686f9d
PERSON_BRAKHA_JOSEPH,CO_STELIA_AEROSPACE_TUNISIE,administrateur,corporate,certain,SP_703dc7b50a04744a839c
PERSON_ZAHAF_SLAHEDINE,CO_SIDEV_SICAR,commissaire_aux_comptes,corporate,certain,SP_858269799f82c6b0f277
PERSON_MZABI_MONCEF,CO_SIDEV_SICAR,pdg,corporate,certain,SP_06dfc1be03db1004c608
PERSON_BENKHALIFA_AHMED_FAOUZI,CO_TUNISIE_TRADENET,pdg,corporate,certain,SP_f03083f126909fba31ee
PERSON_ELOUMI_FAOUZI,CO_COFAT_MED,unspecified,corporate,certain,SP_b4d406f9ebd2e96e3c06
PERSON_KOCHBATI_BADREDINE,CO_ITALIA_DISEL,gerant,corporate,certain,SP_72660e5e1a1ca134859d
PERSON_KAMOUN_HOUDA,CO_EL_HOUDA,gerant,corporate,probable,SP_7ba52ddad2bf6768ff16
PERSON_BENAYED_MALEK,CO_ROYAL_OLIVE_OIL,gerant,corporate,certain,SP_20d17efd5f6e3d54ba0d
PERSON_LABIDI_SAMI,CO_HAGER_SARA,gerant,corporate,certain,SP_3b299ae7d3c5b835ba6e
PERSON_SLAMA_KAIS,CO_GREEN_BUSINESS,gerant,corporate,certain,SP_e5f8138a7e4337cccedc
PERSON_MZABI_SKANDER_FADHEL,CO_VERTU_COMMERCIAL,gerant,corporate,certain,SP_6d3bc68d564d1eaf8150
PERSON_CHAKROUN_NASR_ALI,CO_CONTACT_CENTER,dg,corporate,certain,SP_e1f94b7b6b4f12abf1d7
PERSON_BABOU_FERIDA_SARA,CO_CONTACT_CENTER,president_ca,corporate,certain,SP_af60d729699d9a0f4c72
PERSON_DEBABI_LOTFI,CO_GENERALE_VENTE,dg,corporate,certain,SP_7b05a806e09fe3ad4843
PERSON_SLAMA_ADEL,CO_DISPACO,cogerant,corporate,certain,SP_9540a233500284345f71
PERSON_BELAID_MONCEF,CO_CHIMEX,gerant,corporate,probable,SP_548347606ff0a6b61daf
PERSON_BENSALAH_SOUHAIL,CO_BENS_CONSULTING,gerant,corporate,certain,SP_645e27a3b3fc247b94fd
PERSON_BENRAYANA_MOHAMED_LYES,ORG_ENDEAVOR_TUNISIA,vice_president,corporate,certain,SP_3b92d4ad1ffa3d1d523e
PERSON_BENROMDHANE_SAMI,ORG_ENDEAVOR_TUNISIA,secretaire_general,corporate,certain,SP_a07e8b3387e1b0568070
PERSON_BENAYED_RAFIK,CO_HELIOS_HOLDING,pdg,corporate,certain,SP_cdf5caab9c53b2c86775
PERSON_HAMROUNI_WALA_BENMONTHER,CO_CENTRE_EMNA_POUR_EDUCATION_SPECIALISEE,gerant,corporate,certain,SP_681322dbc0a1bfedf16f
PERSON_FOUDHAILI_TAIEB,CO_SOUTH_ORGANIC,unspecified,corporate,certain,SP_e5cfaf30fc7d1f31f6b0
PERSON_CHEBIL_NAHLA,CO_ECOLE_INTERNATIONALE_FRANCAISE_COLLEGE,gerant,corporate,certain,SP_d2b45eb9893d89ae1f3d
PERSON_BENANI_AZA,CO_SICAR_INVEST,dg,corporate,certain,SP_143c26769738ded80f13
PERSON_KHECHINE_ABDELHAMID,CO_STAFIM,pdg,corporate,probable,SP_d77252722879206bcfef
PERSON_ZOUARI_ABDERAHIM,CO_STAFIM,vice_president,corporate,probable,SP_27f11e3b99f3b6f7b2e8
PERSON_MRABET_CHAKER,CO_AMADEUS_TUNISIE,dg,corporate,certain,SP_9d461c3b6a24a6b8c8ab
PERSON_BAHRI_SLAH,CO_SOTREFIL,president_ca,corporate,certain,SP_8dc2f84089e97503689d
PERSON_MATERI_ANISA,CO_CEFOR,gerant,corporate,certain,SP_6a6a3565eedc6980b05a
PERSON_MABROUK_OUANEES,CO_MEHDIA_BETON,gerant,corporate,certain,SP_07e530bef9b5e95a6eb4
PERSON_MABROUK_AMAL,CO_OASIS_CALL_CENTER,gerant,corporate,certain,SP_53de9b8c09fc31096cb9
PERSON_BEREHOUMA_AYMEN,CO_CAP_SAISONS,commissaire_aux_comptes,corporate,probable,SP_ef3d4ac53da1c62bb5b6
PERSON_HAMAMI_DHAMEN,CO_EYE_CATCHING_DESIGN,gerant,corporate,certain,SP_e6a2dd1f65d0cc4865c6
PERSON_HORCHANI_AMIRA,CO_HOLYA_INTERIOS,gerant,corporate,certain,SP_1e054e6ee4465114017d
PERSON_CHABCHOUB_MOHAMED,CO_MEGA,gerant,corporate,certain,SP_9a3d2d783fe16d1c45c3
PERSON_HAMROUNI_KHEIREDINE,CO_YASMINE,gerant,corporate,certain,SP_ca67c0fae34af82a81fd
PERSON_HAMAMI_OUALID,CO_CAP_SOLAR,gerant,corporate,certain,SP_d9b268f7981dd0867da5
PERSON_DEROUICHE_NEJIB,CO_SMARTBRIDGING_CONSULTING,gerant,corporate,certain,SP_0bb8217c117aac165e17
PERSON_SALAH_SAMI,CO_DREAM_HOUSE,gerant,corporate,certain,SP_fb3389b0f2650980a2a8
PERSON_MZABI_BRAHIM,CO_ATLAS_PEINTURE,cogerant,corporate,certain,SP_a4c9bb03b93fd1571f73
PERSON_LAZREG_HABIB,CO_EEMAR_DOORS,gerant,corporate,probable,SP_709e4d2a09e42338cf4e
PERSON_HAMAMI_MOHAMED,CO_KARCHER,gerant,corporate,certain,SP_3aa3a4a73aabe2fd849c
PERSON_KILANI_MOHAMED,CO_NEW_PHARMA,associe,corporate,certain,SP_30f1c5de39d2c3abd250
PERSON_HADJALI_MAJED,ORG_CHAMBRE_COMMERCE_SERVICES_TUNISO_AFRICAINE,association_president,corporate,certain,SP_35320310cd18657df52a
PERSON_BENDALI_MEHDI,ORG_CHAMBRE_COMMERCE_SERVICES_TUNISO_AFRICAINE,secretaire_general,corporate,certain,SP_89d1fb1dfaf46630ce74
PERSON_SMAOUI_SAMI,ORG_CHAMBRE_COMMERCE_SERVICES_TUNISO_AFRICAINE,treasurer,corporate,certain,SP_c27fbf45f02ce8550494
PERSON_ABDELMOULA_HELA_DRIS,CO_PALET_FIN,gerant,corporate,certain,SP_cca8ec5c6bb2036be2af
PERSON_KHECHINE_SAHBI,CO_KHECHINE_POUR_PROMOTION_IMMOBILIERE,gerant,corporate,certain,SP_8d0c0ac9e5f9203a970e
PERSON_AKROUT_MARIEM_KHECHINE,CO_BEST_LEAN_CONSULTING,gerant,corporate,certain,SP_bb19ff8f717a49f8d89f
PERSON_GHARBI_LEILA,CO_FASHION_CAP_BON,gerant,corporate,certain,SP_379b9e14b601df1be092
PERSON_MHIRI_NEJI,CO_TOURISTIQUE_MOURADI_TOZEUR,dga,corporate,probable,SP_af42c9ad2d7596d2036b
PERSON_AMAR_MOHAMED,CO_MONDIALE_TUNISO_TURQUE,gerant,corporate,certain,SP_181e1cf9f2c012833def
PERSON_ZEKRI_NOUREDINE,CO_AFRICONSULT,gerant,corporate,certain,SP_f3ba970dacc7d95d40bd
PERSON_DRIS_BASEM,CO_COPHAMED_PHARMA,gerant,corporate,certain,SP_4a0ae3233be73c9bfe7a
PERSON_TRIKI_NABIL,CO_RECALL,cogerant,corporate,certain,SP_575db71ea83799999dc8
PERSON_CHOUROU_SADOK,CO_CENTRE_ESSADOK_POUR_CULTURE_DEVELOPPEMENT,gerant,corporate,certain,SP_b3743ed8fb242f30892f
PERSON_JELASI_TAOUFIK,CO_TUNISIENNE_DASSURANCE_LLOYD_TUNISIEN,administrateur,corporate,certain,SP_881818a419e1b01394be
PERSON_MAHJOUB_MOHAMED,CO_CAR_TECH,gerant,corporate,certain,SP_7515bf9bf18a3b5dfe3e
PERSON_LAHMAR_MUSTAPHA,CO_BRIQUETERIE_LAHMAR_COMPAGNIE,administrateur,corporate,certain,SP_c6154a1d737ce00f338d
PERSON_LAHMAR_FAOUZI,CO_BRIQUETERIE_LAHMAR_COMPAGNIE,unspecified,corporate,certain,SP_2337e24a43cc7ef350a7
PERSON_LAHMAR_HATEM,CO_BRIQUETERIE_LAHMAR_COMPAGNIE,unspecified,corporate,certain,SP_b85b072f90b6125e3959
PERSON_LAHMAR_MOHAMED,CO_BRIQUETERIE_LAHMAR_COMPAGNIE,unspecified,corporate,certain,SP_0faee7446c7dc430c3bd
PERSON_TABOUBI_NOUREDINE,CO_HOTELIERE_IMMOBILIERE_AMILCAR,president_ca,corporate,certain,SP_dcd855e705f6af793196
PERSON_HACHICHA_MOHAMED_HATEM,CO_TOURISME_LOISIRS,gerant,corporate,certain,SP_6da1cb8c5338a78494a5
PERSON_ENEIFER_CHIRAZ,CO_CN_PHARMA,gerant,corporate,certain,SP_8701da299e3bdadbdd85
PERSON_AMRI_HASEN,CO_PRIMA_TEC,gerant,corporate,certain,SP_004cc1bdafd923a2aec8
PERSON_MZABI_FAOUZIA,CO_INTER_CONSEIL,gerant,corporate,certain,SP_01cfcfbe89c5bd48c668
PERSON_BROSA_VICTOR_GARCIA,CO_CIMENTS_DENFIDHA,administrateur,corporate,probable,SP_7e0aa6a2285bd0757d20
PERSON_SALVATELA_RAMON,CO_CIMENTS_DENFIDHA,administrateur,corporate,probable,SP_bd7ab207de5289f1ccf5
PERSON_ZOUAOUI_SOUHEIL,CO_CIMENTS_DENFIDHA,administrateur,corporate,probable,SP_f216fbc80f920ef51720
PERSON_SALVATELA_RAMON,CO_CIMENTS_DENFIDHA,pdg,corporate,certain,SP_65ba09b21cb6774ddfe1
PERSON_ZOUAOUI_SOUHEIL,CO_CIMENTS_DENFIDHA,dga,corporate,certain,SP_b5e326557fe4004b2979
PERSON_BENMAHMOUD_MOURAD,CO_WIKI_START_UP,administrateur,corporate,certain,SP_30141b19e59e1178215d
PERSON_KILANI_KARIM,CO_PHENIX,gerant,corporate,certain,SP_2d4c8048728bdf8be15a
PERSON_KILANI_SLIM,CO_PHENIX,gerant,corporate,certain,SP_cf8bb8ab9e3950e2cb51
PERSON_AREM_LAMIA,CO_DECO,administrateur,corporate,certain,SP_6b5d2373b19dc96fd753
PERSON_AREM_MOHAMED_WALID,CO_DECO,administrateur,corporate,certain,SP_581f632eda917854645a
PERSON_AREM_MEHDI,CO_DECO,administrateur,corporate,certain,SP_03efc1da4add2895f12f
PERSON_AREM_BAYA,CO_DECO,administrateur,corporate,certain,SP_38ffd71004d84ff02819
PERSON_DJILANI_NEDIA_MEDEB,CO_DEVELOPPEMENT_AGRICOLE_EL_HAFSIA_SDA_HAFSIA,administrateur,corporate,certain,SP_5b4debbd5f90ecd274f0
PERSON_AREM_JAMEL,CO_DECO,president_ca,corporate,certain,SP_f36769dd07e5b72952b6
PERSON_AREM_LAMIA,CO_DECO,dga,corporate,certain,SP_4dd0f42505372d5446ea
PERSON_BENRHOUMA_ABDERAHMAN,CO_MEDITERRANEAN_GYPSUM_PLASTER_MEDGYP,pdg,corporate,probable,SP_b6d16bb950c584284ded
PERSON_BENGHAZI_AHMED,CO_TUNIS_INTERNATIONAL_BANK,member,corporate,certain,SP_ca469d62fc8c236fefb3
PERSON_MANSOUR_HAMADI,CO_UNIVERS_EQUIPEMENT_MANSOUR,gerant,corporate,certain,SP_aec2e6759e4903568e8f
PERSON_HAMAMI_NOZHA,CO_NOZHA_CONFECTION,associe,corporate,certain,SP_c4ad0b10323b5ff44776
PERSON_BOUZGUENDA_AMINA,ORG_HOPE,association_president,corporate,certain,SP_8f1a5ffc413a3f2062ba
PERSON_HIZAOUI_WALID,ORG_HOPE,treasurer,corporate,certain,SP_f30950654200ad041652
PERSON_BENHAMADI_LOTFI,ORG_HOPE,secretaire_general,corporate,certain,SP_a9a07005473e2b35dc49
PERSON_HAMAMI_GHASEN,CO_BS_DIAGNOSTICS,gerant,corporate,certain,SP_aadec5d9c8feb5bd5c41
PERSON_HAMAMI_BASMA_BOUKHRIS,CO_HLOUWA_DISTRIBUTION,gerant,corporate,certain,SP_4f8171c0846808c60fa6
PERSON_HAMAMI_MOHAMED,CO_HAMMAMI,gerant,corporate,certain,SP_618b73543c8194864ce6
PERSON_HAMROUNI_KARIMA_BENTALALA,CO_LART_DECORATION,gerant,corporate,certain,SP_a269b3c7a10f9b32e7c5
PERSON_MIMOUNI_GHAZI,CO_GRAND_ITALIA,gerant,corporate,certain,SP_538139395f070e808034
PERSON_BENJEMAA_HICHEM,CO_BIZERTA_MARITIME_ASSOCIATION,secretaire_general,corporate,certain,SP_0fc43f596dde80ab5e99
PERSON_HAMAMI_LOBNA,CO_MONDE_COMMERCE,gerant,corporate,certain,SP_8902f7aa8c27cee0ce15
PERSON_BOURICHA_SAMIR_SLIM,CO_MEDZEIN_ASSISTANCE,gerant,corporate,certain,SP_94c97246513f29d849a0
PERSON_KACEM_LOTFI_BENHAJ,CO_COMAR_INVESTISSEMENT_SICAF,pdg,corporate,certain,SP_0f3bbcb0809d9507186c
PERSON_FOUDHAILI_TAIEB,CO_SOUTH_ORGANIC,pdg,corporate,certain,SP_cd754b509ed658e1dced
PERSON_FRADI_AYMEN,CO_IMMOBILIERE_DIAR_EL_OPERA,pdg,corporate,certain,SP_1dd1c8768b149f7a5552
PERSON_ZAAFRANE_MOUINE,CO_MEDICEF,administrateur,corporate,certain,SP_a0f508e462c870066d43
PERSON_ZOUARI_MOURAD,CO_TUNISIENNE_SPORT_LOISIR,gerant,corporate,certain,SP_44b23bebd34aab50470f
PERSON_TRIKI_ABIR,CO_ARCO_EVENTI,gerant,corporate,certain,SP_f8643ce2aa05aaa04ae1
PERSON_HADJSALAH_NABIL,CO_TEBOURTEX,gerant,corporate,certain,SP_dfad02627707670b404c
PERSON_HANEFI_HICHEM,CO_UPAH_HOLDING,gerant,corporate,certain,SP_45b0926810b043ab2b13
PERSON_HAMROUNI_RAJA,CO_RAJA_DISTRIBUTION_FILTRES_SRDF,gerant,corporate,certain,SP_28a10c60279f4f950c20
PERSON_KAMOUN_AMIN,CO_BR_JEWELS,gerant,corporate,certain,SP_c80193a70686f81cd14b
PERSON_CHAIBI_NABIL,CO_STEM,administrateur,corporate,certain,SP_9092d4828120577ffa14
PERSON_CHAIBI_NABIL,CO_STEM,president_ca,corporate,certain,SP_34b10373e969f07a2297
PERSON_BOURICHA_SONIA,CO_INDUSTRIELLE_COMMERCIALE_EQUIPEMENTS_MARITIMES_SOICEM,unspecified,corporate,certain,SP_0216a244da15da60fb81
PERSON_BOURICHA_SONIA,CO_INDUSTRIELLE_COMMERCIALE_EQUIPEMENTS_MARITIMES_SOICEM,president_ca,corporate,certain,SP_067b0b232cb75a775db0
PERSON_SMIDA_NABIL,CO_NATIONALE_DISTRIBUTION_PETROLES_AGIL,pdg,corporate,certain,SP_264a3fff6e687d307045
PERSON_LAHMAR_MOHAMED,CO_CHAUSSETTES_KENZA,gerant,corporate,certain,SP_25d2d2dccbda21d7dbf8
PERSON_ELOUMI_MOLKA,CO_SYPHAX_COMPANY,gerant,corporate,certain,SP_24ff12872c2998ed3821
PERSON_NOUIRA_CHEKIB,CO_DIDO_CAPITAL_PARTNERS,president_ca,corporate,certain,SP_2af8c5d608cbc9631ddd
PERSON_ATIA_KHALIL,CO_DIDO_CAPITAL_PARTNERS,dg,corporate,certain,SP_b09a9dcd4833e0a683e9
PERSON_TRIKI_NABIL,CO_THOTH,gerant,corporate,certain,SP_24356b314708d663f8ca
PERSON_TRIKI_AHMED,CO_EL_IMTIYEZ_IMPORT_EXPORT,gerant,corporate,certain,SP_6dba2f63a37d9255e23c
PERSON_BENSAAD_MOHAMED_HABIB,CO_PROMOTION_FINANCEMENT_TOURISTIQUE_CARTHAGO,president_ca,corporate,certain,SP_6ae075f96d5762e1cd93
PERSON_ZOUAOUI_MAHA,CO_PROMOTION_FINANCEMENT_TOURISTIQUE_CARTHAGO,dg,corporate,certain,SP_1846f569db9fe7b5d56b
PERSON_ZGHAL_HICHEM,CO_TUNISIE_LEASING,dg,corporate,certain,SP_79fbe20698f88c11f6f1
PERSON_GHARIANI_MOKHTAR,CO_DREAM_FASHIONS,cogerant,corporate,certain,SP_e07b9748395513ac04da
PERSON_KAOUECH_RIDHA,CO_DREAM_FASHIONS,cogerant,corporate,certain,SP_606b43fa57ea2268f110
PERSON_KAMOUN_YASER,CO_ALLIANCE_EXPORT,gerant,corporate,certain,SP_20369ca53a99e65e8650
PERSON_KILANI_AMEL,CO_ALPHA_LIGHTING_DETAIL,gerant,corporate,certain,SP_63fbb64c0e6954ef5f33
PERSON_BOURICHA_RABEB_BENABDERAHMAN,CO_YOUSSEF_COMMERCE_RCE_DISTRIBUTION,gerant,corporate,certain,SP_f55326d8d3f42234b472
PERSON_CHAABANE_FAOUZI,CO_SHIDA,gerant,corporate,certain,SP_ca51acb314a43b1c7626
PERSON_ZOUARI_MOHAMED_WASIM,CO_BATIMENTS_GENERAUX_ZOUARI_SOBAG_ZOUARI,gerant,corporate,certain,SP_07d914289f86ec643425
PERSON_KOOLI_MOHAMED_NEJIB,CO_KOOLI_TK,cogerant,corporate,certain,SP_570335f7930f16945296
PERSON_TRIKI_WALID,CO_COCCINELLE_STUDIOS,gerant,corporate,certain,SP_c8c6cde2330385b2fe71
PERSON_BOURICHA_KHALED,CO_GALVANISATION_TRANSFORMATION_METAUX_SGTM,administrateur,corporate,certain,SP_d7eabf599d8a376e8584
PERSON_BOUZGUENDA_AHMED,CO_GALVANISATION_TRANSFORMATION_METAUX_SGTM,administrateur,corporate,certain,SP_5b4068448b7a3e5abc48
PERSON_BENAYED_TAOUFIK,CO_GALVANISATION_TRANSFORMATION_METAUX_SGTM,administrateur,corporate,certain,SP_d84bb419a66fad543f59
PERSON_BENTURKIA_CHEDIA,ORGMENTION_Société École Centrale Supérieure Privée de Droit et des Sci,administrateur,corporate,certain,SP_84d0b041fe2fdbd3fcf1
PERSON_BENAMARA_KAMEL,CO_SOKATEL,gerant,corporate,certain,SP_102083b16a5e3c8fd48f
PERSON_HAMAMI_TAOUFIK,CO_SALLE_FETES_LAYELI_EL_OUNS,gerant,corporate,certain,SP_21e2e9c66995662cfba8
PERSON_CHIRONA_GIORGIO,CO_KF_PARTNERS,gerant,corporate,certain,SP_6c976000fc2537550cff
PERSON_MIKOU_MOHAMED_ANAS,CO_BMCE_CAPITAL,president_ca,corporate,certain,SP_56dd2624b5c481a0b69e
PERSON_FAKHFAKH_MOHAMED_MONCEF,CO_CIVILE_AGRICOLE_SALMA,gerant,corporate,certain,SP_5dc9ad1564209ed88eb3
PERSON_HAMAMI_MOUNIR,CO_HAMMAMI_EVENTS,gerant,corporate,certain,SP_83ba2a68b5444d5f301e
PERSON_TRABELSI_NABIL,CO_CONGELATION_TOUS_PRODUITS_PECHE_AGRICOLE_SOCEPA,president_ca,corporate,certain,SP_9379970f8a099ea3dac1
PERSON_MOHAMED_ABDENADHER,CO_TOOL_BOX,gerant,corporate,certain,SP_39092f421577c6f46a56
PERSON_TRIKI_MOHAMED_LAHBIB,CO_CASA_MODE,gerant,corporate,certain,SP_c7e14d2598cf578d391e
PERSON_MABROUK_SABER,CO_EL_AMAL_DISTRIBUTION,gerant,corporate,certain,SP_45725560a310eb58a97a
PERSON_CHERIF_RACHID,CO_PARTICIPATIONS_PROMOTION_INVESTISSEMENTS,administrateur,corporate,certain,SP_d2b8439c39d6cdf9b01c
PERSON_JAIDANE_RIADH,CO_MODERNE_CONDITIONNEMENT,dg,corporate,certain,SP_1a2fa32e82037ceebbfb
PERSON_KAMOUN_MOHAMED_ALI,CO_EL_BARAKA_BWILDING,gerant,corporate,certain,SP_8a7b86e366dfdab8437e
PERSON_BENYEDER_HALIM,CO_MEDITERRANEAN_TRACTORS_INTERNATIONAL,dg,corporate,certain,SP_d4117622ae0dd37484d3
PERSON_DERBEL_THAMEUR,CO_PROTECTRICE,pdg,corporate,certain,SP_cf4273a1ea9979552fff
PERSON_GOUIAA_RIADH,CO_TECHNOPACK,gerant,corporate,certain,SP_011a973ae5fcfdfaa9ba
PERSON_BOUZGUENDA_AHMED,CO_GALVANISATION_TRANSFORMATION_METAUX_SGTM,president_ca,corporate,certain,SP_c3c24d16d5b6ee57138c
PERSON_BENHALIMA_NAIM,CO_BAYA_CO,gerant,corporate,certain,SP_2b6e29240c0d56e586ec
PERSON_TAMARZISTE_MEHDI,CO_FLAT_6_LABS_TUNISIA,president_ca,corporate,certain,SP_5789fca97d67e53e9628
PERSON_BELKHODJA_ZAKARIA,CO_FLAT_6_LABS_TUNISIA,dg,corporate,certain,SP_4b58afc106c5c59ae85a
PERSON_MEHRI_SONIA_HAROUCH,CO_ARAB_TUNISIAN_INVEST_ATI_SICAF,dg,corporate,certain,SP_7fec3b470a5c8cd0df7e
PERSON_KHOUAJA_MAHDI,CO_ALFET_EL_MACHIA_SAM,president_ca,corporate,certain,SP_348bfbbe3d039e0bcebe
PERSON_HACHICHA_SOUHEIL,CO_ALFET_EL_MACHIA_SAM,dg,corporate,certain,SP_f2edf25481dd6f8a82b9
PERSON_HMIDA_ADNEN,CO_ALFET_EL_MACHIA_SAM,dga,corporate,certain,SP_5f41110dc6982fc7ab56
PERSON_GRAR_MOHAMED_ADEL,CO_TUNISIAN_INVESTMENT_COMPANY,administrateur,corporate,certain,SP_d9e883a7bb94ff06f095
PERSON_GRAR_MOHAMED_ADEL,CO_TUNISIAN_INVESTMENT_COMPANY,pdg,corporate,certain,SP_18f49b7ee266316e8ebc
PERSON_ZGOULI_ABDELKADER,CO_KARTHAGO_GROUP,administrateur,corporate,certain,SP_b893e1be57159ce74641
PERSON_GRAR_ADEL,CO_KARTHAGO_GROUP,administrateur,corporate,certain,SP_0c98d64a938c8ff8a1d4
PERSON_GRAR_ADEL,CO_KARTHAGO_GROUP,pdg,corporate,certain,SP_1fdd57130dbada316100
PERSON_MABROUK_ALI,CO_SAMA_PARTNERS_BUSINESS_SOLUTIONS,cogerant,corporate,certain,SP_99bb7d88d5f933d2c2ab
PERSON_ESAYAH_HABIB,CO_EURO_CYCLES,association_president,corporate,certain,SP_9d8a0ab64fb1f9feb678
PERSON_GHAZI_MOURAD,CO_EURO_CYCLES,administrateur,corporate,probable,SP_f7184c25b0dc03ccbd12
PERSON_BENYOUSEF_ABDELAZIZ,CO_EURO_CYCLES,administrateur,corporate,probable,SP_7c6f7294ac2caad2a27b
PERSON_HARABI_MONCEF,CO_STEG_INTERNATIONAL_SERVICES,president_ca,corporate,certain,SP_3a228544e20f2b8a4777
PERSON_GRAR_ADEL,CO_KARTHAGO_INVEST,administrateur,corporate,certain,SP_2ded99548a7f6aa980a7
PERSON_GRAR_ADEL,CO_KARTHAGO_INVEST,pdg,corporate,certain,SP_cf5f943894ed7fa9e2ed
PERSON_GRAR_MOHAMED_ADEL,CO_SICAF,administrateur,corporate,certain,SP_e0e4d507a9404a823dbe
PERSON_GRAR_MOHAMED_ADEL,CO_SICAF,pdg,corporate,certain,SP_8c0f91fb086f5e7f747f
PERSON_CONIGLIO_AGOSTINO,CO_ITALIA_DESIGN,gerant,corporate,certain,SP_f51471adbb46ffe8e861
PERSON_GHORBEL_ANIS,CO_SECOMET,pdg,corporate,certain,SP_1d3aeda22e99a7434748
PERSON_IZQUIERDO_JULIO_RODRIGUEZ,CO_SOTACIB_KAIROUAN,administrateur,corporate,certain,SP_d22c21a9efb59af85804
PERSON_ELBA_TAREK,CO_SOTACIB_KAIROUAN,administrateur,corporate,certain,SP_bfe7397d8a96c236f5b6
PERSON_IZQUIERDO_JULIO_RODRIGUEZ,CO_TUNISO_ANDALOUSE_CIMENT_BLANC,administrateur,corporate,certain,SP_1cae8c44ca16570cea65
PERSON_ELBA_TAREK,CO_TUNISO_ANDALOUSE_CIMENT_BLANC,administrateur,corporate,certain,SP_aff569e0c28839b6bd1a
PERSON_KHALIL_MOHAMED,CO_CARTHAGE_TOURISM_AND_MICE_C_T_M,gerant,corporate,certain,SP_479bda0903ec6d9befe0
PERSON_KALEL_ANIS,ORGMENTION_Société MEDIANET,administrateur,corporate,certain,SP_50f19581ee94595ad3d9
PERSON_TRIKI_NABIL,CO_RECALL_HOLDING,pdg,corporate,certain,SP_68536d1fb5f8fabc2679
PERSON_BENZIANE_RACHID,CO_BENZ_HOLDING_COMPANY,gerant,corporate,certain,SP_cf91c3d7bece702acecb
PERSON_DRIS_MOHAMED_EI_HEDI,CO_TECHNO_DISTRIBUTION_MAINTENANCE,gerant,corporate,certain,SP_166d8477bbe85dfdac0a
PERSON_ZAHAF_SLAHEDINE,CO_DEXPLOITATION_AGRICOLE_EL_HANCHIR,gerant,corporate,certain,SP_07f52a0d516f40690606
PERSON_TRIKI_TAIEB,CO_PANIER_VERT,gerant,corporate,certain,SP_01d9f6ae302033bed49c
PERSON_BANANI_MAJDI,CO_MMSB_CONFECTION,gerant,corporate,certain,SP_179d3069cbdd6271d520
PERSON_MAZHOUDI_RACHID,CO_GABES_INVEST_SICAR,pdg,corporate,probable,SP_ed6d08d43926dac31b51
PERSON_BOUZGUENDA_AHMED,CO_SICEP_TUNISIE,president_ca,corporate,certain,SP_24a4ec960439bcfc0923
PERSON_JERIDI_SAMIA,CO_CENTRE_CONDITIONNEMENT_FRUITS,gerant,corporate,certain,SP_79a3ca0a13b3435cc9d3
PERSON_TRABELSI_BOUBAKER,CO_TRABELSI,gerant,corporate,certain,SP_078cd0ef78ba70136dc8
PERSON_MAAOUI_MARIEM,CO_ASSURANCES_MAGHREBIA,administrateur,corporate,certain,SP_5e56853df8c4377fed1d
PERSON_ABDALAH_MUSTAPHA,CO_KAMTEX,gerant,corporate,certain,SP_b1b734d356c072a6704f
PERSON_SARAJ_JAMEL,CO_KAMTEX,gerant,corporate,certain,SP_f080cfea293e3c90713f
PERSON_BENHENDA_SAMI,CO_KAMTEX,gerant,corporate,certain,SP_adb6bbf495a94c17af4d
PERSON_GHEDAMSI_MOHAMED_SALAH,CO_PANNEAUX_MAGHREB,cogerant,corporate,certain,SP_376d4d4e14b9e99aaa4f
PERSON_ZOUARI_ABDELJAWED,CO_ADVANCED_FOR_EDUCATION,gerant,corporate,certain,SP_913f0348ed2df76d3f1d
PERSON_BENYEDER_HAKIM,CO_COMAR,administrateur,corporate,certain,SP_f0b24d53c7baa751d5fd
PERSON_MZABI_MZOUGHI,CO_AGHIR,president_ca,corporate,certain,SP_dcd27d0e37291ce69e21
PERSON_AICHI_ALI,ORGMENTION_Société L'HOMARD,unspecified,corporate,certain,SP_8d1596e13b20655c7be7
PERSON_BENAMARA_MONTASER,ORGMENTION_Société L'HOMARD,unspecified,corporate,certain,SP_c4863f9cdea604cc0b7b
PERSON_BOUAZIZ_FATMA,ORGMENTION_Société L'HOMARD,unspecified,corporate,certain,SP_fbd671c16026b53bd759
PERSON_CHARFEDINE_LOTFI,ORGMENTION_Société L'HOMARD,unspecified,corporate,certain,SP_45f8ee62286585bcfb60
PERSON_AICHI_ALI,ORGMENTION_Société L'HOMARD,dg,corporate,certain,SP_2ec2fe998e7f3ba4ef8b
PERSON_KANOUN_ZAHER,CO_ROYAL_FASHION,gerant,corporate,certain,SP_2afa1bdd7d0236508dd0
PERSON_RIAHI_MOHAMED,CO_RAHF_COMMERCE_EN_GROS_SORACO,gerant,corporate,certain,SP_00edd56b4d8073aec15a
PERSON_HAMAMI_TAREK,CO_RAYEN_PRODUITS_DIVERS,gerant,corporate,certain,SP_1d6dce1a0f2486a85e2e
PERSON_ELOUMI_ANIS,CO_IMMOBILIERE_AL_IRAD,administrateur,corporate,certain,SP_539da3efc8c7b8a22ac3
PERSON_BENDHAOU_FATHI,CO_FRANCE_MAGHREB_DISTRIBUTION,cogerant,corporate,certain,SP_9ae7051b944f7918d642
PERSON_DRIS_SABER,CO_ELECTROPLUS_DISTRIBUTION,gerant,corporate,certain,SP_77e29c15e115dd685099
PERSON_KAMOUN_SAMI,CO_KAPRA,gerant,corporate,certain,SP_6b79f5ef35e5c2ba6a7c
PERSON_TRIKI_NABIL,CO_TUNISIENNE_INDUSTRIELLE_PAPIER_CARTON_SOTIPAPIER,administrateur,corporate,certain,SP_e77cff1188d3fa4ad2b5
PERSON_AYED_LOTFI,CO_TUNISIENNE_INDUSTRIELLE_PAPIER_CARTON_SOTIPAPIER,administrateur,corporate,certain,SP_76d54ab15b3fb5d6d10f
PERSON_HAMROUNI_ABDELATIF,CO_TUNISIENNE_INDUSTRIELLE_PAPIER_CARTON_SOTIPAPIER,administrateur,corporate,certain,SP_524bea48fbe7fd062c0d
PERSON_SIALA_MOHAMED_KARIM,CO_TUNISIENNE_INDUSTRIELLE_PAPIER_CARTON_SOTIPAPIER,administrateur,corporate,certain,SP_21115961b15cde8e5a2f
PERSON_TRABELSI_ADEL,CO_TUNISIENNE_BOISSONS_LOUEST,pdg,corporate,certain,SP_7bb3058cdaf08854cf51
PERSON_FALGON_CLAUDE,CO_ADVANS_TUNISIE,administrateur,corporate,certain,SP_a2aab87bfa22fa83f535
PERSON_AKROUT_RIADH,CO_ADVANS_TUNISIE,administrateur,corporate,certain,SP_771e8f81234df4d8b563
PERSON_MEISTER_FLORIAN,CO_ADVANS_TUNISIE,administrateur,corporate,certain,SP_c99b9ccbb268bbc9a3d1
PERSON_KALEL_EMNA,CO_ADVANS_TUNISIE,administrateur,corporate,certain,SP_0f6bacc35c7c8c5312ef
PERSON_AYED_MOHAMED_ALI,CO_TUNISIENNE_BANQUE,administrateur,corporate,certain,SP_6c0978bd80c09c5e884f
PERSON_BENFDHILA_MOHAMED_ELYES,CO_CONDITIONNEMENT_DHUILE_ALIMENTAIRE_SCHA,gerant,corporate,certain,SP_c9e9f23cf1805abecc72
PERSON_HAMAMI_SAIDA,CO_DRIWORK,gerant,corporate,certain,SP_aa231aa0991d2eecae93
PERSON_MABROUK_MOHAMED_BENMABROUK_BENDHAOU,CO_INGENIERIE_CONSEIL_CONSTRUCTION_MAINTENANCE,gerant,corporate,certain,SP_4c0cc02f21058fc736f5
PERSON_RADHOUANI_MOHAMED_SASI,CO_GROUPE_FORMATION_TECHNOLOGIQUE,unspecified,corporate,probable,SP_844a95015a3fcc490e23
PERSON_CHAIBI_NABIL,ORGMENTION_Société DISTRICOM,administrateur,corporate,probable,SP_d92729dc458b63e2350a
PERSON_KAROUI_MOHAMED_CHERIF,ORGMENTION_Société DISTRICOM,administrateur,corporate,probable,SP_55912d96be4ff27203a6
PERSON_CHAIBI_NABIL,ORGMENTION_Société de Promotion Immobilière Charguia,administrateur,corporate,probable,SP_dc4e62ea7c2929b8d7a3
PERSON_KAROUI_MOHAMED_CHERIF,ORGMENTION_Société de Promotion Immobilière Charguia,administrateur,corporate,probable,SP_4fde271c87ffc76aada1
PERSON_KAMOUN_HSAN,CO_JAWHARA,gerant,corporate,certain,SP_368a98021f83652752c3
PERSON_HAMAMI_SALAH,CO_TELINFO_TECHNOLOGY,gerant,corporate,certain,SP_77d5af3aa88bad1f47c0
PERSON_JOMAA_SOUMAYA,CO_MINOTERIES_INDUSTRIES_DIVERSES_SIMID,administrateur,corporate,probable,SP_8efe09e5ef1218d696e3
PERSON_BENMALEK_ANAS,CO_D_ARTICLES_HYGIENIQUES,representant,corporate,probable,SP_0b93899e2db830cfce0b
PERSON_SLAMA_ADEL,CO_COMMED_DISTRIBUTION,gerant,corporate,certain,SP_31d1f1cc0a547263f7bb
PERSON_DJILANI_NEDIA_MEDEB,CO_BOISSONS_CAP_BON_SBC,dga,corporate,certain,SP_b167862218812bbd321a
PERSON_ABIDI_SIRINE_MEDEB,CO_BOISSONS_CAP_BON_SBC,dga,corporate,probable,SP_1fb9e6f8063ecd994c00
PERSON_ELOUAKAA_ZOUHEIR,CO_BANQUE_TUNISO_LIBYENNE,dg,corporate,certain,SP_565a2b0beeff12068ef0
PERSON_BOUFTIRA_MOHAMED_SAID,CO_BANQUE_TUNISO_LIBYENNE,president_ca,corporate,certain,SP_8b1d954dce60de72b951
PERSON_BETAIEB_SLIMEN,CO_ARAB_TUNISIAN_LEASE,administrateur,corporate,probable,SP_77b37800474267fec277
PERSON_SELAMI_MOHSEN,CO_STIB,pdg,corporate,certain,SP_69037168b9c703e2c34e
PERSON_SELAMI_KHALED,CO_STIB,dg,corporate,certain,SP_0d4cfba9f52c74a3ef80
PERSON_BOUSAID_MOHAMED,CO_NOUVELLE_DIMPRESSION_PRESSE_DEDITION_SNIPE,pdg,corporate,certain,SP_4f45b6ea72c6a3876d0a
PERSON_BEZARGA_LOTFI,CO_MUTUELLE_ASSURANCE_LENSEIGNEMENT_MAE,dg,corporate,certain,SP_81c3419268c077096662
PERSON_MONTASAR_SAMIR,CO_MUTUELLE_ASSURANCE_LENSEIGNEMENT_MAE,dg,corporate,certain,SP_1b7051040f4de01c3a7b
PERSON_FRIKHA_MOHAMED,CO_AIR_MAGHREB,dg,corporate,certain,SP_ac6c5b41dd93f2e600d5
PERSON_SELAMI_MAJDI,CO_KMAR_CONFECTION,gerant,corporate,certain,SP_64cb2b735c09b16fc2af
PERSON_JENDOUBI_KAMEL,CO_TUNISIE_SICAR,president_ca,corporate,certain,SP_e1e5197d4d0d3c3fae4f
PERSON_ZARDI_MOHAMED_RIADH,CO_TUNISIE_SICAR,dg,corporate,certain,SP_36ec49be97d532a72a82
PERSON_ZARDI_MOHAMED_RIADH,CO_TUNISIE_SICAR,member,corporate,certain,SP_8f9950aa144308255e2e
PERSON_ELOUMI_MOHAMED_ALI,CO_ACCESS_TO_E_BUSINESS,unspecified,corporate,certain,SP_8259f8cbf6e46a43aa83
PERSON_HENTATI_ABDELJELIL,CO_TUNISIENNE_PROMOTION_L_INDUSTRIE_SOTUPRIN,gerant,corporate,probable,SP_1986d40879e908533111
PERSON_TRIKI_WALID,CO_SOREC_TRADING,gerant,corporate,certain,SP_328d16ab6ef22da53fae
PERSON_KACHOUR_MAHER,CO_PLANET_TEXTILE,gerant,corporate,certain,SP_99b7ea7bd6b75326f365
PERSON_MABROUK_ISMAIL,CO_BANQUE_INTERNATIONALE_ARABE_TUNISIE,president_ca,corporate,certain,SP_9a76f3f399da291fd3a9
PERSON_AGREBI_MOHAMED,CO_BANQUE_INTERNATIONALE_ARABE_TUNISIE,dg,corporate,probable,SP_dbd6d88579da0e964ea1
PERSON_DOGHRI_MOURAD,ORGMENTION_Société l'Emballage Métallique et Plastique E.M.P,dg,corporate,certain,SP_45cf7e419bbea4f0600f
PERSON_MAAROUF_ANOUAR,CO_MEDIA_INVEST,dg,corporate,certain,SP_8231b7a692d609229660
PERSON_HAMROUNI_HOUDA,CO_INTERNATIONAL_PROD_SIGN_COMPANY_TUNISIA,gerant,corporate,certain,SP_5767dc13a413436cc12e
PERSON_DALILI_DJAMCHILD,CO_3W_ACADEMY_TUNISIE,association_president,corporate,certain,SP_36cdbd2ada3fbbcc2d5f
PERSON_VITARO_FABIO,CO_TUNISO_ITALIA_BETON,gerant,corporate,certain,SP_a4b8017ba44e54059094
PERSON_ARFAOUI_SAMIA,CO_SOTUPA,gerant,corporate,certain,SP_7054c2ec72965fda5733
PERSON_GUEDRI_HABIB,CO_MODERN_LEASING,administrateur,corporate,certain,SP_0a3b8c7644fe8c646ee0
PERSON_LARIBI_MOHAMED_KAIS,CO_MODERN_LEASING,unspecified,corporate,certain,SP_408e7ebfef1f6256b198
PERSON_SELAMI_AMIN,CO_TUNISIENNE_CONFECTION_MODERNE,gerant,corporate,certain,SP_1a8f094d5a81181cffcf
PERSON_JABES_MEHDI,CO_SMITH_INTERNATIONAL_FRANCE,representant,corporate,certain,SP_3b4b40eab8b23d239fac
PERSON_BENAYED_MOHAMED_SALAH,CO_CERAMIQUE_CHEBEDDA_SOCER,dga,corporate,certain,SP_f7db6faec1ad91d2f88f
PERSON_KALEL_ANIS,CO_TECHNOGAS,administrateur,corporate,certain,SP_348cfd6a369946057e85
PERSON_JAFEL_SOUAD,CO_TECHNOGAS,administrateur,corporate,probable,SP_db6d316f669df066d242
PERSON_KHOUJA_EMNA,CO_TECHNOGAS,administrateur,corporate,probable,SP_1c64dce8e7b8d988816d
PERSON_BEYRAKDAR_HATEM,CO_TECHNOGAS,administrateur,corporate,probable,SP_c8c17a3c3c1698233ba6
PERSON_CHAABANE_TIJANI,CO_BONNE_CARRIERE,commissaire_aux_comptes,corporate,certain,SP_9344eb7fa6222b7eccf5
PERSON_BOUSAID_MOHAMED,CO_TUNISIENNE_CABLING,gerant,corporate,certain,SP_3831c708c9ad8e2d7065
PERSON_MEHREZ_CHAMSEDINE,ORGMENTION_Société Ennadhafa 2 SA,dg,corporate,certain,SP_9e68c2c07942232c7e8c
PERSON_TURKI_YOSR,CO_SICAR_HORIZON,commissaire_aux_comptes,corporate,certain,SP_63fde64880f94fb22b2d
PERSON_MABROUK_FADIA,CO_GENERALE_PEINTURE_DECORATIONS_SOGEPED,gerant,corporate,certain,SP_5359f6380d532daaa1f9
PERSON_CHAABANE_NOURI,ORGMENTION_Société TUNISIENNE D'AUTOMOBILES STA,pdg,corporate,certain,SP_8c1b760d71e0c0ed6810
PERSON_FOURATI_RACHED,CO_FIDAL_TUNISIE,administrateur,corporate,probable,SP_4c1a5616b370f13bcab4
PERSON_TELMOUDI_ELYES,CO_FIDAL_TUNISIE,administrateur,corporate,probable,SP_1983a8a401d3f5340868
PERSON_FOURATI_RACHED,CO_FIDAL_TUNISIE,president_ca,corporate,certain,SP_d5c5b07844241b5d6662
PERSON_HAMDENE_AMEL,CO_FIDAL_TUNISIE,dg,corporate,certain,SP_f13841b0b88b9d378a3c
PERSON_SELAMI_KARIM,CO_ONE_TECH_MOBILE,administrateur,corporate,probable,SP_65e02cb422f430d114a8
PERSON_ZOUARI_RADHOUANE,CO_CLINIQUE_JASMINS,administrateur,corporate,certain,SP_0612e6ecbb4d457d8250
PERSON_GHANEM_MOHAMED,CO_PERLA_COSMETIQUE,cogerant,corporate,certain,SP_df805aacd9cb9e404279
PERSON_ALYA_DOREA_BENSELAMI,CO_SUD_SERVICES,gerant,corporate,certain,SP_5826efab5a5ebaf4a55e
PERSON_HAMAMI_IBRAHIM,CO_GOUBELLAT_TRADING,gerant,corporate,certain,SP_a31e126907c84a6fdb3b
PERSON_MAAROUF_SARA,CO_POLY_SIEGES,administrateur,corporate,certain,SP_d17636730b93bcb5652e
PERSON_ROMDHANE_MBAREK,CO_MEDITERRANEAN_GYPSUM_PLASTER_MEDGYP,representant,corporate,certain,SP_bb2835e48dae7f886b1a
PERSON_TRIKI_ABDELMAJID,CO_TRIKI,gerant,corporate,certain,SP_0bb84b5f2b9a242566bb
PERSON_TRIKI_MABROUKA,CO_TRIKI,gerant,corporate,certain,SP_f88c15141c6ac2fb00c6
PERSON_ABASI_MAJDI,CO_PERLE,gerant,corporate,certain,SP_866c188216120779e705
PERSON_AKARI_KARIM,CO_FRANCE_COM,gerant,corporate,certain,SP_00b477f23c41a04d8830
PERSON_BOUGUERA_SLIM,CO_NEGOCE_COMMERCE,gerant,corporate,certain,SP_d4d056098a5f1df6c769
PERSON_TOUMI_MOHSEN,CO_PROGRES,gerant,corporate,certain,SP_d2c4444b0c21a79401ad
PERSON_HORCHANI_FARES,CO_HOOKAPS_TUNISIA,gerant,corporate,certain,SP_65d903df94fd4a64f061
PERSON_TABANE_MOHAMED_HEDI,CO_INDUSTRIES_PLASTIQUES_COSMETIQUES_SIPCO,pdg,corporate,certain,SP_076488e8dd49af4565e4
PERSON_BANI_FAYCEL,CO_RANIA_CONFECTION,gerant,corporate,certain,SP_9af265ee111de2a60073
PERSON_HAMROUNI_LOTFI,CO_UNITED_BUSINESS_CORPORATION,gerant,corporate,certain,SP_858cae6d82be009bbe9f
PERSON_SGHAIER_AHMED,CO_IRYS_DISTRIBUTION,gerant,corporate,certain,SP_4e24a93989747d2ce54b
PERSON_HAMAMI_HAYKEL,CO_ROYAL_SERVICES,gerant,corporate,certain,SP_f1882a39f7fe6bfa2f46
PERSON_HAMAMI_ADEL_BENMABROUK,CO_ASCHERI_FRESH_ERBES_TUNISIA,gerant,corporate,certain,SP_724501fb429af03faa5b
PERSON_CHERIF_RABIE,CO_INDUSTRIELLE_MARBRE_SIMARBRE,commissaire_aux_comptes,corporate,certain,SP_d7d1a874ec88ea480839
PERSON_GHENIM_KARIM,CO_INDUSTRIELLE_MARBRE_SIMARBRE,commissaire_aux_comptes,corporate,certain,SP_fd6de6e8b97ae74c1a00
PERSON_TEMIMI_AMIRA,CO_INDUSTRIELLE_MARBRE_SIMARBRE,commissaire_aux_comptes,corporate,certain,SP_0da30aab9548fed758f3
PERSON_MATHLOUTHI_WALID,CO_INDUSTRIELLE_MARBRE_SIMARBRE,commissaire_aux_comptes,corporate,certain,SP_c80639a535b677fb479c
PERSON_CHERIF_RABIE,CO_INDUSTRIELLE_MARBRE_SIMARBRE,dga,corporate,certain,SP_c9957abd2b945c1ece38
PERSON_BENYEDER_NADHIM,CO_PGI_HOLDING,administrateur,corporate,certain,SP_6b5efaebee252fae826d
PERSON_BENYEDER_KARIM,CO_PGI_HOLDING,administrateur,corporate,certain,SP_1ee150ec4cdeab768e19
PERSON_BENYEDER_HAKIM,CO_PGI_HOLDING,administrateur,corporate,certain,SP_9acd18a5d930570603d1
PERSON_BENYEDER_NIHEL_HAJROMDHANE,CO_PGI_HOLDING,administrateur,corporate,certain,SP_d5863db9fcca0c4b32e9
PERSON_SALVATELA_RAMON,ORGMENTION_Société SELECT BETON,administrateur,corporate,probable,SP_ad8b5308b2e06a4e6503
PERSON_ZOUAOUI_SOUHEIL,ORGMENTION_Société SELECT BETON,administrateur,corporate,probable,SP_2921781493eff0b35260
PERSON_HAMAMI_TAHER,CO_BATIMENT_MODERNE,gerant,corporate,certain,SP_af3269ae84406b1eb63f
PERSON_AOUINET_ABDESATAR,CO_FATEX,gerant,corporate,certain,SP_0311dd6acae13cad57e0
PERSON_CHAABANE_OUSAMA,CO_MAISON_INTERNATIONALE_LENFANT_MIE,gerant,corporate,certain,SP_642dd161deadc13f78b1
PERSON_BOURICHA_MOHAMED,CO_TRAVAUX_INDUSTRIELS_GENERAL_STIG,gerant,corporate,certain,SP_95f02316b6431cac15c2
PERSON_CHAABANE_NOUR,CO_NOUR_ENERGY,gerant,corporate,certain,SP_1d794c960cdc44c10335
PERSON_BELAADA_ALI,CO_ZARZIS_HOLDING,dg,corporate,certain,SP_7a4b2519b3cd3edaf13e
PERSON_BENBRAHIM_MOHAMED_HEDI,CO_BOIS_MATERIAUX_CONSTRUCTION,gerant,corporate,certain,SP_8bcd6fee413b4f8a2518
PERSON_GHARBI_MOHAMED_RIDHA,CO_CLINIQUE_OMAR,administrateur,corporate,certain,SP_7f8bac63de8b15141005
PERSON_ZOUARI_RADHOUANE,CO_TUNISIENNE_ASSURANCES_TAKAFUL_AT_TAKAFULIA,administrateur,corporate,certain,SP_faacd5a66c7690cbdc69
PERSON_YAICH_NOUREDINE,CO_ARAB_INTERNATIONAL_LEASE,president_ca,corporate,certain,SP_4c8bb8c34a4eae8561e2
PERSON_BENMOSBAH_MOHAMED_RIDHA,CO_PARENIN,president_ca,corporate,certain,SP_970d5f71b585ecb7604d
PERSON_BENYEDER_HALIM,CO_PARENIN,dg,corporate,certain,SP_7d27dccba2120cc3229e
PERSON_AYED_WALID,CO_MCF_TUNISIE,cogerant,corporate,certain,SP_7165d6fa3846e107457c
PERSON_JEDIDI_MOHAMED_BECHIR,CO_ALUMINIUM_SAHEL,gerant,corporate,certain,SP_41990d4a13a15a943c34
PERSON_GRAR_ADEL,CO_CARTHAGE_CEMENT,president_ca,corporate,certain,SP_80d6aa84c3c0ff5cd068
PERSON_HORCHANI_EFDHILA,CO_PALMA_PACK,gerant,corporate,certain,SP_47441f0bede8a1f79b4f
PERSON_TABANE_MOHAMED_HEDI,CO_MAXULA_DISTRIBUTION,pdg,corporate,certain,SP_82a7e5090227c6d7b85e
PERSON_MOKHTAR_JABEUR,CO_ARTEX,gerant,corporate,certain,SP_09c0cd50cb71713dd6f2
PERSON_ZOUARI_HEDI,CO_ELITECOM,gerant,corporate,certain,SP_2e2d263a95a7411a5062
PERSON_HAMAMI_HAITHEM,CO_HZ_CREATIC,gerant,corporate,certain,SP_3e11484b47a144451a35
PERSON_MABROUK_ZEINEB_KHILI,CO_ZEDNI_FOR_STUDYING_ABROAD,gerant,corporate,certain,SP_8660dcab3d82a7a4fb86
PERSON_BENSALEM_ALI,CO_HUILERIE_BEN_SALEM,gerant,corporate,certain,SP_6a7b3df75e48192f3f9a
PERSON_CHAABANE_NAJD,CO_CHAABANE_BRICOLAGE_CENTER_TEEMYS,gerant,corporate,certain,SP_0652169915950e6134b4
PERSON_CHAABANE_SOUHAIB,CO_ONE_ARCHITECTURE,gerant,corporate,certain,SP_63e238a1c4bf59dd2ddf
PERSON_BAYAHI_TAIEB,CO_BLUE_COM,gerant,corporate,certain,SP_75161deddebd6f285d7f
PERSON_LUGI_ANZALONE,CO_TUNISIE_RESSORT,gerant,corporate,certain,SP_e977c82bc897ceb3ce5a
PERSON_BENJERAD_YASER,CO_AMEUR_PLASTICS_NORD,administrateur,corporate,certain,SP_337c260370d4ef997a9b
PERSON_GHAZELI_MOHAMED_MONDHER,CO_UNION_INTERNATIONALE_BANQUE,dg,corporate,certain,SP_6b199d372f0a504d5511
PERSON_BECHEUR_MOHAMED_BENANOUAR,CO_SET_EL_KANTAOUI_KANTAOUI_BAY,administrateur,corporate,certain,SP_01f794ee724300b87320
PERSON_DRIS_ZOHRA,CO_SET_EL_KANTAOUI_KANTAOUI_BAY,dga,corporate,certain,SP_58891c6b58a5ca3b7699
PERSON_MEDHIOUB_NAIMA,CO_CHAHIA,dga,corporate,certain,SP_643578e076cb39165e28
PERSON_REBAI_ABDELHAFIDH_KAMOUN,CO_IMMOBILIERE_MAS_DEUX_S,associe,corporate,certain,SP_f0fc29f956b678a49c58
PERSON_HACHICHA_SAMI,CO_ASSURANCES_BIAT,administrateur,corporate,certain,SP_6b7eb2899c98e5c282b2
PERSON_MOKHTAR_SADRI,CO_ACIERIES_TUNISIE_SIDENOR,dg,corporate,certain,SP_3ec7f5ca72a415436f0f
PERSON_ZGHIDI_ADNENE,CO_COTUNAL,commissaire_aux_comptes,corporate,certain,SP_47e4c423a5ac39d434e7
PERSON_TRIKI_HEDI_BENHASOUNA,CO_LIBRAIRIE_SFAX_CULTURE,gerant,corporate,certain,SP_9d7a4a062d21656c6496
PERSON_HORCHANI_FARES,CO_HOOPAKS_PROCESSING_COMPANY,gerant,corporate,certain,SP_9c517696564a972e1011
PERSON_SASI_RIADH,CO_ASSISTANCE_TRANSPORT_TRANSIT_SERVICES,gerant,corporate,certain,SP_383e723ae0af633f1481
PERSON_KTARI_SLAHEDINE,CO_LABEL_PACK,administrateur,corporate,probable,SP_90793bce21aebf4f9e7b
PERSON_DRIDI_MOHAMED_HEDI,CO_LABEL_PACK,administrateur,corporate,probable,SP_bf23b82de5473f74785d
PERSON_CHAGHAL_AMEL_KTARI,CO_LABEL_PACK,administrateur,corporate,probable,SP_76c6dec4b18f8f157629
PERSON_CHAGHAL_LOTFI,CO_LABEL_PACK,administrateur,corporate,probable,SP_5647efc3bad57b2d80ba
PERSON_ELOUMI_MOHAMED_KARIM,CO_MAKE_IT_IN_TUNISIA,gerant,corporate,certain,SP_18e8e0cb01b720a91922
PERSON_TRIKI_ANIS,CO_BAYA,gerant,corporate,certain,SP_b45ea5e05a75e9df0103
PERSON_SASI_DORA,CO_AD_NEGOCE,gerant,corporate,certain,SP_7e20f5b2a5e7d27d2ba1
PERSON_HAMROUNI_HOUDA,CO_INTERNATIONAL_PROD_SIGN_COMPAGNY,unspecified,corporate,certain,SP_41d75a503d005252e3c8
PERSON_BENAMARA_MOURAD,CO_BEN_AMMARA_AGRI_FOOD_INDUSTRY,gerant,corporate,certain,SP_4b8ebffeadbe9649cbc6
PERSON_KAMOUN_MONCEF,CO_NOUR_COMMERCE,gerant,corporate,certain,SP_ccc14752d9c2d71afe5a
PERSON_AREM_MEHDI,CO_PATRIMOINE,gerant,corporate,certain,SP_7d230acb18086327e6c4
PERSON_KHECHINE_AHMED,CO_KHECHINE_FLOWER,gerant,corporate,certain,SP_6ddb3541777283619610
PERSON_BENAYED_MALEK,CO_ISTITHMAR_AGRICOLE,gerant,corporate,certain,SP_1d19cb80876cd5c6c452
PERSON_HAMROUNI_IMED,CO_GENERALE_TUNISIENNE_MAINTENANCE_SERVICES,gerant,corporate,certain,SP_1bc0db20e9f4a4b3d071
PERSON_SASI_WASIM,CO_STOCKHOLM_FITNESS_S_FITNESS,gerant,corporate,certain,SP_3d355bc33104a3776c34
PERSON_KHALIL_MOHAMED,CO_HABIBA_POUR_COMMERCE_INTERNATIONAL,gerant,corporate,certain,SP_63f57dc2dafd5ff47447
PERSON_ABDESALEM_LOTFI,CO_D_ETUDES_D_AMENAGEMENT_COTES_NORD_VILLE_SFAX,administrateur,corporate,certain,SP_7f4fcad4576495fdb656
PERSON_ABDESALEM_LOTFI,CO_D_ETUDES_D_AMENAGEMENT_COTES_NORD_VILLE_SFAX,pdg,corporate,certain,SP_e90d2950286c937816f4
PERSON_DOGHRI_NEJIB,CO_CONCEPT_DESIGN,gerant,corporate,certain,SP_227bef5da1deed2d675e
PERSON_SAKLI_MOURAD,CO_ALTISSIMO_CONSULTING,gerant,corporate,certain,SP_8a8d3f22b7a4e1326df8
PERSON_MHIRI_SAMI,CO_TISSAGE_MEUBLATEX,vice_president,corporate,probable,SP_3478c9cd04a51a78bb77
PERSON_MASTROPIETRO_FRANCESCO,CO_SOCIETA_ITALIA_INSTALLAZIONI_DAVANGUARDIA_SIIA,gerant,corporate,certain,SP_a8c6994cb830a054def3
PERSON_BENYEDER_MELEK,CO_CAFES_BONDIN,unspecified,corporate,certain,SP_4621f212a7b1da5bcdc8
PERSON_BENYEDER_ISMAIL,CO_CAFES_BONDIN,unspecified,corporate,certain,SP_bc5f00fb9e9f6599660a
PERSON_BENYEDER_WASIM,CO_CAFES_BONDIN,unspecified,corporate,certain,SP_47ad11c5dd07d6c0d460
PERSON_BENSAAD_MOHAMED_HABIB,CO_GENERALE,administrateur,corporate,certain,SP_1e51b48a153154984b71
PERSON_NEJI_KAMEL,CO_UNION_INTERNATIONALE_BANQUE,president_ca,corporate,certain,SP_3fce7aa9f61945c383ee
PERSON_KHAMASI_ABDELWAHEB,CO_THYNA_PETROLEUM_SERVICES,association_president,corporate,certain,SP_a0c869b9c8ec89b430ff
PERSON_HAMAMI_RIADH,CO_UNITED_PASTRY,dg,corporate,certain,SP_b3a1b33d5265a7af4117
PERSON_TRIKI_GHAZI,CO_TRIKI_INDUSTRIES,gerant,corporate,certain,SP_ca2e93f225f7384147d5
PERSON_ZAYANI_MOHAMED,CO_EL_FAOUZ,gerant,corporate,certain,SP_7d33604f21526d9bff4a
PERSON_MABROUK_TAYAA,CO_ROUA_COMMERCE,gerant,corporate,certain,SP_87c9dcf7509d9b8750d5
PERSON_KHECHINE_ZOHRA,CO_TOURISME_HOTELLERIE_HOTEL_SULTAN,administrateur,corporate,probable,SP_008cd8f9b033254dd87e
PERSON_BENSGHAIER_HELA,CO_TROIS,dg,corporate,certain,SP_47cc8d35e1e3e9d1d279
PERSON_ZGHIDI_ADNENE,CO_FRANCO_TUNISIENNE_INTER_TRADING,commissaire_aux_comptes,corporate,certain,SP_cd4f91135104c3629e80
PERSON_SACKMAIER_WILHELM,CO_OMV_TUNESIEN_PRODUCTION_GMBH,dg,corporate,certain,SP_f85cc9e513939654969c
PERSON_LOUKIL_MOHAMED,CO_UNITED_AFRICAN_AUTO_INDUSTRIES,commissaire_aux_comptes,corporate,certain,SP_1401d59c2f1b8345df42
PERSON_MAJOUL_ANIS,CO_UNITED_AFRICAN_AUTO_INDUSTRIES,pdg,corporate,certain,SP_6bf40a5c9633694bdaaa
PERSON_CHAABANE_MOHAMED_MUSTAPHA,CO_SAVANNA,gerant,corporate,certain,SP_f27cb41ba33739244aa4
PERSON_HAMAMI_ANIS,CO_HAMMAMI_TRAVAUX_PUBLICS,gerant,corporate,certain,SP_ab6fea92ae6cb9f3c93e
PERSON_BENKAHLA_FAOUZI,CO_MEDIGRAIN,dga,corporate,certain,SP_0abe2d608e2090431d38
PERSON_ALOUCHE_ANIS,CO_FINIQIA_CAPITAL_PARTNERS,gerant,corporate,certain,SP_557b9b4ffccee1de8d97
PERSON_ALOUCHE_ANIS,CO_FINIQIA_REAL_ESTATE,gerant,corporate,certain,SP_260aebd2b9ccfcac6cea
PERSON_BOUGHAMOURA_SLIM,CO_FABRICATION_ARTICLES_PHARMACEUTIQUES_SOFAP,unspecified,corporate,certain,SP_abe8a8cb328030a52245
PERSON_TEKAYA_MEHDI,CO_PROGIDEC,gerant,corporate,certain,SP_f655cfc1ca759e86277b
PERSON_HAMROUNI_MOHSEN,CO_MARAM_SERVICE,gerant,corporate,certain,SP_9d3e609042f3bd6e1db4
PERSON_TRIKI_NOURA,CO_TRIKI_RENT_A_CAR,gerant,corporate,certain,SP_393560c46323a7809373
PERSON_KHALFALAH_MOEZ,CO_EMBALLAGES_SUD,dga,corporate,certain,SP_bccd748ceb2f31eaedf4
PERSON_BENYEDER_MELEK,CO_CAFES_BEN_YEDDER,unspecified,corporate,certain,SP_42dd725688b98cb5c49e
PERSON_HAMAMI_HAKIM,CO_INTERNATIONALE_CERAMIQUE_MATERIAUX_CONSTRUCTION_SICM,gerant,corporate,certain,SP_19020d9d4fa685eb652c
PERSON_TRABELSI_LASAAD,CO_LINDATEX_2,gerant,corporate,certain,SP_9f0cfd2a309493ac092c
PERSON_KAMOUN_SOFIEN,CO_COMPTOIR_SUD,gerant,corporate,certain,SP_9cf0082ab26d0c91e5ae
PERSON_KHLILI_RANIA_ZOUARI,CO_DIVANZZ,gerant,corporate,certain,SP_1d7aa8093e5e37196c49
PERSON_KAMOUN_ABDERAHMAN_BENROMDHANE,CO_MAYCEN_COMMERCE,gerant,corporate,certain,SP_dcfac90efff30ca45220
PERSON_FARHAT_LILIA_BELKHODJA,CO_FINANCIERE_MALGA,pdg,corporate,probable,SP_f36a4bd6270509cb994e
PERSON_BELKHODJA_CHEDLI,CO_COMMERCE_PRODUITS_CHIMIQUES_INTERMEDIAIRES,administrateur,corporate,probable,SP_8284b56f7ea21f65c35a
PERSON_JEMAL_YASINE,CO_TUNISIENNE_PRODUCTION_ALIMENTAIRE_STPA,dga,corporate,certain,SP_0aeb42f9b2b0686a2285
PERSON_ENEIFER_NAFAA,CO_FINISSAGE_NORD_OUEST_FINO,gerant,corporate,probable,SP_d42d3a584f8bd99dba20
PERSON_ENEIFER_NAFAA,CO_FINISSAGE_NORD_OUEST_FINO,administrateur,corporate,probable,SP_48409e59cdff4fb4c94f
PERSON_BENSAAD_MOHAMED_HABIB,CO_AIR_LIQUIDE_TUNISIE,president_ca,corporate,certain,SP_614358770480425c39ff
PERSON_KAMOUN_SONIA,CO_BON_GOUT,gerant,corporate,certain,SP_1b74fcc6c53394cd791f
PERSON_MAKARIAN_VERONIQUE,CO_AFRILANCE,gerant,corporate,certain,SP_dfc8ff6715fb67f7b7c8
PERSON_KAMOUN_SOUMAYA,CO_COCCINEL_TRAVEL_AGENCY,gerant,corporate,certain,SP_1f7d0424756777c14292
PERSON_CHAABANE_MAHER,CO_PROMOTION_TOURISTIQUE_CARTHAGE,gerant,corporate,certain,SP_0a814e30dde5bd1cce24
PERSON_DAMAK_MOHAMED,CO_CONTACT,gerant,corporate,certain,SP_942edccf63077d60232e
PERSON_MECHRIA_AYMEN,CO_SAROUTY_PROMOTION_IMMOBILIERE,gerant,corporate,certain,SP_bd35705333afe9c7d771
PERSON_MECHRIA_AMIR,CO_SAROUTY_PROMOTION_IMMOBILIERE,associe,corporate,certain,SP_094cb7b3e07c663b5e6f
PERSON_BENAYED_MALEK,CO_GROUP_POULINA_HOLDING,administrateur,corporate,certain,SP_04bec4b64a529a4d6889
PERSON_HAMAMI_FADHEL,CO_LABORATOIRE_PRALINE,gerant,corporate,certain,SP_c47e1496d4e75eae3b6f
PERSON_HAMAMI_ZOUHEIR,CO_GROUPE_BEN_KHALIFA_INTERNATIONALE,gerant,corporate,certain,SP_4d5d8edf9e91ca602b2e
PERSON_KARAY_SALOUA_JAMOUSI,CO_CHAUSSURES_TIMAC,commissaire_aux_comptes,corporate,probable,SP_5d9c62f4eae25d91d6f1
PERSON_LAROUSI_MOEZ,CO_HAL_GROUP_HOLDING,administrateur,corporate,certain,SP_4843f7920ae257c4831f
PERSON_TRIKI_ANIS,CO_POMME_DAMOUR,gerant,corporate,certain,SP_bc1bf5f88474f211313d
PERSON_MECHERGUI_AHMED,CO_LINDA_COMMERCE,gerant,corporate,certain,SP_b68b71fe46e54208ea7e
PERSON_SKIK_SLIM,CO_THYNA_PETROLEUM_SERVICES,dg,corporate,certain,SP_fe3ffa2b56752fd51529
PERSON_BENSAAD_MOHAMED_HABIB,CO_AIR_LIQUIDE_TUNISIE_SERVICES,president_ca,corporate,certain,SP_0b3c9f3ba174bbf3418c
PERSON_RZEM_ABDELHAMID,CO_BTE_SICAR,dg,corporate,probable,SP_a9f4f66340816dc183c7
PERSON_CHAABANE_ATHER,CO_IMMOBILIERE_DUNES_GAMMARTH,gerant,corporate,certain,SP_a1c8191f70b3b94cefb2
PERSON_SETHOM_MEHDI,CO_SME_PARTNERS,gerant,corporate,certain,SP_22b98a8c6c5e70c80a81
PERSON_KHAZRAOUI_MABROUK,CO_ALYA_PRODUITS_AGRICOLES,gerant,corporate,certain,SP_4d2de123407e4f7831dd
PERSON_DRIS_BADRA,CO_AVICOLE_SAHEL,administrateur,corporate,probable,SP_f05b6727a85a458cc3b9
PERSON_KAMOUN_SAMIR,CO_SOCOPA_DETAIL,gerant,corporate,certain,SP_1b3512f04141b489b756
PERSON_MEMI_WALID,CO_SWICORP_CONSEIL_INVESTISSEMENT,gerant,corporate,certain,SP_4b022638b614fac23ce1
PERSON_ROBSON_STEPHEN_FRANK,CO_AMERICAN_PARADIGM_CONSULTING_GROUP,gerant,corporate,certain,SP_f04cb5cca8fd9e3d486b
PERSON_SMAOUI_SAMI,CO_SAMI_SMAOUI_CONSULTING,gerant,corporate,certain,SP_c3412b54517ecad54bc7
PERSON_BENSLAMA_ABDERAHIM,CO_SLAMA,gerant,corporate,certain,SP_08f0a1a6d13031e7bef8
PERSON_BOUAOUAJA_MAHA_BOUSORA,CO_SAMIMODA,gerant,corporate,probable,SP_d221f272382a9395aed3
PERSON_TRIKI_MOHAMED_ALI,CO_DREIMR,gerant,corporate,certain,SP_c955bc34cc0c7799d5ab
PERSON_HADAD_ABOUSLIMANE_KHALED,ORG_CHAMBRE_COMMERCE_TUNISO_SUEDOISE,treasurer,corporate,certain,SP_5cdc9590b17a31fe3667
PERSON_MABROUK_ANIS,CO_GOLDEN_HEART,gerant,corporate,certain,SP_978261bad1de2f67f1c2
PERSON_SAIDANE_MOHAMED,CO_YACUT,gerant,corporate,certain,SP_b9d2bc6e000ca0e4b3e8
PERSON_SASI_MOHAMED_AMIN,CO_MABROUKI_COMMERCE,gerant,corporate,certain,SP_dadda39a2349f92e92f6
PERSON_CHAKROUN_SKANDER,CO_ALEXANDRE_WOOLLEN,gerant,corporate,certain,SP_89c9fb83c5d7d159830d
PERSON_GAALOUL_HICHEM,CO_TUNISIENNE_BOISSONS_GAZEUSES_STBG,pdg,corporate,certain,SP_0edd3443d0bc0de764f6
PERSON_SELAMI_KHALED,CO_STRAMICA,dg,corporate,certain,SP_8f4dc641a589eb2b5c65
PERSON_TAMARZISTE_MEHDI,CO_COMPTOIR_TUNISIEN_LAMPES,pdg,corporate,certain,SP_5a0cd41536785495cd12
PERSON_ELOUZE_HASIB,CO_ALLEMANDE_TECHNOLOGIES_D_ENERGIE_RENOUVELABLE_SATER,president_ca,corporate,certain,SP_1c78e17d514749cfe089
PERSON_MASMOUDI_MOHAMED,CO_ALLEMANDE_TECHNOLOGIES_D_ENERGIE_RENOUVELABLE_SATER,dg,corporate,certain,SP_330b8a273c1f9008a4b7
PERSON_GRANIER_MAY,CO_SOLVIE,gerant,corporate,certain,SP_16fc429e7bade51ffa0d
PERSON_KILANI_HAMZA,CO_FRATELLI_PER_ETERNLTY,gerant,corporate,certain,SP_a517b0347aaeabf721cd
PERSON_KAMOUN_FARHAT,CO_FARAH_METAL,gerant,corporate,certain,SP_df878b67ccf4bca4da7f
PERSON_SELAMI_MOHAMED,CO_MANUFACTURE_PANNEAUX_BOIS_SUD,dga,corporate,probable,SP_d1e5fd8167fbd10f37c4
PERSON_FTIRICH_SALAH,CO_STIM_PLUS,gerant,corporate,certain,SP_a972569a3d0da424b5b4
PERSON_BENABDERAZEK_MOHAMED_AMIN,CO_SANOFI_AVENTIS_PHARMA_TUNISIE,administrateur,corporate,certain,SP_e66d23af4475c5b81075
PERSON_BENABDERAZEK_MOHAMED_AMIN,CO_SANOFI_AVENTIS_PHARMA_TUNISIE,president_ca,corporate,certain,SP_52585805fbee22426df3
PERSON_KOZLOWSKI_NICOLAS,CO_SANOFI_AVENTIS_PHARMA_TUNISIE,dg,corporate,certain,SP_1a617cd3ee2d02ed6dd5
PERSON_MHIRI_SAMI,CO_PANOBOIS,pdg,corporate,probable,SP_61f725bfcbc92cd7ea8a
PERSON_BAHRINI_HAMDI,CO_THYNA_PETROLEUM_SERVICES,dga,corporate,certain,SP_80d97579bcaf8f953591
PERSON_SACKMAIER_WILHELM,CO_THYNA_PETROLEUM_SERVICES,president_ca,corporate,certain,SP_a93b910ffa421a210653
PERSON_ELOUMI_MOHAMED_ALI,CO_CENTRAL,member,corporate,certain,SP_54a3229b4b7e613af3f9
PERSON_TELISI_FERDAOUS_ZINE_EDINE,CO_TWINS_CO,gerant,corporate,certain,SP_2ed67f990319d23358d7
PERSON_TELISI_KAIS,CO_TWINS_CO,gerant,corporate,certain,SP_fefb97ce4e8d3a32bdd5
PERSON_CHABCHOUB_AHMED,CO_ESSEYAHA_CONFERENCES,gerant,corporate,certain,SP_7db70bc3dd43ba5d713f
PERSON_HAMAMI_KAIS,CO_NOUVELLE_VISION,gerant,corporate,certain,SP_a3ec48f231c07789a4da
PERSON_SASI_NEJIB,CO_GEOCONSEIL,associe,corporate,certain,SP_a4ca5dcfb97486eb9a01
PERSON_BENHMIDA_MOHAMED_LAMJED,CO_NOVA_PLUS,gerant,corporate,certain,SP_271a118672762ec3f747
PERSON_MAJDOUB_HEDI,CO_SECURITE_PLUS,gerant,corporate,certain,SP_e79d9fe0b920dca5559b
PERSON_HAMZAOUI_MOHAMED_KAMEL,CO_MANUFACTURE_TABACS_KAIROUAN,dg,corporate,certain,SP_90af372c0a006d93c73e
PERSON_SASI_KMAR,CO_BEN_ZEKRI_ELEVAGE_VENTE_VOLAILLES,gerant,corporate,certain,SP_062ab5622a1a0432a900
PERSON_HAMAMI_ARBIA,CO_PLAT_DOR,gerant,corporate,certain,SP_c76d1ec06b7c507da08e
PERSON_BOUZAYEN_SABER,CO_TUNISIENNE_PIECE_AUTOMOBILE_SOTUPA,gerant,corporate,certain,SP_374fdce50502a10f6a7d
PERSON_HAMAMI_CHAIMA,CO_PARASANTE,gerant,corporate,certain,SP_9541dab7b8161f7837eb
PERSON_LAKHEL_MONDHER,CO_ESSOUKNA,president_ca,corporate,certain,SP_427bd8ba144f085c7262
PERSON_BEJI_IHEB,CO_BIGDEAL,president_ca,corporate,certain,SP_2489459bd77fd2e1b4c3
PERSON_ESAFI_ISAM,CO_BIGDEAL,dg,corporate,certain,SP_692c349f0067cc31d2ab
PERSON_LORAYEDH_ATIA,CO_SODIS_SICAR,pdg,corporate,certain,SP_26cef30d550a878020a4
PERSON_FOURATI_SABER,CO_FLEXIPACK,gerant,corporate,certain,SP_108c50c143d0bc91c046
PERSON_TLILI_MOUNIR,CO_LORIENT_COMMERCE,gerant,corporate,certain,SP_4a56a8221fefaf9bbeb2
PERSON_MAALEJ_ISTABRAK,CO_AL_KHOUTAF_ONDULE,unspecified,corporate,certain,SP_69cf0517136a55509ec7
PERSON_CHAABANE_WASIM,CO_CRAFTS_WOOD,gerant,corporate,certain,SP_0ed9d4661800604165c8
PERSON_OUADHAN_SOUHAIB,CO_ATLAS_OILFIELD_SERVICES,gerant,corporate,certain,SP_eb061ea3ee2fa820f4e8
PERSON_KAMOUN_MOHAMED,CO_COMPTOIR_PRODUITS_ALIMENTAIRES,gerant,corporate,certain,SP_314388d05df94ee2a05a
PERSON_GRAMI_SOUAD,CO_SISTERS,gerant,corporate,certain,SP_950e0ef61871aabe64b2
PERSON_BENHASINE_WAJIH,CO_GROUPE_BEN_HASSINE_HOLDING,gerant,corporate,certain,SP_41dfa1dd0fc6b335e9da
PERSON_MANSOUR_ABDELRAOUF,CO_NEW_MODE,gerant,corporate,certain,SP_4e84951c4690aa10b201
PERSON_ELOUMI_INES,CO_BM_INTERNATIONAL_TRADING,gerant,corporate,certain,SP_310c13555dd523993a1d
PERSON_CHAMLI_LAZHER,CO_CARTHAGE_MEDICAL,pdg,corporate,certain,SP_ef26327f97aef7ea8d73
PERSON_AJBOUNI_HICHEM,CO_CARTHAGE_MEDICAL,commissaire_aux_comptes,corporate,certain,SP_2111eff4cd0c8ed48ad0
PERSON_BELAJOUZA_MOHAMED,CO_BEL_TOURISME,administrateur_delegue,corporate,certain,SP_aa74e71a464f90cd428a
PERSON_HAMROUNI_LOTFI,CO_HOTELIERE_IMMOBILIERE_AMILCAR,dg,corporate,certain,SP_9f828ba3ca5ec87dcbff
PERSON_MERAI_FATMA,CO_INMA_HOLDING,pdg,corporate,certain,SP_9ac2a46dc0adf84e3fe6
PERSON_KHALIL_MOHAMED,CO_VISION_EXPORT,gerant,corporate,certain,SP_b1612bffb28f9f14bf49
PERSON_ZOUARI_MOHAMED,CO_POWER_POOL_SERVICES,gerant,corporate,certain,SP_5703a4c937e024666105
PERSON_DOGHRI_NEJIB,CO_EAUX_MINERALES_CHIFA,president_ca,corporate,probable,SP_6c8b39dd7d84eb6ea975
PERSON_ELKHIL_HICHEM_KHOJET,CO_EAUX_MINERALES_CHIFA,dg,corporate,probable,SP_29cb4f8e08bc6b9dcbd5
PERSON_MAALEJ_MOHAMED,CO_HM_DISTRIBUTION,gerant,corporate,certain,SP_a5881c06b59dd18e0192
PERSON_KAMOUN_KARIM,CO_PERLA_DEVELOPPEMENT_TOURISTIQUE_IMMOBILIER,gerant,corporate,certain,SP_8a4645e3f2f9b7bd94fc
PERSON_BENKAMLA_IMED_BENHABIB,CO_PERLA_DEVELOPPEMENT_TOURISTIQUE_IMMOBILIER,gerant,corporate,certain,SP_714bb019e368cf613886
PERSON_HASINE_FATMA,CO_NAWARA_TEX,gerant,corporate,certain,SP_35a68a9681ede03eaff8
PERSON_BOUJBEL_MOHSEN,ORGMENTION_Société NOUVELLE DES BOISSONS GAZEUSES SNBG,administrateur,corporate,certain,SP_0fc6a69896a3cfcb0883
PERSON_BOUJBEL_SAID,ORGMENTION_Société NOUVELLE DES BOISSONS GAZEUSES SNBG,administrateur,corporate,certain,SP_6b85d53d06eace9467ed
PERSON_GHAZOUANI_WAJIH,CO_M_PACK,pdg,corporate,certain,SP_6090e356d1c5e7b79027
PERSON_GHAZOUANI_WAJIH,CO_M_PACK,president_ca,corporate,certain,SP_290a200650a23481a25a
PERSON_SAHNOUN_MOHAMED,CO_AZIZ_AGRICOLE,gerant,corporate,certain,SP_cde18c72bd97c1303dc8
PERSON_BENAYED_ABDELWAHEB,"ORGMENTION_Société TUNISIENNE DE CHIMIE INDUSTRIELLE, S.A.R.L",cogerant,corporate,certain,SP_61759adbee83fe19078d
PERSON_BENAYED_MALIKA,"ORGMENTION_Société TUNISIENNE DE CHIMIE INDUSTRIELLE, S.A.R.L",cogerant,corporate,certain,SP_304c8a35cd0eb951703f
PERSON_TOUMI_MOHSEN,"ORGMENTION_Société TUNISIENNE DE CHIMIE INDUSTRIELLE, S.A.R.L",cogerant,corporate,certain,SP_65eee4f5f1988453cea3
PERSON_BENMAHMOUD_MOHAMED,"ORGMENTION_Société TUNISIENNE DE CHIMIE INDUSTRIELLE, S.A.R.L",cogerant,corporate,certain,SP_37c2d83a182a66fe99de
PERSON_MAMDOUH_ABDENADHER,CO_SOUTH_INTERNATIONAL_TRADING_COMPANY_SITCO,commissaire_aux_comptes,corporate,certain,SP_8e2c3457d1e50f3dc9cf
PERSON_CHAABANE_MEHDI,CO_MC_EVENTS,gerant,corporate,certain,SP_f20060365418e69ec3e3
PERSON_ZOUARI_RIADH,CO_GENERAL_DISTRIBUTION,gerant,corporate,certain,SP_59a9e45dd37ce16b8d01
PERSON_TRIKI_WALID,CO_JADE,gerant,corporate,certain,SP_44ac655a0d242bd21eba
PERSON_GHANOUCHI_IBTISEM,CO_IBTISSEM_FASHION,gerant,corporate,certain,SP_57c13be6e88e1dbf6f71
PERSON_CASAGRANDE_PAOLO,CO_MEDKONPACK,gerant,corporate,certain,SP_225913b1ebc247b619b0
PERSON_CHAABANE_YASINE,CO_CHAABANE_DAGRICULTURE,gerant,corporate,certain,SP_0ac8d2988af73239c443
PERSON_TRABELSI_MOHAMED,CO_TECHNO_WOOD_EXPORT,gerant,corporate,certain,SP_b603be62a6338f91ccf7
PERSON_TRIKI_RAMI,CO_TRIKI_DELICIEUX,gerant,corporate,certain,SP_4a546e3d0ed921668c32
PERSON_CROW_RYAN,CO_OSC_MENA_LIMITED,representant,corporate,certain,SP_e13c6b95d7e801dfff5a
PERSON_BECHEUR_MOHAMED_BENANOUAR,CO_DEVELOPPEMENT_TOURISTIQUE_HADRUMET,dga,corporate,probable,SP_489d4f65ea52e5422797
PERSON_MHIRI_NEJI,CO_TOURISTIQUE_THERMALE_KROUMIRIE,dga,corporate,probable,SP_2f5d06b5f12e61bc360a
PERSON_BENYAGHLENE_RIDHA,CO_GECOTRAP,gerant,corporate,certain,SP_6fcb479692ee1c55ceb3
PERSON_ZAHAF_SLAHEDINE,CO_AGRISUD,commissaire_aux_comptes,corporate,certain,SP_f9b2a5d3bd8c3c527e63
PERSON_KACEM_HAMDI,CO_VALOFISH_TUNISIA,pdg,corporate,certain,SP_5d71a9201e88fbb5ed10
PERSON_BOURICHA_SAMIR_SLIM,CO_MED_ZEIN_CONSULTING,gerant,corporate,certain,SP_6148a335063a16695dad
PERSON_CHTOUROU_KHALIL,CO_GOUT_FRAIS_MEILLEUR_MARCHE,gerant,corporate,certain,SP_d7d3eac266d97d5b425c
PERSON_KHALIL_MOHAMED,CO_PHARMA_PRO,gerant,corporate,certain,SP_39c51105c68136fbab33
PERSON_MAHJOUB_MOHAMED,CO_R_M_ELEGANCE,gerant,corporate,certain,SP_941e6c667aedd99ac59d
PERSON_THABTI_THAROUET,CO_PETROCHEM_INDUSTRIES,association_president,corporate,certain,SP_8bc17e5de394486a0841
PERSON_CHAABANE_ABDELWAHEB,CO_MEDITERRANEENNE_PROMOTION_SOMEP,president_ca,corporate,certain,SP_824b751683fec1a810b4
PERSON_DRIS_HEDI,CO_INDUSTRIELLE_FABRICATION_DANSES_S_I_F_A,gerant,corporate,probable,SP_55d0478e5abd683edd3d
PERSON_ABAS_FERID,ORGMENTION_Société d'Assistances Techniques Hôtelières (S,gerant,corporate,certain,SP_970134d923631b78b623
PERSON_HORCHANI_HAKIM,CO_DON_TACOS,cogerant,corporate,certain,SP_53309762fde485c2bafe
PERSON_CHAABANE_AYMEN,CO_PACK_PRO,gerant,corporate,certain,SP_b371688b17a44dfddccb
PERSON_DIMASI_EMNA_BENAMOR,CO_EXTRA_PACK,gerant,corporate,certain,SP_8d4978fb10736588426e
PERSON_KHEMAKHEM_MONCEF,CO_COMMERCIALE_SPORTIVE_SFAXIENNE,president_ca,corporate,certain,SP_61740fcb095edddbef16
PERSON_DERGAA_AHMED,CO_COMMERCIALE_SPORTIVE_SFAXIENNE,dg,corporate,certain,SP_c17d9eb839bc8641a0aa
PERSON_AHRES_KARIM,CO_MARHABA_TS,administrateur,corporate,certain,SP_75c420139de488d7c313
PERSON_AHRES_KARIM,CO_MARHABA_TS,president_ca,corporate,certain,SP_b4fc0defd2aa9ca5cc2c
PERSON_AHRES_MOHAMED_AMINE,CO_MARHABA_TS,dg,corporate,certain,SP_69c5e6e4b9b5eb236c1c
PERSON_MESADI_KHALED,CO_AMITEX,gerant,corporate,certain,SP_324306bf377e53de2c13
PERSON_NECHI_RAFIAA,CO_AMITEX,gerant,corporate,certain,SP_8991b4c08cd0f69ab60f
PERSON_KHARAT_MOHAMED,CO_SERVICES_ADMINISTRATIFS,gerant,corporate,certain,SP_b9a3ee19fd8d3f7f48ec
PERSON_MABROUK_YASINE,CO_ZIDAINE_COMMERCE_DECHETS_METAUX,gerant,corporate,certain,SP_6b9ab559cf550bc31f73
PERSON_CHAABANE_SLIM,CO_MAJOUL_PROMOTION_IMMOBILIERE,gerant,corporate,certain,SP_3f7fc635921f6b58dfe8
PERSON_SASI_HAMZA_MOHAMED_ABDESALEM,CO_PROCESS_TECHNOLOGIES_SERVICES,gerant,corporate,certain,SP_6b5d149e6d0854ebe23f
PERSON_BOUHADIDA_HATEM,CO_SOBITEX,cogerant,corporate,certain,SP_aa95d5d83c76e1b41d29
PERSON_BENSEDRINE_NESRINE_RAJA,CO_DIGINESS,gerant,corporate,certain,SP_7c5753d442b202ae623f
PERSON_TRIKI_NABIL,CO_RELIANCE_EDUCATION,gerant,corporate,certain,SP_19ce32d2e1f3e58522ca
PERSON_MLAOUHIA_SAMIR,CO_PROMOTION_TOURISTIQUE_PLAISANCE,pdg,corporate,certain,SP_57142a34765274d815f7
PERSON_BADJOINT_ERIC,CO_CYLALIDE_TUNISIE,cogerant,corporate,certain,SP_66394b1b9fb77d3b56f6
PERSON_HAMAMI_SAMI,CO_SIF,gerant,corporate,certain,SP_d0f146dfb09313866fa8
PERSON_MLAOUHIA_SAMIR,CO_PLANET_IMMO,gerant,corporate,certain,SP_5dd1eba7226c079787ae
PERSON_BENSEDRINE_FAHMI,CO_MATADOR_FOOD,gerant,corporate,certain,SP_26123d8f4b8f0d15848f
PERSON_HAMAMI_MOHAMED,CO_SERVICES_RAPIDE_VOITURES_MODERNES,gerant,corporate,certain,SP_27472db9673bcf658539
PERSON_MATAVELI_OTAVIANO,CO_ENERGIE_DEL_SOLE_PHOTOVOLTAIQUE_EDS_PV,gerant,corporate,certain,SP_42179a9b6f01daa39504
PERSON_TROUDI_CHAABANE,CO_BENHAFSIA_COMMERCE,gerant,corporate,certain,SP_48da3834d4c2d0bc4844
PERSON_KILANI_SLAHEDINE,CO_TANIT_AGRI,gerant,corporate,certain,SP_f1deb50064535fa0287a
PERSON_BAYAHI_NARJES_REKIK,CO_TRADECO,gerant,corporate,certain,SP_ea09c32106e5bcdd9a91
PERSON_KSANTINI_SOULEF,CO_ZEINA_FOOD_TUNISIA,commissaire_aux_comptes,corporate,certain,SP_5e6419f4cd19361456b5
PERSON_ZOUARI_SARAH_KHECHINE,CO_TUNISIENNE_AUTOMOBILE_FINANCIERE_IMMOBILIERE_MARITIME_STAFIM,pdg,corporate,certain,SP_92172d9377b50d0c6875
PERSON_JAIDANE_RIADH,CO_TUNISIENNE_DEMAIL,dg,corporate,probable,SP_574fd4034864a78e64b9
PERSON_NASR_KHALED,CO_BMCE_CAPITAL,administrateur,corporate,probable,SP_23df23b1f59a883368d5
PERSON_MIKOU_ANAS,CO_BMCE_CAPITAL,administrateur,corporate,probable,SP_ee07a16641cf6fe48845
PERSON_ZOUARI_MOHAMED,CO_SQUARE_PROPERTIES,cogerant,corporate,certain,SP_fa54e3408dd8a2e12c5f
PERSON_SLAMA_ALI,CO_AGROLIVE_SERVICES,president_ca,corporate,certain,SP_65badcb1582889ee05b2
PERSON_SLAMA_CHIHEBEDINE,CO_AGROLIVE_SERVICES,dg,corporate,certain,SP_971e1960b6a81e0f63e5
PERSON_SASI_KHALIL,CO_NEXTLAB_SOLUTIONS,gerant,corporate,certain,SP_3bd2b26b20509c26b5e3
PERSON_KAMOUN_SKANDER,CO_COMPAGNIE_INTERNATIONALE_LEASING,administrateur,corporate,certain,SP_b2fc3e0119a8620e3cd9
PERSON_MHIRI_MAHBOUBA,CO_HOTELIERE_EL_MOURADI_GOLF,administrateur,corporate,probable,SP_b8bb86efc1805fe3a80b
PERSON_MHIRI_SAMI,CO_HOTELIERE_EL_MOURADI_GOLF,administrateur,corporate,probable,SP_4cdf5d495481f7e08414
PERSON_SELAMI_AMIN,CO_PROXI,dga,corporate,certain,SP_516cf191ede7fd7ba582
PERSON_GARGOURI_ADEL,CO_UNIVERSAL_GOMME,gerant,corporate,certain,SP_e4509945cbd551cd6322
PERSON_KILANI_SAMIR,CO_ARABE_FINITION_REVETEMENT_SAFIR,gerant,corporate,certain,SP_f73cf00451ec6787640a
PERSON_HAMAMI_ABDELKARIM,CO_HAPPY_EVENTS_PARK,gerant,corporate,certain,SP_6692375e2400742bf3cd
PERSON_HAMAMI_RIHAB,CO_AMANI_ALU,gerant,corporate,certain,SP_18842becc1a5f958caa8
PERSON_CHAABENE_GHASEN_BENHEDI,CO_CHAABANE_COLLECTE_DECHETS_GMC,gerant,corporate,certain,SP_3ba545de9cbdc05d6658
PERSON_BRIGUI_MOHAMED,CO_COMPAGNIE_INTERNATIONALE_LEASING,president_ca,corporate,certain,SP_4d7234ecbf941ead892d
PERSON_SOUKI_SALAH,CO_COMPAGNIE_INTERNATIONALE_LEASING,dg,corporate,certain,SP_688f6f177a882a6a661c
PERSON_ZAOUALI_MOHAMED_SALAH,CO_AQUATUN,commissaire_aux_comptes,corporate,certain,SP_5f26599e11c524346114
PERSON_CHAABOUNI_ANIS,"ORGMENTION_ASSOCIATIONS, PARTIS, SYNDICATS ET SYNDICS",association_president,corporate,certain,SP_5a95935a2fc71779f139
PERSON_MANSOURI_ALA,"ORGMENTION_ASSOCIATIONS, PARTIS, SYNDICATS ET SYNDICS",vice_president,corporate,certain,SP_1492f532cf7c592871e1
PERSON_DELAI_SIWAR,"ORGMENTION_ASSOCIATIONS, PARTIS, SYNDICATS ET SYNDICS",secretaire_general,corporate,certain,SP_fb62125d065d4750f873
PERSON_MANSOURI_NIHEL,"ORGMENTION_ASSOCIATIONS, PARTIS, SYNDICATS ET SYNDICS",secretaire_general_adj,corporate,certain,SP_d1e4c47499840abd98d8
PERSON_CHAABANE_AHMED_LARBI,CO_CLEAN_WORD,gerant,corporate,certain,SP_1da88825b5ccd472bc81
PERSON_LORAYEDH_ATIA,CO_PROMOTION_IMMOBILIERE_INDUSTRIELLE_SUD_SOPISUD,administrateur,corporate,certain,SP_3400722b07deb88244eb
PERSON_LORAYEDH_ATIA,CO_PROMOTION_IMMOBILIERE_INDUSTRIELLE_SUD_SOPISUD,pdg,corporate,certain,SP_8018b66b2a26632657f1
PERSON_BOUZOUITA_AMIRA,CO_WEST_PHARMA,president_ca,corporate,certain,SP_66360b9b50bebcfb576d
PERSON_BOUZOUITA_KAMEL,CO_WEST_PHARMA,dg,corporate,certain,SP_92103179c915a2fda39f
PERSON_TRIKI_NESRINE,CO_EL_BOUHAIRA_EVENTS,gerant,corporate,certain,SP_6cceac4dbd31c630f7dc
PERSON_KARAY_MOHAMED,CO_TULIP_TRAVEL,cogerant,corporate,certain,SP_c154c825a89046b50a4e
PERSON_KARAY_MOHAMED,CO_TULIP_TRAVEL,representant,corporate,certain,SP_abaa5f690c62b284b20a
PERSON_CASAGRANDE_PAOLO,CO_MEDKONPACK,administrateur,corporate,certain,SP_679284b36fad94f11b61
PERSON_JERAD_ABDELMAJID_KILANI,CO_ITALO_TUNISIENNE_CONFECTION,gerant,corporate,probable,SP_9cc99d64d997e237c9ab
PERSON_HAMROUNI_LATIFA,CO_MEGA_SERVICES,gerant,corporate,certain,SP_bf7326b179ec287568e1
PERSON_KAMOUN_AMIN,CO_CLEAN_ENVIRONNEMENT,gerant,corporate,certain,SP_0851c91787d949f47caf
PERSON_BOUDEN_MAHMOUD,ORGMENTION_SIMOP TUNISIE,unspecified,corporate,certain,SP_595bb2dfa5569bb981ca
PERSON_ABID_CHAFIK,CO_NORTH_AMERICAN_PRIVATE_UNIVERSITY,pdg,corporate,probable,SP_5865871968d96813c029
PERSON_RIAHI_MOHAMED,CO_MRH_INTERNATIONAL_TERADING,gerant,corporate,certain,SP_971639e087cb65dabe47
PERSON_VINCENZI_ALESANDRO,CO_AL_DO_VI_PELLETERIA_ITALIA,gerant,corporate,certain,SP_30979e688ce16286a507
PERSON_AMOUS_MOHAMED,CO_MAS_METAL,administrateur,corporate,certain,SP_927b01d252005d7cd4f7
PERSON_AMOUS_MOHAMED_HEDI,CO_MAS_METAL,administrateur,corporate,certain,SP_867dde5b7cc88cfa2413
PERSON_DERBEL_HICHEM,CO_MAS_METAL,administrateur,corporate,certain,SP_809f29342918d610dea8
PERSON_AMOUS_MOHAMED,CO_MAS_METAL,president_ca,corporate,certain,SP_f2115b9ab7bf30c1db50
PERSON_TRIFI_ZAHER,CO_GERMAN_POWER,gerant,corporate,certain,SP_19ebc3a2bba9c39ace88
PERSON_MAHJOUB_MOHAMED,CO_BEST_LIFE_PARAPHARMACIE,cogerant,corporate,certain,SP_e136e6f23d7d28e3bcf3
PERSON_SASI_IMEN,CO_BEST_LIFE_PARAPHARMACIE,cogerant,corporate,certain,SP_b257e71d0c811853e074
PERSON_SAIDI_AHMED,CO_THE_TEAM_CONSULTING,gerant,corporate,certain,SP_209e6799cc9b405bea73
PERSON_MABROUK_KAIS,CO_TUNISIA_WORLD_TELEVISION,administrateur,corporate,certain,SP_1bc646e8a65ffdb5a359
PERSON_BENAHMED_CHIHEB,CO_UNIPACK,dg,corporate,probable,SP_a11d48a8ba8397c5d625
PERSON_NOUIRA_CHEKIB,ORGMENTION_Société CANTIERI DE MARE,gerant,corporate,certain,SP_1428e7a568c6d8116e09
PERSON_NOUIRA_CHEKIB,CO_GENERALE_MARINE_SERVICES,gerant,corporate,certain,SP_057dfecc3cd9bf3841bc
PERSON_GHOZIA_SOFIEN,CO_MARBRERIE_BERGES_LAC,gerant,corporate,certain,SP_73139c9f3a8a36c562f0
PERSON_KHROUF_FAYCEL,CO_AGRO_EXPORT,gerant,corporate,certain,SP_9c568953e346358f95d1
PERSON_NOUIRA_CHAKER,CO_NEJMA_CONFECTION,gerant,corporate,certain,SP_e7d81916910e44a60a84
PERSON_BOURICHA_BOUBAKER,CO_2B_AGENCY,gerant,corporate,certain,SP_87b2bd272b14f6e85038
PERSON_BENAYED_ABDELWAHEB,CO_GROUP_POULINA_HOLDING,president_ca,corporate,certain,SP_b6726c16e82cb817a9a3
PERSON_BOURICHA_KHALED,CO_GROUP_POULINA_HOLDING,vice_president,corporate,certain,SP_7dc13dfdd2b5a25e0e68
PERSON_BENAHMED_CHIHEB,CO_GROUP_POULINA_HOLDING,dg,corporate,certain,SP_9c5f0d626f4766f0a178
PERSON_BENGHEDHIFA_ABDESATAR,CO_ARAB_INTERNATIONAL_LEASE,dg,corporate,certain,SP_0c65ea5f9fe2bd540893
PERSON_ESID_HATEM,CO_COMPTOIR_TUNISIEN_PAPIERS,dg,corporate,certain,SP_41a9413ff1ee78c873ec
PERSON_KRAIEM_MOHAMED_FADHEL,CO_TOPNET,president_ca,corporate,certain,SP_77e7170b25ed406f0e7b
PERSON_DRIDI_FOUED,CO_FRANCO_TRADING_COMPANY,gerant,corporate,certain,SP_5bacc469dbcf50212980
PERSON_BENREJAB_RIADH,CO_ELECTROSTAR,unspecified,corporate,probable,SP_12b9f9dea8e04bb808cd
PERSON_CHARFI_KHALIL,CO_OXIA_TUNISIE,dga,corporate,probable,SP_080f2b7e00b5d1bdb6d6
PERSON_SASI_SARAH,CO_SSAM_INTERNATIONAL_TRADE,gerant,corporate,certain,SP_bfe02bc24e30d6550a24
PERSON_JEMEL_NEBRAS,CO_KAOUN,gerant,corporate,certain,SP_24c88febee10afb7eaee
PERSON_DAHMANI_ABDELAZIZ,CO_STIVEL,gerant,corporate,certain,SP_8dea70dad9554082828a
PERSON_MABROUK_WALID,CO_MOSAICO_PRODUCTION,gerant,corporate,certain,SP_08001cb4995dc5e32c5e
PERSON_ZOUARI_WASIM,CO_TUNISIAN_OLIVE_WOOD,gerant,corporate,certain,SP_fc244d8f1edb9c2205ac
PERSON_MHIRI_MAHBOUBA,CO_TOURISTIQUE_EL_MOURADI,administrateur,corporate,probable,SP_4739590fce41e4a70c6f
PERSON_MHIRI_SAMI,CO_TOURISTIQUE_EL_MOURADI,administrateur,corporate,probable,SP_59e894f727b2b76c1c17
PERSON_QUIRION_MARISOL,CO_CENTRE_FINANCIER_AUX_ENTREPRENEURS_TUNISIE,administrateur,corporate,certain,SP_313334da9836fcdec3bf
PERSON_SLAMA_KHALIL,CO_DISTRIFROID,gerant,corporate,certain,SP_96ecca5e1e3fe2d88226
PERSON_MZABI_MZOUGHI,CO_BESTOPLAST_TUNISIE,pdg,corporate,probable,SP_c2d49160e3a42f9cb5f5
PERSON_DRIS_HEDI,CO_COMMERCIAL_MATERIELS_EQUIPEMENTS,gerant,corporate,probable,SP_5edb197900c9f1d56de6
PERSON_KAABI_MOHSEN,CO_DEXPLOITATION_AGRICOLE_ESSABA,gerant,corporate,certain,SP_22b49ad91398a5b1aaac
PERSON_DRIS_RIDHA,CO_ALFA_CONSEIL,gerant,corporate,certain,SP_ecc4286b948822defcce
PERSON_HAMAMI_MOUNIR,CO_ELECTROMOLKA,gerant,corporate,certain,SP_bef068cc5a7a0ecea070
PERSON_HAMROUNI_RAOUIA,CO_AHMED_DAGRICULTURE,gerant,corporate,certain,SP_a86e5f3dd4d1c5f68e3e
PERSON_KAMOUN_NEJIB,CO_INSTITUT_POLYTECHNIQUE_PRIVE_SCIENCES_AVANCEES_SUD,commissaire_aux_comptes,corporate,certain,SP_fd185d3b55ad1f498a1d
PERSON_AMAR_MOHAMED,CO_SELECT_BAR,gerant,corporate,certain,SP_3e62ee16d9fbae532ca6
PERSON_BENOUEGHREM_MOHAMED_NEJIB,CO_GENERAL_PLASTIC,gerant,corporate,probable,SP_6c7f9fdf0107f04ea38d
PERSON_DENGUEZLI_HATEM,CO_LANDOR_HOLDING,pdg,corporate,certain,SP_49520fca9334d62f7b29
PERSON_MORELE_ALAIN,CO_DMG_MORI_FRANCE_SAS,representant,corporate,certain,SP_8ebcc54a0d12cf81bef6
PERSON_DAHMANI_MOHAMED_SAHBI,CO_RECOUVREMENT,dg,corporate,certain,SP_08a3025e20df699a8cd3
PERSON_WASIM_ABES,ORGMENTION_Réorganisation de la géante,gerant,corporate,certain,SP_558e751e7d3a360ec8d0
PERSON_JEMAL_WAFA,ORGMENTION_Réorganisation de la géante,gerant,corporate,certain,SP_76521ea8fea39f074e19
PERSON_WASIM_ABES,ORGMENTION_Réorganisation de la gérance,gerant,corporate,certain,SP_84743b8b6854b4771ede
PERSON_JEMAL_WAFA,ORGMENTION_Réorganisation de la gérance,gerant,corporate,certain,SP_13668caf612b3772e2aa
PERSON_WASIM_ABES,CO_Z_PRODUCTION,gerant,corporate,certain,SP_9836b6f775e0eda53cc8
PERSON_JEMAL_WAFA,CO_Z_PRODUCTION,gerant,corporate,certain,SP_9812248575127c3ceb6e
PERSON_AJLANI_HABIBA,CO_FERTEX,gerant,corporate,certain,SP_ad60965cd9b949689574
PERSON_MOKHTAR_KAIS,CO_ATLAS_MOTORS,unspecified,corporate,certain,SP_e66b38dc8174787df582
PERSON_MOKHTAR_SADRI,CO_ATLAS_MOTORS,unspecified,corporate,certain,SP_25caae5c42ecdfd9400e
PERSON_DRIS_MARIEM,CO_CHIMIE_PRO,gerant,corporate,certain,SP_0f9d9461266093a5da15
PERSON_CHERIF_MOHAMED,CO_ROSA,gerant,corporate,certain,SP_bccdedc250f1c3637ca8
PERSON_BENZAKOUR_ZOHRA,CO_CHALLENGE_SICAR,administrateur,corporate,probable,SP_847c0ee675600a3ac7e9
PERSON_MANSOUR_ANISA,CO_CHALLENGE_SICAR,administrateur,corporate,probable,SP_0b84244b3e21df33890b
PERSON_MANSOUR_FATMA_ASMA,CO_CHALLENGE_SICAR,administrateur,corporate,probable,SP_a4c51ebfcffe6424fcdc
PERSON_MAHJOUB_BECHIR,CO_CHALLENGE_SICAR,administrateur,corporate,probable,SP_22855c4b2c82800f3329
PERSON_ATIA_AHMED,CO_CHALLENGE_SICAR,administrateur,corporate,probable,SP_e276a4a83b0c271028bf
PERSON_HAMIDA_HELA_BRIGUI,CO_CIL_SICAR,pdg,corporate,certain,SP_87ef529516e674ee9fbd
PERSON_BENHASINE_HABIB,CO_MAGHREBIA_SERVICES,dga,corporate,certain,SP_b28ac72d0a2b8b32d477
PERSON_FERCHICHI_ILHEM_BENSMIDA,CO_MAGHREBIA_SERVICES,administrateur,corporate,certain,SP_12212c9f85db0b8ad31f
PERSON_ESASI_MOHAMED_NABIL,CO_MAGHREBIA_SERVICES,president_ca,corporate,certain,SP_aed3f2b56aa99d3a4963
PERSON_SLAMA_GHASEN,CO_ZINET_EL_GHALLA,gerant,corporate,certain,SP_ad0eba64137e1da60fe0
PERSON_TRIKI_AHMED,CO_FLORENCE_SOFA,gerant,corporate,certain,SP_1d99f09cf1e0244668b4
PERSON_SELAMI_AMIR,CO_AMIR_COMMERCE,gerant,corporate,certain,SP_01fa473b7f05c209e9a7
PERSON_HAMROUNI_CHAIBI,CO_GHOFRAN_METAUX,gerant,corporate,certain,SP_ffd3b51f1d47dcba6076
PERSON_BENZAKOUR_ZOHRA,CO_CHALLENGE_SICAR,dg,corporate,certain,SP_6c8a8b9ef8359c974134
PERSON_WENHUI_TIAN,CO_COMPAGNIE_TUNISO_KOWEITO_CHINOISE_PETROLE,dga,corporate,certain,SP_dc6e452faf30bb254e91
PERSON_HAJI_MOKHTAR,CO_COMPAGNIE_TUNISO_KOWEITO_CHINOISE_PETROLE,dg,corporate,certain,SP_fbf05a18fb8ff8a332a2
PERSON_CHABCHOUB_AHMED,CO_ESSYAHA,dg,corporate,certain,SP_69a5f871ddd0b95c3776
PERSON_IDOUDI_MOHAMED,CO_COMPAGNIE_TUNISIENNE_FORAGE,pdg,corporate,certain,SP_606923dbb97109beaa67
PERSON_PIERON_ALAIN,CO_FRANCO_TUNISIENNE_COLLECTE_TRI_DECHETS_VALORISABLES,gerant,corporate,certain,SP_28d2ce9ffe4dd74ccce0
PERSON_CHAABANE_FAHMI,CO_CHAABANE_FILS,gerant,corporate,probable,SP_c64b78470cc43d4e3b93
PERSON_CHABCHOUB_MOHAMED_AMIN,ORGMENTION_SOCIETE XPRESS CELL,gerant,corporate,certain,SP_984eec45953b01d4ffc9
PERSON_CHTOUROU_FAKHER,CO_MODERNE_TEXTILE,gerant,corporate,certain,SP_f14ccaeef24e89929ace
PERSON_ELILI_THOURAYA,CO_ULYSSE_MODE,gerant,corporate,certain,SP_a37c0621814eb2b49144
PERSON_SANAA_MOURAD,CO_ULYSSE_MODE,cogerant,corporate,certain,SP_419d9a2706ef9e23ad9a
PERSON_JENAYAH_OMAR,CO_PROMOTION_TOURISTIQUE,administrateur,corporate,probable,SP_15e37922ad5ec516fc45
PERSON_DOGHRI_NEJIB,CO_AGRI_PRODUCTION,administrateur,corporate,probable,SP_e201705334c171e6f3d5
PERSON_IZQUIERDO_JULIO_RODRIGUEZ,CO_SOTACIB_KAIROUAN,president_ca,corporate,certain,SP_2e21c76b45fa06bb69be
PERSON_IZQUIERDO_JULIO_RODRIGUEZ,CO_TUNISO_ANDALOUSE_CIMENT_BLANC,president_ca,corporate,certain,SP_8a6aa0762d82d3e8454a
PERSON_BENABDESAMAD_SOFIANE,CO_EURANOVA_TUNISIA,gerant,corporate,certain,SP_693f4c3cf96963b652af
PERSON_KAMOUN_WISEM,CO_TUNISIE_PORTE_A_PORTE,gerant,corporate,certain,SP_fccbe98f8b2c55e84024
PERSON_SELAMI_HATEM,CO_AGROVET,gerant,corporate,certain,SP_f5fe4e53da655ba79c37
PERSON_RHOUMA_NIZAR,CO_EXPRESS_ASCENSEUR,cogerant,corporate,certain,SP_eea244e4a1a2fc44d8fc
PERSON_SLAMA_MOUNIRA,CO_ATTAOUFIK_DENSEIGNEMENT_PRIVE,gerant,corporate,certain,SP_18413b5a0e0e613d5297
PERSON_BOUZAIENE_ABDELKADER,CO_TASMID_INDUSTRY,commissaire_aux_comptes,corporate,certain,SP_9dba0ff70884c808d160
PERSON_KOOLI_MOHAMED,CO_GENERALE_INDUSTRIE_NORD_GINOR,president_ca,corporate,certain,SP_f444f89992e4dc038281
PERSON_RHOUMA_NIZAR,CO_NAVETTE,cogerant,corporate,certain,SP_a9c8a8cb3c77227468fb
PERSON_BENMABROUK_AHMED,CO_TOP_BETON,gerant,corporate,certain,SP_9c5d4a63babda4fc5fe3
PERSON_HAMAMI_SAMIRA,CO_REAL_CAFE,gerant,corporate,certain,SP_4cf9f6696ec85a6bea96
PERSON_ZOUARI_RACHED,CO_ETTAOUFIK,gerant,corporate,certain,SP_1551c5efbda63b73e4db
PERSON_CHERIF_KAMEL,CO_FRANCO_TUNISIENNE_TRANSPORT_LOGISTIQUE,gerant,corporate,certain,SP_b080d6e2b1c6c912dd90
PERSON_ABAS_FERID,ORGMENTION_L'immobilière de l'Avenue des Etats Unis d'Amérique,gerant,corporate,certain,SP_19c4f3f87c95346f0177
PERSON_DENEUX_PATRICK,CO_AIR_LIQUIDE_TUNISIE,dg,corporate,probable,SP_329c4ef3bba362dbc3ac
PERSON_DENEUX_PATRICK,CO_AIR_LIQUIDE_TUNISIE_SERVICES,dg,corporate,probable,SP_786d5dba5905ee8471ef
PERSON_ACHOUR_MAHMOUD,"ORGMENTION_ASSOCIATIONS, PARTIS, SYNDICATS ET SYNDICS",association_president,corporate,certain,SP_f7b503b394ae4a91cdc4
PERSON_GMATI_TEJEDINE,"ORGMENTION_ASSOCIATIONS, PARTIS, SYNDICATS ET SYNDICS",vice_president,corporate,certain,SP_469922a38c8408a885a1
PERSON_ACHOUR_OLFA,"ORGMENTION_ASSOCIATIONS, PARTIS, SYNDICATS ET SYNDICS",secretaire_general,corporate,certain,SP_1aad00c3299ecb2abe62
PERSON_SOUISI_ABDERAZEK,"ORGMENTION_ASSOCIATIONS, PARTIS, SYNDICATS ET SYNDICS",secretaire_general_adj,corporate,certain,SP_4c81199b99c0d0c41ac1
PERSON_BENROMDHANE_MONTASAR,"ORGMENTION_ASSOCIATIONS, PARTIS, SYNDICATS ET SYNDICS",treasurer,corporate,certain,SP_8afa04dbc6430c4524ff
PERSON_ACHOUR_MAHMOUD,ORGMENTION_,association_president,corporate,certain,SP_a5d8895e18965ec8287c
PERSON_GMATI_TEJEDINE,ORGMENTION_,member,corporate,certain,SP_c8a27d9be6f555037015
PERSON_ACHOUR_OLFA,ORGMENTION_,member,corporate,certain,SP_b9234370b2d74dfce12f
PERSON_BENROMDHANE_MONTASAR,ORGMENTION_,member,corporate,certain,SP_1df33b5da21a43c6b20b
PERSON_SELAMI_MAHER,CO_RAMOUCH,gerant,corporate,certain,SP_c6850db3cf801f906bea
PERSON_NABLI_SOUHEIL,CO_CONSEIL,gerant,corporate,certain,SP_2dccec8682022822707c
PERSON_KAMOUN_KHALED,CO_SACEM_INDUSTRIES,dga,corporate,probable,SP_40ffc0e81dfd2c5ee75e
PERSON_BENAYED_MOHAMED_HEDI,CO_PIECES_INDUSTRIELLES_MATERIELS_AGRICOLES,president_ca,corporate,certain,SP_44aaa25a473f63110b6c
PERSON_FRIAA_CHAOUKI,CO_DEVELOPPEMENT_D_EXPLOITATION_PARC_D_ACTIVITES_ECONOMIQUES_ZA,administrateur,corporate,certain,SP_b20e9f45af5ee0b82dfa
PERSON_BOUATAY_NEJIB,CO_TRAVAUX_SERVICES,gerant,corporate,certain,SP_cf32a30217fd1d21549f
PERSON_MOHSEN_CHEKIB,CO_METROPOLITAN,gerant,corporate,probable,SP_c5fcd33a8f8541043598
PERSON_MZABI_SKANDER_FADHEL,CO_AUTOMOTIVE_RETAIL_TUNISLAN_EXCELLENCE,gerant,corporate,certain,SP_775f582104278e5089ff
PERSON_MEHREZ_CHAMSEDINE,ORGMENTION_BRANDIS S,gerant,corporate,certain,SP_9adc76be6faaca7a406c
PERSON_ZOUARI_MONJI,CO_ZOUARI_MEDICAL_CENTER,gerant,corporate,certain,SP_84d625444ee0401d9b59
PERSON_GRAR_ADEL,CO_NEWREST_CATERING_TUNISIE,president_ca,corporate,certain,SP_90aa8ced652a72f15367
PERSON_SADRAN_OLIVIER,ORGMENTION_NEWREST RETAIL SA,administrateur,corporate,certain,SP_a3730da3082338ab0bef
PERSON_JEANDEL_MATHIEU,ORGMENTION_NEWREST RETAIL SA,administrateur,corporate,certain,SP_be3bc5ad56d5a1e262cd
PERSON_HAMAMI_FETHI,CO_SHEMS_RENT_CAR,cogerant,corporate,certain,SP_7528be30d522fff25820
PERSON_ZAABI_MOHAMED,CO_MANAR_COMMERCE,gerant,corporate,probable,SP_071de131ff63065cb417
PERSON_ZAABI_MOHAMED,CO_MANAR_COMMERCE,cogerant,corporate,probable,SP_2e9f2620cfd258e2cf81
PERSON_CHEBI_MOHAMED_LARBI,CO_IMMOBILIERE_HORCHANI,gerant,corporate,probable,SP_5f7770c83c1552549fa9
PERSON_BENJEMAA_KHALED,CO_BBJ_HOLDING,administrateur,corporate,certain,SP_394c8435a97919ee44a4
PERSON_BENJEMAA_KHALED,CO_BBJ_HOLDING,pdg,corporate,certain,SP_955c2ab3545153fe91b2
PERSON_BENJEMAA_FERID,CO_BBJ_HOLDING,dga,corporate,certain,SP_51d843ced18d39b50d43
PERSON_SLAMA_GHASEN,CO_AL_MAKHBAZA,administrateur,corporate,certain,SP_ff07d6624fb51c859518
PERSON_SLAMA_GHASEN,CO_AL_MAKHBAZA,pdg,corporate,certain,SP_0621dfb7d8c0732ddf35
PERSON_MAALEJ_ISTABRAK,CO_AL_KHOUTAF_ONDULE,dg,corporate,certain,SP_480074bbedf1524c23ae
PERSON_DHOUIB_AHMED,CO_CENTRAL,administrateur,corporate,certain,SP_cb18450e1dd5db4b8372
PERSON_FRAD_MOHAMED_SALAH,CO_CENTRAL,administrateur,corporate,certain,SP_22f328953917d233382b
PERSON_ABID_MOHAMED,CO_PRESTIGE,gerant,corporate,certain,SP_52c11363ffcf66ca936d
PERSON_HAMAMI_CHAMSEDINE,CO_ELECTRONICA_IES,gerant,corporate,certain,SP_b7da7d317e9bbd2f8ba2
PERSON_DHOUIB_MOHAMED,CO_LAC_IMMOBILIER,dg,corporate,certain,SP_5c101d0dc7a0178c4b4f
PERSON_ISMAIL_SONIA_KHECHINE,CO_PROMOTION_IMMOBILIERE_ELMAKAREM,gerant,corporate,certain,SP_bef05f5080a6e61edf37
PERSON_GHANEM_MOHAMED,CO_AYA_DISTRIBUTION,gerant,corporate,certain,SP_62ff729bc6b2e84c15fb
PERSON_ABDELI_OUADAH,CO_DSF_FRANCE,gerant,corporate,certain,SP_875019e7d60a3cff36e0
PERSON_BOUCHAMAOUI_RAOUF,CO_BOUCHRA_HOLDING,dg,corporate,probable,SP_7048d7ebd73b43c14409
PERSON_TRIKI_RIDHA,CO_MOULIN_HOLDING,unspecified,corporate,certain,SP_20aa59296b4e4679b9bd
PERSON_TRIKI_MOHAMED,CO_MOULIN_HOLDING,unspecified,corporate,certain,SP_2db4a26ba5361dea3777
PERSON_TRIKI_AHMED,CO_MOULIN_HOLDING,unspecified,corporate,certain,SP_3cf28b0b5884febd41f8
PERSON_TRIKI_NABIL,CO_MOULIN_HOLDING,unspecified,corporate,certain,SP_fa1e5e9115a39ae34638
PERSON_KAMOUN_FADHEL,CO_AZZA,cogerant,corporate,certain,SP_fd52b960be64f2ad7e91
PERSON_MOKNI_HICHEM,CO_STEP,pdg,corporate,certain,SP_c0442203da035a58617a
PERSON_KHALIL_MOHAMED,CO_UNIDS_NEGOCE,gerant,corporate,certain,SP_b99438c6994b85dc6dd5
PERSON_GHANEM_MOHAMED,CO_PERFECTION_LABO_COSMETIQUE_TUNISIE,gerant,corporate,certain,SP_5fbc32a81f77fa693e70
PERSON_SASI_FIRAS,CO_H24_EVENTS_AND_SERVICES,gerant,corporate,certain,SP_36b020acd21e5accbb70
PERSON_HAMAMI_ALI,CO_HANNIBAL_SILVER_COMPANY,gerant,corporate,certain,SP_b3b49ffcd6f698be8826
PERSON_ELOUMI_DORA,CO_ORGANISATION_CONSEIL_FORMATION,gerant,corporate,certain,SP_5fb7d7adeaa094c424fc
PERSON_BOUKHRIS_LAMJED,ORGMENTION_Société d'Assurances et de Réassurances à forme mutuelle,dg,corporate,certain,SP_2c1a1db893c9c5a61f44
PERSON_ZOUARI_MOHAMED_FADHEL_BENABDELMAJID,CO_SOMOTEX,gerant,corporate,certain,SP_c1083b93012c2b680142
PERSON_HAMAMI_MAISA,CO_COSMOS,gerant,corporate,certain,SP_f8c10cb376f51890cc3e
PERSON_BOURICHA_IMED,CO_GIGA_ONE,gerant,corporate,certain,SP_af68a7b9404628a73b67
PERSON_SELAMI_MOHAMED,CO_DIAMANT_BLANC_NETTOYAGE_SERVICE,gerant,corporate,certain,SP_733efeb47f9b365e635c
PERSON_BENSEDRINE_NESRINE_RAJA,CO_DIGIBELL_AGENCY,gerant,corporate,certain,SP_991b51692e5b309069e0
PERSON_OUN_SALAH,CO_ELECTRIC_SUD,gerant,corporate,certain,SP_a73cee275f4c966fb270
PERSON_ELOUMI_MAHMOUD,CO_PROSENOL,commissaire_aux_comptes,corporate,certain,SP_14e9cb402c102600008f
PERSON_TRIKI_SABER,CO_MAYHANA_COMMERCE,gerant,corporate,certain,SP_ae38c222ed077c119368
PERSON_MABROUK_HOUCEM,CO_VENTURIS_DISTRIBUTION,gerant,corporate,certain,SP_d2733084b3b468f69122
PERSON_KAMOUN_MOHAMED,CO_NOUR,gerant,corporate,certain,SP_6b3d6e658d237141659b
PERSON_DOGUI_LOTFI,CO_COLMAR,dg,corporate,certain,SP_d4ca19436971ccffefd4
PERSON_SASI_MBARKA,CO_EXTRA_MARMI,gerant,corporate,probable,SP_c50ea00707163dbb6243
PERSON_MARAKCHI_MOHAMED,CO_CONSULTING,gerant,corporate,probable,SP_bc6a30724e3731372c6e
PERSON_BRAHIM_MONIA,CO_AMEN_MEUBLE_DECORATION,gerant,corporate,certain,SP_b91eddebaa4ab2ef9fe3
PERSON_BENSLAMA_MOHAMED,CO_DISTRIBUTION_CONTINENTALE,gerant,corporate,certain,SP_0007ec9a65d1a5e22fae
PERSON_ZOUARI_FARES,CO_ZOUARI_ADVERTISING_AGENCY,gerant,corporate,certain,SP_63ef01f9da977b9a2028
PERSON_SLAMA_ADEL,CO_MEHREZ_AKACHA,gerant,corporate,certain,SP_d0c8853b227eb6ee0abe
PERSON_TRIKI_MOHAMED_MONCEF,CO_OSRATI,gerant,corporate,certain,SP_c7ab1bd5c15095615997
PERSON_TRIKI_OUALID,CO_WIKI_START_UP,dg,corporate,certain,SP_dea59bdcdcce2e958978
PERSON_STARKE_MARC,CO_NEWREST_SERVICES_TUNISIE,administrateur,corporate,certain,SP_5a2cadff021338b383c3
PERSON_HADJTAHER_IBRAHIM_BEL,CO_TUNISIENNE_DHABILLEMENT_ETH,gerant,corporate,certain,SP_1685f0d7e9c7a6b5bc4f
PERSON_CHAABANE_ATHER,CO_GAMMARTH_IMMOBILIERE,administrateur,corporate,certain,SP_2aab7ac91557921d6dca
PERSON_GUEDICH_EMNA,CO_GAMMARTH_IMMOBILIERE,administrateur,corporate,certain,SP_3bc09fec1c9ccc0a71d8
PERSON_GAHA_JALEL_EDINE,CO_GAMMARTH_IMMOBILIERE,administrateur,corporate,certain,SP_d3097704e1aa88bf691b
PERSON_KORBI_MAKREM,CO_TOP_USED,gerant,corporate,certain,SP_e78c1932734ab35b4cbf
PERSON_BENOMRANE_MOHAMED_FADHEL,CO_BEN_OMRANE_LAWYERS_GROUP,gerant,corporate,probable,SP_40105de1f0cde06b2459
PERSON_KAMOUN_MOHAMED,CO_KAMMOUN_DISTRIBUTION,liquidateur,corporate,certain,SP_0a2412b9e2234c487e92
PERSON_SLAMA_SAHAR,CO_ADVANCED_TECHNOLOGIE_SERVICES,gerant,corporate,certain,SP_dd24edc15a6fb1ba83d6
PERSON_HAMDI_IMED,CO_TUNISO_ALLEMANDE_DEVELOPPEMENT_AGRICOLE,gerant,corporate,certain,SP_4d48c334fe659eb40445
PERSON_SGATNI_OUAHIDA,CO_TUNISO_ALLEMANDE_DEVELOPPEMENT_AGRICOLE,gerant,corporate,certain,SP_1662266cdac3bddd8af2
PERSON_ZOUARI_HASOUNA,CO_AUTO_LION,gerant,corporate,certain,SP_bae51a4f6c56fb366f89
PERSON_KAMOUN_KHALED,CO_CONSULTING,gerant,corporate,certain,SP_79c425f743eee783c753
PERSON_TRIKI_SLIM,CO_COMPAGNIE_TRANSPORTS_PAR_PIPE_LINES_AU_SAHARA_TRANSPA,administrateur,corporate,certain,SP_56f21c9de24a4c01c169
PERSON_JMAL_MOHAMED_SAID,CO_MARCO_MOBILI,gerant,corporate,certain,SP_f16af37a26deb54c856f
PERSON_TRIKI_LAMIA,CO_ORIENTAL_STORE,gerant,corporate,certain,SP_314384d28bd088d14b3a
PERSON_NAMOUCHI_AMEL,CO_TECHNOTEX,gerant,corporate,certain,SP_5bf057e223ea67bd020b
PERSON_HAMROUNI_HELMI,CO_ASTRA_COMMERCE,gerant,corporate,certain,SP_be2295dd6533088c1440
PERSON_ELOUMI_FAOUZI,CO_ABM_MANAGEMENT,pdg,corporate,certain,SP_4132ad7a95a80ed1d332
PERSON_BOUMIZA_MOHAMED_HEDI,CO_STIMEC,unspecified,corporate,certain,SP_451ffcb87c44f973046e
PERSON_HAMAMI_ABDERAZEK,CO_AGRICOLE_ABDERRAZEK_HAMMAMI_FILS,gerant,corporate,certain,SP_d26344e100bf068781f6
PERSON_SLAMA_ALI,CO_DIGITAL_PRODUCTION_DIGIPRO,president_ca,corporate,certain,SP_a3615d2a18b7e3e6d0cf
PERSON_SLAMA_RIDHA,CO_DIGITAL_PRODUCTION_DIGIPRO,dga,corporate,certain,SP_ae6ab2c0f290535dc7ed
PERSON_ROUSEAU_BRUNO,CO_BISCUITERIE_MEDITERRANEENNE,pdg,corporate,certain,SP_8fd06d57174aa8139ad8
PERSON_JAOUADI_MOHAMED,CO_KARAMA_HOLDING,administrateur,corporate,certain,SP_909d7e55feb9c29141f3
PERSON_ZAHAF_SLAHEDINE,CO_PM_INDUSTRIE,commissaire_aux_comptes,corporate,certain,SP_cd7275fbe87086b80536
PERSON_DHOUIB_MOHAMED,CO_CONSULTING,gerant,corporate,certain,SP_84d5d29899635d4e209d
PERSON_HENTATI_BASEM,CO_AFRICAINE_PEINTURE_PLANET,gerant,corporate,probable,SP_504b8a1327c385e3d2d2
PERSON_HENTATI_BASEM,CO_AFRICAINE_PEINTURE_PLANET,gerant,corporate,probable,SP_504b8a1327c385e3d2d2
PERSON_FARSI_NIAZI,CO_SOCOMENIN_INDUSTRIAL_CONSTRUCTION,gerant,corporate,certain,SP_39de4ddcd65cde21dc97
PERSON_TRIKI_MOHAMED,CO_MOULIN_PACKAGING,gerant,corporate,certain,SP_22156e375240a7aad52c
PERSON_JAZIRI_MOHAMED,CO_ZITA,gerant,corporate,certain,SP_66bf71ecf8909b7c839c
PERSON_KALEL_MAHER,CO_FOUNDERS_CAPITAL_PARTNERS,administrateur,corporate,probable,SP_2d19340488199b15b72b
PERSON_AKARI_RAFIKA,CO_STB_MANAGER,administrateur_delegue,corporate,certain,SP_9d71f6ed481e47957475
PERSON_HACHICHA_KARIM,CO_TELETEC_CATERING,gerant,corporate,certain,SP_0f8a95a422f153690a66
PERSON_MASMOUDI_MOHAMED,CO_SOTURECO_ENNAJEH,gerant,corporate,certain,SP_21f0e29310ce0df3192d
PERSON_KILANI_ABDELHAMID,CO_ESPACE_PARA_BIEN_ETRE,gerant,corporate,certain,SP_96b924f38621c0215f96
PERSON_BENSLAMA_SABER,CO_SUNRISE_HYG,gerant,corporate,certain,SP_494084129e659eca1103
PERSON_ELOUMI_ANIS,CO_TUNISIENNE_TOILES_INDUSTRIELLES,pdg,corporate,certain,SP_40b0f92215c39b08c412
PERSON_JAOUADI_HEDI_AGREBI,GOV_INSTITUT_NATIONAL_METEOROLOGIE,dg,corporate,certain,SP_f877c538bd5c09b1dbfe
PERSON_BAHRI_MOHAMED,CO_EL_ANDALOUS_QUINCAILLERIE,gerant,corporate,certain,SP_7e3c4a93b7054bd3ddec
PERSON_SASI_KAMEL,CO_SASSI_CIE,gerant,corporate,certain,SP_7e6e8aa7e77b9a23a96f
PERSON_ABDENADHER_FATMA_BOUALI,CO_ACC,gerant,corporate,certain,SP_bf655122ab7fd09f8e9d
PERSON_KORBI_MAKREM,CO_TOP_USED,liquidateur,corporate,certain,SP_ce2269d04aea5ad4af5e
PERSON_BRUYERE_PATRICK,CO_AB_PACKAGING,cogerant,corporate,certain,SP_88962805e81fc3a5b67f
PERSON_TRABELSI_MOHAMED,CO_HENDA,gerant,corporate,certain,SP_34f4c8bc9d1392dea256
PERSON_SASI_SABER,CO_FIDELYS_TRAVEL_AND_TOURISM,gerant,corporate,certain,SP_4f74843384b07a793c03
PERSON_ELOUMI_HAMDI,CO_CONSTRUCTION_SERVICES,gerant,corporate,certain,SP_816532fa97dc041fe4be
PERSON_KNAZ_HAMED,CO_CAR_HOLDING,gerant,corporate,certain,SP_4ea41bd615d4b7e6ba56
PERSON_ZOUARI_SAMEH,CO_SAMSEM_SERVICES,gerant,corporate,certain,SP_5f0d7a489ce111d5b3d6
PERSON_ZOUARI_WISEM,CO_COMPLEXE_FRIGORIFIQUE_MCHAIKHI,gerant,corporate,certain,SP_edfe49f2c92a7b2ce390
PERSON_MAHFOUDH_MOEZ,CO_TRAITEMENT_DELAVAGE_FINITION,gerant,corporate,certain,SP_34d7dcbf1d482292d87f
PERSON_HAMAMI_WAHIDA,CO_ABDI_DISRIBUTION,gerant,corporate,certain,SP_5b55fe98a69fd35a12a6
PERSON_ZOUARI_YOSR,CO_YOSR,gerant,corporate,certain,SP_9c2120997358150efc88
PERSON_JEMAI_ABDERAOUF,CO_GERMAN_TUNISIAN_SERVICE,gerant,corporate,certain,SP_a1d5203bedb586df4bc3
PERSON_BOUZGUENDA_LEILA,CO_DEVELOPPEMENT_AGRICOLE_ZITOUNA_I,administrateur,corporate,probable,SP_73275dad897c1005aed1
PERSON_BENCHAABANE_NEJIB,CO_MARETAP,dg,corporate,certain,SP_7d49bf3ea038b070db14
PERSON_KHEDIMALA_NEJLA,CO_RIMATEX,gerant,corporate,certain,SP_3b60dec0146365353c02
PERSON_BOUSOFARA_MOHAMED_NEJI,CO_PLASTIFILM,cogerant,corporate,certain,SP_89f14b72e62fee50146d
PERSON_CHABCHOUB_MOHAMED,CO_R_INDUSTRIE,gerant,corporate,probable,SP_03da1f9f5cf106e34e0f
PERSON_PIERON_ALAIN,CO_FRANCO_TUNISIENNE_COLLECTE_TRI,gerant,corporate,certain,SP_faf36edb0bfbd91f9489
PERSON_GUIGA_SOFIEN_DRIS,CO_TRS,dg,corporate,certain,SP_10046600800bcc7ad9a4
PERSON_TRIKI_AHMED,CO_CONFORTA,gerant,corporate,certain,SP_798ba6abd93602d73a3c
PERSON_HAMAMI_TAREK,CO_ADWYA,dga,corporate,certain,SP_a9bd7128d9358d3a68eb
PERSON_DOGHRI_NEJIB,CO_TUNISIENNE_D_ENGRAIS_CHIMIQUES_STEC,pdg,corporate,certain,SP_5d215f8754e1f8e9f56d
PERSON_FRADI_SALAH_AMIN,ORGMENTION_Société TRANSPORT URBAIN ET SUBURBAIN TUS,pdg,corporate,probable,SP_6bb7dcc577bc5e701f0c
PERSON_MHIRI_NEJI,CO_DINVESTISSEMENTS_HOTELIERS_EL_MOURADI,dga,corporate,probable,SP_b2b032febfe11589e337
PERSON_ZOUARI_FATMA,CO_TECHNO_SANTE,gerant,corporate,certain,SP_53c3d60020b67f29d5c9
PERSON_HAMROUNI_ABDENACEUR,CO_HAMROUNI_AVENIR,gerant,corporate,certain,SP_fe79cf2db683972ef231
PERSON_KHALIL_MOHAMED,CO_NK_PLAST,gerant,corporate,certain,SP_c545833a91dc398d9c1e
PERSON_BENMOHAMED_MOHAMED,CO_EL_BARAKA,gerant,corporate,certain,SP_1f3488c1b45873f5514c
PERSON_SAIDANE_MOHAMED,CO_DIAMANT_BLEU,gerant,corporate,certain,SP_ce046ced5796c678a215
PERSON_CHAABANE_WALID,CO_CLEAN_HOUSE,gerant,corporate,certain,SP_ba6c7d54c0f2f0aca63a
PERSON_KAMOUN_HABIB,CO_GLOBAL_TOOLING_AND_MACHINERY,gerant,corporate,certain,SP_715820d53e5335db9bb2
PERSON_ABID_AHMED,CO_SALMA,gerant,corporate,certain,SP_0884e1f565d8fdbbccab
PERSON_HAMAMI_MOHAMED,CO_INTERNATIONALE_CONSTRUCTION_MODERNES_SICOM,gerant,corporate,certain,SP_dd9bdcad7bff4880f23d
PERSON_HAMAMI_WALID,CO_HAMMAMI_LIGHTING,gerant,corporate,certain,SP_6172b14d40f5956cb433
PERSON_MOUSA_EZEDINE,CO_CONSULTING,gerant,corporate,certain,SP_44735b01f8700083052d
PERSON_KOOLI_MOHAMED,CO_RAYEN_FOOD_INDUSTRIES,commissaire_aux_comptes,corporate,certain,SP_cec810212ddff1b0bf83
PERSON_BAULE_ANTOINE,CO_RAYEN_FOOD_INDUSTRIES,commissaire_aux_comptes,corporate,certain,SP_74a93a7ab839c17ed2d4
PERSON_ROUIS_MOHAMED_ELARBI,CO_LEONI_WIRING_SYSTEMS_TUNISIA,gerant,corporate,certain,SP_a0d0bc37b0ccad336231
PERSON_FEKIH_HOUCINE,CO_COMPAGNIE_ARABE_PROMOTION_IMMOBILIERE,commissaire_aux_comptes,corporate,probable,SP_05a40ef1a20e149dec45
PERSON_DRIDI_YOUSEF_BENABDALAH,CO_SAPORI_ITALIA,gerant,corporate,certain,SP_96cde3f7362b473beed7
PERSON_HAMROUNI_RACHIDA,CO_CONSULTING_BUSINESS_MANAGEMENT_TRAINING_CBMT_PROFORMA,gerant,corporate,certain,SP_2bfc4a5f5b18270988b6
PERSON_KAABI_NEJI,CO_DENTAMED,gerant,corporate,certain,SP_3f5988bbcfc32a4baaab
PERSON_BENSLAMA_DHOUHA_BENZAIED,CO_INNEV_LABS,gerant,corporate,certain,SP_2a03c79e78c436bdc2a0
PERSON_ROUIS_MOHAMED_ELARBI,CO_LEONI_TUNISIE,gerant,corporate,probable,SP_f295b6f156aa62643f2c
PERSON_JEGHAM_NAJEH,CO_LEONI_TUNISIE,gerant,corporate,probable,SP_f9557d14c127bd5bbb9e
PERSON_HAMDI_MOUNIR,CO_HAMDI_BUREAUTIQUE_INFORMATIQUE,gerant,corporate,certain,SP_8252c96196e22d4138c3
PERSON_ELOUMI_SAMIR,CO_PROMOTEX,gerant,corporate,certain,SP_fb564bd9d9c38128762f
PERSON_ZOUARI_AYMEN,CO_ZOUARI_SHOES,gerant,corporate,certain,SP_cf0c495a6d901f75e16d
PERSON_ZOUARI_BASEM,CO_ZOUARI_FRERES_BRODERIE,gerant,corporate,certain,SP_42b15579a67159b421a2
PERSON_FEKIH_MOHAMED,ORGMENTION_Etablissement de crédit non-résident,dg,corporate,certain,SP_6085a3785186cb5b7268
PERSON_SLAMA_ADEL_BENABDELATIF,CO_TUNISIENNE_DELECTRICITE_MAINTENANCE,gerant,corporate,probable,SP_7363c09e0fdd1b2bac87
PERSON_ZILI_MOHAMED_CHAWKI,CO_MONATECH,commissaire_aux_comptes,corporate,certain,SP_15e961f97e8a18b84905
PERSON_LOUKIL_BASEM,CO_LOUKILCOM_TUNISIE,cogerant,corporate,probable,SP_9b43666a613157ddfce6
PERSON_BENAYED_BILEL,CO_LOUKILCOM_TUNISIE,gerant,corporate,certain,SP_d9021890fc4ed16b8679
PERSON_ZOUARI_MEKI_MAHER,CO_PROPAP,gerant,corporate,certain,SP_886c1fc5cadee521e5af
PERSON_SASI_SALEH,CO_GROUPEMENT_DEVELOPPEMENT_ELEVAGE_BETAIL,treasurer,corporate,certain,SP_b050b7e56e619c7a64d0
PERSON_SASI_KHALED,CO_CAVE_BRIGNON,cogerant,corporate,certain,SP_8c62a4fce4acad4ad3b2
PERSON_TRABELSI_MOHAMED,CO_DIAMO_PRO_INTERNATIONAL,gerant,corporate,certain,SP_238f099f591ea44139e1
PERSON_MABROUK_HAMDA_BENFRAJ,CO_VADA_LAIT,gerant,corporate,certain,SP_e3c5b495b0240a2c849c
PERSON_KHALIL_MOHAMED,CO_EASY_DISTRIBUTION_COMPANY,gerant,corporate,certain,SP_4fdfab9962b213e9e7d0
PERSON_CHTIOUI_MOHAMED_HABIB,CO_CAP_BON_TRAVAUX,gerant,corporate,certain,SP_70d856bdff5ee52abf28
PERSON_TRIKI_ADEL,CO_JET_PRINT,gerant,corporate,certain,SP_1196d737db5de5936f43
PERSON_KOOLI_ALI,CO_ABC_TUNISIE,dg,corporate,probable,SP_1a89ebcfd854cdc02117
PERSON_BENJEMAA_KHALED,CO_BAYA_TRAVEL_AGENCY,gerant,corporate,probable,SP_9b41484dd0a3305bc58b
PERSON_PECH_JEAN_LOUIS,CO_ACTIA_AFRICA,president_ca,corporate,certain,SP_50be9ab839e953df6fe2
PERSON_ROUIS_WALID,CO_ACTIA_AFRICA,dg,corporate,certain,SP_28ef2030e5da260f5ede
PERSON_KHECHINE_SARA,CO_STAFIM_INDUSTRIELLE,pdg,corporate,certain,SP_0fc0ec0445a591771251
PERSON_DKHIL_TAOUFIK,CO_STAFIM_INDUSTRIELLE,gerant,corporate,certain,SP_94317b41e95d7123f36f
PERSON_KAANICHE_MOEZ,CO_STAFIM_INDUSTRIELLE,commissaire_aux_comptes,corporate,certain,SP_f5ea7d7590695b29a5e4
PERSON_ZOUARI_ABDERAHIM,CO_STAFIM_INDUSTRIELLE,pdg,corporate,certain,SP_a415b8bd561033cdaeb5
PERSON_HAMAMI_RAMY,CO_ROYAUME_COMMERCE_ROCOM,gerant,corporate,certain,SP_b0a088d04965b6d946d3
PERSON_ZOUARI_WIEM_HAKIM,CO_PERFECT_RECOUVREMENT,gerant,corporate,certain,SP_88f9c3ce899fec914dc9
PERSON_TRIKI_FATMA,CO_LELLA_BAYA_PATISSERIE_TRADITIONNELLE,gerant,corporate,certain,SP_6845a4939015184c49a4
PERSON_FRIKHA_MOHAMED,CO_TOUR_IVEL,gerant,corporate,certain,SP_b2608f670420492ae13b
PERSON_NATALE_FRANCESCO,CO_ITALO_TUNISIENNE_PRODUITS_CIMENT_COLLE_HAUTE_PERFORMANCE,gerant,corporate,certain,SP_8d5c48a463fac6f8ce3a
PERSON_SLAMA_RIDHA,CO_JINANE_SLAMA,dga,corporate,probable,SP_7fc78dc4ff45b2b246dd
PERSON_MASMOUDI_MOHAMED,CO_IMMOBILIERE_ESSAKIA,gerant,corporate,probable,SP_fd3dce981df4e63eea37
PERSON_MASMOUDI_MOHAMED,CO_BATIMENT_GENERALE_BATEG,gerant,corporate,probable,SP_9fab5e26d271fc473a77
PERSON_KAROUI_MOHAMED_CHERIF,CO_TEC_MMP,gerant,corporate,probable,SP_4ca3cd30db451fccc940
PERSON_KAROUI_MOHAMED_CHERIF,CO_TEC_MMP,gerant,corporate,probable,SP_4ca3cd30db451fccc940
PERSON_SMAOUI_SAMI,CO_PROMOTION_COMMERCIALE_SPC,dga,corporate,certain,SP_3ce5ae277b71299092f6
PERSON_CHEKIR_MOHAMED_ALI,CO_MAGHREBINE_COMMERCIALISATION_PNEUMATIQUES,dga,corporate,probable,SP_137fc3e51ce20b6fa47a
PERSON_BETAIEB_TAOUFIK,CO_MAGHREBINE_COMMERCIALISATION_PNEUMATIQUES,pdg,corporate,probable,SP_884c05a2da359f5b2cc5
PERSON_MANAA_ADEL,CO_ELECTROSTAR,president_ca,corporate,certain,SP_e7531be68c11cb792caa
PERSON_BENABDALAH_SAMIR,CO_BACOTEX,gerant,corporate,probable,SP_b66da285bdad5a390a02
PERSON_RAMUNO_DOMENICO,CO_ITALIAN_LEATHER_GROUP,gerant,corporate,certain,SP_fd0486dd2a59a2174656
PERSON_KAMOUN_HSAN,CO_FREE_IMPEX_PLUS,cogerant,corporate,certain,SP_5dbd1e7b8dc5dc1c1024
PERSON_YAHIA_NAOUFEL_BELHADJ,CO_SANITAIRE,gerant,corporate,certain,SP_0be38934b89753fe2e73
PERSON_OLIVIER_PHILIPE,CO_HUTCHINSON_TUNISIE,gerant,corporate,probable,SP_d23a7567a4595f2b03a0
PERSON_KIEFER_ISABELE,CO_HUTCHINSON_TUNISIE,gerant,corporate,probable,SP_1eb7d12254d6c82a37cf
PERSON_FADHLI_MOURAD,CO_SOCAF,gerant,corporate,certain,SP_dae5e146e05abe87c17f
PERSON_SELAMI_MONCEF,CO_PROGED_INTERNATIONAL,commissaire_aux_comptes,corporate,certain,SP_605fc1af4bb7d0e3ef4a
PERSON_SEJOURNE_FRANCOIS,CO_METHYS_CARTHAGE,gerant,corporate,certain,SP_6ab70e9d4623dc6ca96b
PERSON_BENSALEM_KORAICH,CO_INDIGO_OUTLET,administrateur,corporate,certain,SP_2597374b78e7294d0a65
PERSON_BENSALEM_ZAKARIA,CO_INDIGO_OUTLET,administrateur,corporate,certain,SP_ebcadb4f7070048b5df5
PERSON_BENSALEM_RAFAA,CO_INDIGO_OUTLET,administrateur,corporate,certain,SP_58d860fce398bdb1cb8d
PERSON_BENSALEM_KORAICH,CO_INDIGO_OUTLET,president_ca,corporate,certain,SP_fe1054f73d118589dc3c
PERSON_CHIKHAOUI_IMED,CO_INDIGO_OUTLET,dg,corporate,certain,SP_df3bdb406294e9ce3735
PERSON_AMOUS_IMED,CO_OLIVA,gerant,corporate,certain,SP_91ec91183c8ed488cc7b
PERSON_MOALA_SLIM,CO_ALLIANCE_TECHNOLOGIES,gerant,corporate,certain,SP_730731f122358f07ec2a
PERSON_HAMAMI_RIM,CO_NIMO_TRAVEL,gerant,corporate,certain,SP_f04e9f38032dcfc605e8
PERSON_BOURICHA_HATEM,CO_LOR_TUNISIA,gerant,corporate,certain,SP_40119015276eb2127dba
PERSON_KAMOUN_MOHAMED_OUSAMA,CO_AMC,gerant,corporate,certain,SP_8d14adc056a2bbd48507
PERSON_SELAMI_MOHAMED,CO_GENERAL_GRANUL,gerant,corporate,certain,SP_038c1b60862e24ac0ba3
PERSON_SLAMA_GHASEN,CO_PRESTA_SOLUTIONS,gerant,corporate,certain,SP_e70c46ee0bf7138396fd
PERSON_ZOUAOUI_AHMED,CO_DAPPAREILLAGE_EQUIPEMENT_SCIENTIFIQUE_AES,gerant,corporate,probable,SP_4931a520926f06ae244f
PERSON_MABROUK_MANEL,CO_RAM,gerant,corporate,certain,SP_9865e253701fca1e3a65
PERSON_LASOUED_ADNEN,CO_CONSULTING,gerant,corporate,certain,SP_3984468670796a79938c
PERSON_AMARA_MOURAD,CO_STEM,gerant,corporate,certain,SP_7c44c5e6cbd167aac217
PERSON_BOUJBEL_INES,CO_RESIDENCE,administrateur,corporate,certain,SP_8e493a3754c384233593
PERSON_BOUJBEL_MOHSEN,CO_RESIDENCE,president_ca,corporate,certain,SP_fcd3cd324ae2620e45d1
PERSON_CHABCHOUB_AMIN,CO_ESSEYAHA_GOLF,gerant,corporate,certain,SP_e55afb6c83653624803a
PERSON_CHABCHOUB_AHMED,CO_ESSEYAHA_GOLF,gerant,corporate,certain,SP_b27b4c1ccb8e3a9ab8a0
PERSON_BENABES_HEDI,CO_LTBY_CONSULTING,gerant,corporate,certain,SP_3e9fb45855c90ff8f8fe
PERSON_BOUAJINA_RIDHA,CO_VEGA_TIR,pdg,corporate,probable,SP_ada084931a519317ff80
PERSON_FARES_MOHAMED,CO_ROYAL_TEXTILE,gerant,corporate,probable,SP_f0ed9b88db0f086e1e8e
PERSON_DRIS_LATIFA,CO_DISTRIBUTION_INFINITY_PRODUCTS,pdg,corporate,certain,SP_e0770a011279f75dbcf1
PERSON_SASI_YAMINA_ALI,CO_LAME_BOIS,gerant,corporate,certain,SP_84be3d71d8a285bb202f
PERSON_CHAABANE_MOHAMED,CO_HAVANA_SHOES,gerant,corporate,certain,SP_692ee681d4ba05289b1e
PERSON_TRIKI_ABDERAHMAN,CO_HIGNESS_COSMETICS,gerant,corporate,certain,SP_8315c5d15ac271eb91fd
PERSON_ZOUARI_HASOUNA,CO_AUTO_LION,associe,corporate,probable,SP_11e00173e239a3d0cf49
PERSON_ARFAOUI_ZIED,CO_MODA,gerant,corporate,certain,SP_4bd1f7dd09575fc30e8e
PERSON_MZABI_FAOUZIA,CO_MULTITEX,gerant,corporate,certain,SP_6905a52729795e8dd035
PERSON_DOGHRI_TAOUFIK,ORGMENTION_Société de Commerce Import Représentation et Export - CIREX,gerant,corporate,certain,SP_8f6e4321e2cf71ba44be
PERSON_PIERON_ALAIN,CO_FRANCO_TUNISIENNE_COLLECTE_TRI_DECHETS_VALORISABLES_SFTC,gerant,corporate,probable,SP_3ce5e013ee8913e7c465
PERSON_MASMOUDI_AZER,CO_FRANCO_TUNISIENNE_COLLECTE_TRI_DECHETS_VALORISABLES_SFTC,gerant,corporate,probable,SP_98c5a5887d27d0b65f23
PERSON_MURACIOLE_PIERE,CO_AIR_FRANCE,unspecified,corporate,certain,SP_0d1b696e06b48c4e630d
PERSON_KAROUI_MOHAMED_CHERIF,CO_MM_PACKAGING_TUNISIE,gerant,corporate,probable,SP_0678e91ed3f6dbc6bf54
PERSON_KAROUI_MOHAMED_CHERIF,CO_MM_PACKAGING_TUNISIE,gerant,corporate,probable,SP_0678e91ed3f6dbc6bf54
PERSON_SASI_SOFIEN,CO_AGENCE_METROPOLITAINE_COMMUNICATION,liquidateur,corporate,certain,SP_b3cb5058501a04364f58
PERSON_ELOUMI_LOBNA,CO_BUREAUX_STORE,gerant,corporate,probable,SP_2758d6c1e67653425b04
PERSON_KAMOUN_KAMEL,CO_WEB_360,gerant,corporate,certain,SP_8a478163787fc5805af3
PERSON_FILALI_HOUDA_KILANI,CO_AFRICA_OIL_SERVICES,gerant,corporate,certain,SP_03371158382397702519
PERSON_HARIGA_SAMI,CO_SICAV_PLUS,administrateur,corporate,certain,SP_47ce93187f52632dcb76
PERSON_BACARI_MOURAD,ORGMENTION_Société d'Exploitation et de Gestion des Pipelines de Radès ,administrateur,corporate,certain,SP_9813f37ac2acc8ae2312
PERSON_SMIDA_NABIL,ORGMENTION_Société d'Exploitation et de Gestion des Pipelines de Radès ,administrateur,corporate,certain,SP_32f20e32971820720181
PERSON_ZHAKUPOV_MANSUR,ORGMENTION_Société d'Exploitation et de Gestion des Pipelines de Radès ,administrateur,corporate,certain,SP_5c068918f8ca7a5482d4
PERSON_DRIS_MOHAMED_SADOK,CO_LAC_TEN,gerant,corporate,certain,SP_3c9d66cdfc485c0c296f
PERSON_LAZAAR_KAMEL,CO_SWICORP_INTAJ,administrateur,corporate,certain,SP_0a681ec2970dd2351e45
PERSON_SCHENKER_DANIEL,CO_SWICORP_INTAJ,pdg,corporate,probable,SP_33f67e4a10015c78a469
PERSON_REY_DAVID,CO_SWICORP_INTAJ,dga,corporate,probable,SP_93a605438cbdcc2bd694
PERSON_REY_DAVID,CO_SWICORP,administrateur,corporate,certain,SP_82136978d56493641903
PERSON_SCHENKER_DANIEL,CO_SWICORP,dga,corporate,probable,SP_cf8a3fef7cfb8540df97
PERSON_KAROUI_MOHAMED_CHERIF,CO_ULYSSE_LOGISTICS_COMPANY,dg,corporate,probable,SP_33149407cc3dc8d2b716
PERSON_SMAOUI_SAMI,CO_ULYSSE_LOGISTICS_COMPANY,dg,corporate,probable,SP_fb34df5e701f41027ef0
PERSON_ZORGATI_WALID,CO_ULYSSE_LOGISTICS_COMPANY,dga,corporate,certain,SP_aed6d19b3846c989a12f
PERSON_LADJIMI_TAHER,CO_GAT_ASSURANCES,unspecified,corporate,certain,SP_1370d8bf97b61ad6f92d
PERSON_SASI_BECHIR,CO_FERYVILLE_LEGUMES_FRUITS,gerant,corporate,certain,SP_0eca7f95189b91c00f44
PERSON_ELOUMI_ABDELAZIZ,CO_FAST_PRESSING,liquidateur,corporate,certain,SP_05474085a7c8b7d71ec8
PERSON_HAMROUNI_MOHSEN,CO_HAMROUNI_FRERES_PATISSERIE_SOHAF,gerant,corporate,certain,SP_e94e36bfbdf8d02aec05
PERSON_KAMOUN_WAEL,CO_SYNAPTECH,gerant,corporate,certain,SP_921b22435df77d932871
PERSON_CHERIF_AHMED,CO_SOFTWARE,gerant,corporate,certain,SP_12102047f513afe90657
PERSON_MZABI_SONIA_REKIK,CO_INSTITUT_VISION_RETINE,gerant,corporate,certain,SP_cb7c707a6496cc257746
PERSON_SLAMA_CHIHEBEDINE,CO_CHALLENGE_EXPERTS_SERVICES,commissaire_aux_comptes,corporate,certain,SP_6d21d473170e665c193b
PERSON_BENSASI_KHALED,CO_TUNISIA_SAFETY_FIRST,gerant,corporate,certain,SP_ee266014ad12f4da5c15
PERSON_CHAARI_WISEM,CO_CHAARI_PNEU,gerant,corporate,certain,SP_6b396f7d44e2909d9ff0
PERSON_SASI_MABROUK,CO_OFTOR,gerant,corporate,certain,SP_a398c84cac9d6913b093
PERSON_HABACHI_MONDHER,CO_PROTOTYPE_INTERNATIONAL,gerant,corporate,certain,SP_878e9f161499b1b79742
PERSON_MOKHTAR_SADRI,CO_CARTHAGE_GRAINS,administrateur,corporate,certain,SP_87eb9225b487315f109d
PERSON_ZILI_MOHAMED_CHAWKI,CO_EMC_PLUS,commissaire_aux_comptes,corporate,probable,SP_cfced3ab0abc16e65c61
PERSON_BACHA_CHIRAZ,CO_CONSULTING,gerant,corporate,certain,SP_bfb2814dfbab4e7813db
PERSON_BELKHIRIA_FATMA_DRIS,CO_COMMERCE_DARTISANAT,gerant,corporate,certain,SP_9d66b55c379a801ef42d
PERSON_REKIK_FATMA,CO_STIFEN_FRUIT,administrateur,corporate,certain,SP_898fff07f73207a116ea
PERSON_REKIK_FATMA,CO_STIFEN_FRUIT,dga,corporate,probable,SP_273c4e782bc62fae2987
PERSON_REKIK_FATMA,CO_STIFEN_FRUIT,pdg,corporate,certain,SP_c420e38b594b852620a9
PERSON_DJILANI_MOHAMED_HECHMI,CO_HANNIBAL_LEASE,dg,corporate,certain,SP_398cae2f084556ba3e4f
PERSON_LABIDI_AMEN_ALAH,CO_BON_CHOIX,gerant,corporate,certain,SP_592558a6b36f80b6b4eb
PERSON_HAMAMI_MEHDI,CO_M,gerant,corporate,certain,SP_a7d445540cf29e994b8f
PERSON_TRIKI_EZEDINE,CO_ELA_REVISION_CONSTRUCTION,cogerant,corporate,certain,SP_da0670e3911c00a506ab
PERSON_BENMARIEM_HAFEDH,CO_BODY_PROTECT_PRODUCTS,gerant,corporate,certain,SP_28563accba670741f741
PERSON_MEHRI_HELA,CO_BANQUE_TUNISIE,administrateur,corporate,probable,SP_aa4081b7a18b613023e8
PERSON_JOUINI_MOHAMED_NOURI,CO_BANQUE_TUNISIE,administrateur,corporate,probable,SP_b87075156077d7ba4928
PERSON_DJILANI_MOHAMED_HECHMI,CO_HANNIBAL_LEASE,administrateur,corporate,certain,SP_9946f0b4253a636731ae
PERSON_GOUIDER_ABDELWAHED,ORGMENTION_Résolutions,administrateur,corporate,probable,SP_6802be468e3b80601a01
PERSON_MARZOUKI_AMIRA,CO_ROSSO,gerant,corporate,certain,SP_1e7fbd9fa782d1a2034e
PERSON_NEFZAOUI_MOHAMED,CO_AMC_CONFECTION,gerant,corporate,probable,SP_5027ef7c5ba624e3f6d7
PERSON_SMAOUI_SAMI,ORGMENTION_Sté DE GESTION COMMERCIALE SGC,dga,corporate,certain,SP_9fe4563b6b77b0f4d0d7
PERSON_VITARO_FABIO,CO_TUNISIE_TRAVAUX,gerant,corporate,certain,SP_f93344ec3ba270defc2e
PERSON_HAKIM_KHALED,CO_DECO,gerant,corporate,certain,SP_b4cf17a9b5d60c9efe50
PERSON_HAMAMI_FADHEL,CO_BROOKER,gerant,corporate,certain,SP_b8f7fcac8908b8a2bb1e
PERSON_CHAABENE_HOUCEM,CO_FABRICATION_CHAUSSUES_EMOZIONI,gerant,corporate,certain,SP_5a282be96c3bbbb50a13
PERSON_CHAABANE_KACEM,CO_FABRICATION_CHAUSSUES_EMOZIONI,gerant,corporate,certain,SP_214f76cdb95e39a77ba2
PERSON_CHAOUECH_HEDI,CO_CLUB_ELYSSA,gerant,corporate,certain,SP_bc74fede2b76804eacbc
PERSON_ZARAD_KAMEL,CO_COMPETENCES,gerant,corporate,certain,SP_750d6ac3da93f4388ade
PERSON_GHANEM_MOHAMED,CO_WAKE_UP_FORM,gerant,corporate,certain,SP_29f0f6a4cc0e23a7e9e2
PERSON_MHIRI_HENI,CO_ERRAHIM_CONFECTION,gerant,corporate,certain,SP_45a84e1a5f0bd4e5fa35
PERSON_ZOUARI_MAHER,CO_TUNISIE_CLEARING,dg,corporate,probable,SP_995ca6264a04b28661e6
PERSON_KILANI_MOHSEN,CO_TUNISIE_EVIER,dg,corporate,certain,SP_5103bc6b42cb35b9f42f
PERSON_FELI_KARIM,CO_ENDA_TAMWEEL,administrateur,corporate,certain,SP_57effcf03a4dbd82eedd
PERSON_CHAABANE_MAHER_BENABDELHAMID,CO_CIVILE_PINS,gerant,corporate,probable,SP_41b60b231cbf6f9ef658
PERSON_FEHRI_NOOMANE,CO_WATTNOW,commissaire_aux_comptes,corporate,certain,SP_25cde5c23bfb2be5e5f5
PERSON_SMAOUI_SAMI,CO_MANAGETECH,gerant,corporate,certain,SP_2756c546f741c17bcf6f
PERSON_ZOUARI_ISAM,CO_AICHA_DAGRICULTURE_SAA,gerant,corporate,certain,SP_1a5aba8a4118773ff117
PERSON_GHORBEL_RANIA,CO_ONS_TEXTILE,gerant,corporate,certain,SP_a69d2c949221d978ebf8
PERSON_BOUGATEF_LEILA_HEDIA,CO_LEILA_CHETTAOUI_CONSULTING,gerant,corporate,certain,SP_bf5731995a786e53a3c5
PERSON_ELOUMI_AHMED,CO_NASR_CONTRACTORS,president_ca,corporate,probable,SP_eb6919438cf6e73a778c
PERSON_ELOUMI_SABRINE,CO_NASR_CONTRACTORS,president_ca,corporate,probable,SP_b3a1a948d57a88517ef5
PERSON_ABDENADHER_THAMEUR,CO_NASR_CONTRACTORS,pdg,corporate,probable,SP_0ddb12110614d764a416
PERSON_ABDENADHER_ROCHDI,CO_TUNISO_EMIRATIE_SICAV,pdg,corporate,certain,SP_5400120a3657e60f96af
PERSON_NEBLI_ABDERAZEK,CO_CAFE_NABLI,gerant,corporate,probable,SP_903e8ab1d08741ec6d0b
PERSON_SEDKA_ZOUHEIR,CO_ACOMED,gerant,corporate,probable,SP_d84f3fd690557b57207f
PERSON_ELOUMI_SOUAD_BLAIECH,CO_SERPHADOM,administrateur,corporate,certain,SP_80f60618f80416e0833c
PERSON_LAKHOUA_AHMED,CO_RECOUVREMENT,president_ca,corporate,certain,SP_fa5f77fd19409e9dc677
PERSON_ELOUMI_FAOUZI,CO_STIFEN_INDUSTRIE,gerant,corporate,probable,SP_58a4e7b952ccbb81540f
PERSON_KABOUCHI_KARIMA,CO_ROYAL_TEXTILE,unspecified,corporate,certain,SP_7a542729edae2cc623f7
PERSON_TRIKI_MOHAMED,CO_COMPTOIR_COMMERCIAL_METAL,gerant,corporate,probable,SP_f0b8623b8c8f03c5bb03
PERSON_CHAABANE_BORHENE,CO_BB,gerant,corporate,certain,SP_a5a7aec08b61df930cd1
PERSON_BOUZGUENDA_AMINA,CO_EL_AMRA_PROMOTION_IMMOBILIERE,administrateur,corporate,certain,SP_a392a8c2eca5b59d060d
PERSON_SLAMA_CHIHEBEDINE,CO_VILAVI,administrateur,corporate,probable,SP_1506b1cd50b5a86cb77f
PERSON_SLAMA_GHASEN,CO_MARATHON_LOGISTIQUE,administrateur,corporate,certain,SP_11c0dece34c9c08ecff0
PERSON_SLAMA_GHASEN,CO_MARATHON_LOGISTIQUE,pdg,corporate,certain,SP_41160e8bc4410bca592b
PERSON_BENSLAMA_LEILA,CO_JEBLAOUI_DAGRICULTURE,gerant,corporate,certain,SP_664d76c026c785d76809
PERSON_TOUNSI_CHOKRI,CO_POLYCLINIQUE_CAP_BON,dg,corporate,certain,SP_55225f5062c250e677a1
PERSON_ELABIDINE_MOHAMED_ZINE,CO_HOTELIERE_TOURISTIQUE_SAHEL,gerant,corporate,certain,SP_be818afe4891089394f2
PERSON_CHAOUACHI_LASAAD,CO_SATURN_INVESTMENT_HOLDING,pdg,corporate,certain,SP_8de50279178800ac2074
PERSON_TRIKI_NABIL,CO_AMANA,gerant,corporate,certain,SP_32ef393c2612af31878e
PERSON_HAMAMI_NESRINE,CO_UNIVERS_DETERGENTS_PROFESSIONNEL_UNIDET,gerant,corporate,certain,SP_8a38a4fb8f5927b43916
PERSON_HORCHANI_MOHAMED_KARIM,CO_EL_BARAKA,gerant,corporate,certain,SP_fe286a26663d20ac7c03
PERSON_TRABELSI_MOHAMED,CO_ROYAL_SERVICES_AND_EVENTS,gerant,corporate,certain,SP_f5eebc04826ecf452bcc
PERSON_KILANI_AHMED,CO_ALKILANI_DISTRIHUTION,gerant,corporate,certain,SP_1c6adc48e9432ff095fe
PERSON_TRIKI_ZIED,CO_GESTION_ALMAZ,gerant,corporate,certain,SP_6fd8b9295db867c22895
PERSON_SLAMA_ALI,CO_SLAMA_FRERES,president_ca,corporate,certain,SP_b185833c050689c94928
PERSON_SLAMA_RIDHA,CO_SLAMA_FRERES,dga,corporate,probable,SP_13b002a4dc1edae8e112
PERSON_CHARAD_MOEZ,CO_SAMIMODA,gerant,corporate,probable,SP_d552de398ddbe4ced3c4
PERSON_HAMAMI_AYMEN,CO_UNIVER,gerant,corporate,certain,SP_5b87aaeab2f143841cdd
PERSON_HADAD_SOUMAYA_HATOUR,CO_VIVO_ENERGY_TUNISIE,administrateur,corporate,certain,SP_90452011cdb4633b773e
PERSON_FRIKHA_MOHAMED,CO_ALPHA_TUNISIA,commissaire_aux_comptes,corporate,certain,SP_55b6af060d54c0fb27a0
PERSON_GUILEBON_NORBERT_DE,CO_CIMENTS_DENFIDHA,administrateur,corporate,probable,SP_d2eb130450441aeec5a9
PERSON_BENAISA_FETHI,CO_BEN_AISSA_FRERES,gerant,corporate,certain,SP_174cd5cf77a495b09ee6
PERSON_BENAISA_ALI,CO_BEN_AISSA_FRERES,gerant,corporate,certain,SP_bcd7f3be08127db7ef2f
PERSON_BENAISA_FETHI,ORGMENTION_COMPTOIR DU NORD POUR LA TORRIFACTION,gerant,corporate,certain,SP_7a6becb88e9944d3e6a5
PERSON_BENAISA_ALI,ORGMENTION_COMPTOIR DU NORD POUR LA TORRIFACTION,gerant,corporate,certain,SP_c3f4a5c113b757c7fd28
PERSON_TRELU_JACQUES,CO_SQUALT_INTERNATIONAL,cogerant,corporate,certain,SP_bb846d462347a192811e
PERSON_BENSLAMA_LEILA,CO_CENTER_FOR_LEADERSHIP_SECURITY_AND_STRATEGIC_STUDIES,gerant,corporate,certain,SP_e525c6810a4b7819d9e2
PERSON_SAADAOUI_BORHEN,CO_TBS_TEXTILE,gerant,corporate,certain,SP_5fbff04cf07a62e3486f
PERSON_ZOUARI_HEDI,CO_DATAERA,gerant,corporate,certain,SP_b2cac272bca3f0380960
PERSON_TRABELSI_MOHAMED,CO_BATIMENT,gerant,corporate,certain,SP_6eee8731fb056a648f85
PERSON_MZID_KHALED,CO_ATELIER_TEXTILE_SUD,gerant,corporate,certain,SP_18812c6f314d0b2390ed
PERSON_KERFAH_ILYES,CO_TUNISAIR_HANDLING,dg,corporate,certain,SP_5e31b1ee2f1153a45b29
PERSON_BOUKHRIS_LAMJED,CO_BANQUE_NATIONALE_AGRICOLE,representant,corporate,certain,SP_d271a9464e83eea24bc5
PERSON_HAMAMI_TAOUFIK,CO_GENERAL_CONSULTING_AND_SERVICE,gerant,corporate,certain,SP_313d8acaaa86030c1fd8
PERSON_AMARA_MOHAMED_ALI,CO_AMARA_COMMERCE_INVESTISSEMENT,cogerant,corporate,certain,SP_08dde816814da95a7017
PERSON_MEDEB_SOUFIENE,CO_AKYES,administrateur,corporate,certain,SP_cf8a8822470a3e7a3b5f
PERSON_MEDEB_SOUFIENE,CO_AKYES,pdg,corporate,certain,SP_a4f4f840c191a729d2d4
PERSON_ZAMAL_AYACHI,CO_HERBES_TUNISIE,cogerant,corporate,certain,SP_58e8e3cedd52c8ae952b
PERSON_HAMAMI_RAJA,CO_IKAA_COMPAGNIE_TEMPS_FORT,gerant,corporate,certain,SP_1e02f68671f35ab1efad
PERSON_CHAOUCH_ZOUHEIR,CO_ENFAVET_PLUS,gerant,corporate,certain,SP_cade0d9242b91e35afd7
PERSON_HACHICHA_IBTISEM,CO_SERIBROD_CONFECTION,gerant,corporate,probable,SP_45ee0836265f25fe82d0
PERSON_CHEKILI_HASENE_BRAHIM,CO_BRIDGE_GERMANY_SERVICES,gerant,corporate,certain,SP_e273052a3a081f7d1d59
PERSON_HAMROUNI_NIZAR,CO_PULSE_ENERGY,gerant,corporate,certain,SP_08204a39023bf0335c68
PERSON_JELOULI_KARIMA,CO_KAN_CONFECTION,gerant,corporate,certain,SP_1bde0012bf0a2a3eb3a4
PERSON_CHAKER_MOHAMED,CO_GOLD,gerant,corporate,certain,SP_98618c677774815ae0d5
PERSON_ZOUARI_RAFIK,CO_CARTHAGE_COMODITIES,gerant,corporate,certain,SP_95721a6aa8db6ca1573d
PERSON_HOUIDI_ESKANDER,CO_CASA_ITALIA,gerant,corporate,certain,SP_660170801563a6b7ec5c
PERSON_SAHBI_HAMZA_HATEM,CO_L_IMMOBILIERE_MONOPRIX,dg,corporate,certain,SP_129b279a0460b75c7f1e
PERSON_GHORBEL_NAIM,CO_STEM,dg,corporate,certain,SP_3a4ae556b60895b7880b
PERSON_DOGHRI_MONCEF,CO_PULVAGRI,president_ca,corporate,certain,SP_35e91f8f9581d00e2da5
PERSON_DOGHRI_MOURAD,CO_PULVAGRI,dg,corporate,certain,SP_7d0cebc91969af2feb44
PERSON_RAZOUANE_ANIS,CO_PULVAGRI,dga,corporate,certain,SP_85cdde0189d0577edc8d
PERSON_GHANEM_MOHAMED,CO_ARABE_INDUSTRIES_PHARMACEUTIQUES,administrateur,corporate,certain,SP_dd270c164853a308943c
PERSON_DRIS_SAMIA,CO_ESSALAMA_SICAF,unspecified,corporate,certain,SP_3c54df918fe2e55785a6
PERSON_DRIS_LEILA,CO_ESSALAMA_SICAF,unspecified,corporate,certain,SP_bc3d8063c13298442d93
PERSON_BENAYED_SAMIR,CO_PANNEAU,gerant,corporate,certain,SP_060a5041e97df27da3f5
PERSON_PEROT_CAROLINE_NELY,CO_AGENCE_FRANCE,unspecified,corporate,certain,SP_23d38f7f1bc9debd9683
PERSON_KLEIN_GUILAUM_RENE,CO_AGENCE_FRANCE,unspecified,corporate,certain,SP_45edc7921fd940b67562
PERSON_CONTI_MARCO_COLOMBO,CO_GLADIUS,fondateur,corporate,certain,SP_d840866503db2feee94c
PERSON_CONTI_MARCO_COLOMBO,CO_GLADIUS,pdg,corporate,certain,SP_42236b571be84a49bb52
PERSON_CHAKROUN_NASR_ALI,CO_BIOPACK_TUNISIA,representant,corporate,certain,SP_c2f1644922dddaaae74c
PERSON_CHAKROUN_NASR_ALI,CO_BIOPACK_TUNISIA,pdg,corporate,certain,SP_a1fa86e9445895c5f2f2
PERSON_FOGEGNOLO_DANIELE,CO_BIOPACK_TUNISIA,dga,corporate,certain,SP_e27bd65828389fb8b03d
PERSON_HAMROUNI_KHAOULA,CO_HAMROUNI_OIL,gerant,corporate,certain,SP_f22ece9fce59154ce3cc
PERSON_HAS_MARIE_JOSE_JANINE,CO_HBSCOM,gerant,corporate,certain,SP_7dda52d188b8b0394b13
PERSON_MEHRI_BOUBAKER,CO_COMPAGNIE_FROMAGERE,administrateur,corporate,probable,SP_f72eda51e35fc5b5540f
PERSON_LAVERGNE_PIERE,CO_COMPAGNIE_FROMAGERE,administrateur,corporate,probable,SP_11ad2876953c2cf01078
PERSON_CRUSE_XAVIER_LUCIEN_STEPHANE,CO_COMPAGNIE_FROMAGERE,administrateur,corporate,probable,SP_f344814d497877931f37
PERSON_JAOUADI_MOHAMED,CO_ARAB_DEBT_RECOVERY,representant,corporate,certain,SP_d0de9ab1c18c5698bb4a
PERSON_SLAMA_FAOUZIA_KHALFALAH,CO_FOOD_INGREDIENTS_ENGINEERING,administrateur,corporate,probable,SP_576509fb9c0c987c54a9
PERSON_HAMAMI_HAFEDH,CO_PLANET_FRET,gerant,corporate,certain,SP_f87c668e538ae192e6c9
PERSON_BENSEDRINE_NESRINE_NOZHA,CO_DIGINESS,gerant,corporate,probable,SP_5625279391a11366304e
PERSON_AMOUS_MOHAMED,ORGMENTION_Société Maslaisir S,administrateur,corporate,certain,SP_0569f0fcf1f7c08bc047
PERSON_AMOUS_MOHAMED_HEDI,ORGMENTION_Société Maslaisir S,administrateur,corporate,certain,SP_b5f75aaf77a81873e898
PERSON_DERBEL_HICHEM,ORGMENTION_Société Maslaisir S,administrateur,corporate,certain,SP_6df0c0449010566e551e
PERSON_ZOUARI_ANAS,CO_PHENIX_MED_LAB,gerant,corporate,certain,SP_aaf4be34afcd7979c1ee
PERSON_AREM_MOHAMED,CO_PROGRES_GESTION_SERVICE,gerant,corporate,certain,SP_c578abc95527d4f5efcc
PERSON_LECHI_ANA_MARIA_TERESA,CO_ITALIA_CONSULTING,gerant,corporate,certain,SP_7d11be3ccfd48af3adac
PERSON_DRIS_MOEZ,CO_STUNAS_INDUSTRIES,president_ca,corporate,certain,SP_fce69e01a1d9c6e1369a
PERSON_KILANI_FETHI,CO_WIRELINE_WELL_SERVICE_TUNISIA,cogerant,corporate,certain,SP_27ad6d8d3b20bf898fa7
PERSON_KHIARI_MOHAMED_BECHIR,CO_CONCEPT,gerant,corporate,certain,SP_f0fec6ffb5a0ce746b80
PERSON_GHEDAMSI_HOUDA,CO_GHEDAMSI_DUTY_FREE,gerant,corporate,certain,SP_eb5676c74dd21abfa729
PERSON_GHEDAMSI_ALI,CO_GHEDAMSI_DUTY_FREE,unspecified,corporate,certain,SP_13c72ba2784738e4d995
PERSON_DRIS_NEFISA_MELAYAH,CO_GENERALE,gerant,corporate,probable,SP_d41f3dd926e7de6c485e
PERSON_KAMOUN_KHOULOUD,CO_2K_EVENTS,gerant,corporate,certain,SP_cc26e9bc0376fcaa0401
PERSON_SELAMI_SAMI,CO_DIGITAL_MEDIA_SERVICES,gerant,corporate,certain,SP_b8481712c44a793ccef7
PERSON_SLAMA_IMEN,CO_CONSULTING_AND_ADVISORY_SERVICES,gerant,corporate,certain,SP_98c5e7abc85a667c743c
PERSON_BENGHARBIA_LEILA,CO_WFS_SICAR,pdg,corporate,certain,SP_cc412164893b55261879
PERSON_CHAABANE_NOUR,CO_PERCEPTION,gerant,corporate,certain,SP_082a44a6e08dcd52831c
PERSON_ELOUMI_ACHREF,CO_INTERNATIONAL_HEALTH_SERVICES,gerant,corporate,certain,SP_c93df7b4628e9990cef1
PERSON_SASI_ANOUAR,CO_STREET_FOOD,gerant,corporate,certain,SP_16464843fded2ab93575
PERSON_BENYOUSEF_MOHAMED_NABIL,CO_GROUPE_ALMUTAWASIT_PRODUCTION_MEDIATIQUE_CULTURELLE,dg,corporate,certain,SP_5e2e058d950a31a25176
PERSON_MABROUK_MOHAMED_MARWEN,CO_ORANGE_TUNISIE,president_ca,corporate,probable,SP_01616e1bc654171e4d78
PERSON_ELKAROUI_HAKIM,CO_ORANGE_TUNISIE,unspecified,corporate,certain,SP_0ecc1b68a15e6fc1ef74
PERSON_MONZANI_MICHEL,CO_ORANGE_TUNISIE,unspecified,corporate,certain,SP_35cc8337fa6eb85f9f43
PERSON_LADJIMI_TAHER,CO_ORANGE_TUNISIE,unspecified,corporate,certain,SP_77e8d16f5c55fac7b260
PERSON_MABROUK_MOHAMED_MARWEN,CO_ORANGE_TUNISIE,administrateur,corporate,certain,SP_b1599c765e349abec745
PERSON_ELKAROUI_HAKIM,CO_ORANGE_TUNISIE,administrateur,corporate,certain,SP_fdab1360adceac6ceaa4
PERSON_LADJIMI_TAHER,CO_ORANGE_TUNISIE,administrateur,corporate,certain,SP_1e2baa2e4466f074fd18
PERSON_MONZANI_MICHEL,CO_ORANGE_TUNISIE,administrateur,corporate,certain,SP_a5a0c22e7c7265349a3f
PERSON_HENIQUE_JEROME,CO_ORANGE_TUNISIE,administrateur,corporate,certain,SP_aa1a595459867f547151
PERSON_AMAR_NACEUR,CO_ORANGE_TUNISIE,administrateur,corporate,certain,SP_05f35d11c8535c0c68fe
PERSON_BOUJBEL_IMEN,ORGMENTION_,administrateur,corporate,certain,SP_b019f28b7c4b0a00ad2c
PERSON_BOUJBEL_LASAAD,ORGMENTION_,administrateur,corporate,certain,SP_305c698e3d787d406b8c
PERSON_KHACHNAOUI_MABROUK,CO_ATYPIQUE,gerant,corporate,certain,SP_4b6bfa3c76bb7756252a
PERSON_JEDIDI_SOUMAYA_SASI,CO_UNIVERSAL_TRADE_PRODUCTS,gerant,corporate,certain,SP_deb31cfb1aef0dda9201
PERSON_BELHASINE_MOEZ,CO_CENTRE_SHOPPING_LOISIRS_TOURISTIQUES_CELOTO,pdg,corporate,certain,SP_5bc9e26e53474f020f93
PERSON_KAMOUN_ANIS,CO_LOCAGESTION,gerant,corporate,certain,SP_15bc451003d73530382d
PERSON_HAMAMI_HATEM,CO_AGENCE_IMMOBILIERE_HAMMAMI,gerant,corporate,certain,SP_2dd72a51c77923cfebc5
PERSON_BOUCHAMAOUI_AHMED,CO_AL_KASSM_HOLDING,pdg,corporate,certain,SP_6930aa1a5fe5f8bf12e8
PERSON_SLAMA_LASAAD,CO_LMV_CONFECTION,gerant,corporate,certain,SP_fef91d58daf3a818d422
PERSON_BENAMOR_MAHMOUD,CO_BENTEX,gerant,corporate,certain,SP_a87209512b61ffa695cd
PERSON_KHILA_MOHAMED,CO_JEDAF_CONSULTING,gerant,corporate,certain,SP_344251889d73d94f172e
PERSON_MECHIM_MUSTAPHA,CO_TUNIFOOD,pdg,corporate,certain,SP_c97c4dfda6dea31f93de
PERSON_HACHICHA_SOUHAIL,CO_INDUSTRIES_NOUVELLES_PLASTIQUE_INOPLAST,president_ca,corporate,certain,SP_adad58b7b8b67a2f7b8d
PERSON_NAIJA_SKANDER,CO_TUNISIENNE_REASSURANCE,representant,corporate,certain,SP_2ffa0a47cdc375629cd0
PERSON_ELJAIEZ_MOUNIR,CO_D_ARTICLES_HYGIENIQUES,administrateur,corporate,probable,SP_7aac6a261064990ff9a1
PERSON_MZABI_MONCEF,CO_AUTRONIC,administrateur,corporate,probable,SP_7917c66d1cc57f84c5fa
PERSON_ZOUARI_ANOUAR_MEIMOUN,CO_STAR_CONSEIL,gerant,corporate,certain,SP_74ad5c16425c10a18e5c
PERSON_JOUIDA_SEIF_BENFAHMI,CO_SKY_HOLDING,gerant,corporate,certain,SP_71841c83d117487b3eea
PERSON_CHELBI_MOHAMED_KILANI,CO_MISE_EN_VALEUR_DEVELOPPEMENT_AGRICOLE,dg,corporate,certain,SP_160f344837e37a6b710a
PERSON_TRAUDICH_DENIS,CO_CREATUBES,gerant,corporate,certain,SP_6a21c52d2b5b469bf217
PERSON_TRAUDICH_DENIS,CO_TUNISTOOLS,gerant,corporate,certain,SP_bb3ff2a05d97d2fcf4ed
PERSON_ATROUS_SOUHEIL,CO_ENGINEERING_PROCUREMENT_PROJECT_MANAGEMENT,commissaire_aux_comptes,corporate,certain,SP_0967739ecb82c16486d5
PERSON_DAOUD_HAFEDH,CO_ENGINEERING_PROCUREMENT_PROJECT_MANAGEMENT,president_ca,corporate,certain,SP_27317abb5403599130d7
PERSON_ATROUS_SOUHEIL,CO_ENGINEERING_PROCUREMENT_PROJECT_MANAGEMENT,dga,corporate,certain,SP_c99db6e3cffa017fb314
PERSON_BENROMDHANE_KAMEL,CO_NARCISSE_AESTHETIC_CLINIC,gerant,corporate,certain,SP_fc8564f39158c548e40a
PERSON_HAMAMI_AHMED,CO_HAROUN_PRODUCTION_AGRICOLE,gerant,corporate,certain,SP_2d296246f98a1d2c2546
PERSON_HAMDI_SADOK,CO_GENERALE,pdg,corporate,certain,SP_184dc3e7d850eaea9157
PERSON_KILANI_MEJDI,CO_SHAMS_ENERGY_ACCESS,gerant,corporate,certain,SP_e2725633d06721d72862
PERSON_SLAMA_ZOUHEIR,CO_PLUS_PRO,gerant,corporate,certain,SP_d2746c244452b0e3d23f
PERSON_BENYEDER_MELEK,CO_PARTICIPATION_GESTION_DINVESTISSEMENT,administrateur,corporate,certain,SP_16e99980e0032f16a74b
PERSON_SAIDI_MAHMOUD,CO_ENT_CONSTRUCTION_METALLIQUE_ENTRETIEN,gerant,corporate,certain,SP_6e89800a4a9d4453bf00
PERSON_TRIKI_MAHMOUD,CO_REAL_ESTATE,gerant,corporate,probable,SP_4d5f7b3e1727c91fa375
PERSON_DAOUD_HAFEDH,CO_EPPM_CAPITAL,president_ca,corporate,certain,SP_f96e6e2021a55e3ad728
PERSON_DAOUD_NOZHA,CO_EPPM_CAPITAL,dg,corporate,certain,SP_476fcfc282f2ab6b3689
PERSON_BAKOUR_HEDI,CO_MAGASIN_GENERAL,gerant,corporate,certain,SP_6f3ff67ea1cf3f3e5858
PERSON_ZOUARI_IMED,CO_CONSULTING,gerant,corporate,certain,SP_f93a674ee84662d2b4cd
PERSON_KHARAT_ZOUHEIR,CO_AMANA,gerant,corporate,certain,SP_6b47c37874c2681c96e5
PERSON_TRIKI_CHAHIR,CO_SAVON_ROSA,gerant,corporate,certain,SP_5a786126006e87f87cf1
PERSON_KHALIL_MOHAMED,CO_ARABE_INDUSTRIES_PHARMACEUTIQUES,president_ca,corporate,certain,SP_27c1b20e90551a54d5c9
PERSON_MEHDI_MOHAMED,CO_ARABE_INDUSTRIES_PHARMACEUTIQUES,representant,corporate,certain,SP_109911f5f424a8f62787
PERSON_LOUZIR_MOHAMED,CO_ARABE_INDUSTRIES_PHARMACEUTIQUES,representant,corporate,certain,SP_0da41251b47705e7dd63
PERSON_HAMROUNI_MAHMOUD,CO_VOGUE_NEGOCE_COMPAGNIE,gerant,corporate,probable,SP_b46e49582d124737076f
PERSON_HAMROUNI_ABDELATIF,CO_VOGUE_NEGOCE_COMPAGNIE,gerant,corporate,probable,SP_40cc92bdaca1d55e1959
PERSON_DAMAK_MOHAMED,CO_NUTRITION,gerant,corporate,certain,SP_c63fb56917c08c9a2dd0
PERSON_BENAISA_SELIMA,CO_SHEYLUS_LAB,unspecified,corporate,certain,SP_922b1bcba3ce4fd86f28
PERSON_BENAISA_MOHAMED_SELIM,CO_SHEYLUS_LAB,unspecified,corporate,certain,SP_7d6a59204dc3d4770074
PERSON_ESEBSI_SONIA_CAID,CO_SHEYLUS_LAB,unspecified,corporate,certain,SP_9f843d07217a7136123e
PERSON_BENAISA_SELIMA,CO_SHEYLUS_LAB,pdg,corporate,certain,SP_e125f9d14fbf37f09293
PERSON_ABDELKEFI_MOHAMED_FADHEL,CO_TECHNO_SERVICES,gerant,corporate,certain,SP_525c74e59f3595e5904b
PERSON_CHAABANE_MOHAMED_MONTASAR,CO_MACHA_KIDS,gerant,corporate,certain,SP_f79579a0cdaaf3b11351
PERSON_TOUMI_MOHAMED_ALI,CO_TUNISIA_TECH,gerant,corporate,certain,SP_1abd908d41df8c4d3df6
PERSON_HAMAMI_KARIMA,CO_GENERALE,representant,corporate,certain,SP_dbbcf6cebce008ccdf30
PERSON_FARMER_HENRY_MICHAEL,CO_CHANTIER_NAUTIQUE_ITALO_TUNISIEN,gerant,corporate,probable,SP_feb81170674337d79001
PERSON_MABROUK_RAMZI,CO_MAISON_LIMMOBILIER,gerant,corporate,certain,SP_c54a216885f9e911c667
PERSON_SLAMA_GHASEN,CO_LOTUS_TRANSPORT,gerant,corporate,certain,SP_887d61247618c74426a8
PERSON_KHOUAJA_SAMI,CO_MIXAL,representant,corporate,probable,SP_bbde8ffe4fa3d3697558
PERSON_BOUIN_OLIVIER,CO_MIXAL,representant,corporate,probable,SP_630bbe551f5fa4fadc0a
PERSON_MADANI_ANIS,CO_MIXAL,member,corporate,certain,SP_469fec338b908e9aec7a
PERSON_ZOUARI_HAIFA_HEMIDI,CO_H3S_CLEAN,gerant,corporate,certain,SP_3a871293ff6b3faf647d
PERSON_SASI_BADIA,CO_HEDIL_TEX,gerant,corporate,certain,SP_f1a148abcda84ff315c6
PERSON_BENAICHA_KAWTHER,CO_AOUES_CONFECTION,gerant,corporate,certain,SP_c30369348d8567816c71
PERSON_SELAMI_KAMEL,CO_TUNISIAN_DISPENSER_MACHINES,cogerant,corporate,probable,SP_b9511d4a3785a758e586
PERSON_SNOUSI_JAMEL,CO_PERLE_CAP_BON,gerant,corporate,probable,SP_cbee4491d197162929ee
PERSON_FEHRI_NOOMANE,CO_NEXT_SOFTWARE,gerant,corporate,probable,SP_485eb1fd02b149a58ffc
PERSON_FEHRI_NOOMANE,CO_NEXT_PLUS,gerant,corporate,probable,SP_d1d289d7ab80077a947e
PERSON_BENFADHL_HICHEM,CO_GENERALE,administrateur,corporate,certain,SP_91f7cd2c3cf058a3e3f1
PERSON_OUNI_MOHAMED_SGHAIER,CO_HAMZA,gerant,corporate,certain,SP_4fd03451a1878a3283b6
PERSON_DOUKI_FAYCEL,CO_MARBRERIE_SAYADI_FILS,gerant,corporate,probable,SP_b2ea0b44b0cc708b3b6f
PERSON_BENISMAIL_AHMED,CO_AROMI_E_SAPORI_D_ITALIA,gerant,corporate,certain,SP_629cb0eb4191834c91d6
PERSON_ZORGATI_LASAAD,CO_TUNISIE_CATERING,administrateur,corporate,certain,SP_d389d2a96690289a2013
PERSON_SASI_HAMDI_BENMOULDI,CO_OLINDIAS,gerant,corporate,certain,SP_3183697cdac7eb06c033
PERSON_LAHIANI_ABDERAZEK,CO_ASSURANCES_BIAT,administrateur,corporate,probable,SP_8b024a5ee40b4b1be989
PERSON_BEY_MOHAMED_BECHIR,CO_METAL,administrateur,corporate,probable,SP_cb2976c727806f40a0dd
PERSON_HAMAMI_SAMI,CO_ETTAJDID_BATIMENTS,gerant,corporate,certain,SP_865df7ca0b2ea462041a
PERSON_MANI_SLAHEDINE,CO_MANI_GERMANY_AUTOS,gerant,corporate,certain,SP_2e81c02c303fa1069dd2
PERSON_KADOUR_KHALED,CO_OLFA_DATTES,gerant,corporate,certain,SP_655ae0fe4f65bfd4114c
PERSON_BOUABIDI_KAMEL,CO_MAGHREB_INTERNATIONAL_PUBLICITE,administrateur,corporate,probable,SP_8ae554783da9a030931f
PERSON_BOUABIDI_KAMEL,CO_MAGHREB_INTERNATIONAL_PUBLICITE,pdg,corporate,probable,SP_bf61654ab9cb290741d5
PERSON_KAMOUN_HAZEM,ORGMENTION_Société de Recyclage de batteries SOREBAT,commissaire_aux_comptes,corporate,certain,SP_5507327ed004378ec5e2
PERSON_KAMOUN_HAZEM,ORGMENTION_Société de Recyclage de batteries SOREBAT,dg,corporate,certain,SP_da4705cb098ee665d809
PERSON_SLAMA_CHIHEBEDINE,CO_HORIZON_SERVICES,administrateur,corporate,probable,SP_51787be31b2e7678fd02
PERSON_GUIGA_SOFIEN_DRIS,CO_JARDIN_DEDEN_CONDITIONNEMENT_TRANSFORMATION_DATTES,administrateur,corporate,certain,SP_625ead45cc7be3ef10ce
PERSON_GUIGA_SOFIEN_DRIS,CO_JARDIN_DEDEN_CONDITIONNEMENT_TRANSFORMATION_DATTES,dg,corporate,certain,SP_fb5602b99d35d54b6ba0
PERSON_BOUZGUENDA_LEILA,CO_TOURISTIQUE,administrateur,corporate,certain,SP_28ff43e06245ac840e32
PERSON_JEMAIA_KAIS,CO_TOURISTIQUE,administrateur,corporate,certain,SP_face300151a3bda945a0
PERSON_ZOUARI_MOHAMED,CO_URBA_FLEX,gerant,corporate,certain,SP_6031de11e01b236a2d4f
PERSON_AOUINTI_MOHAMED_MEHDI,ORGMENTION_UNION CHIMIE,pdg,corporate,certain,SP_1ddd4f743e8a6a95ab23
PERSON_PIOVANI_ALBERTE,CO_IMPRIMERIE_EMA,unspecified,corporate,certain,SP_271ff26221d84e1e6879
PERSON_BENTANFOUS_CHOKRI,ORGMENTION_Société CAP TAGUERMESS,administrateur,corporate,certain,SP_64585d15289a3a7451db
PERSON_BENTANFOUS_MOHAMED_NEJIB,ORGMENTION_Société CAP TAGUERMESS,administrateur,corporate,certain,SP_e4cfe541067681af9d39
PERSON_BENTANFOUS_CHAWKI,ORGMENTION_Société CAP TAGUERMESS,administrateur,corporate,certain,SP_55d7eb810ca97ed7fef8
PERSON_BENAYED_WALID,ORGMENTION_Société CAP TAGUERMESS,administrateur,corporate,certain,SP_0a11218747e8c9a93b53
PERSON_BENHASINE_HABIB,CO_ASSURANCES_MAGHREBIA,dg,corporate,probable,SP_9f298dea07029935eda0
PERSON_STROHL_PIERE_EMANUEL,CO_VALEO_EMBRAYAGES_TUNISIE,administrateur,corporate,certain,SP_cf4ba22487ac77494f42
PERSON_SAYED_KAIS,CO_PHARMA_CLEAN_ROOM,cogerant,corporate,probable,SP_bd3fe50d2d1a4492b4cd
PERSON_BAILI_SLIM,CO_BOURJINE_TEX,gerant,corporate,certain,SP_bb186b5af60ef7c2572e
PERSON_TARIFA_SONIA,CO_BLANCS_MINERAUX_TUNISIE,unspecified,corporate,probable,SP_acfaee2df7e8d4a2f763
PERSON_HACHICHA_FETHI,CO_BLANCS_MINERAUX_TUNISIE,president_ca,corporate,probable,SP_cec34b23ec1dc22a1b18
PERSON_GOUIDER_ABDELWAHED,ORGMENTION_1. RENSEIGNEMENTS DE CARACTÈRE GENERAL CONCERNANT LA SOCIÉTÉ,association_president,corporate,certain,SP_571236304d4adcf03e97
PERSON_HIDRI_MONGI,ORGMENTION_1. RENSEIGNEMENTS DE CARACTÈRE GENERAL CONCERNANT LA SOCIÉTÉ,member,corporate,certain,SP_89d548014d6d9b9bc2fd
PERSON_HABIBI_KAMEL,ORGMENTION_1. RENSEIGNEMENTS DE CARACTÈRE GENERAL CONCERNANT LA SOCIÉTÉ,member,corporate,certain,SP_28980aa4671c37973ae0
PERSON_BENCHEIKH_NOUR_ELHOUDA,ORGMENTION_1. RENSEIGNEMENTS DE CARACTÈRE GENERAL CONCERNANT LA SOCIÉTÉ,member,corporate,certain,SP_74f43d4d8dbf1d0c9fcc
PERSON_KTHIRI_TAREK,ORGMENTION_1. RENSEIGNEMENTS DE CARACTÈRE GENERAL CONCERNANT LA SOCIÉTÉ,member,corporate,certain,SP_e540f4f90852130d7213
PERSON_DHAOU_SAYEH,ORGMENTION_1. RENSEIGNEMENTS DE CARACTÈRE GENERAL CONCERNANT LA SOCIÉTÉ,member,corporate,certain,SP_7fa1c631a5e2112be25c
PERSON_ZERZERI_HEDI,ORGMENTION_1. RENSEIGNEMENTS DE CARACTÈRE GENERAL CONCERNANT LA SOCIÉTÉ,member,corporate,certain,SP_21273135cd9653da24ff
PERSON_DRIS_MOHAMED_SADOK,ORGMENTION_1. RENSEIGNEMENTS DE CARACTÈRE GENERAL CONCERNANT LA SOCIÉTÉ,member,corporate,certain,SP_893309793f7045e55eef
PERSON_BENOTHMANE_FADHEL,ORGMENTION_1. RENSEIGNEMENTS DE CARACTÈRE GENERAL CONCERNANT LA SOCIÉTÉ,member,corporate,certain,SP_f241ffbe7ab05bcf5c37
PERSON_BENZOUBIR_MOHAMED,ORGMENTION_1. RENSEIGNEMENTS DE CARACTÈRE GENERAL CONCERNANT LA SOCIÉTÉ,member,corporate,certain,SP_2eb836b12f20d0f482fc
PERSON_CHERIF_IMEDEDINE,ORGMENTION_1. RENSEIGNEMENTS DE CARACTÈRE GENERAL CONCERNANT LA SOCIÉTÉ,unspecified,corporate,probable,SP_b1fb3bee0b0fca6a458d
PERSON_GOUIDER_ABDELWAHED,ORGMENTION_1. RENSEIGNEMENTS DE CARACTÈRE GENERAL CONCERNANT LA SOCIÉTÉ,president_ca,corporate,certain,SP_b2efaf0cf333263ef189
PERSON_CHERIF_IMEDEDINE,ORGMENTION_1. RENSEIGNEMENTS DE CARACTÈRE GENERAL CONCERNANT LA SOCIÉTÉ,dg,corporate,certain,SP_a7657c5bd47037914fee
PERSON_CHERIF_IMEDEDINE,ORGMENTION_1. RENSEIGNEMENTS DE CARACTÈRE GENERAL CONCERNANT LA SOCIÉTÉ,association_president,corporate,certain,SP_0387aad1b81a6382aefb
PERSON_BENOTHMANE_FADHEL,ORGMENTION_1. RENSEIGNEMENTS DE CARACTÈRE GENERAL CONCERNANT LA SOCIÉTÉ,association_president,corporate,certain,SP_7dd5cfc51045a3224313
PERSON_BENZOUBIR_MOHAMED,ORGMENTION_1. RENSEIGNEMENTS DE CARACTÈRE GENERAL CONCERNANT LA SOCIÉTÉ,association_president,corporate,certain,SP_fe36408a54b231948641
PERSON_AGREBI_MOHAMED,CO_SEREPT,pdg,corporate,certain,SP_58cb33f25bce4b8ae52d
PERSON_ZAHAF_SLAHEDINE,CO_PATISSERIE_MASMOUDI_COMMERCIAL,commissaire_aux_comptes,corporate,certain,SP_07f32534dee3c6c6d042
PERSON_CONDAMIN_JEAN_MICHEL,CO_ZODIAC_COMPOSITE_MONUMENTS_TUNISIE,gerant,corporate,probable,SP_d8d5484ab3bb672f1185
PERSON_FEVRIER_THIERY,CO_ZODIAC_COMPOSITE_MONUMENTS_TUNISIE,gerant,corporate,certain,SP_29220929b6354058585d
PERSON_ZANINA_RACHED,CO_CIE_MESSADINIENNE_TEXTILE_COMETEX,gerant,corporate,certain,SP_1090f4d2241dc00ad2d8
PERSON_GHORBEL_NAIM,CO_MM_PACKAGING_TUNISIE,gerant,corporate,probable,SP_c5071670e8ec1b9281db
PERSON_GHARBI_LOTFI,CO_METAL,gerant,corporate,certain,SP_c7ecb5a79da52f149f69
PERSON_BACAR_KHALED,CO_NEW_POWER,gerant,corporate,certain,SP_2e9cf480ab53cad6fc23
PERSON_HAMROUNI_TAHER,CO_MAGHREBINE_SERVICE_CAPITAL,gerant,corporate,certain,SP_b887b9bb59d349ba9134
PERSON_SASI_SALAH,CO_CONFECTION,gerant,corporate,certain,SP_eb9b3b76ec234aa249a9
PERSON_HAMAMI_SIHEM,CO_CC_CONSULTING_SERVICES,gerant,corporate,certain,SP_c9a0247d1902d9b41a00
PERSON_ABDESALEM_YASINE,CO_SOFIP_SICAF,administrateur,corporate,probable,SP_376ca578a0edb09a92bc
PERSON_FARES_MOHAMED,CO_ROYAL_TEXTILE,cogerant,corporate,probable,SP_d614919ee6d37eb9f3dc
PERSON_PERIOLI_FRANCESCO,CO_CONSULTING,gerant,corporate,certain,SP_5780b17e4690046223ac
PERSON_BOUKADIDA_ADEL,CO_KONDAR_CONFECTION,gerant,corporate,certain,SP_3b81516bcb2967ec87ef
PERSON_TRAD_KARIM,ORGMENTION_Tunisie C F E s.a,administrateur,corporate,probable,SP_c72dcbab8a913afee869
PERSON_OUSAIFI_YASINE,ORGMENTION_Tunisie C F E s.a,administrateur,corporate,probable,SP_7ddeec11caad02e5f51a
PERSON_BELANGER_ERIC,ORGMENTION_Tunisie C F E s.a,administrateur,corporate,probable,SP_d1f8d74e45e2d9c88246
PERSON_HAMROUNI_HANI,CO_EMPIRE_COMMUNICATION,gerant,corporate,certain,SP_138cee8e527f0f109306
PERSON_MHIRI_MAHER,CO_TUNISIE_DETERGENTS_COSMETIQUES,gerant,corporate,certain,SP_07d09372911c3edcd751
PERSON_AMAR_RIDHA,CO_REGIONALE_TRANSPORT_GOUVERNORAT_GABES_SOTREGAMES,pdg,corporate,certain,SP_5e3d236c234ebd56d39f
PERSON_FERCHICHI_SLIM,CO_CIMENTS_BIZERTE,administrateur,corporate,certain,SP_b3fbe4211c189761da43
PERSON_CHOUARI_YOSR,CO_LIGNES_INTERIEURES_INTERNATIONALES_TUNISAIR_EXPRESS,dg,corporate,certain,SP_5eccbf6233c381c68cfc
PERSON_BOURAOUI_SAMIRA_MAAROUF,CO_BOLERIO,associe,corporate,certain,SP_47e641e816008733a5f1
PERSON_BENAMARA_MOHAMED_AMINE,CO_CHAUSSURES_BEN_AMMARA_PLUS,gerant,corporate,certain,SP_5bbad58c9654201d5a2c
PERSON_CHAABANE_RASIL,CO_OCALME_MEDICAL,gerant,corporate,certain,SP_d30d5735c9f3b7603506
PERSON_ZOUARI_MOHAMED,CO_ALLIANCE_FOOD,gerant,corporate,certain,SP_1f0adcf23c8714eeb978
PERSON_KAMOUN_WALID,CO_SERVITEC,gerant,corporate,certain,SP_04891a479f9cbf0e48bb
PERSON_BELIL_LILIA,CO_FIRST_INTERNATIONAL_TRADING_COMPANY_FITCOM,gerant,corporate,certain,SP_4591632435d57fcdd9f8
PERSON_KARAY_SLIM,CO_DESIGN,gerant,corporate,certain,SP_55d26d78c715c7dd2aeb
PERSON_ZOUARI_MOUNA,CO_AYCHA_TRADING,gerant,corporate,certain,SP_5f53daf6507ae9723334
PERSON_ZOUARI_IBTISAM,CO_PLAY_KIDS,gerant,corporate,probable,SP_e3f3bad55bd7f7d480bd
PERSON_KSANTINI_SOULEF,CO_PARADISE_FRUITS,commissaire_aux_comptes,corporate,certain,SP_db145c1ecede5f6619da
PERSON_BENAMOR_MAHMOUD,CO_DESIGN,gerant,corporate,certain,SP_588ccf424bf07813b0ae
PERSON_BAYAHI_YAHIA,CO_PROCAN,administrateur,corporate,probable,SP_80212578fd3f37020d8d
PERSON_BAYAHI_YAHIA,CO_PROCAN,president_ca,corporate,certain,SP_90335e1dc3290630c4b9
PERSON_ZOUARI_HAFEDH,CO_TUNISIENNE_DISTRIBUTION_SOTUDIS,unspecified,corporate,probable,SP_8396651943083bdf9f86
PERSON_BRETAGNOLE_DENIS,CO_SEA_LATELEC,president_ca,corporate,certain,SP_52fb9d3da7bc5c0d4f2c
PERSON_ABASI_RAOUF,CO_CAP_BETON,cogerant,corporate,certain,SP_28b3e0b6143f694092ef
PERSON_HAMAMI_MOHAMED,CO_AL_BARAKA_PRINT,gerant,corporate,probable,SP_4daa761c94fd4239dd45
PERSON_OUERGHEMI_HAZEM,CO_AS_DISTRIBUTION,gerant,corporate,probable,SP_514072e3ec243120d086
PERSON_MAALEJ_MUSTAPHA,CO_ACIA_HOLDING,pdg,corporate,certain,SP_b7dffb5fb7fc1faf08ee
PERSON_MAALEJ_MOEZ,CO_ACIA_HOLDING,dga,corporate,certain,SP_d82855f4eaf4ba6c0dd3
PERSON_MAALEJ_MOURAD,CO_ACIA_HOLDING,dga,corporate,certain,SP_076ab32050f5bfee78a7
PERSON_MAALEJ_LOTFI,CO_ACIA_HOLDING,dga,corporate,certain,SP_0beb5f37e774bc33f7a1
PERSON_MERGHENI_SAIFEDINE,CO_PHENIX_ADVISORY,gerant,corporate,certain,SP_42c4a98c16410ecd8640
PERSON_BENYEDER_EMNA,CO_CENTRAL,association_officer,corporate,certain,SP_4942770125c34a8a9576
PERSON_KALEL_ARIJ,CO_CENTRAL,secretaire_general,corporate,certain,SP_eadadc74ca9b5b13310f
PERSON_TAMARZISTE_MEHDI,CO_CENTRAL,treasurer,corporate,certain,SP_40c2422b8e7b5f393174
PERSON_ZOUARI_MOEZ,CO_ZEN_INDUSTRIES,administrateur,corporate,certain,SP_11d651b9f187ef2a33f0
PERSON_ZOUARI_MOEZ,CO_ZEN_INDUSTRIES,dg,corporate,certain,SP_b364001fae0e28095650
PERSON_HAMAMI_HABIB,CO_TUNI_FRIES,pdg,corporate,certain,SP_2d499ead5544760477e9
PERSON_KAMOUN_ZOUHEIR,CO_MEUBLE_KAMMOUN,gerant,corporate,certain,SP_643df19069ca4130d494
PERSON_KHECHINE_HATEM,CO_COMMERCE_SERVICES_TUNISO_ALGERIENS_COSTA,gerant,corporate,certain,SP_37a0ff6c3baed5711322
PERSON_NASR_MOHAMED,CO_GENERALE,gerant,corporate,certain,SP_7cb1e7db0aa9fd6fbe9a
PERSON_SASI_NOURHENE,CO_GROUPEMENT_DINTERET_ECONOMIQUES_BIOPHYTE,administrateur,corporate,certain,SP_bf111d29ee2d3e92293a
PERSON_CHAABANE_MOHAMED,CO_CHAABANE_SCE_DISTRIBUTION_CARBURANT,gerant,corporate,certain,SP_1b14a286d72708536127
PERSON_SGHAIER_AHMED,CO_HABOUBA_LT,gerant,corporate,certain,SP_17edd541c4e2359d4759
PERSON_ZOUARI_RAOUDHA,CO_CLINIQUE_JASMINS,president_ca,corporate,certain,SP_fe7bc1cb4c92941879f6
PERSON_GOLDSTEIN_DAPHNA,CO_BONNA_TUNISIE,president_ca,corporate,probable,SP_efcddde5387fdd7e46f3
PERSON_MARTEL_BENOIT_CATIN,CO_BONNA_TUNISIE,administrateur,corporate,probable,SP_1ffc4486eb06285ab3f5
PERSON_COCHARD_EMANUELE,CO_BONNA_TUNISIE,representant,corporate,certain,SP_3264ce0731e47a107085
PERSON_COCHARD_EMANUELE,CO_BONNA_BETON_MATERIAUX_PREFABRIQUES,representant,corporate,certain,SP_a3cca34db8bdf5da29b4
PERSON_COCHARD_EMANUELE,CO_PHILBERT_TUNISIE,representant,corporate,certain,SP_187540a2a22341538aad
PERSON_KANOU_HAMDI,CO_SOFRIP_RECYCLAGE_TEXTILE_SOFRIP,pdg,corporate,probable,SP_6d7f5c59a16f6a656d6d
PERSON_ABDELKEFI_FADHEL,CO_INTEGRA_PARTNERS,administrateur,corporate,certain,SP_6c892c208b8c92d84d5b
PERSON_ZOUARI_JAMEL,CO_ARTIPIERRE,gerant,corporate,certain,SP_307148e4c0908eb58269
PERSON_TOUIR_AMEL_MABROUK,CO_BITUME_SUD_NORD,dg,corporate,certain,SP_c0c674254157124fb6cb
PERSON_MABROUK_AMARA,CO_EL_CLASSICO_SPORTIF,gerant,corporate,certain,SP_f2b55d5a2c5c9e44180f
PERSON_KHOUAJA_MEHDI,CO_ALFET_EL_MACHIA,administrateur,corporate,certain,SP_07525fe8268d112fb5f2
PERSON_KHOUAJA_MEHDI,CO_ALFET_EL_MACHIA,president_ca,corporate,probable,SP_c791e5f23cd4ef43c365
PERSON_HACHICHA_SOUHEIL,CO_ALFET_EL_MACHIA,dg,corporate,probable,SP_6cc4abaee5a854369cfb
PERSON_HMIDA_ADNEN,CO_ALFET_EL_MACHIA,dga,corporate,probable,SP_16b372326e84cd5a7f7a
PERSON_CHAABANE_NOURI,"ORGMENTION_84, Rue 8600 la Charguia Tunis",unspecified,corporate,certain,SP_68486d4c962056d3e9b9
PERSON_CHAABANE_NOURI,"ORGMENTION_84, Rue 8600 la Charguia Tunis",pdg,corporate,certain,SP_db974c0388c58ba04b89
PERSON_AOUADI_RAOUF,CO_MAXULA_BOURSE,pdg,corporate,probable,SP_6441c06f6d1a563161d4
PERSON_LAHMAR_MOHAMED,CO_CLINIQUE_INTERNATIONALE_SUD,dg,corporate,certain,SP_40509a296ef6317c65b7
PERSON_ELOUMI_KHALIL,CO_COEPIO,gerant,corporate,certain,SP_ce44c45f779daae917a7
PERSON_TRANDUC_HENRI,CO_COFITEL,administrateur,corporate,probable,SP_9c1046c5d91265253bbe
PERSON_BROUSARD_PHILIPE,CO_COFITEL,administrateur,corporate,probable,SP_079056feb10ed0f8b6ce
PERSON_RICHLI_THIERY,CO_COFITEL,administrateur,corporate,probable,SP_d685c5643f18b7e3ded1
PERSON_GAGI_RATIBA,CO_FRANCE_MAGHREB_SERVICE,gerant,corporate,certain,SP_b4aa256406d0013e8e51
PERSON_ROUSEAU_BRUNO,CO_BISCUITERIE_MEDITERRANEENNE,administrateur,corporate,probable,SP_e861232970d7680c563c
PERSON_CRUSON_PHILIPE,CO_BISCUITERIE_MEDITERRANEENNE,administrateur,corporate,probable,SP_d5209e26ea78a3ebd634
PERSON_PECASTAINGS_FREDERIC,CO_BISCUITERIE_MEDITERRANEENNE,administrateur,corporate,certain,SP_758388586d80b08a4a2c
PERSON_ZOUARI_HAFEDH,CO_DASSISTANCE_MAINTENANCE_AUTOMOBILE_SAMIA,president_ca,corporate,certain,SP_8170d6a4eb6ca41cd910
PERSON_ZOUARI_MEHDI,CO_DASSISTANCE_MAINTENANCE_AUTOMOBILE_SAMIA,dg,corporate,certain,SP_cd779b84eb3dab79fd72
PERSON_ZOUARI_MEHDI,CO_DASSISTANCE_MAINTENANCE_AUTOMOBILE_SAMIA,administrateur,corporate,certain,SP_92fecba8ee6fdf54c95a
PERSON_ZOUARI_HAFEDH,CO_DASSISTANCE_MAINTENANCE_AUTOMOBILE_SAMIA,administrateur,corporate,probable,SP_24a95dd85ec3de354ac6
PERSON_SELAMI_RAOUDA_MASMOUDI,CO_MISK,gerant,corporate,probable,SP_d8e10ce60b353798edf3
PERSON_BARKALAH_SAHBI,CO_NOS_ENFANTS,gerant,corporate,probable,SP_e8b1cf6269db45bd0e25
PERSON_HAMAMI_NOURA,CO_PHARMATOUT,commissaire_aux_comptes,corporate,certain,SP_7917a312a31942889e65
PERSON_CHAIBI_NABIL,CO_ELECTROTECH_TUNISIE,commissaire_aux_comptes,corporate,certain,SP_2bfb463b73a7564b1e96
PERSON_CHAIBI_NABIL,CO_ELECTROTECH_TUNISIE,president_ca,corporate,certain,SP_d28be85c239feaca8bd2
PERSON_SMAOUI_SAMI,CO_ELECTROTECH_TUNISIE,dg,corporate,certain,SP_591e6a81d952096ad5e6
PERSON_BENSALEM_KORAICH,CO_CULTURETECH_TUNISIE,commissaire_aux_comptes,corporate,certain,SP_e3eebcfd1fed734ea7e3
PERSON_BENSALEM_KORAICH,CO_CULTURETECH_TUNISIE,president_ca,corporate,certain,SP_5de054326cada7920e52
PERSON_SMAOUI_SAMI,CO_CULTURETECH_TUNISIE,dg,corporate,certain,SP_68d28250808ebd0dfe19
PERSON_ZOUARI_WASIM,CO_EL_AOUD_ZOUARI_PIECES_RECHANGE_DOCASSION,gerant,corporate,certain,SP_3a47ef639272577d79c4
PERSON_CHEIKHROUHOU_LEILA,CO_POLYCLINIQUE_INTERNATIONALE_RIADH_ENNASR_PIRESA,pdg,corporate,certain,SP_b522bd6936ee2d83060c
PERSON_JERIDI_SAMIA,CO_CENTRE_CONDITIONNEMENT_FRUITS,unspecified,corporate,certain,SP_6fd06b82288fb179ba9c
PERSON_KHALIL_MOHAMED,CO_RADIOPHONIQUE_ZITOUNA,gerant,corporate,certain,SP_5dd18054b8bca466972e
PERSON_CHAABANE_FAOUZI_BENABDESLEM,CO_GENERALE,gerant,corporate,certain,SP_2b6c347c6167c9e21de4
PERSON_REGAIEG_MOHAMED,CO_FARAH,gerant,corporate,certain,SP_b15af914fb8e24855c26
PERSON_ELOUMI_FAOUZI,CO_COFAT_MED,pdg,corporate,probable,SP_bbcd81b8712256d908c1
PERSON_BENCHAABANE_NAAMA_ELOUMI,CO_COFAT_MED,pdg,corporate,probable,SP_226c97804eade657d077
PERSON_MAMI_HICHEM,CO_CHAHIA,dg,corporate,probable,SP_f268287c17bbf5d899e0
PERSON_MOUSCOU_SALOUA,CO_STB_MANAGER,administrateur,corporate,probable,SP_9d8d8007c76514871ae2
PERSON_MOUSCOU_SALOUA,CO_STB_MANAGER,dg,corporate,certain,SP_cab0aea7a273df4d1821
PERSON_AREM_GHASEN,CO_ACADEMIE_FERRIE,gerant,corporate,certain,SP_dfa83184050af8763281
PERSON_ZARAD_WASIM,CO_ZARTEX_FRANCE,gerant,corporate,certain,SP_ba090a397c1d675bdea7
PERSON_SAHNOUN_AHMED,CO_SANITAIRE,gerant,corporate,certain,SP_79b110970fe43856e08e
PERSON_AMAR_MOHAMED,CO_FRAME,gerant,corporate,certain,SP_77b89879ce087742f28c
PERSON_CHARGUI_RAMZI,CO_EXCEL_PLAST_TUNISIE,administrateur,corporate,certain,SP_1fd5c017268d867f2f89
PERSON_ABDELI_SALAH_SAAD,CO_STOCKAGE_CARBURANTS_AVIATION,administrateur,corporate,certain,SP_fd2d4ae437059e52d174
PERSON_ZHAKUPOV_MANSUR,CO_STOCKAGE_CARBURANTS_AVIATION,administrateur,corporate,certain,SP_64fd541760eb120d5d3b
PERSON_ABDELI_SALAH_SAAD,CO_STOCKAGE_CARBURANTS_AVIATION,president_ca,corporate,certain,SP_d1d7042e18320ccdd3a8
PERSON_GHORBEL_NAIM,CO_TEC_MMP,gerant,corporate,probable,SP_de9065f5a226c3307388
PERSON_CHALGHOUM_RIDHA,CO_ARABE_TRAVAUX,gerant,corporate,certain,SP_0f5d6498a5867396f763
PERSON_RABHI_MOUNIR,CO_WEEDEP,gerant,corporate,certain,SP_7745e719ee6204cb33ed
PERSON_BENABDELKADER_FETHI,CO_BENCO_JEANS,gerant,corporate,certain,SP_324f14da9364cfbaec5e
PERSON_KSIBI_JAMEL,CO_KARMA_SERVICES_AGRICOLE,gerant,corporate,certain,SP_13faa80209a3aa0a152c
PERSON_NEFZI_BECHIR,CO_TRAVAUX_PUBLICS_EL_SALEM,gerant,corporate,certain,SP_4a48527940b8e3445a45
PERSON_ZOUARI_ABDELAZIZ,CO_ANIS_VOYAGES,gerant,corporate,probable,SP_6d30c473e1f1a31ddb93
PERSON_ZOUARI_ANIS,CO_ANIS_VOYAGES,gerant,corporate,probable,SP_341b55a070eeca6e5de6
PERSON_BENJEMA_ISAM,CO_BEN_JEMAA_MELOUDI,gerant,corporate,certain,SP_b4abfd3abd4b24575733
PERSON_BENABDELKARIM_AMINE,ORG_ASSOCIATION_TUNISIENNE_FOOTBALL_AMERICAIN,association_president,corporate,certain,SP_2f96f44a1c7cedf46cef
PERSON_LETAIEF_WALID,ORG_ASSOCIATION_TUNISIENNE_FOOTBALL_AMERICAIN,vice_president,corporate,certain,SP_64d6688542e8dc5e4d35
PERSON_ROUIS_MOHAMED_AYA_ALRAHMEN,ORG_ASSOCIATION_TUNISIENNE_FOOTBALL_AMERICAIN,secretaire_general,corporate,certain,SP_d1b7fae10b6035176805
PERSON_BENSALEM_KORAICH,CO_INDIGO_OUTLET,association_president,corporate,certain,SP_52d7dc5c83134ea0fe7a
PERSON_KAMOUN_MOUNIR,CO_SERVICES_TUNISIE,gerant,corporate,probable,SP_eab85a35a4bc45b00f15
PERSON_KAMOUN_MOUNIR,CO_SERVICES_TUNISIE,gerant,corporate,probable,SP_eab85a35a4bc45b00f15
PERSON_HAJI_ZIED,CO_TRAVAUX_SERVICES,gerant,corporate,certain,SP_ed0cded29009ee18234f
PERSON_HAMAMI_TAREK,CO_ADWYA,dg,corporate,certain,SP_d91064825cf263e734ad
PERSON_ELJAIEZ_MOUNIR,CO_AZUR_PAPIER,administrateur,corporate,probable,SP_86c7fe379e3bd633c5a0
PERSON_MABROUK_MOHAMED_AYMEN,CO_COMPTOIR_MEDITERRANEEN_BATIMENT,gerant,corporate,certain,SP_f929b137fb53ffe43db7
PERSON_BOUCHAMAOUI_AHMED,CO_AL_KASSM_MINING,gerant,corporate,certain,SP_1bff5641a3979b087ae6
PERSON_ZOUARI_YASER,CO_ZOUARI_DISTRIBUTION_PLUS,gerant,corporate,certain,SP_277191d4e60d2e307d18
PERSON_ELABARI_BOUTHAINA_HAMAMI,CO_A3R,gerant,corporate,certain,SP_c48012aeae47a66597bb
PERSON_HAMAMI_AHMED_BENBRAHIM,CO_BATIMENT_MAINTENANCE,gerant,corporate,certain,SP_61fae769a5e252245831
PERSON_BENSEDRINE_ZOUHOUR,CO_IMPRIMERIE_CHAMPS_ELYSEE,gerant,corporate,certain,SP_83426b4cc7acf3de9686
PERSON_HAMAMI_FADIA,CO_PROFARM,gerant,corporate,certain,SP_ef1bfd212ad6829fc982
PERSON_HOUSAINI_MOHAMED_ALI,CO_AUTO_PIECES,gerant,corporate,certain,SP_167c44ae4f5a4e2145db
PERSON_BENYAHIA_ALI,CO_SPORT_LOISIRS,gerant,corporate,probable,SP_7091a757d1ecf7fea108
PERSON_SELAMI_SLIM,CO_ONE_TECH,commissaire_aux_comptes,corporate,certain,SP_84ec42c9da5b66e0fba9
PERSON_FOURATI_LAMIA,CO_ONE_TECH,dg,corporate,certain,SP_343951d7d7126ffd0a42
PERSON_NACEUR_MOHAMED_AMINE,CO_SERVICES_INDUSTRIELS,gerant,corporate,certain,SP_799766e3f4901132f856
PERSON_ZOUARI_RIDHA,CO_OMNIPLEX,dg,corporate,probable,SP_c2842529d6a9cd073aa3
PERSON_ABDELJAOUED_KHALED,CO_ONE_TECH_MOBILE,administrateur,corporate,certain,SP_e915ea4674f8772ad26f
PERSON_ALNEMAH_MOHAMAD_FAHD,CO_CTKD_SICAR,pdg,corporate,certain,SP_77415884fbdd6598452a
PERSON_MZABI_MZOUGHI,CO_BESTOPLAST_DISTRIBUTION,gerant,corporate,certain,SP_d419a4c270bc5af5c95f
PERSON_SASI_ABDELKADER,CO_MONDIAL_MARBRE,gerant,corporate,certain,SP_2188e2660784b0b68e56
PERSON_SASI_NAZIHA,CO_MONDIAL_MARBRE,gerant,corporate,certain,SP_e4c754983ad39ad22017
PERSON_MABROUK_BAYADHI,CO_PIC_IMMOBILIERE,gerant,corporate,certain,SP_74060f893f65dd11a25e
PERSON_BOURGUIBA_MOHAMED,CO_CONSULTING,gerant,corporate,certain,SP_a0b10d1710fedbe335f0
PERSON_CHAOUECH_HEDI,CO_MONDIAL_RECYCLAGE,gerant,corporate,certain,SP_794ff406db8cce5fa374
PERSON_HMIDA_ADNEN,CO_MEUNIERE_TUNISIENNE,dga,corporate,probable,SP_ed7a98b6dc007980217c
PERSON_HACHICHA_SOUHEIL,CO_BVM,gerant,corporate,probable,SP_e7b908fc09bbe2112ced
PERSON_GUERIDA_MOHAMED_HABIB,CO_FRIPERIE_TEXTILE_FRITEX,gerant,corporate,probable,SP_9582ba733094115eb59e
PERSON_MOALA_TAHA,CO_CONFORT_LINE,gerant,corporate,certain,SP_97983f53ca7f54bb835c
PERSON_HAMROUNI_MOHAMED,CO_MH_DECO,gerant,corporate,certain,SP_5d903a09059af6df7826
PERSON_HAMAMI_AMEL,CO_PROMOTION_COMPETENCES_PROFESSIONNELLES,gerant,corporate,certain,SP_48ba52bf25f3662170c1
PERSON_DHAHRI_MOHAMED_SALAH_HAMAMI,CO_CONSULTING,gerant,corporate,certain,SP_82e252a212066ca46d2c
PERSON_AZOUZ_JALEL,CO_TUNISO_EMIRATIE_PARTICIPATIONS,administrateur,corporate,certain,SP_096ed43477dccc5912a6
PERSON_ALOUCHE_ANIS,CO_ENDA_TAMWEEL,dg,corporate,certain,SP_aa2453734578e98d7901
PERSON_BENTANFOUS_MOHAMED_NEJIB,CO_CAP_TAGUERMESS_CENTER,unspecified,corporate,certain,SP_35f969ee9e93a8b26864
PERSON_BENTANFOUS_CHAWKI,CO_CAP_TAGUERMESS_CENTER,unspecified,corporate,certain,SP_03393923a09fbdc18e9a
PERSON_BAYAHI_KHALED,CO_TUNICAST,unspecified,corporate,probable,SP_ce4cc141faac47190fb4
PERSON_BAYAHI_YAHIA,CO_TUNICAST,pdg,corporate,certain,SP_745df7f1605c73cdf87b
PERSON_BAYAHI_KHALED,CO_TUNICAST,dga,corporate,certain,SP_83403510bb56f37240f0
PERSON_FOURATI_SABER,CO_ASDRUBAL,pdg,corporate,probable,SP_95b198ab3b25981ef146
PERSON_GHANOUCHI_IBTISEM,CO_FIRST_TEX,gerant,corporate,probable,SP_e40ef7a15527cba74bde
PERSON_HAMAMI_WALID,CO_FIRST_SERVICES_TUNISIA,gerant,corporate,certain,SP_a23949c51eef540cb886
PERSON_HAMAMI_MOHAMED_HEDI,CO_LASER_SHOP,gerant,corporate,certain,SP_d9d8ed63d410af513bd3
PERSON_TRIKI_AMIR,CO_AL_CHAM_ROYALE,gerant,corporate,certain,SP_0b14e9741d17855bb8b0
PERSON_MABROUK_ABES,CO_INTEGRAL_CALL_CENTER,gerant,corporate,certain,SP_802dcd5dbd6fd9688f4a
PERSON_DRIS_HASEN,ORGMENTION_Société Tunisienne Des Grands Ateliers De Naassen,administrateur,corporate,certain,SP_5906aa3fd1195fd0eeab
PERSON_KOOLI_MOHAMED_SAMI,CO_FERZ,president_ca,corporate,certain,SP_cdd777db542c36d2210b
PERSON_KOOLI_AZIZ_GHASEN,CO_FERZ,dg,corporate,certain,SP_cec0626a2e1a2343719d
PERSON_AMAR_MOHAMED,CO_AFRIKAPLAST,gerant,corporate,certain,SP_3543aaf3a956d5272fac
PERSON_CHAABANE_NAHLA_HAKIM,CO_NAHLA_MAISON_COUTURE,gerant,corporate,certain,SP_de73476a19e75405cb9c
PERSON_HAMAMI_SABRINE,CO_ABAYA_ROYAL_LUXE,gerant,corporate,certain,SP_80b6e9663c9cc82899ad
PERSON_SNOUSI_MOHAMED_BILEL,CO_VENTE_PIECES_ALLEMANDE,cogerant,corporate,certain,SP_0eb7f31954835cf5142d
PERSON_JRAD_ABDERAZEK_KILANI,CO_RAHMA_SERVICES,liquidateur,corporate,certain,SP_13c1c34000b7e07ac1d0
PERSON_HAMAMI_KHALED,CO_CHARLOTTE_DUBAI,gerant,corporate,probable,SP_2141e48f92f459dc6fb9
PERSON_HAMAMI_HABIB,CO_NGK_DISTRIBUTION,gerant,corporate,certain,SP_0e789a78e78933c3aac8
PERSON_KOOLI_MOHAMED,CO_TUNISIE_OUATE,president_ca,corporate,certain,SP_13e06e9af035ede35771
PERSON_KOOLI_AZIZ_GHASEN,CO_TUNISIE_OUATE,dg,corporate,certain,SP_902c6b4d3b1a457e715f
PERSON_KOOLI_MOEZ,CO_INTERNATIONALE_PRODUCTION_PAPIER,dg,corporate,certain,SP_c66c035bd3bc7160248a
PERSON_CHERIF_MOHAMED,CO_JERBA_COLOGNE_TOURISME,pdg,corporate,probable,SP_37055a59b683207ce896
PERSON_DEBACHE_IBRAHIM,CO_ENNAKL_AUTOMOBILES,association_president,corporate,certain,SP_f10a3eeaa5dfd2be5be3
PERSON_BENLAKHDAR_TAHER,CO_AL_FIKR,commissaire_aux_comptes,corporate,certain,SP_11e36907f391941388c0
PERSON_DRIS_SAMI,CO_COMET,gerant,corporate,certain,SP_01042d15b366e2899c27
PERSON_HAMAMI_MOHSEN,CO_HAMMAMI_TRAVAUX_PUBLICS_JARDINAGE,gerant,corporate,certain,SP_6022dfcf9bb37ddd2fa9
PERSON_BENSLAMA_OUMAIMA,CO_FILS_BEN_SLAMA_DISTRIBUTION,gerant,corporate,certain,SP_6211b584ff2a4ae5506d
PERSON_KILANI_MONDHER,CO_KILANI_SERVICES,gerant,corporate,certain,SP_564df532d0b391b2f147
PERSON_EDHAWADI_NOURI_AHMED_MABROUK,CO_INSPECTION_COMPANY,gerant,corporate,certain,SP_d599cb4abb4ac407873e
PERSON_YAKRA_OUSAMA,CO_ELEMENTS,dg,corporate,probable,SP_ef9e6dbd9c8711b81a44
PERSON_LEMONIER_AGNES,CO_ELEMENTS,administrateur,corporate,probable,SP_8610d9d234be9ebecde2
PERSON_PIERE_DEMAIN_LAURENT_ZEPHRIN,CO_ELEMENTS,administrateur,corporate,probable,SP_52e372d9b414acab3241
PERSON_BENMABROUK_AHMED,CO_TRADOX,gerant,corporate,certain,SP_1104781d7ef2ef2e610c
PERSON_OKBA_MOUSA,CO_DIVA_SICAR,administrateur,corporate,certain,SP_4868910c39919e5f7501
PERSON_MABROUK_ZAHRA,CO_EL_AMEN_MATERIAUX_CONSTRUCTION,actionnaire,corporate,certain,SP_67ff92c7e9533af39229
PERSON_BOUCHAMAOUI_AHMED,CO_SILICE_MEDITERRANEE,gerant,corporate,certain,SP_8a2faa424d1f5092eb37
PERSON_AICHA_FAOUZI_IBEN,CO_WORK_WEAR_FASHION,gerant,corporate,certain,SP_3fe64dc663e52de8ff62
PERSON_JAMOUSI_ALI,CO_COCCINELLE_TEXTILE,gerant,corporate,certain,SP_ca7eb2db7af12e978bee
PERSON_ABDENADHER_AMEUR,CO_3A_TS,gerant,corporate,certain,SP_6496bb00e0aa9996433c
PERSON_KHECHINE_MOURAD,CO_TUNISIA_WELCOME_SERVICE,pdg,corporate,certain,SP_ace05957e64e62a37298
PERSON_DEROUICHE_HEDI,CO_ACTIFS_PRECIEUX_APEX,dga,corporate,certain,SP_3b55f9a40690bdb4de86
PERSON_BOURICHA_ABDERAZAK,CO_OVERSEAS_CONSEIL_ASSISTANCE,gerant,corporate,certain,SP_29e67028f07d18752f06
PERSON_MAHJOUB_MOHAMED,CO_AGRICOLE_ZARDOUB,gerant,corporate,certain,SP_e0ac12088a9e873f3825
PERSON_CHETAOUI_NABIL,CO_CONSULTING,gerant,corporate,probable,SP_0917a441937c40406e79
PERSON_AZABI_MOHAMED_GHAZI,CO_CONSEIL,vice_president,corporate,certain,SP_0b918f1b6ac85f01357b
PERSON_HARTINGER_BRIGITE,CO_CONSEIL,secretaire_general,corporate,certain,SP_e3c78de354781cdb6c6f
PERSON_BENAHMED_GHAZI,CO_CONSEIL,treasurer,corporate,certain,SP_0131953be2b11303f4e4
PERSON_CHAIBI_NABIL,CO_PEARL_OF_SOUSSE,commissaire_aux_comptes,corporate,certain,SP_c06ab429cb6d4a3059bc
PERSON_CHAIBI_NABIL,CO_PEARL_OF_SOUSSE,pdg,corporate,certain,SP_402f1ef34702b6e4dc0e
PERSON_CHAIBI_NABIL,CO_MALL_OF_SFAX,commissaire_aux_comptes,corporate,certain,SP_a021eeca7cc9b0f99ee2
PERSON_CHAIBI_NABIL,CO_MALL_OF_SFAX,pdg,corporate,certain,SP_88aade40d1d8b23f130a
PERSON_HAMAMI_FATMA,CO_TECNOINFO,gerant,corporate,certain,SP_a7b9b8decd763e9dbd99
PERSON_SASI_FARES,CO_SECRET_PARFUMS,gerant,corporate,certain,SP_d36433b547dc5705e99e
PERSON_MABROUK_MOHAMED_MONDHER,CO_TILAR_HOUT,gerant,corporate,certain,SP_6b8da13ca9fe1181271e
PERSON_TOUIL_HAMZA,CO_HOLDING_TEXTIL_INTERNATIONAL,gerant,corporate,certain,SP_acfe714cdca53e354c8f
PERSON_SLAMA_MOHAMED_KHALIL,ORG_GROUPEMENT_DINTERET_ECONOMIQUE_HAND_CRAFT_GIE,administrateur,corporate,certain,SP_73b098e63239ac3d70cd
PERSON_AYED_JALOUL,CO_ZITOUNA_TAMKEEN,administrateur,corporate,certain,SP_02bca20a1a4f677e170a
PERSON_LABIDI_SAMI,CO_INSIDE,gerant,corporate,certain,SP_6a5c5aeda80c77e3f956
PERSON_HAMROUNI_EYA,CO_GALETTE_ARDENNAISE_EYA_DANIEL,gerant,corporate,certain,SP_a20a4d5463eaf0ba8a0b
PERSON_HAMAMI_HAMZA,CO_IDEAL_AGRICOLE,gerant,corporate,certain,SP_866054c2e768f9b306a7
PERSON_DJILANI_NEDIA_MEDEB,CO_CENTRALE_LAITIERE_CAP_BON,dga,corporate,probable,SP_7fbaa2939bc134cd0c57
PERSON_ELOUMI_HABIB,CO_L_ENVIRONNEMENT_PLANTATION_JARDINAGE_SFAX,representant,corporate,certain,SP_f6dfd5627d1e8b12696a
PERSON_BENAMAR_MOHAMED_SALAH,CO_CHAMS,gerant,corporate,probable,SP_9ddabca97dc1761b8d12
PERSON_SASI_EYA,CO_GAEMET_ELECTRIQUE,gerant,corporate,certain,SP_8bf691f29a4f15bd9fcb
PERSON_ABAS_SADREDINE,CO_LEADING_BITUMEN,gerant,corporate,certain,SP_a0a74144b7f0aab034f5
PERSON_SELAMI_YASINE,CO_MULTI_SPACE_MANAGEMENT,gerant,corporate,certain,SP_484179980be7755d37ff
PERSON_HAMDI_MOUNIR_BALTI,CO_M_FACTORY,gerant,corporate,certain,SP_ea45f5fea70b9c29229a
PERSON_MAHJOUB_OMAR,CO_BEST,gerant,corporate,certain,SP_874c8f80b5ef0f67ba53
PERSON_RADHOUANE_FETHI,CO_INES,gerant,corporate,certain,SP_4e0ef6970728982994cb
PERSON_MOUAKHER_MOHAMED,CO_CONFECTION,gerant,corporate,certain,SP_cb6b748abe67cec31f6a
PERSON_CHAABANE_AYMEN,CO_MAC_DISTRIBUTION,gerant,corporate,certain,SP_0feac5fd71e1b48f4234
PERSON_BESAIS_IHEB,CO_IH_HOLDING,gerant,corporate,certain,SP_c615f5d1e29432862bc5
PERSON_MABROUK_KARIM,CO_MAS_MAINTENANCE_SERVICE,gerant,corporate,certain,SP_b0c405d6534a51ebf0da
PERSON_TRIKI_BASMA,CO_COACHING_BASMA_SALMA,gerant,corporate,certain,SP_ae185cd3c4a299dad023
PERSON_BENJANET_SAMI,CO_SMOKFIL,gerant,corporate,certain,SP_ec9363b7506fc9cff692
PERSON_KAMOUN_INES,CO_THE_E_TRANSFORMERS,gerant,corporate,certain,SP_0ae47d7577487c938e66
PERSON_ZOUARI_SALMA,CO_SALMA_NEGOCE,gerant,corporate,certain,SP_a93f2d0b3e8b2c2231ac
PERSON_KAMOUN_WAEL,CO_RETINA,gerant,corporate,certain,SP_2460379eb0f6b20a1e7a
PERSON_AMAR_MOHAMED,CO_2M_RASSLENE_COMMERCE,gerant,corporate,certain,SP_2b40163be5fae0a46d46
PERSON_TRIKI_MALEK,CO_ROYAL_CORPORATION,gerant,corporate,certain,SP_7ccf9cbde415c201b84b
PERSON_BELMABROUK_ABDALAH,CO_GROUPEMENT_SOBMTI_SOTRAP,association_president,corporate,certain,SP_59cfbe9d3f177b0d61f1
PERSON_SELAMI_BORNIA,CO_DIGITAL_MEDIA_SERVICES,gerant,corporate,certain,SP_3eac769b88f9d318099f
PERSON_ZAGUIA_FERDAOUS,ORGMENTION_L'IMMOBILIÈRE IRADA,administrateur,corporate,certain,SP_f51c32061d660ea1f7b4
PERSON_BOUJBEL_MOHAMED_AMIN,ORGMENTION_L'IMMOBILIÈRE IRADA,administrateur,corporate,certain,SP_fce40eb7a64bbbc70876
PERSON_BENYOUSEF_SALAH,CO_BY_DISTRIBUTION,gerant,corporate,certain,SP_8f69a9d6736d8d453917
PERSON_GOBAA_MABROUK,CO_ECOLE_PRIMAIRE_PRIVEE_EL_FOUZ,gerant,corporate,certain,SP_49bfff0db389c53d8ce1
PERSON_NEMRI_SAMIR,CO_SANETEX,gerant,corporate,certain,SP_b7fd3cf40d9864ac4bb1
PERSON_HMAM_ABDELATIF,CO_COMPAGNIE_PHOSPHATES_GAFSA,pdg,corporate,certain,SP_c8ad0f8e5d44dbd65470
PERSON_ZAGUIA_CHAWKI,ORGMENTION_Société TUNINJECT -SA,administrateur,corporate,certain,SP_29bd4c1692ed2248e832
PERSON_ZAGUIA_MOHAMED,ORGMENTION_Société TUNINJECT -SA,administrateur,corporate,certain,SP_f7c2148cb3fd739f2b3d
PERSON_HAMAMI_SLIM,CO_GOLD_LAND,unspecified,corporate,certain,SP_900fc31a24399554fbbc
PERSON_ZOUARI_WASILA,CO_AFRICAINE_PEINTURE_PLANET,associe,corporate,probable,SP_47ad0ab5f2f2e1b639bd
PERSON_MORONI_MARCO,CO_ITALIEN_LUXRY_BRAND,gerant,corporate,certain,SP_1eb37f00ff5c225c0a0a
PERSON_ELOUMI_MOHAMED_YOUSEF,CO_ROMANA_STUDY_AND_TRAVEL,gerant,corporate,certain,SP_487a71abb1ce30e82e58
PERSON_SASI_HALIMA,CO_ARFAOUI_MARKET,gerant,corporate,certain,SP_f0bb0e40f47e1347dadd
PERSON_HAMROUNI_NACEREDINE,CO_NACEUR_BEAUTY,gerant,corporate,certain,SP_d27c8d33c367156f4e94
PERSON_SELAMI_MONCEF,CO_HELIOFLEX_NORTH_AFRICA,administrateur,corporate,probable,SP_dd8338cd8e9b93e9a3e9
PERSON_HAMAMI_WASIM,CO_DIMAGERIE_MEDICALE_CITY_CENTRE,gerant,corporate,certain,SP_45c3df78094fafc3bc56
PERSON_SELAMI_HATEM,CO_TUNISIENNE_SERVICE_AGRICOLES_SOTUSA,gerant,corporate,probable,SP_54cb8303879718d79c89
PERSON_GHANEM_MOHAMED,CO_SOFI_PROD,gerant,corporate,certain,SP_cee43de74f6e040df872
PERSON_CHAABANE_MOHAMED,CO_CHAABANE_TRADE_COMPANY_CTRACOM,associe,corporate,certain,SP_14e24eaa94905f0a2934
PERSON_BENAMOR_ANIS,ORGMENTION_Société M3S- SARL,gerant,corporate,probable,SP_34106366691e42370bde
PERSON_CHAARI_HASEN,CO_EZDIHAR,gerant,corporate,certain,SP_866344789563a24dd2e7
PERSON_CHAABOUNI_HATEM,CO_SOFIA_CAPITAL_RISK,president_ca,corporate,certain,SP_219ed298877a17537a6e
PERSON_OUERFELI_MOSLEM,CO_SOFIA_CAPITAL_RISK,dg,corporate,certain,SP_a425e7db699ce20ec64c
PERSON_MABROUK_NOUREDINE,CO_ON_TIME_TRADING,gerant,corporate,certain,SP_de90ba0bcd33b47d5d59
PERSON_ABAS_JAMIL,CO_TRUCK_INTERNATIONAL_MOBILITY,pdg,corporate,certain,SP_4db641ee71c66b5e5d65
PERSON_KHALIL_MOHAMED,CO_STERIPHARM,president_ca,corporate,certain,SP_c7bd6f5af6e06f978475
PERSON_HAMAMI_IKRAM_NJAH,CO_MEDILENS,gerant,corporate,certain,SP_56a1be70dce839438397
PERSON_ZEDINI_MABROUK,CO_MODERNE_BATIMENT_ZEDDINI,gerant,corporate,certain,SP_98334029bb416ac8c6d6
PERSON_ZERZERI_RIADH,CO_VERGERS_BORJ_TOUMI,administrateur,corporate,certain,SP_3f03d2713a4107aff520
PERSON_ZERZERI_WALID,CO_VERGERS_BORJ_TOUMI,administrateur,corporate,certain,SP_84a92ae8f46105d47b3a
PERSON_JENDOUBI_AMEL_ZERZERI,CO_VERGERS_BORJ_TOUMI,administrateur,corporate,certain,SP_57f3f5a7e99c3b6f62e0
PERSON_SELAOUTI_JAMILA_ZERZERI,CO_VERGERS_BORJ_TOUMI,administrateur,corporate,certain,SP_63c4abc3ed874013c466
PERSON_ZERZERI_RIADH,CO_VERGERS_BORJ_TOUMI,pdg,corporate,certain,SP_fd4e11df92c828a41bb8
PERSON_DJILANI_NEDIA_MEDEB,CO_DELICE_HOLDING,dga,corporate,certain,SP_c9bf11f289b8c8fd8db9
PERSON_MOALA_MONGI,CO_SERVICES_AGRICOLES_AL_MOSTAKBAL,administrateur,corporate,certain,SP_fb87bf7e8c21543c78ab
PERSON_HAMAM_ABDELATIF,CO_D_ETUDES_DEXPLOITATION_PHOSPHATE_SRA_OUERTANE,administrateur,corporate,certain,SP_6f0edcadf4c75580f438
PERSON_HAMAM_ABDELATIF,CO_D_ETUDES_DEXPLOITATION_PHOSPHATE_SRA_OUERTANE,president_ca,corporate,certain,SP_756d8aadc0168d00d1cc
PERSON_BENYEDER_ISMAIL,CO_INGENIUM_SICAF,pdg,corporate,probable,SP_483b1010586cd7b5a9ad
PERSON_TRABELSI_MOHAMED,CO_SEEM,gerant,corporate,certain,SP_b087688eb0e6fc1e5067
PERSON_LOPEZ_CHRISTINE,CO_CAIR_TUNISIE,cogerant,corporate,probable,SP_607fbafcd2d88e39e869
PERSON_LOPEZ_GEORGES,CO_CAIR_TUNISIE,cogerant,corporate,probable,SP_170ee1b1f3e9eef48c2a
PERSON_BAYAHI_TAHER,CO_MAGASIN_GENERAL_SICAR,unspecified,corporate,certain,SP_f73f99abe36b8dcbe134
PERSON_BAYAHI_MAHER,CO_MAGASIN_GENERAL_SICAR,unspecified,corporate,certain,SP_9ef28424390034b706f2
PERSON_BENARBIA_NOUREDINE,CO_MAGASIN_GENERAL_SICAR,commissaire_aux_comptes,corporate,certain,SP_c0d4f6f7264e68e5b6b3
PERSON_BAYAHI_TAHER,CO_MAGASIN_GENERAL_SICAR,president_ca,corporate,certain,SP_4261082319d28a0e57bc
PERSON_BAYAHI_TAHER,CO_MAGASIN_GENERAL_INVEST,unspecified,corporate,certain,SP_8cac5fa1c8afd56a2ba2
PERSON_BAYAHI_MAHER,CO_MAGASIN_GENERAL_INVEST,unspecified,corporate,certain,SP_02bfd5f32da443807dda
PERSON_BENARBIA_NOUREDINE,CO_MAGASIN_GENERAL_INVEST,commissaire_aux_comptes,corporate,certain,SP_2d59706f0f255e4c59db
PERSON_BAYAHI_TAHER,CO_MAGASIN_GENERAL_INVEST,president_ca,corporate,certain,SP_51676fbd740cada2ac34
PERSON_LAISNEY_GIL_ALAIN,CO_DELTA,gerant,corporate,certain,SP_9f83bd25546c077538ea
PERSON_HSAIRI_MOHAMED,CO_M,gerant,corporate,certain,SP_4e1e80478f7f97e15714
PERSON_ZOUARI_EZEDINE,CO_OPEN_MIND_CONFECTION,gerant,corporate,certain,SP_cbd4dd84f963600131eb
PERSON_HACHICHA_SOUHEIL,CO_MANUF_GHARBI_MATERIEL_BOULANGERIE_PATISSERIE,representant,corporate,certain,SP_a4715f05b5a6b23442b4
PERSON_HACHICHA_SAMI,CO_MANUF_GHARBI_MATERIEL_BOULANGERIE_PATISSERIE,representant,corporate,certain,SP_998ffce3ea4e289e1c71
PERSON_HACHICHA_SOUHEIL,CO_MANUF_GHARBI_MATERIEL_BOULANGERIE_PATISSERIE,president_ca,corporate,certain,SP_87022050d41d97be07ee
PERSON_HMIDA_ADNEN,CO_MANUF_GHARBI_MATERIEL_BOULANGERIE_PATISSERIE,dg,corporate,certain,SP_f3493b39371f4f12e238
PERSON_DJEMEL_RIDHA,CO_MANUF_GHARBI_MATERIEL_BOULANGERIE_PATISSERIE,dg,corporate,certain,SP_71fde49c4a5663fb7eff
PERSON_AMAR_MOHAMED,CO_SOLINTIS,gerant,corporate,certain,SP_7c8808738c285b5ddf4e
PERSON_ZERZERI_DORSAF,CO_ASDRUBAL_COMMERCE,gerant,corporate,certain,SP_91592e08f877e2e70941
PERSON_ZAGUIA_MOHAMED,CO_SMART_HOLDING,administrateur,corporate,certain,SP_30055a4cec7068832ba4
PERSON_ZAGUIA_FERDAOUS,CO_SMART_HOLDING,administrateur,corporate,certain,SP_6ef0245ced0437ec2ae7
PERSON_ZAGUIA_MOHAMED,CO_SMART_HOLDING,pdg,corporate,certain,SP_22e6b0ef302dcae9f9dc
PERSON_RODA_ROSANA,CO_CENTRE_ITALIEN_POUR_FORMATION_PROFESSIONNELLE,gerant,corporate,certain,SP_5f849650428c88c62a8a
PERSON_CHAKROUN_NASR_ALI,CO_OCEANE,gerant,corporate,certain,SP_1e1a80a910f628b9afe9
PERSON_SELAMI_MOHAMED_AZIZ,CO_AM3S_IMMOBILIERE,cogerant,corporate,certain,SP_1218f712b0308c4cd30b
PERSON_MHEDHBI_SALMA,CO_DENSEIGNEMENT_PRIVE_DACTIVITES_CULTURELLES_SPORTIVES_SEPACS,gerant,corporate,certain,SP_fc0c0d29ce96eaebc2b9
PERSON_AMARA_RAFIK,CO_EXPERT_SERVICES,gerant,corporate,certain,SP_70d961626c132810bd54
PERSON_BENAYED_NOUREDINE,CO_BATIMENT,president_ca,corporate,certain,SP_a14d6b43cea7c51a84b7
PERSON_BENLASOUED_ADEL,CO_STEG_INTERNATIONAL_SERVICES,unspecified,corporate,certain,SP_9e9abc1bddad00ad00e5
PERSON_PROVILE_FREDERIC,CO_MEDITERRANEENNE_TELESERVICES,administrateur,corporate,probable,SP_64390407b6bbc0ac9b56
PERSON_PROVILE_FREDERIC,CO_TUNISIENNE_TELEMARKETING,administrateur,corporate,probable,SP_121981092f489901360b
PERSON_CRISTOFARO_SALVATORE_DE,CO_MAGHREB_CONSULTING_AND_INVESTMENT,gerant,corporate,certain,SP_53be0736155117d2fb7d
PERSON_LAGHMANI_MERIEM,CO_SEPAC,administrateur,corporate,certain,SP_c819be85ffa43d1da022
PERSON_MHEDHBI_SALMA,CO_SEPAC,administrateur,corporate,certain,SP_2eb4d8c5b3c7f15e3a47
PERSON_MHEDHBI_EMNA_MINA,CO_SEPAC,administrateur,corporate,certain,SP_bdf0befe4f6ed0aff52b
PERSON_MHEDHBI_MOHAMED,CO_SEPAC,administrateur,corporate,certain,SP_76172bf6049bd2def556
PERSON_AFES_KAIES,CO_SEPAC,administrateur,corporate,certain,SP_a602a21ef061bfcfcd36
PERSON_LAGHMANI_MERIEM,CO_SEPAC,president_ca,corporate,certain,SP_4ccf42fa5232df4f3157
PERSON_MHEDHBI_EMNA_MINA,CO_SEPAC,dg,corporate,certain,SP_f8878016d3faea6cf595
PERSON_MHEDHBI_MOHAMED,CO_SEPAC,dga,corporate,certain,SP_3192a0dc5279168fbfa8
PERSON_HAMAMI_ADEL,CO_NEW_HORIZON_CONSULTING,liquidateur,corporate,certain,SP_219f162ede09850e9a79
PERSON_TRIKI_MOHAMED,CO_I_PROD,president_ca,corporate,certain,SP_20dffe0a69803da3b753
PERSON_BOUJBEL_LASAAD,CO_HIMALAYA_HOLDING,administrateur,corporate,certain,SP_081131b821be4bb47457
PERSON_BOUJBEL_MOHAMED_AMIN,CO_HIMALAYA_HOLDING,administrateur,corporate,certain,SP_2c70fa23c7a7cbb1d94c
PERSON_BOUJBEL_HAFIZ,CO_HIMALAYA_HOLDING,administrateur,corporate,certain,SP_7c1f72b5359d3f8e3449
PERSON_BOUJBEL_LASAAD,CO_HIMALAYA_HOLDING,pdg,corporate,certain,SP_7b10370ccf8b37351474
PERSON_MAKHLOUFI_ABDELAZIZ,CO_HUILES_GAZELLE,gerant,corporate,certain,SP_e7dba7649fa3b90055ea
PERSON_SASI_WAFA_AMAR,CO_WAFA_CONSEIL,gerant,corporate,certain,SP_1fa7de6d8b12d0a69043
PERSON_HAMAMI_MOHAMED,CO_ARTISANALE_ROTIN_DECORATION_SOREDO,gerant,corporate,certain,SP_ccba731fcc5eb5927f5f
PERSON_ARFAOUI_CHOKRI,CO_ROUDAINA_FOOD_COMMERCE_DISTRIBUTION,gerant,corporate,certain,SP_5bf61cdd4e9b841a460a
PERSON_TRIKI_JAMIL,CO_MANUFACTURE_TUNISIENNE_PIECE_CYCLE,gerant,corporate,certain,SP_d844bb638ba2f5dffe29
PERSON_KAROUI_RAFIKA_BOUCHAMAOUI,CO_TRAINING_ENGINEERING_CONSULTING_TENCO,gerant,corporate,certain,SP_d4f4501f495ad77ae009
PERSON_RIAHI_MOULDI,CO_ALMA_PRODUCTION_VENTE_PRODUITS_DETERGENTS,gerant,corporate,certain,SP_3afcb1f6c24f5d9784de
PERSON_HAMROUNI_CHOUIKHA,CO_ESPACE_ROULEMENT_SFAX,gerant,corporate,probable,SP_5e86c8fea0a5133f1b70
PERSON_ZOUARI_YASMINE,CO_COCCINELLE_PRINT,gerant,corporate,probable,SP_5ded7b772f5e73c1da93
PERSON_ELOUMI_MOHAMED_ALI,CO_ELLOUMI_DISTRIBUTION,gerant,corporate,certain,SP_96838447ebee53294493
PERSON_KAMOUN_FAROUK,CO_K2LIS,gerant,corporate,certain,SP_3da4b48a71b34b696686
PERSON_GHERAB_BELHASEN,CO_FINISSAGE_NORD_OUEST_FINO,pdg,corporate,probable,SP_4268b3786b5cb12db224
PERSON_GHERAB_BELHASEN,CO_FINISSAGE_NORD_OUEST_FINO,administrateur,corporate,probable,SP_f56032cac632b826f2c9
PERSON_DRIS_NEFISA_MELAYAH,CO_IMMOBILIERE_RIDHA_MELAYAH,unspecified,corporate,certain,SP_b98e26a07d3e5bd3aeb4
PERSON_MAKHLOUFI_ABDELAZIZ,CO_EL_FALEH_DEVELOPPEMENT_AGRICOLE,pdg,corporate,certain,SP_4740f81b9c9a5632d078
PERSON_SASI_DONIA,CO_BRIGHT_PATH_TRAINING,gerant,corporate,certain,SP_6aaeb238eb068f32ec26
PERSON_BENHAMOUDA_HAMDI,CO_GERMAN_SPACE,gerant,corporate,certain,SP_59f1a87ea6f1dd0f5691
PERSON_MONACO_DOMENICO_LO,CO_CONSULTATION_SERVICE_TECHNIQUE_ITALIA_COSETE,gerant,corporate,certain,SP_b2ad282f50472acaeb67
PERSON_HMAM_ABDELATIF,CO_GROUPE_CHIMIQUE_TUNISIEN,pdg,corporate,certain,SP_3aed6c1d3991d04b955d
PERSON_MZABI_MOHAMED_SADOK,CO_BESTOPLAST_TUNISIE,pdg,corporate,probable,SP_4cdcbc4961c755822f97
PERSON_HADAD_MOHAMED,CO_BEST,gerant,corporate,probable,SP_5002462e6fcbbabb4411
PERSON_CHAABANE_MOHAMED,CO_SKA_FOOD,gerant,corporate,certain,SP_56a7350e190df2b1871a
PERSON_KLAJZYNGIER_STEPHANE,CO_LACROIX_ELECTRONICS_TUNIS,gerant,corporate,certain,SP_8925a340891bb824d28b
PERSON_ELOUMI_MONCEF,CO_SOTEE,administrateur,corporate,certain,SP_531163f944ae6931bcfc
PERSON_BELKHIRIA_KAMEL,CO_MELEAGRIS_HOLDING,administrateur,corporate,certain,SP_4f44ea09734ef6c2bd9d
PERSON_CHAGOUR_THAMEUR,CO_HERBIOTECH_AROMA,representant,corporate,probable,SP_9dd5d7534704df3476da
PERSON_RADHIA_KAABI,CO_TOMAIFICIO_KMM,gerant,corporate,certain,SP_d77b8704161703e4377e
PERSON_ZILI_MOHAMED_CHAWKI,CO_METM_GLOBAL_SOURCING,commissaire_aux_comptes,corporate,certain,SP_a587eb2adbc5f6bc7606
PERSON_MC_KAY_LEANE_LAURA,CO_MAHARBAL,gerant,corporate,certain,SP_36aae3a80b3cc96f9baa
PERSON_HERBERT_MATHEW_MONETE,CO_MAHARBAL,gerant,corporate,certain,SP_8775b862ebeaa909e41a
PERSON_CHABCHOUB_MOHAMED,CO_SUD_FORAGE,president_ca,corporate,certain,SP_20e1c7c3cb2e291e2493
PERSON_CHABCHOUB_SALMA,CO_SUD_FORAGE,dg,corporate,certain,SP_d03e8594c70d528d62be
PERSON_SASI_KMAR,CO_KMAR_LOCATION_VOITURE_LUXE,gerant,corporate,certain,SP_71dbff71c269f9751d79
PERSON_TRABELSI_MOHAMED,CO_PIZZA_METRE_GROUPE,gerant,corporate,certain,SP_d070155b0aeb3a3514c3
PERSON_TRIKI_ANIS,CO_ORGANIKA_TUNISIA,gerant,corporate,certain,SP_73d7d7a987296b2d9267
PERSON_BOURICHA_ALIA,CO_SUBLIME_PATISSERIE,gerant,corporate,certain,SP_30a4a8a60dc4c0482004
PERSON_CHARPENTIER_ERIC,CO_BANQUE_TUNISIE,administrateur,corporate,probable,SP_d12e848702719fbd9c6a
PERSON_BENAYED_MOHAMED_HEDI,CO_TOUTALU,administrateur,corporate,certain,SP_01278838227c5e02d662
PERSON_MAKHLOUFI_ABDELAZIZ,CO_HUILES_GAZELLE,pdg,corporate,certain,SP_49cd12c715b36dd10a2b
PERSON_BRETON_JEAN_MARC,CO_AIR_FRANCE,unspecified,corporate,certain,SP_01cae77c4aef887de1ca
PERSON_SLAMA_CHIHEBEDINE,CO_AZIZA,administrateur,corporate,probable,SP_f13945bdbc797517a7ab
PERSON_BOUZGUENDA_ABDELAZIZ,CO_EL_AMRA_PROMOTION_IMMOBILIERE,president_ca,corporate,certain,SP_cc92cf166b8479625fd9
PERSON_BENCHAABANE_CHARFEDINE,CO_BEN_CHAABANE_VENTE_MATERIAUX_CONSTRUCTION,gerant,corporate,certain,SP_0de1d1e13fe73221bf36
PERSON_ROUIS_WALID,CO_ACTIA_AFRICA,administrateur,corporate,certain,SP_9d201fdef479da08aece
PERSON_PECH_JEAN_LOUIS,CO_ACTIA_AFRICA,administrateur,corporate,certain,SP_306f3043dedb8615f5e9
PERSON_HAMROUNI_ABDELATIF,CO_SOTUNOL,administrateur,corporate,certain,SP_55a1fb3ff0c4d4944387
PERSON_HAMROUNI_ABDELATIF,CO_COSEMAT,administrateur,corporate,certain,SP_85f2591b6052f8a528f3
PERSON_HACHICHA_KARIM,CO_TELETEC_INDUSTRIES,gerant,corporate,certain,SP_94adee99b2fc39932ce3
PERSON_ZOUARI_YASINE,CO_ZOUARI_PIECES_AUTO,gerant,corporate,certain,SP_efc5151bb1869227d80b
PERSON_ZOUARI_MOURAD,CO_MAGHREB_GREEN,gerant,corporate,certain,SP_5bc9fb38332af66afa84
PERSON_DRIS_MOHAMED_SADOK,CO_ALPHA_HYUNDAI_MOTOR,president_ca,corporate,certain,SP_80cae5c8366c95ee7bac
PERSON_ABDENADHER_LOBNA,CO_LOISIRS_PLAISIR,gerant,corporate,probable,SP_6f2472f860e93ca0b74d
PERSON_ZOUARI_NADA,CO_SAIF_GROS,gerant,corporate,probable,SP_4e1b8cbdef7141316f5e
PERSON_HAMROUNI_IMED_MEDEB,CO_DCI_WEB_SOLUTIONS,gerant,corporate,certain,SP_05c7e5997fd7afa52d52
PERSON_JAMOUSI_MOHAMED,CO_CONSULTING,gerant,corporate,certain,SP_1038b90731ee3331bd01
PERSON_GUEDRI_HABIB,CO_MODERN_LEASING,dg,corporate,certain,SP_de49bd95dc9980e83c66
PERSON_BENMOHAMED_MOHAMED,CO_GOLDEN_INSPECTION_SERVICES,gerant,corporate,certain,SP_5931486202b8044996ff
PERSON_BENSLAMA_WALID,CO_LENS_PRODUCTION,gerant,corporate,certain,SP_a9bed913f83a00d43984
PERSON_HAMDI_NAJLA_CHERIF,CO_SANOFI_AVENTIS_PHARMA_TUNISIE,administrateur,corporate,probable,SP_186a3baaf4578c2b1d80
PERSON_MATHLOUTHI_WALID,CO_MEDICA_SUD_INDUSTRIE_DISPOSITIFS_MEDICAUX,administrateur,corporate,certain,SP_145a749042c0feabb01a
PERSON_TEMIMI_AMIRA,CO_MEDICA_SUD_INDUSTRIE_DISPOSITIFS_MEDICAUX,administrateur,corporate,certain,SP_c6bcd1b52e518c7d0947
PERSON_MATHLOUTHI_WALID,CO_SUD_INDUSTRIE,administrateur,corporate,certain,SP_c7d1a8ab0aee546886b4
PERSON_TEMIMI_AMIRA,CO_SUD_INDUSTRIE,administrateur,corporate,certain,SP_989626e0d2fb6ad10015
PERSON_BENJEMAA_LOTFI,CO_PLASTIC_UNION,administrateur,corporate,certain,SP_9b917df30e3b32eb832e
PERSON_BENJEMAA_FERID,CO_PLASTIC_UNION,administrateur,corporate,certain,SP_57d34b97bec1c9ae1d7a
PERSON_BENJEMAA_MOUNIR,CO_PLASTIC_UNION,administrateur,corporate,certain,SP_7cfed60cb60fef7481b0
PERSON_BENJEMAA_KHALED,CO_PLASTIC_UNION,pdg,corporate,probable,SP_b2b38da8bc1c97e07b65
PERSON_BENJEMAA_LOTFI,CO_PLASTIC_UNION,dga,corporate,probable,SP_c1a18731bbe328224624
PERSON_FAKHRI_YOSR,CO_SANOFI_AVENTIS_PHARMA_TUNISIE,gerant,corporate,certain,SP_05ca651dd951c522447b
PERSON_BENSEDRINE_SIHEM,CO_KALIMA_PRODUCTION,cogerant,corporate,probable,SP_dc24a8a1233ce425358d
PERSON_BENTAIEB_HATEM,CO_MADAJEN_EL_FIRMA,gerant,corporate,certain,SP_c38f671cd2dadba12b24
PERSON_ELBOUGHANMI_JIHEN,CO_PREMIUM_HOLDING,administrateur,corporate,certain,SP_477d53dc50ec0c533fe0
PERSON_CHARFEDINE_IMEN,CO_PREMIUM_HOLDING,administrateur,corporate,certain,SP_3749a718365b9d0a3e38
PERSON_KAMOUN_ANIS,CO_CLINIQUE_INTERNATIONALE_DOPHTALMOLOGIE,cogerant,corporate,certain,SP_71e2a87f9aa53a42755e
PERSON_GRAR_ADEL,CO_ALPHA_INTERNATIONAL_TUNISIE,president_ca,corporate,certain,SP_e9d0c40ff30e7f77a16b
PERSON_BENGHAZI_SAMI,CO_MULTI_PLASTIQUES,gerant,corporate,certain,SP_c9953ab0ae29a0155f5c
PERSON_ZGHIDI_ADNENE,CO_KARCHER,commissaire_aux_comptes,corporate,certain,SP_435533e9a8958cf3a9de
PERSON_TRIKI_FATMA,CO_TRIKI_INTERNATIONAL_TRADING,gerant,corporate,certain,SP_467a62b48d1c58805b3c
PERSON_TRIKI_ABDELFATEH,CO_TRIKI_INTERNATIONAL_TRADING,gerant,corporate,certain,SP_f7db2fe4a1bc46f42c7c
PERSON_HAMROUNI_NAHLA,CO_RECHANGE_VEHICULE_REMORQUE,gerant,corporate,certain,SP_74f5eabdc5559bb7b081
PERSON_SLAMA_GHASEN,CO_BRASLAM,administrateur,corporate,probable,SP_d9780a75f5169b806655
PERSON_SLAMA_GHASEN,CO_BRASLAM,dga,corporate,probable,SP_43de62e1903b6fdedc4b
PERSON_BENEJI_RIADH,CO_NOUVELLE_BRASSERIE,dg,corporate,certain,SP_0cf18f9eb783ad1ecbf5
PERSON_GAHBICHE_MOHAMED_SALAH,CO_CENTRALE_PRODUITS_LAITIERS,gerant,corporate,probable,SP_facef8f72f6ac684ea4e
PERSON_RIAHI_MOHAMED,CO_AGRICOLE_REMIL,cogerant,corporate,certain,SP_cc799e3f326a5a1622df
PERSON_HAMZA_MOHAMED,CO_BATIMENT_TRAVAUX_PUBLICS,gerant,corporate,certain,SP_8a598c29c81a310689a2
PERSON_ZAAFRANE_MOUINE,CO_MEDICEF,dg,corporate,certain,SP_a3e0d1c3632775a9f6a2
PERSON_ZOUARI_RAFIK,CO_CARTHAGE_AGRICULTURE,gerant,corporate,probable,SP_43c640cb80654b1acfb9
PERSON_ZERZERI_HEDI,CO_GRANDES_CARRIERES_JENDOUBA,gerant,corporate,certain,SP_b8f3a14e245b43ff56e4
PERSON_ABDENADHER_SOUHA,CO_RESTAURANT_PESCADO,gerant,corporate,certain,SP_4302be65ea05c45c0393
PERSON_SAID_HECHMI,CO_CONSEIL,secretaire_general,corporate,certain,SP_73c80c7454da0756fffa
PERSON_GHARBI_MOHAMED_RIDHA,CO_CONSEIL,treasurer,corporate,certain,SP_471ea06395199ebaade6
PERSON_ALMIA_MOHAMED_LARBI,CO_CONSEIL,member,corporate,certain,SP_26c3b49be347ce4219f4
PERSON_CHRAIEF_HICHEM,CO_CONSEIL,member,corporate,certain,SP_909e88e391e05659b88c
PERSON_ELOUMI_SALEM,CO_TRAVAUX_ELLOUMI,gerant,corporate,certain,SP_184404cd56e371082e20
PERSON_HAMROUNI_AHMED,CO_AB_DISTRIBUTION,gerant,corporate,certain,SP_80603a280682d1d74f16
PERSON_MASMOUDI_YOUSEF,CO_PRODUCTION_AGRICOLE_SOMEPA,gerant,corporate,certain,SP_e5303afcd10b0ae4f0c7
PERSON_PERIOLI_FRANCESCO,CO_CALYPSO_ITALIAN_AGENCY,gerant,corporate,certain,SP_1fb8d0a9877ef732c047
PERSON_BOUAOUAJA_CHIRAZ,CO_FOOD_AND_BEVERAGE_SUD,gerant,corporate,certain,SP_1b0bb1c65ee257ec31ce
PERSON_KHALIL_MOHAMED,CO_MOLD_TECH_TRADING_AND_SERVICES,gerant,corporate,certain,SP_3cf3dea2920c93931040
PERSON_AYADI_KAMEL,CO_TERANGA_CONSULTING,liquidateur,corporate,certain,SP_db6b11a77775e6a1a22e
PERSON_BOUZGUENDA_ABDELAZIZ,CO_MATERIAUX_TRAVAUX_PUBLICS,administrateur,corporate,probable,SP_7c794df4507b0f7771e2
PERSON_BOUZGUENDA_AMINA,CO_MATERIAUX_TRAVAUX_PUBLICS,administrateur,corporate,probable,SP_4a9e3c73e153425b53f4
PERSON_SLAMA_CHIHEB,CO_CSM_GIAS,administrateur,corporate,probable,SP_556187cafd08f920c3e5
PERSON_SLAMA_RAMLA,CO_CSM_GIAS,administrateur,corporate,probable,SP_f26ad642a4686fbd471f
PERSON_SLAMA_CHIHEBEDINE,CO_CSM_GIAS,administrateur,corporate,probable,SP_16f738b19c1a8417bd7f
PERSON_BLONDEL_GREGOIRE,CO_GREGOIRE,pdg,corporate,certain,SP_862237260c0bf8d309f1
PERSON_BOUJBEL_MOHSEN,CO_DEYMA,gerant,corporate,probable,SP_c68c94b96fbad2690162
PERSON_BENOUR_ALI,CO_FRERES_BANNOUR_SOFREB,cogerant,corporate,certain,SP_10f7f26c900da5a73a39
PERSON_BENLARBI_TAREK,CO_KARAMA_HOLDING,administrateur,corporate,certain,SP_70920bf65676aa5a32c0
PERSON_DJILANI_NEDIA_MEDEB,CO_HAUSSMANN_PRO_IMMOBILIERE,gerant,corporate,probable,SP_10bc2fc8f2f974f79e40
PERSON_SASI_NEJIB,CO_STUDIO_PLUS,gerant,corporate,probable,SP_1ff42308541ccc557752
PERSON_KILANI_NADER,CO_PLANET_CALL_CENTER,gerant,corporate,probable,SP_93aac136a13d9ec95681
PERSON_CHRIGUI_JAMEL,CO_TUNISAIR_TECHNICS,president_ca,corporate,certain,SP_aa673f26d0f5a6a0458f
PERSON_BENASR_MOURAD,CO_TUNISAIR_TECHNICS,dg,corporate,certain,SP_9ef67926cd3d2fe2340d
PERSON_ZOUARI_ABDELHAMID,CO_COMPTOIR_ZOUARI,gerant,corporate,certain,SP_ad3f44325cf0d80889b3
PERSON_ZOUARI_FAKHER,CO_COMPTOIR_ZOUARI,gerant,corporate,certain,SP_032fe4f7ca04029219e3
PERSON_CHABCHOUB_MOHAMED,CO_BINA_TRADE,gerant,corporate,certain,SP_263388b40c99600d8cb9
PERSON_DRIS_MOHAMED_SADOK,CO_CONSEIL,association_president,corporate,probable,SP_f82fc6d2c355ad6bd275
PERSON_RADHOUANI_ALI,CO_CONSEIL,association_president,corporate,probable,SP_85ad875c46c337075e23
PERSON_SASI_RAFIK,CO_HOTELIERE_RIADH,president_ca,corporate,certain,SP_4d341bb3ba7612470369
PERSON_SELAMI_SIHEM_SASI,CO_RECHERCHE_DEVELOPPEMENT_PHARMACEUTIQUES,gerant,corporate,probable,SP_116aa6efb9ea85873793
PERSON_MEZNI_JALILA,CO_JM_HOLDING,pdg,corporate,probable,SP_a8a083eaffeb7bf82649
PERSON_BAHLOUL_MOHAMED,CO_TUNISIENNE_PRET_A_PORTER_STPP,unspecified,corporate,certain,SP_a397715e9a04926f1755
PERSON_GAROUI_SAMIRA,CO_AROMA_ITALIANO,liquidateur,corporate,certain,SP_7247012ec8b9b80b02df
PERSON_BENMABROUK_MARWEN,CO_ART_PRO_MEUBLE,gerant,corporate,certain,SP_d393f7fd108e5cc33547
PERSON_MABROUK_HOUCEM,CO_VENTURIS_INVEST,unspecified,corporate,probable,SP_a73c69474954f9a97a4a
PERSON_SACKMAIER_WILHELM,CO_THYNA_PETROLEUM_SERVICES,administrateur,corporate,certain,SP_7d69fdafc07b14bcca9d
PERSON_BOUZIRI_ADEL,CO_PLASTICS_TECHNOLOGY_PLASTEC,administrateur,corporate,probable,SP_1ce51e74ede59d86fa2e
PERSON_ZAHAF_SLAHEDINE,CO_CIVILE_IMMOBILIERE_HELIOS,gerant,corporate,certain,SP_ee45668eed58e9de5556
PERSON_KAMOUN_MOHSEN,CO_MOULTAKA_DIRASSET,gerant,corporate,probable,SP_ac0e32691d9af9274e75
PERSON_KAMOUN_HEDI,CO_MOULTAKA_DIRASSET,gerant,corporate,certain,SP_c6090dba53fd2b167292
PERSON_MLAOUHIA_SAMIR,CO_MED_BUSINESS_HOLDING,pdg,corporate,certain,SP_77851005faeaa9054d8e
PERSON_ZAKHAMA_HAFEDH,CO_INTERNATIONAL_HOSPITAL_CENTER_OF_TUNISIA,administrateur,corporate,certain,SP_389c287041d9b5b94f12
PERSON_BOURICHA_HASEN,CO_MAHMOUD_BOURICHA,pdg,corporate,certain,SP_388b9cd8bf4f2ec169d0
PERSON_GOLDSTEIN_DAPHNA,CO_BONNA_TUNISIE,dg,corporate,certain,SP_327e13d9420eeac14a0a
PERSON_CHEKIR_MOHAMED_ALI,CO_KARTHAGO_GROUP,administrateur,corporate,probable,SP_719e93e448fa237ccae0
PERSON_DRIS_SAMI,CO_BROSSE,cogerant,corporate,certain,SP_4cd5f7571bef46b5302d
PERSON_BENAMAR_HAMOUDA,CO_TUNISIENNE_INDUSTRIES_PLASTIQUE_STIP,association_president,corporate,certain,SP_dde54ac210bf9644814c
PERSON_CHABCHOUB_MOHAMED,CO_HAYATCOM_TUNISIE,administrateur,corporate,probable,SP_d26cc2a876a8287a8b3b
PERSON_BENHAMOUDA_FATMA,CO_SOCOPHY,gerant,corporate,certain,SP_04c90fa28f043862b975
PERSON_BENZAKOUR_CLAUDE,CO_SOCOPHY,gerant,corporate,certain,SP_622d85d6470766651a50
PERSON_CHABCHOUB_MOHAMED,CO_TAWASOL_INVESTMENTS_SICAR,dg,corporate,probable,SP_581c90245c572e1991fa
PERSON_MABROUK_MOHAMED_MARWEN,CO_ITALCAR,president_ca,corporate,certain,SP_5865b6abf7282e15109b
PERSON_BOUSBIA_MOHAMED,CO_BANQUE_CENTRALE_TUNISIE,dg,state,certain,SP_cf8b9bf8390f3248dd6f
PERSON_ABAS_HAMADI,ORGMENTION_ASSEMBLEE CONSTITUTIVE,gerant,state,certain,SP_0479c538c94f07f15256
PERSON_ABAS_FERID,ORGMENTION_ASSEMBLEE CONSTITUTIVE,gerant,state,certain,SP_3312bca27d61231bf02a
PERSON_AMAR_HABIB,ORGMENTION_PRESIDENCE DE LA REPUBLIQUE,conseiller,state,certain,SP_7de5b870816ea136ea7b
PERSON_KAROUI_RIADH,GOV_MINISTERE_FINANCES,chef_de_service,state,certain,SP_5f4e29de229b2dcd535a
PERSON_MEKI_ALI,GOV_MINISTERE_FINANCES,chef_de_service,state,certain,SP_c768bc4a91731e732a18
PERSON_GABOUJ_RIDHA,GOV_MINISTERE_L_AGRICULTURE_RESSOURCES_HYDRAULIQUES_PECHE,unspecified,state,certain,SP_ccd2071d9258b0909e93
PERSON_BOUSLAMA_BOUBAKER,GOV_MINISTERE_L_EQUIPEMENT_L_HABITAT_L_AMENAGEMENT_TERRITOIRE,chef_de_service,state,certain,SP_37ee107f2aba6b145cf3
PERSON_ZAABI_LOTFI,GOV_MINISTERE_L_AGRICULTURE_RESSOURCES_HYDRAULIQUES_PECHE,unspecified,state,certain,SP_06f0b0ff8e6acbabf247
PERSON_AMAR_HABIB,ORGMENTION_PRESIDENCE DE LA REPUBLIQUE,minister,state,certain,SP_3072693d7cf400cbb139
PERSON_KAROUI_RIADH,GOV_MINISTERE_FINANCES,unspecified,state,certain,SP_604b27f9da548af7023d
PERSON_BENOUR_FETHI,GOV_MINISTERE_L_INDUSTRIE,sous_directeur,state,certain,SP_2a3a0131f4ac1984d47f
PERSON_BOUSLAMA_BOUBAKER,GOV_MINISTERE_L_EQUIPEMENT_L_HABITAT_L_AMENAGEMENT_TERRITOIRE,sous_directeur,state,certain,SP_fa84bf613e202c957198
PERSON_JEBALI_HELMI,GOV_MINISTERE_SANTE_PUBLIQUE,chef_de_service,state,certain,SP_0a1c4e6b12351c9b5ae8
PERSON_BOUMALOUKA_HICHEM,GOV_MINISTERE_FINANCES,chef_de_service,state,certain,SP_8cc34c5204237e776d0a
PERSON_MEKI_ALI,GOV_MINISTERE_FINANCES,unspecified,state,certain,SP_b5931b6676735408f0c6
PERSON_WAHBI_SOUAD,GOV_MINISTERE_DOMAINES_L_ETAT_AFFAIRES_FONCIERES,conseiller,state,certain,SP_2f4ee3011bd0114146d5
PERSON_JEBALI_HELMI,GOV_MINISTERE_SANTE_PUBLIQUE,sous_directeur,state,certain,SP_15d0968ace4988808c64
PERSON_BENALGIA_IBTISEM,GOV_MINISTERE_FINANCES,chef_de_service,state,certain,SP_aa9c3414853263187204
PERSON_BOUSLAMA_BOUBAKER,GOV_MINISTERE_L_EQUIPEMENT_L_HABITAT_L_AMENAGEMENT_TERRITOIRE,unspecified,state,certain,SP_933a0c88b86df9b2a484
PERSON_KEDHR_NOURDINE,GOV_MINISTERE_L_AGRICULTURE_RESSOURCES_HYDRAULIQUES_PECHE,sous_directeur,state,certain,SP_f95cd8d3883c5c22031d
PERSON_BENAMOR_JAWAHER,GOV_MINISTERE_FINANCES,administrateur,state,certain,SP_c7d6a1287e62ed18973d
PERSON_BENOUR_FETHI,GOV_MINISTERE_L_INDUSTRIE,dg,state,certain,SP_844f4f83ffa77ad1c0dc
PERSON_BOUMALOUKA_HICHEM,GOV_MINISTERE_FINANCES,sous_directeur,state,certain,SP_085e344028a9ccf3f959
PERSON_NAFTI_MOHAMED_ALI,ORGMENTION_PRESIDENCE DE LA REPUBLIQUE,unspecified,state,certain,SP_372215e2e747c89624a5
PERSON_BENALGIA_IBTISEM,GOV_MINISTERE_FINANCES,sous_directeur,state,certain,SP_999a6734588f383e866a
PERSON_BESAIS_BRAHIM,GOV_MINISTERE_L_ENSEIGNEMENT_SUPERIEUR_RECHERCHE_SCIENTIFIQUE,dg,state,certain,SP_394e47da3923badd190a
PERSON_BOUSLAMA_BOUBAKER,GOV_MINISTERE_L_EQUIPEMENT_L_HABITAT_L_AMENAGEMENT_TERRITOIRE,representant,state,certain,SP_8fb5aafbe96d2e4e4091
PERSON_KAROUI_RIADH,GOV_MINISTERE_FINANCES,minister,state,certain,SP_c656550fe5ec1c68bf19
PERSON_ZAABI_LOTFI,GOV_MINISTERE_L_AGRICULTURE_RESSOURCES_HYDRAULIQUES_PECHE,minister,state,certain,SP_f2b69a9670dd9413b272
PERSON_BOUMALOUKA_HICHEM,GOV_MINISTERE_FINANCES,unspecified,state,certain,SP_df3cc311ac579b9f5e62
PERSON_HERSI_RACHED,GOV_MINISTERE_L_INTERIEUR,minister,state,certain,SP_7bc3e59b78e574d4d7c7
PERSON_TRABELSI_MOHAMED,ORGMENTION_PRESIDENCE DE LA REPUBLIQUE,association_president,state,certain,SP_9bd76eff45c74f3e1709
PERSON_ALI_FRAJ,GOV_MINISTERE_TRANSPORT,administrateur,state,certain,SP_d3826691ff9b9ac0fbb0
PERSON_MALOULI_FATEN,GOV_MINISTERE_FINANCES,administrateur,state,certain,SP_77d8027ec56c5c042b93
PERSON_ADHOUM_AHMED,ORGMENTION_PRESIDENCE DE LA REPUBLIQUE,association_president,state,certain,SP_26d55d7fe681b1690c34
PERSON_BOUHLEL_TAREK,GOV_MINISTERE_DEVELOPPEMENT_COOPERATION_INTERNATIONALE,chef_de_service,state,certain,SP_454d66a22eeec6465273
PERSON_GABOUJ_RIDHA,GOV_MINISTERE_L_AGRICULTURE_RESSOURCES_HYDRAULIQUES_PECHE,representant,state,certain,SP_d000e0c808466a257439
PERSON_KEDHR_NOURDINE,GOV_MINISTERE_L_AGRICULTURE_RESSOURCES_HYDRAULIQUES_PECHE,secretaire_general,state,certain,SP_5441f70e61222da0651a
PERSON_BENALGIA_IBTISEM,GOV_MINISTERE_FINANCES,unspecified,state,certain,SP_4563ec06137bb074144d
PERSON_BACOUCHE_TAIEB,ORGMENTION_PRESIDENCE DE LA REPUBLIQUE,minister,state,certain,SP_7d0ac9c394d38d3c769e
PERSON_CHAKER_SLIM,ORGMENTION_PRESIDENCE DE LA REPUBLIQUE,minister,state,certain,SP_a96f49428138c434b0ba
PERSON_BRAHIM_YASINE,ORGMENTION_PRESIDENCE DE LA REPUBLIQUE,minister,state,certain,SP_b40b7afa3d63726be002
PERSON_JALOUL_NEJI,ORGMENTION_PRESIDENCE DE LA REPUBLIQUE,minister,state,certain,SP_12ab0b97b388560de8ac
PERSON_BENROMDHANE_MAHMOUD,ORGMENTION_PRESIDENCE DE LA REPUBLIQUE,minister,state,certain,SP_ca3ce894b204ab5a6f8f
PERSON_REKIK_SALMA_ELOUMI,ORGMENTION_PRESIDENCE DE LA REPUBLIQUE,minister,state,certain,SP_ec24b2006b74ad416a6a
PERSON_FEHRI_NOOMANE,ORGMENTION_PRESIDENCE DE LA REPUBLIQUE,minister,state,certain,SP_1b6d133decdee30cd4cc
PERSON_ZRIBI_LAMIA_BOUJNEH,ORGMENTION_PRESIDENCE DE LA REPUBLIQUE,secretary_of_state,state,certain,SP_e8a7e9c94754eeb932d4
PERSON_GHEDIRA_ANIS,ORGMENTION_PRESIDENCE DE LA REPUBLIQUE,secretary_of_state,state,certain,SP_42d6d5b9f1ad02b21556
PERSON_BENOUR_FETHI,GOV_MINISTERE_L_INDUSTRIE,administrateur,state,certain,SP_b55ca655e69ab8c14b8d
PERSON_HTIRA_AZIZA,GOV_MINISTERE_COMMERCE,pdg,state,certain,SP_563cd62e898695b68ae3
PERSON_GHEDIRA_ANIS,ORGMENTION_PRESIDENCE DE LA REPUBLIQUE,minister,state,certain,SP_d26ba7ebfdc60991af68
PERSON_BOUAOUNI_KARIM,GOV_MINISTERE_DEVELOPPEMENT_L_INVESTISSEMENT_COOPERATION_INTERNA,unspecified,state,certain,SP_8ff18234546eae0784e1
PERSON_BENSALEM_MOHAMED,GOV_MINISTERE_L_ENERGIE_MINES_ENERGIES_RENOUVELABLES,unspecified,state,certain,SP_369847a89a21bda03448
PERSON_ZRIBI_LAMIA_BOUJNEH,ORGMENTION_PRESIDENCE DE LA REPUBLIQUE,minister,state,certain,SP_7d472ab40b323790ee6c
PERSON_MOUAKHER_RIADH,ORGMENTION_PRESIDENCE DE LA REPUBLIQUE,minister,state,certain,SP_7cafa15c158c619af192
PERSON_KHALBOUS_SLIM,ORGMENTION_PRESIDENCE DE LA REPUBLIQUE,minister,state,certain,SP_4ef5467d6401fb83d1d3
PERSON_TRABELSI_MOHAMED,ORGMENTION_PRESIDENCE DE LA REPUBLIQUE,minister,state,certain,SP_ec905fe9b1293919a679
PERSON_ELABIDINE_MOHAMED_ZINE,ORGMENTION_PRESIDENCE DE LA REPUBLIQUE,minister,state,certain,SP_fb1f5ade34ce259140e7
PERSON_BENGHARBIA_MEHDI,ORGMENTION_PRESIDENCE DE LA REPUBLIQUE,minister,state,certain,SP_a42e4572de947001eb89
PERSON_AYARA_RADHOUANE,ORGMENTION_PRESIDENCE DE LA REPUBLIQUE,secretary_of_state,state,certain,SP_2c73aebed1e7dc544653
PERSON_KORCHID_MABROUK,ORGMENTION_PRESIDENCE DE LA REPUBLIQUE,secretary_of_state,state,certain,SP_bcb1c02b5227b6db488f
PERSON_BENAHMED_HICHEM,ORGMENTION_PRESIDENCE DE LA REPUBLIQUE,secretary_of_state,state,certain,SP_235026f7d635338e4758
PERSON_ZAABI_LOTFI,GOV_MINISTERE_L_AGRICULTURE_RESSOURCES_HYDRAULIQUES_PECHE,dg,state,certain,SP_6b71cdc90f6fefc2c5c2
PERSON_BEJA_SADOK,GOV_MINISTERE_FINANCES,representant,state,certain,SP_f563fbb65338b62c6870
PERSON_KORCHID_MABROUK,ORGMENTION_PRESIDENCE DE LA REPUBLIQUE,minister,state,certain,SP_e48a1c425b9d699fd550
PERSON_AYARA_RADHOUANE,ORGMENTION_PRESIDENCE DE LA REPUBLIQUE,minister,state,certain,SP_9609dc3223a74d1c4fac
PERSON_FERJANI_HATEM,ORGMENTION_PRESIDENCE DE LA REPUBLIQUE,secretary_of_state,state,certain,SP_6772b64d60dfb7cdddc7
PERSON_BENSALEM_MOHAMED,GOV_MINISTERE_L_ENERGIE_MINES_ENERGIES_RENOUVELABLES,administrateur,state,certain,SP_ecf125dfb66df213efd0
PERSON_AYACHI_SONIA,GOV_MINISTERE_DEVELOPPEMENT_L_INVESTISSEMENT_COOPERATION_INTERNA,unspecified,state,certain,SP_1d1fb4248afa9b2ac410
PERSON_FKIH_IKBEL,GOV_MINISTERE_DEVELOPPEMENT_L_INVESTISSEMENT_COOPERATION_INTERNA,dg,state,certain,SP_4336f2dbb98bd6fce2c0
PERSON_ALOUI_NAOUFEL,GOV_MINISTERE_COMMERCE,unspecified,state,certain,SP_9e51950dc1469ac869ed
PERSON_BENSALEM_MOHAMED,GOV_MINISTERE_L_ENERGIE_MINES_ENERGIES_RENOUVELABLES,chef_de_service,state,certain,SP_4e03ed1d10c4aa9081d9
PERSON_SOLTANI_ABDERAOUF,GOV_MINISTERE_COMMERCE,unspecified,state,certain,SP_50b063eb7052c3485b99
PERSON_BENAHMED_HICHEM,ORGMENTION_PRESIDENCE DE LA REPUBLIQUE,minister,state,certain,SP_7e141389e8325a3c9daa
PERSON_AYARA_RADHOUANE,ORGMENTION_PRESIDENCE DE LA REPUBLIQUE,chef_du_gouvernement,state,certain,SP_419f20c8cc95297e6507
PERSON_BHOURI_NADER,ORGMENTION_MINISTERE DES TECHNOLOGIES,minister,state,certain,SP_7217d22c66aedb768352
