from_node_id,to_node_id,role_canonical,layer,certainty,spell_id
PERSON_MABROUK_MOHAMED_MARWEN,CO_MAGHREB_PARTICIPATION_HOLDING,pdg,corporate,certain,SP_30778e64362800da5aff
PERSON_MABROUK_RAMZI,CO_POWER_CALL,gerant,corporate,certain,SP_1e357e47e3ec56816df8
PERSON_AHRES_KARIM,CO_SATEC_TUNISIE_INTERNATIONAL,gerant,corporate,certain,SP_093b0eae6edf5a7afbcc
PERSON_CHAABANE_SARAH,CO_SARAH_CONFECTION_SARCO,gerant,corporate,certain,SP_21cf21291b023016f969
PERSON_EMNA_ABDENADHER,CO_GENERALE_TRAVAUX_SPECIFIQUES,gerant,corporate,certain,SP_a02b0bf7e1b2f2aa931c
PERSON_SELAMI_HEDI_KARIM,ORGMENTION_directeur général et du président,dg,corporate,probable,SP_a18e0903686fa92bef04
PERSON_ZOUARI_HAFEDH,CO_INDUSTRIES_MATERIAUX_CONSTRUCTION_BOMAR,pdg,corporate,probable,SP_dab9df4a064f592f280e
PERSON_GHANOUCHI_FARES,CO_ABATTOIR_AVICOLE_ESSOUASSI,unspecified,corporate,certain,SP_b8ef2f55134f3d7933a3
PERSON_SASI_SOUHEIL,CO_GREEN_STREET,gerant,corporate,certain,SP_867b3fbea7efba0b772d
PERSON_AMAR_MOHAMED,CO_APEA,gerant,corporate,certain,SP_cbb5b337edddb070b9b8
PERSON_SEGNERE_JEAN_PIERE,CO_BIOPHYMED_MAGHREB,gerant,corporate,certain,SP_833160f78c294b59c506
PERSON_BOUFATEH_BECHIR,CO_IDEALE_CONFECTION,gerant,corporate,certain,SP_460d1249871049631cf9
PERSON_HOUAS_MEHDI,CO_TALAN_TUNISIE,gerant,corporate,certain,SP_6f1af6cf7fed70f8f5a8
PERSON_KAMOUN_SOFIEN,CO_ZINC_TUNISIA,gerant,corporate,certain,SP_257ca96511522d66f33c
PERSON_RABAH_MAHER,CO_S2I_SERVICES,gerant,corporate,certain,SP_dbcfaccc2b6e7b88dcd6
PERSON_BOUATAY_NEJIB,CO_BOUATAY_CONFECTION_SOBOCO,gerant,corporate,certain,SP_3a3968075a294b7e0d08
PERSON_MABROUK_FARES,CO_PATRIMOINE_SICAF,pdg,corporate,certain,SP_02299dcd5db6770410c2
PERSON_DJILANI_HEDI,CO_CRJ_CONSTRUCTION,pdg,corporate,probable,SP_40dc6e404299c4ab297b
PERSON_RINALDI_CLAUDIO_BIOLCATI,CO_TUNISIAN_ITALIAN_CONSULTING_GROUP,gerant,corporate,certain,SP_ed9f9fc75d9a5e6e79e4
PERSON_CHAHMI_TAHER,CO_IMPRIMERIE_PAPETERIE_ETIQUETTES_CHAHMI,gerant,corporate,certain,SP_b99005c49d6fde283f33
PERSON_MHADHBI_MOHSEN,CO_FIMCO_INTERNATIONAL,gerant,corporate,certain,SP_73c3e9ec0aabbb33e742
PERSON_DERBEL_FAYCEL,CO_LOLITA,commissaire_aux_comptes,corporate,probable,SP_4d31386095ac61641d1c
PERSON_MZABI_MOHAMED_MONCEF,CO_IMMOBILIERE_PROVIDENCE,gerant,corporate,certain,SP_cc1efd9cb116b6dbaa5a
PERSON_MABROUK_AMEL_BOCHRA,CO_A_PART,gerant,corporate,certain,SP_705f93b1ba6775d226b9
PERSON_RABAOUI_MAHMOUD,CO_CRACOCARTE_TUNISIE,gerant,corporate,certain,SP_31fa8f9ad95e98d8e6da
PERSON_ELOUMI_YADH,CO_COMPAGNIE_HOTELIERE_CENTRES_VILLES,commissaire_aux_comptes,corporate,probable,SP_c7f85d7e1f01d4b45305
PERSON_BENSEDRINE_KARIM,CO_INTERIMA,gerant,corporate,certain,SP_d4e3c025d2970fb984d8
PERSON_ABAS_SADREDINE,ORGMENTION_TANKOIL,gerant,corporate,certain,SP_358c2dfb2481ca034ca9
PERSON_BENAYED_RAFIK,ORGMENTION_Energy Trading Company E T C » - SA,administrateur,corporate,certain,SP_98e31f33845b68b088c6
PERSON_BENAYED_ABDESALEM,ORGMENTION_Energy Trading Company E T C » - SA,pdg,corporate,certain,SP_986b479252f278c23e11
PERSON_JEBRI_YOUNES,CO_JBM_ORGANISATION,gerant,corporate,certain,SP_274f2e083fe28d987ad8
PERSON_HAMAMI_MOUNIR,CO_HOLY_INFORMATIQUE,gerant,corporate,certain,SP_f87288262272fe872d18
PERSON_BRAHEM_LOTFI,CO_BRIQUETERIE_BRAHEM_COMPAGNIE,gerant,corporate,certain,SP_4f079baa442b6f3420de
PERSON_LANGAR_SLAHEDINE,CO_DAKHLA,dg,corporate,certain,SP_6a7117ca158d269a1223
PERSON_MABROUK_ALI,CO_GENERALE_D_ENTREPRISES_MATERIEL_TRAVAUX_SOMATRA_GET,administrateur,corporate,certain,SP_9d96b469fee775e17f9e
PERSON_SLAMA_ALI,CO_GENERALE_INDUSTRIELLE_ALIMENTAIRE_SLAMA,administrateur,corporate,certain,SP_f5de22a4a5c584304b7e
PERSON_SLAMA_FAOUZIA_KHALFALAH,CO_GENERALE_INDUSTRIELLE_ALIMENTAIRE_SLAMA,administrateur,corporate,certain,SP_822254c4bd97aa71a121
PERSON_SLAMA_GHASEN,CO_GENERALE_INDUSTRIELLE_ALIMENTAIRE_SLAMA,administrateur,corporate,certain,SP_47efdada3699a4906130
PERSON_SLAMA_CHIHEBEDINE,CO_GENERALE_INDUSTRIELLE_ALIMENTAIRE_SLAMA,administrateur,corporate,certain,SP_6ffe683f292976934d40
PERSON_SLAMA_ALI,CO_GENERALE_INDUSTRIELLE_ALIMENTAIRE_SLAMA,president_ca,corporate,probable,SP_a5314bde48f17be55ac7
PERSON_SLAMA_FAOUZIA_KHALFALAH,CO_GENERALE_INDUSTRIELLE_ALIMENTAIRE_SLAMA,dg,corporate,probable,SP_3218a05f5b66ad7f9bdf
PERSON_SLAMA_GHASEN,CO_GENERALE_INDUSTRIELLE_ALIMENTAIRE_SLAMA,dga,corporate,probable,SP_aabf4469c05e5cdfe5d6
PERSON_BENTANFOUS_CHOKRI,CO_CAP_TAGUERMESS_CENTER,administrateur,corporate,probable,SP_c724ff28ef14aeca9999
PERSON_BENTANFOUS_MOHAMED_NEJIB,CO_CAP_TAGUERMESS_CENTER,administrateur,corporate,probable,SP_14e1f57e4ec3da121522
PERSON_BENTANFOUS_CHAWKI,CO_CAP_TAGUERMESS_CENTER,administrateur,corporate,probable,SP_a9ea51474ccbf09035e5
PERSON_BENTANFOUS_CHOKRI,CO_CAP_TAGUERMESS_CENTER,pdg,corporate,probable,SP_d98dd47e98f4c72cb475
PERSON_BENYOUSEF_MOHAMED_NABIL,CO_IMPRIMERIE_LORIENT,cogerant,corporate,probable,SP_0e7e8b4b471ebef3bb39
PERSON_CHAABANE_TIJANI,CO_DORCAS_NUTRITION,commissaire_aux_comptes,corporate,certain,SP_01a3130a329b8973aa37
PERSON_BENSEDRINE_SAMI,CO_BOUHAIRA_INTERNATIONNAL_TRADING,cogerant,corporate,certain,SP_d02a48bc28cdc9b2ec0f
PERSON_HAMAMI_YASER,CO_IDPROD,gerant,corporate,certain,SP_a93549fe84308600ca04
PERSON_BOUAOUAJA_MALEK,CO_ZITA_TRAVEL,administrateur,corporate,certain,SP_8e39dabbdd41a9465dd0
PERSON_BOUAOUAJA_MARIEM,CO_ZITA_TRAVEL,administrateur,corporate,certain,SP_5107a1e868b880e1db09
PERSON_BENAMAR_MOURAD,CO_DINDOUX,pdg,corporate,certain,SP_46af1f38857591e11d79
PERSON_ZAHAF_SLAHEDINE,CO_TUNISIENNE_FABRICATION_PEINTURE_SOTUFAP,commissaire_aux_comptes,corporate,certain,SP_606914394c6e4130033b
PERSON_ABDELKEFI_AHMED,CO_TUNINVEST_SERVICES,president_ca,corporate,certain,SP_10dcff16c780758d786a
PERSON_MBAREK_MOHAMED_AZIZ,CO_TUNINVEST_SERVICES,dg,corporate,certain,SP_b53952e5e784797753ae
PERSON_JABRI_IMED,CO_MULTI_SERVICES_AUTOS,gerant,corporate,certain,SP_41a08182f5e90fecdb16
PERSON_TRIKI_ALI,CO_FARHAT_HACHED_MEDICAL,gerant,corporate,certain,SP_73bb1d97e5722dd244d0
PERSON_KMIMECH_CHOKRI,CO_KMIMECH_MATERIEL_CONSTRUCTION,gerant,corporate,certain,SP_0a16c7df249d4854c0b0
PERSON_NASR_MOHAMED,CO_PAPER_CUP,gerant,corporate,certain,SP_a883fd797b2855c18ff0
PERSON_AMDOUNI_MOURAD,CO_TECHNOLOGY_ASSOCIATES,gerant,corporate,certain,SP_7a41f5ca45e40e6bcec1
PERSON_BAYAHI_YAHIA,CO_SPEIA,gerant,corporate,certain,SP_3699731869f3929f768e
PERSON_SASI_MOHAMED,CO_MODERNE_CARRIERES_SABLE,associe,corporate,certain,SP_fa9751d15e9bbac1633f
PERSON_LAMBOTE_DANIEL,CO_IMPRIME_FRANCE,cogerant,corporate,certain,SP_394881a2c4bdcb8caad9
PERSON_GHARBI_HAFEDH,CO_INDUSTRIES_METALLIQUES_FERRONNERIE_SIMFER,gerant,corporate,certain,SP_bf13bf538710339dc406
PERSON_ZOUARI_MEKI_MAHER,CO_AGRICOLE_EL_BARAKA,gerant,corporate,certain,SP_a6b4c4a57ed03baf0b5b
PERSON_FOUGHALI_YOUSEF,CO_HUILE_KHADIJA,commissaire_aux_comptes,corporate,certain,SP_3399a6516a4336bfb32f
PERSON_TRIKI_MOHAMED,CO_BGI_BONNE_GOUVERNANCE_INFORMATIQUE,gerant,corporate,certain,SP_f47b7c338b9502d8ab98
PERSON_BENHRIZ_KHALED,CO_FOOD_DECORATION,gerant,corporate,certain,SP_224c25149a6de32af7d1
PERSON_BAYAHI_YAHIA,CO_COMPAGNIE_DEMBALLAGE_TRANSFORMATION_DALUMINIUM_CETRAM,pdg,corporate,certain,SP_5a198b9dd6a9e1d73d59
PERSON_MABROUK_YOUSEF,CO_NOVA_MEUBLE,unspecified,corporate,certain,SP_72a278ade065e5c9a34f
PERSON_MAIZA_SADOK,CO_SAVEURS_MEDITERRANENNES,pdg,corporate,certain,SP_4e5c878513e490c64b9f
PERSON_ZAR_ESIA,CO_EAUX_MINERALES_BEJA_RAYAN,commissaire_aux_comptes,corporate,certain,SP_4447632ae6c0b6b04380
PERSON_FRANCESCO_NIGRO_COSIMO,CO_AIR_PRESS_CONSULTING,gerant,corporate,certain,SP_f3eeddbee3da7d9b642d
PERSON_ZOUARI_NEJIB,CO_SMC_CONFECTION,gerant,corporate,certain,SP_712402841115f8ba380b
PERSON_ABID_NOURI,CO_ESSALEM,gerant,corporate,certain,SP_58b28d5133d0b27bf09d
PERSON_TRABELSI_MOEZ,CO_ESSALEM,gerant,corporate,certain,SP_3fc326b268ab903cf952
PERSON_BENSAID_SLAHEDINE,CO_COTUSAL,administrateur,corporate,probable,SP_5d25448e35e1996368df
PERSON_MOKHTAR_FETHI,CO_MINIERE_SIDERURGIQUE_TUNISIE_SMST,unspecified,corporate,certain,SP_276d681b481e5e238a77
PERSON_MOKHTAR_KAIS,CO_MINIERE_SIDERURGIQUE_TUNISIE_SMST,unspecified,corporate,certain,SP_e7f1e0714829d57a3ca9
PERSON_MOKHTAR_SADRI,CO_MINIERE_SIDERURGIQUE_TUNISIE_SMST,unspecified,corporate,certain,SP_310f1821aa87da4ef03a
PERSON_KAMOUN_MOUNIR,CO_SOKAPO,gerant,corporate,certain,SP_b5ce2eab75d5e6dde957
PERSON_KAMOUN_KAIS,CO_VOCAL_LINE,pdg,corporate,certain,SP_6065f3d82a49b1de6e6c
PERSON_RENDA_FRANCK_ALDO,CO_AGR_INDUSTRIE,gerant,corporate,certain,SP_b26c89ac891588bb4815
PERSON_BOURICHA_MOHAMED_MONTASAR,CO_EL_MONTASSAR_TRANSPORT,gerant,corporate,certain,SP_63abc7873e63391f38d0
PERSON_BOUCHAMAOUI_RAFIK,CO_DAR_EL_FADHL_IMMOBILIERE,gerant,corporate,certain,SP_36ac8c3adf1c1d5402f5
PERSON_MATALO_CARLO,CO_GESTION_D_ANIMATION_TOURISTIQUE_ITALIA,cogerant,corporate,certain,SP_2e9d877b7933440ad58b
PERSON_DERBEL_FAYCEL,CO_IMMOBILIER_PALMARIUM_CENTER,commissaire_aux_comptes,corporate,certain,SP_cb06b6246c4246ff373a
PERSON_HELARA_AMOR_BENSALAH,CO_CARTHAGE_MEDICAL,pdg,corporate,certain,SP_5ae0353d9a0791e28772
PERSON_SASI_YOUSEF,CO_MARBRERIE_ROYALE_EL_ABED_KHALED,gerant,corporate,certain,SP_6b6eec6a14c818e85efa
PERSON_BRAHEM_JAMEL,CO_MARBRERIE_ROYALE_EL_ABED_KHALED,gerant,corporate,certain,SP_e5992212f21bc3fe5751
PERSON_ABOUCHOUACHI_SOLTAN_KILANI,CO_TAMOIL_TUNISIE,association_president,corporate,certain,SP_b13c483b9a7e52152938
PERSON_BELHIBA_ABDELAZIZ,CO_TAMOIL_TUNISIE,dg,corporate,certain,SP_d8f967412dd1d1e80d2a
PERSON_SAIDANE_MOHAMED,CO_PROLABEL,administrateur,corporate,certain,SP_2fd79db36ad1624619c3
PERSON_CARIBONI_DANTE,CO_TUNISIAN_ITALIAN_LIGHTING_COMPANY,gerant,corporate,certain,SP_cc60ee89364bf45dd965
PERSON_LOUMIREM_SAID_BENLARBI,CO_MEDITERRANEAN_GYPSUM_PLASTER_MEDGYP,pdg,corporate,certain,SP_f162433e6f27b76aa793
PERSON_DRIS_MOUNIR,CO_PRIME_SERVICES_INFORMATIQUES,gerant,corporate,certain,SP_fb779f4e0bd8d7fd1824
PERSON_HAMROUNI_MUSTAPHA,CO_STATION_STOCKAGE_SOTACIB_GABES_SSS_GABES,gerant,corporate,certain,SP_6e4d29bec96d8f37f931
PERSON_SASI_HEDI,CO_COMMERCE_PIECES_RECHANGE,gerant,corporate,certain,SP_7b32dbdb6e9f396c1dee
PERSON_BENSAAD_MOHAMED_HABIB,CO_PROMOTION_FINANCEMENT_TOURISTIQUE_CARTHAGO,dga,corporate,certain,SP_96975800f19f38b3ac35
PERSON_HOCHLAF_SKANDER,CO_TUNIS_ENSEIGNES,pdg,corporate,certain,SP_b7f420c09df29bf20556
PERSON_MZABI_MZOUGHI,CO_GIBRALTAR,pdg,corporate,certain,SP_0b6f49a251c98db9c5b8
PERSON_MZABI_MZOUGHI,CO_GIBRALTAR,unspecified,corporate,probable,SP_4bd0976e8aa97c1c7ea4
PERSON_SLAMA_SONIA_TOUMI,CO_S2I,gerant,corporate,certain,SP_f02e29cdd531acc0b093
PERSON_KAMOUN_BILEL,CO_OIL_GAS_ENGINEERING_COMPANY,gerant,corporate,certain,SP_59f83b8d543af723e0c4
PERSON_BENAYED_ABDELWAHEB,CO_AGRICOLE_SIDI_DAOUED,association_president,corporate,certain,SP_16eacc69bc6884d1b2df
PERSON_KOUBAA_THAMEUR,CO_AGRICOLE_SIDI_DAOUED,dg,corporate,certain,SP_bbd7e93373708a21b470
PERSON_MAIZA_SADOK,CO_SAVEURS_MEDITERRANEENNES,pdg,corporate,certain,SP_2ff3db0f0920a98a3b3e
PERSON_CHAABANE_MAHER,CO_CHAABANE_FRERES,gerant,corporate,certain,SP_28b07c54019b599cabfa
PERSON_RAJAH_KILANI,CO_MARIA_IMMOBILIER,gerant,corporate,certain,SP_f517da06cc720b40cb87
PERSON_CHAABANE_FARAH,CO_FERRAILLE,cogerant,corporate,certain,SP_b23342949d6294900508
PERSON_CHAABANE_NABIL,CO_FERRAILLE,cogerant,corporate,certain,SP_9c64c78affcd67b334c8
PERSON_BRAHAM_JAMEL,CO_MULTIMARQUES_GROUPE_MODE_TUNISIE,gerant,corporate,certain,SP_d6f637651040ecfbe386
PERSON_KALAI_IMED,ORGMENTION_Maghreb Management Industries,administrateur,corporate,certain,SP_11a68a9d5d09b5c9c000
PERSON_KALAI_AMEUR,ORGMENTION_Maghreb Management Industries,pdg,corporate,certain,SP_957302cb0c629cc3a36b
PERSON_MEDEB_MOHAMED_ALI,CO_TUNISIENNE_INDUSTRIES_ALIMENTAIRES,pdg,corporate,probable,SP_c57650cf72d7cfe327df
PERSON_BENDHIAB_MOURAD,CO_MARBRERIE_BEN_DHIAB_MARBRE_SANITAIRE,dg,corporate,certain,SP_2e572d17f3f9af4633d2
PERSON_ZERZERI_MEHDI,CO_EUROMAG,pdg,corporate,certain,SP_be778eff54c41c562672
PERSON_ZERZERI_MOHAMED_RIDHA_HEDI,CO_EUROMAG,dga,corporate,certain,SP_a3527097f0bed2c997b7
PERSON_BOURICHA_LEILA,CO_ENGINEERING_CONSULTING_SERVICES_OFFICE,gerant,corporate,certain,SP_5291dc22dda15a91a106
PERSON_CHAABANE_MOHAMED,CO_TAOUFIK_DENTREPOSAGE_FRIGORIFIQUE_SOTEF,gerant,corporate,certain,SP_a9a813ae426d90ddc866
PERSON_TRIKI_MOHAMED,CO_SOGEPI,gerant,corporate,certain,SP_836f58a2c1d156468af3
PERSON_BENAYED_FERIEL_SELAMI,CO_POIDS_LOURD_SUD_SERVICES,administrateur,corporate,certain,SP_a11f9dd7ba505b8d4fdf
PERSON_BENAYED_FERIEL_SELAMI,CO_POIDS_LOURD_SUD_SERVICES,president_ca,corporate,certain,SP_7d6091da014d80cc7beb
PERSON_STA_LAZHAR,CO_BINA_HOLDING,pdg,corporate,certain,SP_51dfb1a1a151522ee45d
PERSON_SAIDI_MOHAMED,CO_BEN_GRIFFIN,gerant,corporate,certain,SP_984bfa9789ddf4a462b4
PERSON_KAMOUN_KARIM,CO_MILLENIUM_GROUP,gerant,corporate,certain,SP_85e157137e249ef1dacb
PERSON_ABAS_FERID,CO_GABES_MARINE_TANKERS,pdg,corporate,probable,SP_a060fe3b3a213a60d14b
PERSON_ELOUMI_TAOUFIK,CO_D_INDUSTRIE_MECANIQUE_DIVERSE_IMD,gerant,corporate,certain,SP_fabe54cde7a8e467dcda
PERSON_AMOUS_IMED,CO_COPRAA,gerant,corporate,certain,SP_f0eb35ab6eb28aff80b9
PERSON_SIDHOM_MOHAMED,CO_MULTI_SERVICE_RAPIDE,gerant,corporate,certain,SP_98c5a963e07527342e89
PERSON_SASI_WISEM,CO_NEGOTRADE,gerant,corporate,certain,SP_0ec4009f48597b75e54a
PERSON_MICHELARD_JEAN_PAUL,CO_EURO_AFRICA_TRADE,gerant,corporate,certain,SP_147cbc4ff56663b6809e
PERSON_BOURICHA_JALILA_REGUIG,CO_BOURICHA_PROMOTION_IMMOBILIERE,gerant,corporate,certain,SP_d3f09713d30ea3a7a6de
PERSON_BELTAIFA_MOUNIR,CO_BRIDGERS_FRANCE,gerant,corporate,certain,SP_664dca44fa1962b7cea1
PERSON_NAFTI_HAYET,CO_AFRIQUE_CHIMIE,gerant,corporate,certain,SP_1713d70af6b44a5f1175
PERSON_HACHICHA_SAMI,ORGMENTION_Société des Industries Nouvelles du Plastique,dg,corporate,probable,SP_e71c0143f52f150d1a0f
PERSON_MATERI_MERYEM,CO_IMMOBILIERE_BAB_MENARA,gerant,corporate,certain,SP_601b4e75eea849a04b61
PERSON_TRIKI_SAMIA,CO_ALNAJEH_AGRICOLE,gerant,corporate,certain,SP_d7484a034ca7deaefcf0
PERSON_ZOUARI_MOHAMED,CO_ZOUARI_MOTORS,gerant,corporate,certain,SP_43b7b8401a7bd36683f9
PERSON_HAMAMI_ARBIA,CO_GENERALE_TEXTILE,gerant,corporate,certain,SP_8537ee997c8b6382b83a
PERSON_MATERI_TAHER,CO_NEFISSA_IMMOBILIERE,gerant,corporate,certain,SP_b30b6b77a3ab08628bde
PERSON_AMAT_JUAN_MOLINS,CO_TUNISO_ANDALOUSE_CIMENT_BLANC,president_ca,corporate,certain,SP_f3cd33757990c13029c9
PERSON_MRAIHI_HABIB,CO_STB_SICAR,pdg,corporate,certain,SP_3edcbc1a03a091fdf909
PERSON_HAMAMI_NACEUR,CO_JOIE_DACCUEIL_DIVERTISSEMENT_JAD,gerant,corporate,certain,SP_f2e1e55f047f93665f24
PERSON_ABDENADHER_HAMADI,CO_NOUVELLES_CYCLES,unspecified,corporate,certain,SP_08cff00f3cc538c3492f
PERSON_ABDENADHER_HATEM,CO_NOUVELLES_CYCLES,unspecified,corporate,certain,SP_a7c0e9ae0f17c2e1c7de
PERSON_ABDENADHER_AHMED,CO_NOUVELLES_CYCLES,unspecified,corporate,certain,SP_f7acd4fb0dc18b12742d
PERSON_CHAABANE_TIJANI,CO_CHAABANE_CIE,commissaire_aux_comptes,corporate,certain,SP_220ce59ab8d4c1c3184e
PERSON_CHAABANE_NOURI,CO_CHAABANE_CIE,unspecified,corporate,certain,SP_d5b7bc62cae0a715b210
PERSON_CHAABANE_IBRAHIM,CO_CHAABANE_CIE,unspecified,corporate,certain,SP_c73a3ea8948c11071c58
PERSON_CHAABANE_NOURI,CO_CHAABANE_CIE,pdg,corporate,certain,SP_26c359a7ea6bf7cc51cf
PERSON_STEFANELI_STEFANO,CO_VENERE_COSMETICA_DETERGENTI_ITALIA,gerant,corporate,certain,SP_d870f06b658c3b7701c4
PERSON_BRAHAM_GHASEN,CO_FASHION_SQUARE,gerant,corporate,certain,SP_e0f8874d81afc180005d
PERSON_BENAMOR_INES_SLAMA,CO_IMMOBILIERE_INES_TUNISIE,dga,corporate,certain,SP_5cc7a848c4cf290626e5
PERSON_DARGHOUTH_MOHAMED_RADHI,CO_AR_FILTER,association_president,corporate,certain,SP_3114b9e7e051a475718f
PERSON_CHAABANE_MOEZ,CO_CABINET_DEXPERTISE_DASSISTANCE_CEA,gerant,corporate,certain,SP_aeadd7b960cd04bceffc
PERSON_DEBAYA_ALI,CO_SENED_SICAR,president_ca,corporate,certain,SP_86b4cbdeefd0d8ced116
PERSON_BOUKHRIS_ZIED,CO_SENED_SICAR,dg,corporate,certain,SP_430bbabb1eb07c23d364
PERSON_ABAS_HAMADI,ORGMENTION_Amwell Capital Ventures,dga,corporate,certain,SP_4a25b4d60c0389eb882e
PERSON_ABAS_SADEREDINE,ORGMENTION_Amwell Capital Ventures,dga,corporate,certain,SP_c28d1fb58e52c62e20bd
PERSON_TRABELSI_MOHAMED,CO_GENERAL_ALU,gerant,corporate,certain,SP_746b5902c04dd1b6522e
PERSON_MABROUK_YOUSEF,CO_SAPHIR_RENT_A_CAR,gerant,corporate,probable,SP_dbfe2769b3bd0f034acd
PERSON_AREM_SOFIEN,CO_CONFORT_ROTIN,gerant,corporate,certain,SP_a8b681ac1449a8fe357a
PERSON_ELABIDINE_MOHAMED_ZINE,CO_MOHAMED_ZINE_EL_ABIDINE_CIE,gerant,corporate,certain,SP_83e7e38c46d9ae60fd25
PERSON_DOUIRI_ALI_TRIKI,CO_DIAGNOSTIC_MAINTENANCE_MATERIELS,gerant,corporate,certain,SP_668f7a205c689ff5655f
PERSON_CHAABANE_FAOUZI,CO_CMR_AUDIT,gerant,corporate,certain,SP_5f6d0fc956aa31503f52
PERSON_TRABELSI_MOHAMED,CO_TRA_SERVICES,gerant,corporate,certain,SP_a4e0a4e8db9b78c1b348
PERSON_BENYEDER_HAKIM,CO_COMAR_IMMOBILIERE,gerant,corporate,certain,SP_905ae72742e554f8acfa
PERSON_BOUATAY_MOHSEN,CO_GROUPE_BOUATAY_CONFECTION,gerant,corporate,certain,SP_37f169441737003c333e
PERSON_BENAYED_MALIKA,CO_COMPAGNIE_TUNISIENNE_CHIMIE_INDUSTRIELLE,gerant,corporate,certain,SP_0d393ec0658d406d755c
PERSON_ABDELMOUMEN_HEDI,CO_BANQUE_FRANCO_TUNISIENNE,president_ca,corporate,certain,SP_569edda6ec47549b5a69
PERSON_BENOTHMAN_OMRANE,CO_EXPRESS_ASCENSEUR,gerant,corporate,certain,SP_69d7e2f83a58ebcb7dab
PERSON_MEDEB_MOHAMED_ALI,CO_COMPAGNIE_FROMAGERE,pdg,corporate,certain,SP_2421b4ecc96ba60eb06f
PERSON_TRIKI_MOHAMED,CO_GENERALE_PROTECTION,gerant,corporate,certain,SP_17698d1ec3873f00e139
PERSON_CHAABANE_ISMAIL,CO_ISMAIL_CHAABANE_CIE,gerant,corporate,certain,SP_63e8489e496c98d04b9e
PERSON_RATLE_ALEXANDRE,CO_EL_MOUSSEM_AGRICOLE,dg,corporate,probable,SP_b4405033010cea9f02f9
PERSON_MARIO_RAFAELE_DI,CO_HOTEL_KELIBIA_BEACH,pdg,corporate,probable,SP_302a05eb47cd6e7352a4
PERSON_ZAHAF_SLAHEDINE,CO_AGRICOLE_GARGOURI,commissaire_aux_comptes,corporate,certain,SP_f1d978035105f8ad1828
PERSON_BENAYED_AHMED,CO_EXOTICA,gerant,corporate,certain,SP_fc4ffcff0cb0b8664ad5
PERSON_ENAJARI_SAMI,CO_ENNAJJARI_FRERES,gerant,corporate,certain,SP_54cbcb053d4888a3da1b
PERSON_BENAHMED_HICHEM,CO_ESSAADA_CONFECTION,gerant,corporate,certain,SP_2b188996c483fae0e10e
PERSON_TRIKI_SAMI,CO_INTERNATIONAL_SERVICES_TRANSPORT_MANUTENTION,gerant,corporate,certain,SP_81b4c1bd48a81c2c155d
PERSON_MHIRI_SAMI,CO_BUANDERIE_CENTRALE_EL_MOURADI,gerant,corporate,certain,SP_cf6854ee9d7755218455
PERSON_CHAABANE_WASIM,CO_IMPRIMERIE_EL_HABIB,gerant,corporate,certain,SP_43e7e4c7386f1dde8fb3
PERSON_SAIDI_AHMED,CO_BIO_ENERGY_TUNISIA,fondateur,corporate,certain,SP_69f404080af63ddfd1ac
PERSON_ZOUARI_SLIM,CO_MEDICAL_PHARMACEUTICAL_SERVICE,gerant,corporate,certain,SP_f3499cbe0eba7f101052
PERSON_HAMROUNI_IKRAM,CO_HAMROUNI_TRAVEL_SERVICE,gerant,corporate,certain,SP_7f10ea0c67f5fac7b932
PERSON_GUERMAZI_MOHAMED,CO_TUNISIENNE_FILTRES_MISFAT,dga,corporate,certain,SP_7c9565c73816a433edff
PERSON_HAMROUNI_MOHAMED_HABIB,CO_ARCADES,gerant,corporate,certain,SP_f2289159d2b494b273f1
PERSON_HAMAMI_JAMELEDINE,CO_AGRICOLE_MARGHERITA_SAMAR,gerant,corporate,certain,SP_653f3c9748018ab1b74f
PERSON_BENAYED_ABDELWAHEB,CO_AGRICOLE_SABA,association_president,corporate,certain,SP_1d4aa163e24a2d345248
PERSON_DERBEL_FAYCEL,CO_MEA_INTERNET_GROUP,representant,corporate,probable,SP_2ac7c26c9a676210e73e
PERSON_HAMAMI_SAMI,CO_F_AST_ELEC,gerant,corporate,certain,SP_96b2b6aa47c9a6b56f87
PERSON_CHAABANE_RAJA,CO_PULIRE,gerant,corporate,certain,SP_c5fa555090c705bac59b
PERSON_HAMAMI_HABIB,CO_MIXER_TUNISIE,gerant,corporate,certain,SP_9076455e6bc958de1591
PERSON_MABROUK_MOHAMED_MARWEN,CO_HOTELIERE_GAMMARTH_NORD,president_ca,corporate,probable,SP_3e6c91e8ceab01835cc4
PERSON_ISMAIL_HICHEM,CO_IMPRIMERIE_EDICHEM,gerant,corporate,certain,SP_82a63fbe3b2a117253ad
PERSON_MABROUK_FETHI_BENALI,CO_WISSAL_RENT_A_CAR,gerant,corporate,certain,SP_8e36f33edaa9ddee3fbe
PERSON_HAMAMI_CHEDLI,CO_EUROBAT_LOGISTIC,gerant,corporate,certain,SP_200eecc08dacadf4c44f
PERSON_GHERISI_RIDHA,CO_TUNISO_FRANCAISE_DECLAIRAGE,gerant,corporate,certain,SP_2c00bffede59bca9f230
PERSON_ABDELHANEN_ALA,CO_ALLEMAND_TUNISIENNE_COMMERCE,gerant,corporate,certain,SP_4ee386687798058bc090
PERSON_YAHIA_MOURAD_BENHADJ,CO_INSIDE,gerant,corporate,certain,SP_08f4a1fde38829332fe9
PERSON_GHARBI_IMED,CO_CIFE_WATER_ENERGY,gerant,corporate,certain,SP_0466349d2122d964c5ef
PERSON_SASI_KOUTHEIR,CO_SECURAS,dga,corporate,certain,SP_312ed5a753915e924cc3
PERSON_MABROUK_ALIA_BAKRI,CO_INTERBRANDS,gerant,corporate,probable,SP_9830544b9b7283094375
PERSON_CHAABANE_MOURAD,CO_NEW_PACK,unspecified,corporate,certain,SP_88b96bc71acd50b0fcaf
PERSON_JAIDANE_RIADH,CO_GROUPE_FORMATION_DINGENIERIE,unspecified,corporate,certain,SP_82c55de28f5d0fb92109
PERSON_FAKHFAKH_IMED,CO_ITALIEN_STYLE_DRISS,gerant,corporate,certain,SP_c69326c932e4b636df09
PERSON_JRAD_ABDERAZEK_KILANI,CO_GENERALE_LOCATION_ENGINS_SERVICES,cogerant,corporate,certain,SP_3a1c9e959417132dce05
PERSON_FOURATI_HICHEM,CO_TUNISIE_CABLES,dga,corporate,certain,SP_962ec0ca1353e3faa0c8
PERSON_KHEMAKHEM_MONCEF,CO_SANI_CONFORT,unspecified,corporate,certain,SP_7792ac0382b119386e9b
PERSON_KHEMAKHEM_MONCEF,CO_SANI_CONFORT,pdg,corporate,certain,SP_514a85b886aae45f6380
PERSON_ELOUNI_SOFIENE,CO_SOPRACO,administrateur,corporate,certain,SP_f0acb9595413efe50040
PERSON_ZOUARI_MOHAMED,CO_PROMED,cogerant,corporate,certain,SP_0b5a575300b45e7af843
PERSON_ZOUARI_NIZAR_BENHAMED,CO_SEMOBAT_MEUBLES,gerant,corporate,certain,SP_004b994bf09f10ffbb9e
PERSON_CHAABANE_SONIA,CO_ESPACE_ARTS,gerant,corporate,certain,SP_d186fa1a81c7b8c3a6a9
PERSON_TRIKI_ADEL,CO_HSSAN_DISTRIBUTION,gerant,corporate,certain,SP_6c539a6d96cbb85774d2
PERSON_DRIS_HICHEM_BENMHAMED,CO_ESSALAMA_SICAF,president_ca,corporate,certain,SP_61cee9c8eceefb314e50
PERSON_CHAKIR_BRAHIM,CO_ITALIAN_STYLE,gerant,corporate,certain,SP_78851774350c5535a699
PERSON_JEBNOUN_MOHAMED_HEDI,ORGMENTION_Société Nouvelle Oued Rihane,gerant,corporate,certain,SP_8fab733f29cf667b65cb
PERSON_MAHJOUB_MOHAMED_SAHBI,ORGMENTION_Société Nouvelle Oued Rihane,dg,corporate,probable,SP_4e029a50e9f807ed6735
PERSON_MHABRACH_SOUMAYA,CO_TECHNOFLEX_INDUSTRIE,gerant,corporate,certain,SP_f687b474c4510524a958
PERSON_BENCHAABANE_NAAMA_ELOUMI,CO_SOTEE,administrateur,corporate,probable,SP_8bac67bfd21db58dfda9
PERSON_HACHICHA_MOHSEN,CO_MEUNIERE_TUNISIENNE,unspecified,corporate,certain,SP_955d05f3e3c9fa3d6d34
PERSON_HACHICHA_FETHI,CO_MEUNIERE_TUNISIENNE,unspecified,corporate,certain,SP_cfebb0657347f528bfbb
PERSON_HACHICHA_SOUHAIL,CO_MEUNIERE_TUNISIENNE,unspecified,corporate,certain,SP_af83e06bd54d1e38ca8c
PERSON_HACHICHA_SAMI,CO_MEUNIERE_TUNISIENNE,unspecified,corporate,certain,SP_c9ecc032b9662de11147
PERSON_SOUA_ZIED,CO_TANNERIE_GAFSA,administrateur,corporate,certain,SP_631613f326c7af0f5ad8
PERSON_LOSI_FRANCO,CO_LAFF,gerant,corporate,certain,SP_6cd8f2e573616e97730e
PERSON_TRIKI_MOHAMED,CO_EPARGNE_PARTENARIAT_INVESTISSEMENT,dg,corporate,certain,SP_330452a7992568ced365
PERSON_YOUNES_MOHAMED,CO_SOTUMEX,gerant,corporate,certain,SP_70f7b34f1d3d9a21f912
PERSON_AREM_JAMEL,CO_PROMOTION_IMMOBILIERE,gerant,corporate,certain,SP_94fd12367342155fe6df
PERSON_NOOMEN_ZIED,CO_VILLA_ITALIA,gerant,corporate,certain,SP_e19cf37ffb0c58221c89
PERSON_SAIDI_AHMED,CO_BIO_ENERGY_TUNISIA,pdg,corporate,certain,SP_b5742ba6ea6c2257de10
PERSON_KHEMIRI_ANIS,CO_HUILERIE_NORD_OUEST,administrateur,corporate,certain,SP_85d94065b278c121714f
PERSON_KHEMIRI_IMEN,CO_HUILERIE_NORD_OUEST,administrateur,corporate,certain,SP_4c19e7418eddd200d115
PERSON_KHEMIRI_ANIS,CO_HUILERIE_NORD_OUEST,pdg,corporate,certain,SP_ebae18d6cb095dc28f67
PERSON_HAMROUNI_RACHID,CO_CHIMICOULEURS_PEINTURE,gerant,corporate,certain,SP_935ac2733ea17e1f54de
PERSON_AMAT_JUAN_MOLINS,CO_SOTACIB_KAIROUAN,president_ca,corporate,certain,SP_97def0958128bab06471
PERSON_AMAT_JUAN_MOLINS,CO_SOTACIB_KAIROUAN,administrateur,corporate,certain,SP_d5e457f16740f837f466
PERSON_PASTRE_OLIVIER,CO_INTERNATIONAL_MAGHREB_MERCHANT_BANK,administrateur,corporate,certain,SP_cb837a8bca797e554c1e
PERSON_BOUSNINA_KACEM,CO_INTERNATIONAL_MAGHREB_MERCHANT_BANK,administrateur,corporate,certain,SP_a7f45796ac92cba3fede
PERSON_BENMUSTAPHA_SAID,CO_INTERNATIONAL_MAGHREB_MERCHANT_BANK,administrateur,corporate,certain,SP_87f21a7103b7733af542
PERSON_BENBOUZID_FERID,CO_INTERNATIONAL_MAGHREB_MERCHANT_BANK,administrateur,corporate,certain,SP_0db220feb64cb72cf7f5
PERSON_TRIKI_MOHAMED_TAREK,CO_INDUSTRIELLE_DEXPLOITATION_MATIERES_ORGANIQUES_SIEMO,gerant,corporate,certain,SP_2cdfd31cf902f2c831f2
PERSON_BOURICHA_ANIS,CO_BATIMENT_SERVICES,gerant,corporate,certain,SP_cf05fac81a82991bd744
PERSON_BENAYED_ABDELWAHEB,CO_ALMES,association_president,corporate,certain,SP_abf792e5c5fefdd07363
PERSON_BOURICHA_ABDELHAMID,CO_DAKHLA,association_president,corporate,certain,SP_387b1e6ed9eb98efe0c5
PERSON_AMAR_ABDELMAJID,CO_INDUSTRIELLE_ARTICLES_METALLIQUES_SIAM,president_ca,corporate,certain,SP_bb3848d1efe052fb3302
PERSON_BENAYED_SLIM,CO_EL_HADAYEK,gerant,corporate,certain,SP_1999d0c57b41c97fa1e0
PERSON_HNIHINA_TAIEB,CO_FRATERNITE_FRANCO_TUNISIENNE,cogerant,corporate,certain,SP_6da93f0a8f4f272183e8
PERSON_MAMOU_PATRICK_CHARLES,CO_BIO_LIQUIDES_TUNISIE,gerant,corporate,certain,SP_6eb588b99ca593ff8ecc
PERSON_HAMAMI_MOEZ,CO_NOUVEL_HORIZON_PLUS,gerant,corporate,certain,SP_9594a4fd2c0e70c1aac9
PERSON_HAMAMI_TAOUFIK,CO_PRINCE_FRUIT,gerant,corporate,certain,SP_15a549c1b21f9431fc1c
PERSON_NASRI_KAMEL,CO_LINDA_APPAREIL_FASHION_SOLAF,gerant,corporate,certain,SP_f538008ce5c98716c4ab
PERSON_NEJI_KAMEL,CO_UNION_INTERNATIONALE_BANQUE,dg,corporate,certain,SP_b21c6a0722495c61f511
PERSON_BENAYED_SLIM,CO_ASTER_INFORMATIQUE,association_president,corporate,certain,SP_aaab350630f65c301a2d
PERSON_BRIGUI_MOHAMED,CO_COMPAGNIE_INTERNATIONALE_LEASING,pdg,corporate,certain,SP_3ac57df8e1fc17d7c09d
PERSON_SOUKI_SALAH,CO_COMPAGNIE_INTERNATIONALE_LEASING,dga,corporate,certain,SP_cc4ba3be9ca755482d7c
PERSON_TRIKI_MOHAMED,CO_CHAABENE_IMMOBILIERE,gerant,corporate,certain,SP_de10cdeda432d7579706
PERSON_LINCZOWSKI_ERIC,CO_FINISHING_INTERNATIONAL_COMPANY,pdg,corporate,certain,SP_51eb6653bd08051283db
PERSON_FERIDOUNI_FARHANE,CO_MEDITERRANEAN_GATE_DEVELOPMENT_COMPANY,pdg,corporate,certain,SP_5fd010778f49708d4e45
PERSON_ABOUGAZALEH_WASFI,CO_MEDITERRANEAN_GATE_DEVELOPMENT_COMPANY,dga,corporate,certain,SP_0b82c1a2147c71aaf98b
PERSON_ZOUARI_TAREK,CO_EXACTT,gerant,corporate,certain,SP_9dcc688c33cd317bb23d
PERSON_BONTAZ_PHILIPE,CO_LEMAN_INDUSTRIE_CONNECTIQUE,pdg,corporate,certain,SP_255b617241e242d4c17e
PERSON_BELKHIRIA_KAMEL,CO_FLEXO_PRINT,unspecified,corporate,certain,SP_ba0a4d990ef5692f481c
PERSON_BELKHIRIA_KAMEL,CO_FLEXO_PRINT,president_ca,corporate,certain,SP_cb587e2d3418e09a2a38
PERSON_HAMAMI_MOUNIR,CO_COMPTOIR_GENERAL_INDUSTRIEL_COMMERCIAL_COGIC,gerant,corporate,probable,SP_77c4d1c900c316f7607a
PERSON_DERBEL_FAYCEL,CO_COMPTOIR_GENERAL_INDUSTRIEL_COMMERCIAL_COGIC,commissaire_aux_comptes,corporate,probable,SP_62aa52b68d3a71993f22
PERSON_SASI_DHOUA_CHAKROUN,CO_ESPACE_CREATION,gerant,corporate,certain,SP_2455d909e674305bf0a2
PERSON_ZOUARI_MOHAMED,CO_DHILEL_IMMOBILIERE,gerant,corporate,certain,SP_e55f0cd1a73eb0ffb3c7
PERSON_TRABELSI_MOHAMED,CO_TRANSPORT_NORD_AFRIQUE_CARGO,gerant,corporate,certain,SP_46dd01eb2bbf7b7f124f
PERSON_KAMOUN_HEDI,CO_ARDI_RESEARCH_2C,gerant,corporate,certain,SP_83c52a141f4cdc56f75b
PERSON_KALAI_AMEUR,CO_MERSA,dg,corporate,probable,SP_2aabad489026d701d793
PERSON_MABROUK_HABIB,CO_DALIA,administrateur,corporate,probable,SP_8e65be39f69d528f20d1
PERSON_TOUNISI_BILEL,CO_TOUNSI_CONFECTION_TOUTEX,gerant,corporate,certain,SP_d4d679d95a8d1de24391
PERSON_HAMROUNI_MOUNIR,CO_NEW_STAR_IMMOBILIERE,gerant,corporate,probable,SP_66e0865a44ccd92c2a43
PERSON_ZGHIDI_ADNENE,CO_ALHIFADH_SICAV,commissaire_aux_comptes,corporate,certain,SP_62c90b7c82d8f1221804
PERSON_SBAA_HAFEDH,CO_ALHIFADH_SICAV,dg,corporate,certain,SP_61edb2cdc50f2a2108f6
PERSON_ZERZERI_HEDI,CO_ALIMEX,gerant,corporate,certain,SP_e1ff08aa0865b0b94636
PERSON_KILANI_LASAAD,CO_MEDICIS_SERVICE,gerant,corporate,certain,SP_2802da19534b57f91bbb
PERSON_TRIKI_MOHAMED_RIADH,CO_MAGHREBINE_TRAVAUX_PUBLICS_EN_ABREGE_SOMATRAP,gerant,corporate,certain,SP_687d7881aec13cb3777d
PERSON_DAOUD_RADHI,CO_BRIQUETERIE_DAOUD_SOBRIDA,gerant,corporate,certain,SP_94c740309773f23bfff0
PERSON_BENAYED_MOURAD,CO_BEN_AYED_DISTRIBUTION_PRODUITS_MER,gerant,corporate,certain,SP_44ef500d76100ff495ea
PERSON_CHOUK_NEJIBA,CO_SIGMA_SICAF,commissaire_aux_comptes,corporate,probable,SP_f32ee7d4b50ccaa7c8cb
PERSON_BOURAOUI_MOHAMED,CO_TUNISIE_LEASING_FACTORING,administrateur,corporate,certain,SP_0387948c2236709bcb10
PERSON_BOURAOUI_MOHAMED,CO_TUNISIE_LEASING_FACTORING,pdg,corporate,certain,SP_31b5e9cd7036f841a68e
PERSON_TRIKI_ABDELGHANI,CO_EL_INTILAKA_COMMUNE_IMMOBILIERE_SIDI_ABBES_ICI_SIDI_ABBES,dg,corporate,probable,SP_458d23c19989c3e49d9c
PERSON_ELOUMI_MAHMOUD,CO_ONS_ALUMINIUM,gerant,corporate,certain,SP_fe32ab8f4ff5c3b2dada
PERSON_JENANE_RIDHA,ORGMENTION_Sté Tunisienne des Equipements pour la santé et la Sécurité ,gerant,corporate,certain,SP_242bd471eada0704a349
PERSON_MAZEI_PATRICE,CO_UNIVERS_PARTICIPATIONS_SICAF,administrateur,corporate,certain,SP_296bd3ff8b4bab3b3b5b
PERSON_LAISNEY_GIL_ALAIN,CO_CALL_FRANCE_DEVIS_MUTUELLE,gerant,corporate,certain,SP_599935b0f8c98ae33b5e
PERSON_ELOUMI_HICHEM,CO_COFICAB_MED,pdg,corporate,certain,SP_f7825765925e4300d350
PERSON_CHAABANE_HATEM,CO_EVOLUTION_SCIENTIFIQUE,gerant,corporate,certain,SP_8a73e5e0546d74b401fb
PERSON_DHAOUADI_KAMEL,CO_KIMOTEX,gerant,corporate,certain,SP_808a98c8482a5f47ebc9
PERSON_TARDIF_LAURENT,CO_AUTO_CABLES_TUNISIE,president_ca,corporate,probable,SP_3b005533d252d7306cba
PERSON_ELOUZE_MOHAMED_RIDHA,CO_GLOBAL_VIEW_INVEST_SICAF,administrateur,corporate,probable,SP_5e4bab307e017ceb40e1
PERSON_BENCHAABANE_NAAMA_ELOUMI,CO_ABM_IMMOBILIER,pdg,corporate,certain,SP_966712bd44358f294f65
PERSON_MHIRI_NEJI,CO_CLINIQUE_SOUSSE_CLINIQUE_ECHIFA,pdg,corporate,certain,SP_81c105e6924bc816972f
PERSON_BENROMDHANE_SALEM,CO_CLINIQUE_SOUSSE_CLINIQUE_ECHIFA,dga,corporate,certain,SP_649e2deb06da47005e19
PERSON_MZABI_MOHAMED_RAOUF,CO_PHARMA_FUTUR,gerant,corporate,certain,SP_59b73f307a09e68a4800
PERSON_SLAMA_NOUREDINE,CO_BOULANGERIE_MARQUISE,gerant,corporate,certain,SP_e30e5075160a5bbfe76a
PERSON_SELAMI_MOKHTAR,CO_LINA_PROMOTION_IMMOBILIERE,gerant,corporate,certain,SP_348f179ab3b69e7c227c
PERSON_BENMANSOUR_RIDHA,CO_INTERNATIONAL_MAGHREB_MERCHANT_BANK,administrateur,corporate,certain,SP_58ec4e54f3426a682390
PERSON_HAJNACER_ABDERAHMAN_ROUSTOUMI,CO_INTERNATIONAL_MAGHREB_MERCHANT_BANK,administrateur,corporate,certain,SP_0707349fd949d3dbd474
PERSON_DAJANI_ADEL,CO_INTERNATIONAL_MAGHREB_MERCHANT_BANK,administrateur,corporate,certain,SP_6d27a7c9149d367d1bcc
PERSON_MABROUK_YOUSEF,CO_NOVA_MEUBLE,association_president,corporate,certain,SP_2988eb1b037af06116e4
PERSON_JELOULI_NAJET,CO_MARBRERIE_MATERIAUX_SUD_MASUD,unspecified,corporate,certain,SP_707921e25e60948b8293
PERSON_BELGHITH_ABDELATIF,CO_MARBRERIE_MATERIAUX_SUD_MASUD,unspecified,corporate,certain,SP_462c371fe81a868a85b4
PERSON_BAKLOUTI_FOUED,CO_MARBRERIE_MATERIAUX_SUD_MASUD,unspecified,corporate,certain,SP_633be2539173fd021b39
PERSON_BELGHITH_KARIM,CO_MARBRERIE_MATERIAUX_SUD_MASUD,unspecified,corporate,certain,SP_61fb32f25ea2cc3719e4
PERSON_BELGHITH_SALAH,CO_MARBRERIE_MATERIAUX_SUD_MASUD,unspecified,corporate,certain,SP_f1c2a337914fc2ac960c
PERSON_SELAMI_MOHAMED,CO_HOTEL_ARCADES,pdg,corporate,certain,SP_671a717893b8c57a6f66
PERSON_ZOUARI_CHIHEB,CO_COMMERCE_MAINTENANCE_INDUSTRIELS,gerant,corporate,certain,SP_40a928e2826a3b212541
PERSON_MABROUK_BAHRI,CO_EL_HILEL,pdg,corporate,certain,SP_1649c674df5e2825942b
PERSON_KAMOUN_KARIM,CO_TOURISME_SERVICES_LOISIRS,gerant,corporate,certain,SP_9bd020b2467f0c9431ba
PERSON_MEDEB_HOUEIDA,CO_BOISSONS_CAP_BON_SBC,administrateur,corporate,probable,SP_5ed51e097221b4f56e7e
PERSON_BENAMOR_MAJED,CO_SICAF_BIAT,pdg,corporate,certain,SP_9a893eefb2ec093d38b8
PERSON_AYADI_MEHDI,CO_PROMED,gerant,corporate,certain,SP_f2b2d9ae5e0406fcb81f
PERSON_CHAKROUN_NASR_ALI,CO_SKY_INDUSTRIES,gerant,corporate,certain,SP_61ff460b5c4be0343f64
PERSON_SLAMA_LILIA,CO_SOREC_TRADING,gerant,corporate,certain,SP_e44723d45958760558ef
PERSON_BAYAHI_TAHER,CO_CENTRALE_MAGASIN_GENERAL,administrateur,corporate,certain,SP_988b54e79e74ffd9c9c8
PERSON_HAMAMI_MOHAMED,CO_CENTRALE_MAGASIN_GENERAL,administrateur,corporate,certain,SP_3c561164a3e0f12e7f97
PERSON_M_RAD_RIDHA,CO_MARETAP,administrateur,corporate,certain,SP_db156f5372a123bc7e85
PERSON_ABDENADHER_AMEUR,CO_CEFER,gerant,corporate,probable,SP_bdebc1e90233b03e6803
PERSON_BOUOUD_KILANI,CO_YASMIN_DEQUIPEMENT_MECANIQUE_ELECTRONIQUE_SYEME,gerant,corporate,certain,SP_a5133f994cc5a7946a2d
PERSON_SLAMA_LATIFA,CO_POLY_BAT_SERVICES_SPBS,gerant,corporate,certain,SP_756e24b67ea4d17a5f38
PERSON_BENJEMAA_KHALED,CO_GENERALE_IMMOBILIERE_SUD,president_ca,corporate,probable,SP_11f48a392f32a1fca83d
PERSON_BENMOALEM_SABER,CO_MANUF_TECHNIQUES_METAUX_MATEM,gerant,corporate,certain,SP_2ce347b23d42c8581551
PERSON_CHAABANE_MOHAMED,CO_ETTAOUFIK_FRUITS_SECS_SEFRUS,gerant,corporate,probable,SP_41174a3a756ec035efc2
PERSON_CHAABANE_MOHAMED,CO_HUILERIE_CHAABANE,cogerant,corporate,certain,SP_eae0be800b4b96888001
PERSON_BENAMOR_MAJED,CO_IMMOBILIERE_GESTION,pdg,corporate,certain,SP_36f44398e9eed142a6b3
PERSON_MASMOUDI_MOHAMED_RAOUF,CO_DOREMAIL,president_ca,corporate,certain,SP_bf8ab68103c941be03d2
PERSON_MASMOUDI_MOHAMED_RAOUF,CO_DOREMAIL,dg,corporate,certain,SP_e32b80901f3401fb9169
PERSON_MASMOUDI_MONIA,CO_DOREMAIL,dga,corporate,certain,SP_b7ca78a1bfca17f45512
PERSON_MABROUK_MOHAMED_NEJIB,CO_NACTIS,administrateur,corporate,probable,SP_80b9606a50935971924d
PERSON_MABROUK_HOUCEM,CO_NACTIS,administrateur,corporate,probable,SP_95e5248c21fe66721a53
PERSON_MABROUK_SAFIA,CO_NACTIS,administrateur,corporate,probable,SP_b25981ef81b25fbaf66a
PERSON_MABROUK_MOHAMED_NEJIB,CO_NACTIS,pdg,corporate,probable,SP_676d000e1f5b7fad357c
PERSON_KAMOUN_HABIB,CO_CAPITAL_INVESTISSEMENT_CAPINVEST,commissaire_aux_comptes,corporate,probable,SP_0589ab948ed8f2bde39a
PERSON_KAMOUN_AHMED,CO_CAPITAL_INVESTISSEMENT_CAPINVEST,commissaire_aux_comptes,corporate,probable,SP_2c43faf4c9a2f747c754
PERSON_KAMOUN_TARAK,CO_CAPITAL_INVESTISSEMENT_CAPINVEST,commissaire_aux_comptes,corporate,probable,SP_dc7987f2b3ab1507e235
PERSON_KAMOUN_FEKRIA_FOURATI,CO_CAPITAL_INVESTISSEMENT_CAPINVEST,commissaire_aux_comptes,corporate,probable,SP_09141d91001c050e9096
PERSON_TRIKI_MOHAMED_RADHOUANE,CO_COMPTOIR_TUNISIEN_DIMPORT_EXPORT_COTEX,gerant,corporate,certain,SP_51dc7f57703a1688ec5d
PERSON_ESAFI_MONDHER,CO_CAISSE_AGRICOLE_TUNISIENNE,gerant,corporate,certain,SP_e2c657adeb643ba208b1
PERSON_SFAR_MOHAMED_ELBECHIR,CO_COMPAGNIE_IMMOBILIERE_TOURISTIQUE_EL_MEHDI,pdg,corporate,certain,SP_652013d064098e31f7b5
PERSON_ROUISI_LOTFI,CO_BONNA_TUNISIE,administrateur,corporate,certain,SP_aafa979ff0ae0ab907ef
PERSON_HMIDA_FAOUZI,CO_RUSPINA_TELECOM,gerant,corporate,certain,SP_cd1d9feb0b04649e8027
PERSON_HAMAMI_HAITHEM,CO_NET_PLUS,gerant,corporate,certain,SP_26d6dde41f0918179e90
PERSON_BAYAHI_TAHER,CO_MAGASIN_GENERAL,administrateur,corporate,certain,SP_b623d59c3b190e80ac67
PERSON_HAMAMI_MOHAMED,CO_MAGASIN_GENERAL,administrateur,corporate,certain,SP_b6d86845e4787cee729c
PERSON_HAMROUNI_MUSTAPHA,CO_TUNISO_ALGERIENNE_CIMENT_DERIVES_SOTACID,administrateur,corporate,certain,SP_af9ced2de065534bd2a1
PERSON_BAYAHI_TAHER,CO_IMMOBILIERE_HAFEDH,gerant,corporate,certain,SP_843965c0acb2cb5db858
PERSON_ZOUAOUI_MOHAMED_BENABDALAH_BENAMARA_HAMROUNI,CO_TUNISIENNE_NETTOYAGES_MAINTENANCES,gerant,corporate,certain,SP_e0322ca6a1a1a9b84c9b
PERSON_ZARIAT_MOURAD,CO_ZARIAT_FILS,gerant,corporate,certain,SP_28b19458c730049549e6
PERSON_BENASR_SLIM,CO_IMMOBILIERE_ASTARTE,administrateur,corporate,probable,SP_390aaccbbd7893400fc4
PERSON_BENASR_SLIM,CO_IMMOBILIERE_ASTARTE,president_ca,corporate,probable,SP_f43ae89fdfb1923788e5
PERSON_NAJAR_MOURAD,CO_ACCESSOIRES_TEXTILES_COMPANY,gerant,corporate,probable,SP_0aff72976d193be2cc79
PERSON_BOUCHAMAOUI_MOHAMED_HICHEM,CO_AUTO_PIECES,gerant,corporate,certain,SP_e62368c6858ce0a9d7e2
PERSON_HAMAMI_ADEL,CO_SOLUTIONS_COMPOSITES,pdg,corporate,certain,SP_392083c2b16e66c86704
PERSON_TLILI_HEDI,CO_AKYES,gerant,corporate,probable,SP_0d10b8e45725ebab9774
PERSON_MATALO_MARIO,CO_GESTION_D_ANIMATION_TOURISTIQUE_ITALIA,cogerant,corporate,certain,SP_e91530712ecc1097247a
PERSON_ZOUARI_HAMADI,CO_M_FACTORY,pdg,corporate,certain,SP_7c25414bf512297e5f68
PERSON_CHAABANE_SOUHIR,CO_KINGFLEX,dga,corporate,certain,SP_98be328fd91958aba7c6
PERSON_BENSALEM_RAFAA,CO_BS_INVEST_SICAF,administrateur,corporate,certain,SP_da56c05e0e0c122e5331
PERSON_BENSALEM_KORAICH,CO_BS_INVEST_SICAF,pdg,corporate,certain,SP_75fbace364388356ec61
PERSON_KCHOUK_HEDIA,CO_ADECCO_TUNISIE,gerant,corporate,probable,SP_26ebf76ccefc94bfa5a6
PERSON_MELOUSE_MOHAMED,CO_ERRYADA_PROMOTION_IMMOBILIERE,pdg,corporate,certain,SP_78677f1bffc068f52d3c
PERSON_ELOUZE_HASIB,CO_ALTRAN_TELNET_CORPORATION,dg,corporate,certain,SP_373e3aaf9793fe764e5f
PERSON_KAMOUN_BASEM,CO_WORLD_EXPORTS_COMPANY,gerant,corporate,certain,SP_b1b2c3ca1f48d007870e
PERSON_MAHJOUB_MOHAMED_SAHBI,ORGMENTION_Société Nouvelle Oued Rihane,cogerant,corporate,certain,SP_4dc3410724d460139469
PERSON_ABDENADHER_NABIL,CO_SPEED_4ALL_TUNISIE,gerant,corporate,certain,SP_0d4780a191b9343745dc
PERSON_BENAHMED_BOURAOUI,CO_PRODUCTION_ALIMENTAIRE_SOPRAL,unspecified,corporate,probable,SP_434648384c1a0f7127cc
PERSON_BENAHMED_SADRI,CO_PRODUCTION_ALIMENTAIRE_SOPRAL,unspecified,corporate,probable,SP_154c08f81e86eac0bf5c
PERSON_BENAHMED_RIADH,CO_PRODUCTION_ALIMENTAIRE_SOPRAL,unspecified,corporate,probable,SP_7e60a2308819834ae5db
PERSON_BENAHMED_BOURAOUI,CO_PRODUCTION_ALIMENTAIRE_SOPRAL,pdg,corporate,probable,SP_4b2d57a0755637cad2f6
PERSON_KASRI_KARIM,CO_INOPLAST,dg,corporate,probable,SP_7a16d9998ee99fcb2767
PERSON_DRIS_HICHEM,ORGMENTION_Société de Stockage des Produits Pétroliers,pdg,corporate,certain,SP_38268cd61159bb857110
PERSON_FENDI_ZINE_ELABIDINE,CO_DIGITAL_TEX,association_president,corporate,certain,SP_974068b9e05bf773a742
PERSON_KSIAA_HEDI,CO_ATTIJARI_SICAR,dg,corporate,certain,SP_b1b8f6115aa40491df29
PERSON_FARSI_NASR,CO_SOCOMENIN,pdg,corporate,certain,SP_3e0e094bb83f93fc921c
PERSON_ELOUMI_SLIM,CO_GALION,administrateur,corporate,certain,SP_549ccf1d5a77bae82a42
PERSON_DERBEL_ABDELAZIZ,CO_MAGHREBIA_FINANCIERE_SICAR,pdg,corporate,certain,SP_2f2d00a5b05e1fcb5e79
PERSON_BENSEDRINE_KARIM,CO_PROMOTRAVEL,gerant,corporate,certain,SP_afbea4f8d3e5cb6f1008
PERSON_SLAMA_MONDHER,CO_MEDITERRANEAN_CONSULTING_COMPAGNY,gerant,corporate,certain,SP_2f701befc442cce6e4f2
PERSON_SASI_NEJIB,CO_SCS_MEDITERRANEE,associe,corporate,certain,SP_e2b854b55bb033d07f6a
PERSON_JENANE_MONCEF,CO_BESTOPLAST_TUNISIE,pdg,corporate,probable,SP_3abf4b70419b610a28c1
PERSON_BENSAAD_MOHAMED_HABIB,CO_COMPAGNIE_DASSURANCES_REASSURANCES_ASTREE,pdg,corporate,certain,SP_e6302319763b2c0af238
PERSON_CHAABANE_RADHOUANE,CO_SIDEQ,gerant,corporate,certain,SP_5ece916a827608b22014
PERSON_ZIDI_MONGI,CO_ARCHIMED_TUNISIE,pdg,corporate,probable,SP_8b5e8b1df110018ee5c7
PERSON_SHREINER_MAXIMILIAN,CO_JANSSEN_TUNISIE,gerant,corporate,certain,SP_7c30fe8a0e596f9b7871
PERSON_BALWEG_THOMAS,CO_JANSSEN_TUNISIE,gerant,corporate,certain,SP_8e2adadbcac8870d17ca
PERSON_BENROMDHANE_SAMIRA,CO_MEDIVET,dg,corporate,certain,SP_9d9c8890656d29a050b8
PERSON_CHAABOUNI_HEDI,CO_HYDCO,dga,corporate,certain,SP_2229a5242a5b2f7e68a4
PERSON_HAMAMI_HABIB,CO_TUNISIENNE_HYDRAULIANTS,gerant,corporate,certain,SP_77a8a1f10451f8e33bec
PERSON_CHAABANE_RIADH,CO_SOCAM,gerant,corporate,certain,SP_f6d9c42c192824a62083
PERSON_TEFJANI_RACHID,CO_RAYEN,cogerant,corporate,certain,SP_0e72d07873386e7eb80f
PERSON_BOURICHA_JALEL,CO_TOURISTIQUE,administrateur,corporate,certain,SP_9edb87882c62097045f3
PERSON_ABDENADHER_AMEUR,CO_ANDY_ENGINEERING_TUNISIA,gerant,corporate,certain,SP_17f4eb68f43bcdff58af
PERSON_MABROUK_WALID_BENSLAHEDINE,CO_RAMSIS_IMPORT_EXPORT,gerant,corporate,certain,SP_c943ef5c361ffdfcab9a
PERSON_CHAABANE_MAHER_BENABDELHAMID,CO_GREGOIRE,gerant,corporate,certain,SP_d141fabf85fbbd65a5f0
PERSON_MHIRI_SAMI,CO_HOTELIERE_EL_KANTAOUI,pdg,corporate,probable,SP_59f1841483ab6c55137c
PERSON_ZOUARI_RAFIK,CO_ATLAS_THEMA_DISTRIBUTION,gerant,corporate,certain,SP_a3f244d58ac6ee41f112
PERSON_BOUSBIA_MOHAMED,CO_MISE_EN_VALEUR_DEVELOPPEMENT_AGRICOLE_AROUSSIA_EL_BEYA,pdg,corporate,certain,SP_195ef46c9063a53c26eb
PERSON_BENAYED_ABDELWAHEB,CO_POULINA,pdg,corporate,certain,SP_5b0c527f53de2f90e229
PERSON_MHIRI_SAMI,CO_SUN_SHINE_HOLIDAY_GROUP,gerant,corporate,certain,SP_10f5e6e1d3676d386024
PERSON_BENAYED_AMINE,CO_TUNISIENNE_FILTRES_MISFAT,dg,corporate,certain,SP_84ef34b447541db0902f
PERSON_MHIRI_SAMI,CO_DINVESTISSEMENTS_HOTELIERS_EL_MOURADI,pdg,corporate,certain,SP_ae7154bf2273ef338a2f
PERSON_ZOUARI_RAFIK,CO_RELATIONS_INTERNATIONALES_TUNISIE,dg,corporate,certain,SP_ea7e9e0a90162fdec9bc
PERSON_MHIRI_MOURAD,CO_HOTELIERE_EL_MOURADI_GOLF,pdg,corporate,probable,SP_45f6a1cd8d1c9d9ce13e
PERSON_VACHE_YVON,CO_SCORING,cogerant,corporate,certain,SP_e4481da8924869f40d73
PERSON_BENAYED_MOHAMED_EZINE,CO_CERAMIQUE_CHEBEDDA_SOCER,association_president,corporate,certain,SP_bcc5ed69cd20f9cc94ae
PERSON_SASI_CHOKRI,CO_PLAISANCE_NAUTIQUE,gerant,corporate,certain,SP_34f4e766b9b281ede1ee
PERSON_SLAMA_HABIB,CO_SLAMA_BATIMENT,gerant,corporate,certain,SP_beb58e9408e018903f00
PERSON_HSAIRI_MOHAMED,CO_CHAUSSURES_PALACE,gerant,corporate,certain,SP_45707657b14e4f4ea634
PERSON_SASI_FOUED,CO_FREE_STYLE_TRAVEL,gerant,corporate,certain,SP_e3788f45847342264da7
PERSON_ESID_ZOUHEIR,CO_GRES_CERAMIQUES_CAP_BON,pdg,corporate,probable,SP_5d767c23f028a5b9d788
PERSON_MHIRI_MOURAD,CO_TRADE_AND_RETAIL,pdg,corporate,certain,SP_5d436bd12a0826126dff
PERSON_MOUTERDE_ALAIN,ORGMENTION_Cet avis a été publié aux journaux El Horria et le Renouveau,administrateur,corporate,certain,SP_d895e159ece8215ef2d6
PERSON_QUERCI_GENEVIEVE,ORGMENTION_Cet avis a été publié aux journaux El Horria et le Renouveau,administrateur,corporate,certain,SP_19d17a46b2d75aa52208
PERSON_KRIA_MOHAMED_ABDELMONEM,CO_POLYJUMBO,pdg,corporate,probable,SP_ed7d41cbbdb3ccbc0179
PERSON_BENMARZOUK_SAMI,CO_CHAFRA_TUBES,gerant,corporate,certain,SP_005c9576cf3835cca2a2
PERSON_MHIRI_KHALED,CO_KAREK_DISTRIBUTION,gerant,corporate,certain,SP_869630cff78f75cd673d
PERSON_CHERAIT_ABDERAZEK,CO_PHILIPS_TUNISIENNE_DECLAIRAGE,administrateur,corporate,probable,SP_f253faf9d20e9841e95d
PERSON_MHIRI_MOURAD,CO_TOURISTIQUE_EL_MOURADI,pdg,corporate,probable,SP_a77e9d598e3f96dac01d
PERSON_BENROMDHANE_SALEM,CO_TOURISTIQUE_EL_MOURADI,unspecified,corporate,certain,SP_0ce592079e3a259f0028
PERSON_KAFEL_MOHAMED_RACHID_RAFIK,CO_RECOPNEU_RECOPNEU_ALPHA,administrateur,corporate,probable,SP_27b727af16f85bc9bf2d
PERSON_CHAGHAL_LOTFI,CO_RECOPNEU_RECOPNEU_ALPHA,dga,corporate,probable,SP_d00f0a04ff76840b27ad
PERSON_HAMAMI_BOCHRA,CO_GENERALE_QUINCAILLERIE,gerant,corporate,certain,SP_d98fe03f365bd074f986
PERSON_KALAI_MOHAMED,CO_PATRIMOINE,dg,corporate,probable,SP_3427a438a19ea10bf6a4
PERSON_BENSALEM_KORAICH,CO_SICAF_BS,administrateur,corporate,certain,SP_ea7f344d290867c13f8b
PERSON_BENSALEM_ZAKARIA,CO_SICAF_BS,administrateur,corporate,certain,SP_85d58d444c218135582f
PERSON_BENSALEM_RAFAA,CO_SICAF_BS,administrateur,corporate,certain,SP_4151b29feee95e662ecb
PERSON_BENSALEM_KORAICH,CO_SICAF_BS,pdg,corporate,certain,SP_a289fa204688140e1a3f
PERSON_PECASTAINGS_FREDERIC,CO_MAGHREB_FINANCIERE,dg,corporate,certain,SP_5a4b8b420859027c8651
PERSON_MABROUK_ISMAIL,CO_MAGHREB_FINANCIERE,pdg,corporate,certain,SP_49b8d1b7c963601fada6
PERSON_HAMAMI_HICHEM_BENMOULDI,CO_ESPACE_EL_MEHRI_LAFRAH,gerant,corporate,certain,SP_cb29cec382301bda8a24
PERSON_MABROUK_ABDERAOUF,CO_ARMADIS,gerant,corporate,certain,SP_0bade02ff2e9e2af11f4
PERSON_MABROUK_IMED,CO_IRAMIS,gerant,corporate,certain,SP_bbc1cf30769e876b516a
PERSON_MABROUK_MOHAMED,CO_TUNISIE_TRAVAUX,gerant,corporate,certain,SP_38cfbd8a1a50421e596e
PERSON_AYED_ABDELJLIL,CO_CAP_SICAF,pdg,corporate,certain,SP_3ea9d91cafe9c6cce4b2
PERSON_HAMILA_TAREK_BENYASINE,CO_YKH_HOLDING,pdg,corporate,certain,SP_e69bb0f044db2bceed38
PERSON_HAMROUNI_KHEIREDINE,CO_SICAF,administrateur,corporate,certain,SP_6935cf6dac7d5fc8ac06
PERSON_BENAYED_ABDESALEM,CO_DEMAT,pdg,corporate,certain,SP_f9cb0bf7f27ec125fb66
PERSON_SASI_ISAM,CO_AQUA_TUNISIE,gerant,corporate,certain,SP_45e07d3bdc6972382dfd
PERSON_MAJDOUB_SALEM,CO_MEDITERRANEE_TEXTILES,gerant,corporate,certain,SP_317eb2ba75201a9ac7bd
PERSON_DRIS_HEDI,CO_SODRIBOIS,gerant,corporate,certain,SP_ac750e8867bc954e7206
PERSON_DRIS_MHAMED,ORGMENTION_Sousse,administrateur,corporate,probable,SP_65f2e0b15dd51faa45f7
PERSON_ELABED_MOUNIR,CO_SUCRERIE_EL_ABED,president_ca,corporate,certain,SP_d0ba0b627c538e2a4213
PERSON_BOULAARES_HAMZA,CO_BON_PIN_ITALIA,gerant,corporate,certain,SP_711ffb0b25db55d862e6
PERSON_MAGIORE_PAOLO,CO_SATI_SOLAR_TUNISIA,gerant,corporate,probable,SP_77021ab9dc09cce615c6
PERSON_MAGIORE_PAOLO,CO_SATI_SOLAR_TUNISIA,gerant,corporate,probable,SP_77021ab9dc09cce615c6
PERSON_MAGIORE_PAOLO,CO_SATI_SOLAR_TUNISIA,gerant,corporate,probable,SP_77021ab9dc09cce615c6
PERSON_KAMOUN_FADOUA_CHAABENE,CO_CHAABANE_PROPRIETES_SERVICES,gerant,corporate,certain,SP_8e3e7edc54ddd1d9dba2
PERSON_MOUMNI_MOHAMED,CO_CONCEPT,gerant,corporate,certain,SP_ec17485a324cec68f55a
PERSON_HAMAMI_ABDELAZIZ,CO_SUD_INVEST,dg,corporate,certain,SP_f1f3880f3171f2490919
PERSON_JENANE_MONCEF,CO_CENTRALE_IMMOBILIERE_LAVENUE,unspecified,corporate,certain,SP_a91f4b2b4199ff84f29f
PERSON_MZABI_MZOUGHI,CO_CENTRALE_IMMOBILIERE_LAVENUE,unspecified,corporate,probable,SP_ca5515cd3af74e7f04c8
PERSON_MZABI_MOHAMED_SADOK,CO_CENTRALE_IMMOBILIERE_LAVENUE,unspecified,corporate,probable,SP_b9b6c8b9afc965ae45f8
PERSON_JENANE_MONCEF,CO_CENTRALE_IMMOBILIERE_LAVENUE,pdg,corporate,certain,SP_297ff56a2bb63490f724
PERSON_ABIDA_RIADH,CO_SIDCO_SICAR,pdg,corporate,certain,SP_770a5074c15fa70ae14d
PERSON_FRIKHA_MOHAMED,CO_PLM_SYSTEMS,associe,corporate,certain,SP_8cf7b00a0d1f5893a355
PERSON_FRADI_MOHSEN,CO_TIBILETTI_TUNISIE,gerant,corporate,certain,SP_47152548699f8c81cf4a
PERSON_KAROUI_YOUSEF,CO_CAP_SABLE,administrateur,corporate,certain,SP_82ac6afbe4192b2922d4
PERSON_DJEDIDI_YOUNES,CO_FONDERIE_YOUNES,gerant,corporate,probable,SP_2d4f888c5c9db9bc5e55
PERSON_CHAABANE_NEJIB,CO_GESTION_TOURISTIQUE_RIHAB,cogerant,corporate,certain,SP_9a266f7bf7ba55e34788
PERSON_SLAMA_HASEN,CO_GALERIE_MACHINES_OUTILS,gerant,corporate,certain,SP_208be9c95ab57c943d9a
PERSON_BENGHAZI_AHMED,CO_AXIS_CAPITAL_BOURSE,administrateur,corporate,probable,SP_d1fab1eecdd2e214ad28
PERSON_ABDENADHER_HATEM,CO_TANIT_DEV,liquidateur,corporate,certain,SP_c5e93d55c888c835f8c1
PERSON_TRABELSI_MOHAMED,CO_CLEOPATRE_SERVICES_INFORMATIQUE,gerant,corporate,certain,SP_25b90541a5ad87dfca08
PERSON_BENAYED_TAOUFIK,CO_MED_OIL_COMPANY,president_ca,corporate,certain,SP_c5ff4fe2df030514284c
PERSON_BENAMAR_MOURAD,CO_SERVICES_AGRICOLES_AL_MOSTAKBAL,administrateur,corporate,certain,SP_6b9244acf7dff9dbe786
PERSON_BENAMAR_MOURAD,CO_SERVICES_AGRICOLES_AL_MOSTAKBAL,pdg,corporate,probable,SP_b8fb513645f99d624b3c
PERSON_OSCAR_RUBEN,CO_EUROWIND_TUNISLA,gerant,corporate,certain,SP_210d75ce5732e025f08f
PERSON_ESASI_ABDELAZIZ,CO_D_ETUDE_DEVELOPPEMENT_INDUSTRIEL,gerant,corporate,certain,SP_ef0428ca3d56d91af88d
PERSON_HORCHANI_SAMIR,CO_INTER_LINK_FRESH_COMPANY,gerant,corporate,certain,SP_b08a11f12bd8ba7f5715
PERSON_ABDENADHER_EMNA,CO_ABDENNADHER_MOLKA_EXPORT_SAME,gerant,corporate,certain,SP_b98217398e193d7518f5
PERSON_KOOLI_ABDELAZIZ,CO_FERZ,gerant,corporate,certain,SP_bf458295c1ec28e4d3a7
PERSON_BOUJBEL_MOHSEN,"ORGMENTION_Société d'Etudes, de Formation & d'Assistance à la Gestion S",administrateur,corporate,certain,SP_007bd9fbf0cf2ff370da
PERSON_BOUJBEL_SAID,"ORGMENTION_Société d'Etudes, de Formation & d'Assistance à la Gestion S",administrateur,corporate,certain,SP_e6bb17bba9991d8c7c79
PERSON_BOUJBEL_ZOUHEIR,"ORGMENTION_Société d'Etudes, de Formation & d'Assistance à la Gestion S",administrateur,corporate,certain,SP_6caa24958d0894199102
PERSON_BENSALAH_AMOR,CO_MOHAMED_TEX,administrateur,corporate,certain,SP_fb6111317e3909de5e37
PERSON_BENSALAH_ABDELHAKIM,CO_MOHAMED_TEX,administrateur,corporate,certain,SP_5bdc8614531cd89536a1
PERSON_BENSALAH_AMOR,CO_MOHAMED_TEX,pdg,corporate,certain,SP_16dde7958728105aed3d
PERSON_STAALI_AIDA,CO_STAALI_CONFECTION,gerant,corporate,certain,SP_e2588ce1ffbc581cd03c
PERSON_JENDOUBI_KAMEL,CO_SICAV_CROISSANCE,pdg,corporate,certain,SP_36e129ea51749f43d797
PERSON_GUERMAZI_MOHAMED,CO_BOURSE_TUNISIE,administrateur,corporate,probable,SP_b47bf343eb39f38e0b6a
PERSON_ZEGHAL_SLIM,CO_FZ_HOLDING,administrateur,corporate,certain,SP_0eaa0cdb55b985a86a43
PERSON_ZEGHAL_SLIM,CO_FZ_HOLDING,pdg,corporate,certain,SP_a9ba9807f93895e8ccab
PERSON_SASI_KHALED,CO_NOVATIVE,gerant,corporate,certain,SP_481af1dab3aadee46c5e
PERSON_SCHINTGEN_MARC,CO_PRODUCTION_INTER_CIE,gerant,corporate,certain,SP_384738b3fdf30eaa5111
PERSON_BENGHORBAL_NACEUR,ORGMENTION_Société Papeterie du Belvédère,pdg,corporate,probable,SP_85ba4c07ad90b94591d1
PERSON_MELOULI_SONIA,ORGMENTION_Société Papeterie du Belvédère,administrateur,corporate,certain,SP_79cc340f69d04b3216a1
PERSON_HAMAMI_RIADH,CO_GENERALE_PRODUITS_LAITIERS,gerant,corporate,certain,SP_db18cdfa816c78579026
PERSON_DRIS_CHOKRI_BENBRAHIM,CO_EURAFRICAINE_BREDERO,unspecified,corporate,certain,SP_d79f8231ce40bdca5203
PERSON_SASI_HOUCINE,CO_INFORMATIQUE_PROFESSIONNELLE,gerant,corporate,certain,SP_188b69cbe68adce4629e
PERSON_BLANGI_FAOUZI,CO_TUNISIE_HUILE,gerant,corporate,certain,SP_5b383d35e94ebf614915
PERSON_TRIKI_DONIES,CO_RANA_MEUBLE,gerant,corporate,certain,SP_d3927b115896729d609e
PERSON_HAMROUNI_MOHAMED_NEJIB,CO_SOCOMER,gerant,corporate,certain,SP_3ad659c8dae9544d177a
PERSON_RAJHI_ABDELKARIM,CO_AMAL_GROUP,gerant,corporate,probable,SP_b0e89c2a03aa24e3065f
PERSON_YAICHE_NIZAR,CO_YSTRAT,gerant,corporate,certain,SP_615b779bc6ce3c5398d3
PERSON_ABDERAHIM_SOUAD,CO_OXYCHEM,gerant,corporate,certain,SP_5ae9db31e76ff55c703e
PERSON_MEZGHANI_ALI,CO_SOTUPROM,gerant,corporate,certain,SP_350a2e473bcbd7af87ab
PERSON_SASI_MOHAMED,CO_TOUAREG,gerant,corporate,certain,SP_30854233b665570b165b
PERSON_SASI_MEHDI,CO_PHONE_MARKETING,gerant,corporate,certain,SP_17f618a0b6f528aceed4
PERSON_ZOUARI_ABDELKADER,CO_PATISSERIE_AZZOUZ,gerant,corporate,certain,SP_408840585be518d674a5
PERSON_ZITOUNI_MOUNAOUAR,CO_ZITEX,gerant,corporate,certain,SP_676c3e25aaad2869ef26
PERSON_AREM_JAMEL,CO_TUNISIENNE_DEQUIPEMENT_STEQ,administrateur,corporate,probable,SP_934995cd91460deb31f9
PERSON_AREM_MOHAMED_WALID,CO_TUNISIENNE_DEQUIPEMENT_STEQ,administrateur,corporate,certain,SP_b47053da1b44e4824bc9
PERSON_AREM_MEHDI,CO_TUNISIENNE_DEQUIPEMENT_STEQ,administrateur,corporate,certain,SP_d13a3c1e9195c9d01fc4
PERSON_AREM_JAMEL,CO_TUNISIENNE_DEQUIPEMENT_STEQ,president_ca,corporate,certain,SP_620165f16f9fa1585429
PERSON_KADOUR_KHALED,CO_ITALO_TUNISIENNE_DEXPLOITATION_PETROLIERE_SITEP,pdg,corporate,certain,SP_64c289b6bd26b55b953d
PERSON_GUEDOUAR_SONIA,CO_CITIBANK,dg,corporate,certain,SP_8da9614e7a0dcd56274d
PERSON_MABROUK_MOHAMED_ALI,CO_TUNISIENNE_PARTICIPATION_GESTION,pdg,corporate,certain,SP_ed710d8ff73b8b50f245
PERSON_CHAIBI_TAOUFIK,CO_BISCUITERIE_MEDITERRANEENNE,president_ca,corporate,certain,SP_af34249336d4d17b1e5c
PERSON_ALOULOU_IMEN_TRIKI,CO_OPTICAL_SOURCING,gerant,corporate,certain,SP_590365d96f9ae0b899ae
PERSON_ZNAIDI_JAMELEDINE,CO_ZNAIDI_INDUSTRIES_ALIMENTAIRES_ZINA,cogerant,corporate,certain,SP_3b7f0486a08bdfd2e86b
PERSON_DRIS_MOHAMED_SABRI,CO_STYLE_ITALIEN,gerant,corporate,certain,SP_48cc41b16ea21cc2c32b
PERSON_SELAMI_AHMED,CO_SELLAMI_TRANSIT,gerant,corporate,certain,SP_2686938f8ce02b4bc781
PERSON_MANAI_DHAMIR,CO_CYBER_SECURITY_LAB_27,gerant,corporate,certain,SP_1d9228fa654b66b20cdd
PERSON_SASI_CHOKRI,CO_CERAMIQUE_INDUSTRIE,pdg,corporate,certain,SP_d1e7fc18b2bc0b1cd058
PERSON_KILANI_KARIM,CO_IMMOBILIERE_VAGUE,cogerant,corporate,certain,SP_8229834e95e7f7a5e75c
PERSON_BAABOURA_ALI,CO_MEDIGEL,gerant,corporate,certain,SP_3f341d1416324c0a038d
PERSON_BENSEDRINE_KAIS,CO_21_LOGIX,gerant,corporate,certain,SP_56cfdb406f7d8ef2e998
PERSON_ZOUARI_MOEZ,CO_AGRICOLE_ALFARAJ,gerant,corporate,certain,SP_8830c95d56e419a98585
PERSON_DOGHRI_NEJIB,CO_ENGRAINS_PRODUITS_CHIMIQUES_A_MEGRINE,pdg,corporate,probable,SP_ddf39db244105a696ae5
PERSON_DOGHRI_MONCEF,CO_ENGRAINS_PRODUITS_CHIMIQUES_A_MEGRINE,dga,corporate,probable,SP_cd8c5c803dfcc4329682
PERSON_KHAMASI_MOHAMED_BECHIR,CO_DAR_EL_FOUNOUN,gerant,corporate,certain,SP_61daac5998b0f0092ad5
PERSON_ZRIBI_KHALED,CO_TRAVAUX_SERVICES,gerant,corporate,certain,SP_f943520be363f1422cde
PERSON_SLAMA_ALI,CO_DIGITAL_PRODUCTION_DIGIPRO,administrateur,corporate,probable,SP_db4638116ed0a16b4172
PERSON_SLAMA_RIDHA,CO_DIGITAL_PRODUCTION_DIGIPRO,administrateur,corporate,probable,SP_8fe0a493cd585f797034
PERSON_SLAMA_RIDHA,CO_DIGITAL_PRODUCTION_DIGIPRO,president_ca,corporate,probable,SP_a35079a61393567a2ccc
PERSON_ABDENADHER_CHOKRI,CO_SECI,gerant,corporate,certain,SP_0f8994afa40a1e99f3be
PERSON_MHIRI_MOURAD,CO_TOURISTIQUE_THERMALE_KROUMIRIE,pdg,corporate,probable,SP_8cf26dbb8d5c11ba67f3
PERSON_KAMOUN_HEDI,CO_TIL_CONSULTING,gerant,corporate,certain,SP_52685b1ca97bb9cec0e7
PERSON_CHERPION_FRANCOIS,CO_CIMENTS_DENFIDHA,dga,corporate,certain,SP_268a080f720482e6d38d
PERSON_BOUZGUENDA_MOHAMED,CO_INDUSTRIE_TECHNIQUE,president_ca,corporate,certain,SP_a230530fae5f0ebd84da
PERSON_KOUBAA_THAMEUR,CO_INDUSTRIE_TECHNIQUE,dg,corporate,certain,SP_ffb055b469c8670d6603
PERSON_YAHIA_YASINE_BENHADJ,CO_INTERPLASTIC,pdg,corporate,certain,SP_e73344a7194756b0ae50
PERSON_DJILANI_MOHAMED_HECHMI,CO_CONFECTION_RAS_JEBEL,member,corporate,certain,SP_dee598ec7cab99f3ce8e
PERSON_TRIKI_WAJDI,CO_ARCHI_MOD,gerant,corporate,certain,SP_8b7edf710d359e89eff6
PERSON_CHAABANE_MALIKA,CO_SOMACOB_SUD,gerant,corporate,certain,SP_565fa2ffbf882439271f
PERSON_HAMAMI_NOUREDINE,CO_BARKA_SHOES,gerant,corporate,certain,SP_af42337fa6cd7cf8da43
PERSON_ELOUMI_FAOUZI,CO_COFAT_MATEUR,pdg,corporate,certain,SP_2718030e683d470767a7
PERSON_CHEBI_MONCEF,CO_MED_WOODS,dg,corporate,certain,SP_656728b5e04c15d40c6b
PERSON_ZOUARI_SAIDA,CO_INDUSTRIES_MATERIAUX_CONSTRUCTION_BOMAR,administrateur,corporate,certain,SP_6388b8463aadc0facced
PERSON_ZOUARI_NEDRA,CO_INDUSTRIES_MATERIAUX_CONSTRUCTION_BOMAR,administrateur,corporate,certain,SP_d5f38788a67b24cb0107
PERSON_STA_LAZHAR,CO_GRANDS_CARRIERES_NORD_TRADE_GCN_TRADE,pdg,corporate,certain,SP_930b0058d881d4c0788e
PERSON_TRIKI_MOHAMED,CO_PALM_LINKS_IMMOBILIERE,dg,corporate,certain,SP_4a0105d114932fa3354f
PERSON_ELOUMI_HICHEM,CO_COFICAB,gerant,corporate,probable,SP_80939d13dc952217a05b
PERSON_HAMDI_SALEM,CO_CAFE_RESTAURANT_OLIVETTE,gerant,corporate,certain,SP_c0441aac667c2ce9092e
PERSON_SASI_ABDELWAHEB,CO_MEDITERRANEAN_GENERAL_INDUSTRIE,gerant,corporate,certain,SP_710fcdc5ef5b740ce6e9
PERSON_TRIKI_SAMEH_NEJIB,CO_INTERNATIONALE_MARITIME_INTERMAR,administrateur,corporate,certain,SP_45e57e28f72eb3357ff2
PERSON_MZABI_MZOUGHI,CO_PALM_AZUR,pdg,corporate,certain,SP_bfbd73e28b1991e8e55b
PERSON_MZABI_MZOUGHI,CO_MAGHREB_INVEST_SICAF,pdg,corporate,certain,SP_4719ba7f19ea66334d48
PERSON_TEFJANI_RACHID,CO_RAYEN,gerant,corporate,certain,SP_5bb02732a95dfb75314d
PERSON_BOUGUENA_ABDELHAMID,CO_GOLDEN_EXPORT,pdg,corporate,certain,SP_a4baa31c18b9be599026
PERSON_KAMOUN_KHEDIJA_LASRAM,CO_ZMORDA_CULTURE_LOISIRS,gerant,corporate,certain,SP_95b4ab6fab3c6fc562c1
PERSON_ELFEKI_MOHAMED_SAMI,CO_ITALO_TUNISIENNE_DACCESSOIRES_DALUMINIUM_SITAL,associe,corporate,certain,SP_d12478bfa9c237c10e8a
PERSON_GUERMAZI_MOHAMED,CO_PLACEMENTS_TUNISIE_SICAF,administrateur,corporate,certain,SP_910cc400b207f527c0c3
PERSON_KAMOUN_HABIB,CO_DEXPLOITATION_AGRICOLE_BEN_MEFTAH_CIE,gerant,corporate,probable,SP_46fd34bc121b1aaeb0a7
PERSON_SAADI_MOHAMED_SALAH,CO_L_IMMOBILIERE_MONOPRIX,pdg,corporate,certain,SP_865b67da4bc4b648ffea
PERSON_LUIGIA_ZARATA_MARIA,CO_ITALIAN_MOD,gerant,corporate,certain,SP_70d54ecf0f474bccfe56
PERSON_MHIRI_SAMI,CO_EL_MOURADI_POUR_COMMERCE,gerant,corporate,probable,SP_48f3718165d475a7ef5a
PERSON_HAMROUNI_SAIDA,CO_SOLDAINI_VENTE_EN_GROS,unspecified,corporate,certain,SP_41ad9230a5b42b5c1993
PERSON_BLAGUI_JIHENE,CO_ALUVERI_ITALIA,gerant,corporate,certain,SP_19274f95dc9a0f55c0ea
PERSON_ORTENZI_ANGELO,CO_CASA_ITALIA,gerant,corporate,certain,SP_9987a439e0aca12c2d03
PERSON_AZABI_SLIM,CO_KYAT_TUNISIE,gerant,corporate,certain,SP_cc56a8656e3d106a36a0
PERSON_CHAABANE_ALI,CO_TAKAPES_SERVICES,gerant,corporate,certain,SP_14bec58a4a9cdc04abf5
PERSON_ABAS_FERID,ORGMENTION_CARGO TRAIL SA,administrateur,corporate,certain,SP_20673970669853ca2051
PERSON_ABAS_HAMADI,ORGMENTION_CARGO TRAIL SA,president_ca,corporate,certain,SP_f6e50cd6621e1e69ba92
PERSON_ABAS_SADREDINE,ORGMENTION_CARGO TRAIL SA,dg,corporate,certain,SP_7ad6b92210702022171b
PERSON_ABDELKEFI_MOHAMED_FADHEL,CO_INTEGRA_IMMOBILIERE,gerant,corporate,certain,SP_d9688c1822217fd9f3f4
PERSON_KARAY_LASAAD,CO_MAGHREB_TRADING,gerant,corporate,certain,SP_2797a3d5d402030683b0
PERSON_SLAMA_AMOR,CO_JINANE_SLAMA,pdg,corporate,certain,SP_98c01806751caa02f70b
PERSON_MABROUK_NAJEH,CO_DELTA_TRADING,gerant,corporate,certain,SP_933b18029b0121c133d2
PERSON_MAHJOUB_MOHAMED,ORGMENTION_Société Agromillora Méditerranée,dg,corporate,probable,SP_6c5b0196236ef30999ee
PERSON_BEYRAKDAR_HATEM,CO_TECHNOGAS,pdg,corporate,certain,SP_6a896326dc38e1f9be64
PERSON_ZOUARI_FERID,CO_TUNISIE_ASSISTANCE,gerant,corporate,certain,SP_fb901ae5166ccba1146f
PERSON_AREM_MAHMOUD,CO_IPAAC_DISTRIBUTION,gerant,corporate,certain,SP_86950a9f8e9af08cf9c0
PERSON_ALAYA_ADNEN,CO_EMC_PLUS,gerant,corporate,certain,SP_27642ebfde7c26e0f77e
PERSON_JAZIRI_MOHAMED,CO_CHAUDRA,cogerant,corporate,certain,SP_0a21f0404071924b5018
PERSON_SASI_MOHAMED,CO_HIGH_BUSINESS_SOLUTION,gerant,corporate,certain,SP_bfb3588a7b84d69f267c
PERSON_KHEMIR_HOUSEM,CO_ALTUTEX_COMPANY,gerant,corporate,certain,SP_30c7bf7d306b9a4eca58
PERSON_SASI_CHAIMA,CO_MULTIVENT,gerant,corporate,certain,SP_3f66d6a231bec199d6c2
PERSON_TRABELSI_MOHAMED,CO_GOLDEN_SAPHIR,gerant,corporate,certain,SP_0bf936b28d9a3ee8137d
PERSON_TRABELSI_MOHAMED,CO_SAPHIR_SERVICES,gerant,corporate,certain,SP_a33d3351e0a9278a63cd
PERSON_MABROUK_MOHAMED,CO_RITEGE_TRAVEL_SERVICE,gerant,corporate,certain,SP_ff52d46ee6a27e837809
PERSON_HUKALO_YVES,CO_PLUS_CONSULTING_ITALY,gerant,corporate,certain,SP_1e9a3dced96f788b9406
PERSON_GHARBI_LAMIA,CO_RED_BOX_ONE,gerant,corporate,certain,SP_d441bb6c2eafbdb7eb37
PERSON_TRABELSI_MOHAMED,CO_TRABELSI_COMMERCE_INTERNATIONAL,gerant,corporate,certain,SP_b9d97ae325ce966edf06
PERSON_ELOUMI_HICHEM,CO_SOTEE,pdg,corporate,certain,SP_c2c5155555aff6c3ccbe
PERSON_OMRI_SALAH,CO_TUNISIENNE_EMBALLAGES_MODERNES,pdg,corporate,certain,SP_d6b03550c438b668846b
PERSON_BAYAHI_YAHIA,CO_COMPAGNIE_FINANCIERE_D_INVESTISSEMENT,pdg,corporate,certain,SP_3fbae5bb8c1811b38284
PERSON_DRIS_MHAMED,CO_AVICOLE_SAHEL_SAS,administrateur,corporate,probable,SP_f8de761c3c6519cfd1e7
PERSON_SLAMA_ALI,CO_INJECTION_PLASTIQUE_SIP,gerant,corporate,certain,SP_5b7cea846007948c5582
PERSON_YAHIA_ELYES_BENHADJ,ORGMENTION_TARSIS - SA,pdg,corporate,certain,SP_90b2566e60afdc93717d
PERSON_DRIS_DRISI,CO_IDEAL_CLEAN,gerant,corporate,certain,SP_69161fcdecfd7e2090ea
PERSON_MZABI_SAMI,CO_IMMOBILIERE_RICHELIEU,gerant,corporate,certain,SP_f323ded46360487a83f5
PERSON_BENHAMIDA_MONCEF,CO_AKOUDA_LINGERIE,gerant,corporate,certain,SP_43b033927dfe2b3932f0
PERSON_SELAMI_MONCEF,CO_TUNISIAN_TELECOM_ELECTRIC,administrateur_delegue,corporate,certain,SP_f40c4c8ca93cc994582f
PERSON_BOURICHA_MOHAMED_TAHER,CO_AGENCE_MARITIME_TAHER_BOURICHA_CIE,president_ca,corporate,certain,SP_8cd1a567ecd6fd7a0001
PERSON_BOURICHA_SONIA,CO_AGENCE_MARITIME_TAHER_BOURICHA_CIE,dg,corporate,certain,SP_8108fcd219aa470529d6
PERSON_BOURICHA_MOHAMED_TAHER,CO_AGENCE_MARITIME_TAHER_BOURICHA_CIE,unspecified,corporate,certain,SP_51e281fca684ef49d033
PERSON_BOURICHA_MOHAMED_HEDI,CO_AGENCE_MARITIME_TAHER_BOURICHA_CIE,unspecified,corporate,certain,SP_bf866490485cf8bd7ab3
PERSON_BOURICHA_SONIA,CO_AGENCE_MARITIME_TAHER_BOURICHA_CIE,unspecified,corporate,certain,SP_2c6799faddb80425ebf0
PERSON_CHAABANE_SARAH,CO_SARAH_CONFECTION_SARCO,pdg,corporate,certain,SP_e965fd7c63cee4e89731
PERSON_OUALHA_MOHAMED,CO_LUXIAME,gerant,corporate,certain,SP_f28456b6759fc282783e
PERSON_TRABELSI_RENE,CO_ROYAL_FIRST_HOTELS,gerant,corporate,certain,SP_d4e592ebdaafa48cc5c8
PERSON_JOMAA_ABDERAZEK,CO_MINOTERIES_INDUSTRIES_DIVERSES_SIMID,administrateur,corporate,probable,SP_6cc5f5225dec20f894a8
PERSON_JOMAA_KAIS,CO_MINOTERIES_INDUSTRIES_DIVERSES_SIMID,administrateur,corporate,probable,SP_d88e54ff73747211277c
PERSON_JOMAA_MOHAMED_ALI,CO_MINOTERIES_INDUSTRIES_DIVERSES_SIMID,administrateur,corporate,certain,SP_1f552b99f0e1d55c153f
PERSON_JOMAA_ABDERAZEK,CO_MINOTERIES_INDUSTRIES_DIVERSES_SIMID,pdg,corporate,certain,SP_9cdd292d71a06dc3d17f
PERSON_DJILANI_MOHAMED_HECHMI,CO_FINANCES_INVESTISSEMENTS_SICAF,administrateur,corporate,certain,SP_6361083df68e201912dd
PERSON_DJILANI_MOHAMED_HECHMI,CO_FINANCES_INVESTISSEMENTS_SICAF,dga,corporate,certain,SP_5612e57f7b5fa9e04332
PERSON_DJILANI_MOHAMED_HECHMI,ORGMENTION_Adjoint de la société,administrateur,corporate,certain,SP_ab5591c189b611d25b0f
PERSON_ESEGHAIER_ABDELKADER,ORGMENTION_Adjoint de la société,pdg,corporate,certain,SP_406e3ae1bf504c99411b
PERSON_DJILANI_HEDI,ORGMENTION_Adjoint de la société,dga,corporate,certain,SP_1d0f4a68e9d4882492e5
PERSON_DJILANI_MOHAMED_HECHMI,"ORGMENTION_2, Rue Hédi Chaker - Ariana",administrateur,corporate,certain,SP_90ace97749cb3a30d981
PERSON_DJILANI_MOHAMED_HECHMI,"ORGMENTION_2, Rue Hédi Chaker - Ariana",dga,corporate,certain,SP_24ac50eed7043740f569
PERSON_KAMOUN_MOHEDINE,CO_PROMOTION_IMMOBILIERE_CIBLE,gerant,corporate,certain,SP_3017085840130b053e38
PERSON_BAYAHI_YAHIA,CO_CETRAM_CO,gerant,corporate,certain,SP_996cd2c6667cadcff7a7
PERSON_CHAABOUNI_HEDI,CO_MATCO,gerant,corporate,certain,SP_581e1b11dbbacc4695cb
PERSON_TRIKI_SOUHIR,CO_BREF_MEDIAS_TUNISIE,gerant,corporate,certain,SP_e3180602f5e386be687e
PERSON_DJILANI_MOHAMED_HECHMI,CO_CONFECTION_RAS_JEBEL,dga,corporate,certain,SP_476518482f8b207dbf0c
PERSON_AMARA_RAFIK,CO_MEDINET_TV,gerant,corporate,certain,SP_62d99c038ae167216ded
PERSON_HABIB_MAMDOUH,CO_TUNISIENNE_TENUE_TRAVAIL_S3T,gerant,corporate,certain,SP_09cc250f8b4241ea5c12
PERSON_BAYAHI_TAHER,CO_TUNISIE_GAZ_INDUSTRIES,administrateur,corporate,probable,SP_ed0184dbddac93b5f4a0
PERSON_BAYAHI_TAIEB,CO_TUNISIE_GAZ_INDUSTRIES,administrateur,corporate,probable,SP_10ea556d718ef6983c6d
PERSON_BAYAHI_YAHIA,CO_TUNISIE_GAZ_INDUSTRIES,pdg,corporate,certain,SP_a3b1b45e6a1554200393
PERSON_HASNI_IMED,CO_STOTCA,administrateur,corporate,certain,SP_7f2a3cf7d457211324b7
PERSON_ZOUARI_ONS_BOUTHOUR,CO_RAYAN_EVENTS,gerant,corporate,certain,SP_085ef5679443f401e9b3
PERSON_BENABDENADHER_FOUED,CO_FUTURE_INFORMATIQUE_TELECOMMUNICATIONS,gerant,corporate,certain,SP_92161f0b3ed5261b22ad
PERSON_LAADHARI_ALI,CO_SIGEMAK,gerant,corporate,certain,SP_a038ef1438dd8ae4559d
PERSON_KHLIL_HEDI,CO_SIGEMAK,cogerant,corporate,certain,SP_05313f19a459a053882d
PERSON_CHAABANE_FAHMI,CO_DENDUIT_MODERNE_BATI_SMART,cogerant,corporate,certain,SP_ff5586dbb0013e7d9907
PERSON_AREM_ABDELHALIM,CO_AREM_MEUBLE_DAMEUBLEMENT_LEMDINA_SAMA_LEMDINA,gerant,corporate,certain,SP_a08ab19465619f2d289d
PERSON_KOOLI_MOHAMED_SAMI,CO_PAPIERS_COLLECTIVITES,unspecified,corporate,certain,SP_b1a40840b7d4d1d09dfe
PERSON_BENAYED_ABDESALEM,CO_PAPIERS_COLLECTIVITES,unspecified,corporate,certain,SP_d172bcaff01c5996a429
PERSON_BENAYED_RAFIK,CO_PAPIERS_COLLECTIVITES,unspecified,corporate,certain,SP_4adaf454e5ad87efbd8a
PERSON_LOUKIL_BASEM,CO_ATELIERS_MECANIQUES_SAHEL,president_ca,corporate,certain,SP_6cc858cf68c631b69907
PERSON_GRISA_MOHAMED,CO_IMPRIMERIE_EL_ASRIA,gerant,corporate,certain,SP_06c478c3c29b2a013153
PERSON_BAYAHI_YAHIA,CO_PROMOTION_IMMOBILIERE,pdg,corporate,certain,SP_17a42c31cc2ae36e4426
PERSON_BAYAHI_YAHIA,ORGMENTION_Société Industries Investissements,pdg,corporate,certain,SP_b460e236ad918f8adff1
PERSON_HAMAMI_MOHAMED,CO_HAMMAMI_DELECTRO_MENAGER_SOHEM,gerant,corporate,certain,SP_72ece746517346e13a51
PERSON_AKOUI_TIJANI,CO_AKOUI_TEX,gerant,corporate,certain,SP_f584b7b841c5a3764572
PERSON_MAHJOUB_BECHIR,CO_ALLIANCE_PHARMA,president_ca,corporate,certain,SP_90ea1ac1a66e67d82715
PERSON_MANSOUR_HAMZA,CO_ALLIANCE_PHARMA,dg,corporate,certain,SP_92b968066e4e07bcd98e
PERSON_MANSOUR_FATMA,CO_ALLIANCE_PHARMA,dg,corporate,certain,SP_941ac0f3396b0edfbb5b
PERSON_DIMASI_ANISA_MANSOUR,CO_ALLIANCE_PHARMA,administrateur,corporate,certain,SP_649bc38ee7bdd39070fb
PERSON_HAMAMI_SOFIEN,CO_MIS,gerant,corporate,probable,SP_807ddb758025a0b06eed
PERSON_MECHRI_GLEYA,CO_MECHRI_STAR_TEX,administrateur,corporate,certain,SP_adb3df0fcb2f600b61d0
PERSON_TLIJANI_NAJIB,CO_MECHRI_STAR_TEX,administrateur,corporate,certain,SP_37c8aefde4036e8d7f3c
PERSON_GAMRA_HOUCINE,CO_MECHRI_STAR_TEX,commissaire_aux_comptes,corporate,certain,SP_3244545be6cf3b1288ed
PERSON_MECHRI_GLEYA,CO_MECHRI_STAR_TEX,pdg,corporate,certain,SP_5e169bc40c1944d8c2b3
PERSON_BAATI_ABDENADHER,CO_THALASSA_COMMERCE_INTERNATIONAL,associe,corporate,certain,SP_5d0f89f528eaf4de1155
PERSON_SAHNOUN_MOHAMED,CO_CARTHAGE_TRADING_COMPANY,gerant,corporate,certain,SP_706b3ac7348c0faf0142
PERSON_DERBEL_FAYCEL,ORGMENTION_SELECT FR UITS S,commissaire_aux_comptes,corporate,certain,SP_90bf16bace58a2761d69
PERSON_MAHJOUB_MOHAMED_SAHBI,ORGMENTION_SELECT FR UITS S,pdg,corporate,certain,SP_e31954c6c9bca39a9441
PERSON_JEBNOUN_MOHAMED_HEDI,ORGMENTION_SELECT FR UITS S,dga,corporate,certain,SP_587459e5fd37e4fa38e3
PERSON_DJILANI_MOHAMED_HECHMI,CO_CRJ_CONSTRUCTION,administrateur,corporate,certain,SP_c17b138d8fba0e421c35
PERSON_DJILANI_MOHAMED_HECHMI,CO_CRJ_CONSTRUCTION,dga,corporate,certain,SP_3a297cf313573c2a08b5
PERSON_TAVOLA_MARIA_ROSA,CO_PLASTOTECNICTUNISIE,gerant,corporate,certain,SP_f7da50b2a2ded8a039f4
PERSON_SASI_MOURAD,CO_M_2_S,gerant,corporate,certain,SP_3bf336c48bd2002be4ce
PERSON_CHARFEDINE_RIDHA,CO_BATIMENT_MODERNE,gerant,corporate,certain,SP_4c3332e4e23ec777ed4d
PERSON_BENSAAD_MOHAMED_ALI,CO_YASMINE_PROMOTION_IMMOBILIERE,gerant,corporate,certain,SP_d83ef5528670aa6adb0c
PERSON_BENSAAD_MOHAMED_HABIB,CO_YASMINE_PROMOTION_IMMOBILIERE,cogerant,corporate,certain,SP_d53c960f55aadc49618b
PERSON_BOURICHA_ABDELHAMID,CO_FRANCO_TUNISIENNE_DEVELOPPEMENT_TOURISTIQUE,administrateur,corporate,certain,SP_3775fff35ef4cc150be6
PERSON_BENARAB_AMINE,CO_MODERNE_CUIRS_PEAUX_SMCP,gerant,corporate,certain,SP_3c66f78cf8185a645f9d
PERSON_HAMROUNI_ABDERAHMAN,CO_CENTRE_CONSTRUCTION_METALLIQUE,fondateur,corporate,certain,SP_ca4965661665ffe5ede9
PERSON_HAMROUNI_ABDERAHMAN,CO_CENTRE_CONSTRUCTION_METALLIQUE,pdg,corporate,certain,SP_3f17336dfff837298db3
PERSON_HAMAMI_MONTASAR,CO_SERVICES_AERIENS,gerant,corporate,certain,SP_892f9aa2d29ac43ff2af
PERSON_MABROUK_SKANDER,CO_TUNISIAN_JANTSA,gerant,corporate,certain,SP_7b3748bdbbc751a38677
PERSON_MZABI_MOHAMED,CO_OZONE_SPARE_PARTS,gerant,corporate,certain,SP_663c0a66a54d5e437977
PERSON_QUILACQ_PHILIPE_DE,CO_VOLTEQ,gerant,corporate,certain,SP_f400f2ba9b1c9e750033
PERSON_SLAMA_ANISA,CO_IMMOBILIERE_INES_TUNISIE,pdg,corporate,certain,SP_489c31fa08d41a2ef6fb
PERSON_BENAMOR_INES_SLAMA,CO_IMMOBILIERE_INES_TUNISIE,commissaire_aux_comptes,corporate,certain,SP_e2d530f14e64e63cb90d
PERSON_ELGHOUL_HAZEM,CO_SERPHADOM,pdg,corporate,certain,SP_92f153717c31e3175773
PERSON_MABROUK_FARES,CO_STOCKAGE_TRANSPORT_CARBURANT,president_ca,corporate,certain,SP_75976e9810bebba33113
PERSON_IDRIS_KRAIEM,CO_IMMOBILIERE_MEDICAR,gerant,corporate,certain,SP_338d17a6feee59764021
PERSON_MOUAFEK_RIADH,CO_MOONA_FOOD,gerant,corporate,certain,SP_1cee9d9c5405b2d35eef
PERSON_ZOUARI_HAFEDH,CO_MAGHREBINE_TRANSPORT_TERRESTRE_INTERNATIONAL_SMTTI,pdg,corporate,probable,SP_da7fcbac7a3499a5de10
PERSON_AYADI_KHALED,CO_FLEXO_PRINT,dga,corporate,certain,SP_4cc8b93129226dccf10e
PERSON_CHAARI_MAJDI,CO_EQUIPEMENT_GENERAL_BATIMENT_EXPORT,gerant,corporate,certain,SP_5a5dec9f832a52bd39eb
PERSON_CHAIBI_MOHAMED,CO_MAGASIN_GENERAL,gerant,corporate,certain,SP_c990453f53a948f20d45
PERSON_CHAOUACHI_TAREK,CO_TRANSFORMATION_PRODUITS_ALIMENTAIRES_STPA,cogerant,corporate,certain,SP_74f551760eeefa205cb2
PERSON_MEJRI_MOHAMED_BAROUKA,CO_EL_BARAKA_SHOES,gerant,corporate,certain,SP_01f3048c50659cb7a6aa
PERSON_AMOURI_ABDERAOUF,ORGMENTION_Société d'Investissement,dg,corporate,certain,SP_db720e0799cffd77093f
PERSON_BOURICHA_SAMIR,CO_DARMEMENT_CONSTRUCTION_NAVALES_SACNA,gerant,corporate,certain,SP_b8c6fd2078e2b0accb0e
PERSON_BAYOUDH_FETHI,CO_IDEAL_BRIQUE,pdg,corporate,certain,SP_c1ef28d53f115b84cd36
PERSON_DRIS_MAAMAR,CO_PRINCESSE,gerant,corporate,certain,SP_b0c8a4b22f81cff41dc0
PERSON_BAYAHI_YAHIA,CO_PROMOTION_CULTURELLE_TOURISTIQUE_LOISIRS_EL_MELGA_JERBA_AJIM,commissaire_aux_comptes,corporate,probable,SP_9870f0013eab47b94783
PERSON_BENSEDRINE_SAMI,CO_MAHABA_POUR_PROMOTION_IMMOBILIERE,gerant,corporate,certain,SP_403f02b95943d9079203
PERSON_MHIRI_FETHIA,CO_PRO_WELLNESS,gerant,corporate,certain,SP_5e93f7aac6e378c16bfd
PERSON_SASI_JAWHAR,CO_D_ETUDE_BATIMENT_CARRIERES_SETBAT,gerant,corporate,certain,SP_fd8cb98acb4ca710c054
PERSON_JEBNOUN_HEIFA,CO_BNCO,representant,corporate,certain,SP_b4d476e06c6fce2f3ba3
PERSON_ZOUARI_HAFEDH,CO_MAGHREBINE_TRANSPORT_TERRESTRE_SMTT,pdg,corporate,probable,SP_47c8e6da605bc7a3d7f3
PERSON_BENAYED_TAOUFIK,CO_BRIQUETERIE_BIR_MCHERGA,president_ca,corporate,certain,SP_9bd340f2c3800609957a
PERSON_KETARI_TAIEB,CO_BRIQUETERIE_BIR_MCHERGA,dg,corporate,certain,SP_0c421fcc6638057235c3
PERSON_BENYOUNES_KAMEL,CO_EL_WIFAK,gerant,corporate,certain,SP_9bfb1adb008f351ee50b
PERSON_ZOUARI_HAFEDH,CO_LABORATOIRES_PHARMACEUTIQUES_DORCAS,administrateur_delegue,corporate,probable,SP_df2c6e93cfdc76a0da3f
PERSON_LOUKIL_WALID,CO_LOUKIL_TUNISIE,cogerant,corporate,certain,SP_ee46abde4bf0d158398c
PERSON_BOUZGUENDA_MOHAMED,CO_SIDI_OTHMANE,president_ca,corporate,certain,SP_1703a785c21b65c14f48
PERSON_KHALIL_MOHAMED,CO_BAHA_CONSULTING,gerant,corporate,certain,SP_58f61959f057078b30b7
PERSON_ABDALAH_ALIA,CO_BANQUE_TUNISIE,administrateur,corporate,certain,SP_79b791f8cd5a975b6abb
PERSON_KNANI_SAHBI,CO_BANQUE_TUNISIE,administrateur,corporate,certain,SP_d7caa2e675934a8a9be6
PERSON_ABDALAH_ALIA,CO_BANQUE_TUNISIE,president_ca,corporate,certain,SP_70172c884ef95ded1eaa
PERSON_OUESLATI_ALI,CO_BANQUE_TUNISIE,dg,corporate,certain,SP_28bd2135ddb41100c84b
PERSON_BELMABROUK_ADEL,CO_BRIQUETERIE_BELMABROUK,dg,corporate,certain,SP_0c115b839e5a12a9ea8b
PERSON_BELMABROUK_RIDHA,CO_BRIQUETERIE_BELMABROUK,dga,corporate,certain,SP_0ff73fb2d69e99ea14ca
PERSON_BELMABROUK_HOUCINE,CO_BRIQUETERIE_BELMABROUK,administrateur,corporate,certain,SP_da571ccec7585b357f04
PERSON_BELMABROUK_ADEL,CO_BRIQUETERIE_BELMABROUK,pdg,corporate,certain,SP_967cba1de0874a17694f
PERSON_AREM_OLFA_KHALIL,CO_EYES_COACH,gerant,corporate,certain,SP_4fdf8eb8a2ddd385164f
PERSON_HAMAMI_ALI,CO_ASSURANCES_SALIM,dg,corporate,certain,SP_21754452ed09a9c74b34
PERSON_KILANI_ZIED,CO_UNIT,fondateur,corporate,certain,SP_d13b44cbfdadfa6adbc1
PERSON_KILANI_ZIED,CO_UNIT,pdg,corporate,certain,SP_b2367ac003193d2ae8f4
PERSON_HAMAMI_KHEDIJA,CO_TUNISIAN_MEDITERRANEAN_SERVICES,gerant,corporate,certain,SP_50ccdaf2e0a31e89fb96
PERSON_HAMAMI_RIM,CO_TUNISIAN_MEDITERRANEAN_SERVICES,gerant,corporate,certain,SP_e5a289fdfd6cf91d9eef
PERSON_CHAABANE_FAHMI,CO_PROMOTION_IMMOBILIERE_IMMOBILIERE_3N,gerant,corporate,certain,SP_fdfd6e464f999764a8a5
PERSON_BOUCHAALA_JAWEHER_TRIKI,CO_JAWEHER_DISTRIBUTION_AUTRES_SERVICES,gerant,corporate,certain,SP_6563ae410c824a0a8ddf
PERSON_BAYAHI_TAHER,ORGMENTION_Société B.H.M Promogro S.A,pdg,corporate,certain,SP_c07eebdbf1afffda932e
PERSON_ANANE_BRAHIM,ORGMENTION_Société B.H.M Promogro S.A,administrateur,corporate,certain,SP_50b16c57d875402589cc
PERSON_BOUAOUAJA_NOUREDINE,CO_ZITA,administrateur,corporate,probable,SP_a51c96e817e6b2ec0f29
PERSON_BOUAOUAJA_FETHI,CO_ZITA,administrateur,corporate,probable,SP_7e175057353d3799fc3b
PERSON_BOUAOUAJA_BELGACEM,CO_ZITA,administrateur,corporate,probable,SP_d7c02cca6d8b1e5136d6
PERSON_MABROUK_FAOUZI_BENAHMED_BENSALAH,CO_FLEX_TUNIS,gerant,corporate,certain,SP_830f9eb18efb197a5ee1
PERSON_RHIMI_KHEMAIS,CO_STUCOD_AGRI,gerant,corporate,certain,SP_156726f13c91211a346e
PERSON_MABROUK_MOUNIR,CO_MOUNIR_RENT_A_CAR,gerant,corporate,certain,SP_103d9594afdbbf8b952a
PERSON_MANSOUR_AHMED,CO_NEWREST_CATERING_TUNISIE,representant,corporate,certain,SP_c5e5f7cd1d15272033dc
PERSON_BENABDALAH_MOHAMED_SLIM,CO_MARQUAGE_SIGNALISATION_SECURITE_SERVICES_M3S,cogerant,corporate,certain,SP_75ca1c30540e7f2083d4
PERSON_BENAYED_TAOUFIK,CO_CARTHAGO_BETON_CELLULAIRE,association_president,corporate,certain,SP_9bcf2576f29310e8f5c2
PERSON_KETARI_TAIEB,CO_CARTHAGO_BETON_CELLULAIRE,dg,corporate,certain,SP_309088db94066b7611ca
PERSON_DRIS_HASEN,CO_GLOBAL_SERVICES_MARKETING,gerant,corporate,certain,SP_c3bf2f6b24979b5d530c
PERSON_TRIKI_IMED_BENBECHIR,CO_DEQUIPEMENTS_GENALES_MODERNES_MAISON_BOULONS,unspecified,corporate,probable,SP_7d8cc97847bf1629b494
PERSON_ZOUARI_MAKREM,CO_FEEDBACK_LEADERS,commissaire_aux_comptes,corporate,certain,SP_ed69dfd32bc6e13cebac
PERSON_BOUABIDI_MAKREM,CO_CLEVERTEK_PLUS,gerant,corporate,certain,SP_0d908442ca5235dc5108
PERSON_BRAHEM_LOTFI,CO_AUTO_BEST_SERVICES,gerant,corporate,certain,SP_fdfc575aefc4d3bafb40
PERSON_SLAMA_ABDELBASET,CO_MARINA_ERISTYS_OY,gerant,corporate,certain,SP_ae8ebdf0c3e97ccb5efb
PERSON_JENAYAH_OMAR,ORGMENTION_Société Tunisienne de Promotion du Tourisme,administrateur,corporate,certain,SP_0d3c9f23b005ee5214f2
PERSON_HACHICHA_FETHI,CO_GENERAL_SPORT_EQUIPEMENT_INTERNATIONAL,gerant,corporate,certain,SP_6da61962355e4c546773
PERSON_YOLANDE_WISHAUPT,CO_FRANCO_TUNISIENNE_CONSEIL_MARKETING,gerant,corporate,certain,SP_3c1bddce18c9d848970b
PERSON_BOURICHA_ABDELHAMID,CO_CARTHAGO_BRIQUES,association_president,corporate,certain,SP_e665d8c7420e2d21e952
PERSON_KILANI_KERDAOUI,CO_GEME,gerant,corporate,certain,SP_57b1640cb26d909dee57
PERSON_DRIS_AHMED_CHIHEBEDINE,CO_INDUSTRY_GENERAL_TRADING,gerant,corporate,certain,SP_82cfb34adbe381ed5233
PERSON_KILANI_SLIM,CO_DELTA_INDUSTRIES,gerant,corporate,certain,SP_1a065f475511fcb20d1c
PERSON_MHIRI_MOHAMED_SALAH,CO_TRANSPOOL,dg,corporate,certain,SP_41de0fed14860b885318
PERSON_THERALAZ_CYRIL_JEAN_CLAUDE,CO_TUNISIE_CONCEPT,gerant,corporate,certain,SP_1e7e4ab98140d503230e
PERSON_AMARA_MAHBOUBA_MHIRI,CO_DISTRIBUTION_COMMERCE_DISCOM,gerant,corporate,probable,SP_f95d800a060d811e288e
PERSON_ZOUARI_KALTHOUM,CO_UNITED_PLASTIC_INDUSTRY,gerant,corporate,certain,SP_12c740f45aa1eb7e25f4
PERSON_ESAFI_ABDELWAHEB,ORGMENTION_ADVANCED COMPUTER TECHNOLOGY,commissaire_aux_comptes,corporate,certain,SP_92f4662d8c6eec44d4d1
PERSON_ELOUMI_ABOUDA,CO_AGRO_ZITEX,administrateur,corporate,certain,SP_5c3937821735f98634ae
PERSON_BOUHLEL_AMINE,CO_MOUNA_FASHION,gerant,corporate,certain,SP_93a780e5707cc090f443
PERSON_TLILI_ADEL,CO_MEHDIDES_HUILES_ALIMENTAIRES_SMHA,gerant,corporate,certain,SP_8dea0dad8ee302664e44
PERSON_SASI_NAOUFEL,CO_EL_MAZRAA,dg,corporate,certain,SP_d80203f0412428f332f7
PERSON_BAYOUDH_HAMED,CO_METALLURGIQUE_CENTRE_SMC,unspecified,corporate,certain,SP_9d021fdbf13933cc0565
PERSON_KILANI_MOHAMED,CO_SORAMAP_RIM_LOGISTIC,gerant,corporate,certain,SP_4c5261965fe028ed1c38
PERSON_HACHICHA_MONGI,CO_TELETEC_CATERING,gerant,corporate,certain,SP_eaf6d3d264ff0d20ec8a
PERSON_DHAOUI_ALI,CO_DHAOUI_FRERES,gerant,corporate,certain,SP_d8af53b89c7ad4b2d463
PERSON_ZGHAL_MOHAMED_SAAFENE,CO_RELIURE_DART,gerant,corporate,certain,SP_51de5a59a5c398158dfc
PERSON_MABROUK_MOHAMED_MARWEN,CO_INDUSTRIES_CARROSSAGE_AUTOMOBILES,administrateur,corporate,certain,SP_5591e4657332dd2a10d8
PERSON_KILANI_MOHAMED,CO_PETROMAR,association_president,corporate,certain,SP_2a721442c213565ee56b
PERSON_GHORBEL_KARIM,CO_POLYBETON,pdg,corporate,certain,SP_24c3b8cd8fc21bf85c01
PERSON_GHORBEL_MOURAD,CO_POLYBETON,dga,corporate,certain,SP_36473c81583a5b1c69b0
PERSON_BENFRAJ_SAHBI,CO_VERGERS_BEN_SALAH,gerant,corporate,certain,SP_98746d5b07d3c633dbfb
PERSON_KILANI_SLIM,CO_DELTA_INDUSTRIES,cogerant,corporate,certain,SP_cda99361de51c3cdef83
PERSON_FARJALAH_HMIDA,CO_FARJALLAH_MOHAMED_HAMIDA_AMOR,gerant,corporate,certain,SP_454174ff3b10a456fff8
PERSON_ZAYANI_MOHAMED,CO_SHAMSY,gerant,corporate,certain,SP_ad731aec829de0eea01c
PERSON_ZOUARI_RACHED,CO_FORMATION_PRO,gerant,corporate,certain,SP_0ec86a08db409ddc4049
PERSON_ABDENADHER_AMIL,CO_AB_PROMOTION_IMMOBILIERE,gerant,corporate,certain,SP_c855cf61e3371f8d0b31
PERSON_MEJDOUB_BECHIR,CO_CAP_3000_IMMOBILIERE,gerant,corporate,certain,SP_95d470ecb30f1eb6d40f
PERSON_SELAMI_SIHEM_SASI,CO_MADONA,gerant,corporate,certain,SP_be147958afaa2c099a83
PERSON_ZOUARI_HEDIA,CO_MEDICO_CONFORT,gerant,corporate,certain,SP_2753ac264af603de9eb3
PERSON_TRABELSI_MOHAMED,CO_SILVER_SAPHIR,gerant,corporate,certain,SP_f9227a736951c5b97405
PERSON_ZOUARI_MOHAMED,CO_AGET_CONSTRUCTION,gerant,corporate,certain,SP_7212fb04c11b6ab6919b
PERSON_KHEMAISA_HAYKEL,CO_INFINITIF_CONFECTION,gerant,corporate,certain,SP_cba9982936d028acaa82
PERSON_MDHAFER_MOHAMED,CO_CHEMA_CONFECTION_DRAPS,gerant,corporate,certain,SP_78658e58b231a2bbe5d2
PERSON_ZOUARI_MOHAMED,CO_AGET_TECHNOLOGIE,gerant,corporate,certain,SP_a1f31762f91fe5073e5b
PERSON_AMAR_RACHID,CO_AL_ANAAM,gerant,corporate,certain,SP_c1f03c6f79ae2f79a4b3
PERSON_BELAZREG_ALI,CO_MECATRONIC_SYSTEMS_PRODUCTION_ENGINEERING,gerant,corporate,certain,SP_d53eff04e050f1dbe575
PERSON_BOUJBEL_MOHSEN,CO_RESIDENCE,administrateur,corporate,certain,SP_07df7bb8f4229c59602c
PERSON_LAHMAR_HOSNI,ORGMENTION_Société Géologie Carrières & Travaux,dg,corporate,certain,SP_5709a91cface7b6fa1cc
PERSON_GHEDIRA_ANIS,CO_HBG_INSTALLATION_MAINTENANCE,gerant,corporate,certain,SP_56c30896d4fa01c9bb4a
PERSON_TERZI_CHOKRI,CO_AFRICAIN_GLOBAL_SERVICES_TUNISIE,gerant,corporate,certain,SP_953b3b1f8be6fbb214c8
PERSON_SIOUD_TAHER,CO_TANIT_INTERNATIONAL,administrateur,corporate,certain,SP_c008851b3a22d29e7bcb
PERSON_BENAMOR_MAJED,CO_PROMOTION_TOURISTIQUE_MOHAMED_V,administrateur,corporate,certain,SP_1c7ca503eabd7c2b66bb
PERSON_ELOUZE_MALEK,CO_PROMOTION_TOURISTIQUE_MOHAMED_V,administrateur,corporate,certain,SP_d75b73aacacf7067a67b
PERSON_MELOUSE_MOHAMED,CO_ERRYADA_SICAR,pdg,corporate,certain,SP_744955bd39e3172ae676
PERSON_TRABELSI_MOHAMED,CO_VERGERS_SOLEIL,associe,corporate,certain,SP_56d93ed41ea295f0080b
PERSON_BENACHOUR_NOUREDINE,CO_HYGIENE_ENVIRONNEMENT_SANTE_PLUS,gerant,corporate,certain,SP_0f2abd99c3fe00d1eb9d
PERSON_CHAABANE_NIZAR,CO_VOLUMES_DESIGN,gerant,corporate,certain,SP_517fad520b483e3055b1
PERSON_MOHAMED_ABDENADHER,CO_TUNISIENNE_VETEMENTS_CHAUSSURES,gerant,corporate,certain,SP_d9e45a3e02e27caedbf9
PERSON_KAMOUN_HEDI,CO_TRAFIC_URBAN_PLANNING,gerant,corporate,certain,SP_a481e16c1e5d09560be8
PERSON_TAVELI_MAURO,CO_FERRO_BATTUTO_ARTISTICO_ITALIANO,gerant,corporate,certain,SP_3f70dc757f56cd58cf2a
PERSON_HAKIM_KHALED,CO_TRAVAUX_ELECTRIQUES_CABLAGE_AUTOMATISME_SOTECA_ELECTRIC,gerant,corporate,probable,SP_b41a809700811d190ee0
PERSON_TRIKI_MOHAMED_ABDEWAHEB,CO_TUNISIE_VOLAILLES,gerant,corporate,certain,SP_d7cca16225090e63e617
PERSON_BENSEDRINE_KAIS,CO_WESHIRTS,gerant,corporate,certain,SP_974e9f890625d568ad0c
PERSON_CHAABANE_KHALED,CO_TECHNIQUES_PLASTIQUE_TEPLA,gerant,corporate,certain,SP_2ca91638d09ef6d01352
PERSON_GARNAOUI_MERIAM_DRIS,CO_COMPTOIR_NATIONAL_PLASTIQUE,pdg,corporate,certain,SP_3ded65b60a0c845823c2
PERSON_SASI_LASAAD,CO_ZHOUR_RENT_A_CAR,conseiller,corporate,certain,SP_ea9ebd215d7d1f1da506
PERSON_HABACHI_MONDHER,CO_PROTOTYPE,gerant,corporate,certain,SP_ed95a7119691d538b843
PERSON_OUERGHEMI_MOHAMED,CO_GENERAL_PIECES_RECHANGE_ALLEMANDE,gerant,corporate,certain,SP_d19ac4544b79b749893b
PERSON_BADREDINE_WAJIH,CO_GENERAL_PIECES_RECHANGE_ALLEMANDE,gerant,corporate,certain,SP_bc588cf68a370838c3ce
PERSON_SASI_MOHAMED,CO_MENUISERIE_ALUMINIUM,pdg,corporate,certain,SP_3a74f7fb18fc6921e837
PERSON_MABROUK_MOHAMED_MARWEN,CO_INVESTEC,administrateur,corporate,certain,SP_435d4cc4e687258ee222
PERSON_MABROUK_MOHAMED_MARWEN,CO_INVESTEC,pdg,corporate,certain,SP_aae16340aeb15626a570
PERSON_TOMAC_IBTISEM_MABROUK,CO_OTB,gerant,corporate,certain,SP_a88c754dc1077956a1d6
PERSON_ZERZERI_HEDI,CO_CEREALES_COLLECTE,gerant,corporate,certain,SP_4d8c7273c1d7d97e08c9
PERSON_MABROUK_FETHI,CO_ROUA_VENTE_ACHAT_EN_GROS,gerant,corporate,certain,SP_a74716fea55ebdf26e86
PERSON_ESEGHAIER_ABDELKADER,CO_L_IMMOBILIERE_ECHARIFA,pdg,corporate,probable,SP_1d762f943819f3295587
PERSON_DJILANI_HEDI,CO_L_IMMOBILIERE_ECHARIFA,dga,corporate,probable,SP_90a40b10acb41d601b13
PERSON_HORCHANI_CHEKIB,CO_PRIMA_NOVA,fondateur,corporate,certain,SP_1e4aac8b2764ddf7bacc
PERSON_ZOUARI_HOUCEM,CO_CMC_DISTRIBUTION,gerant,corporate,certain,SP_506750b32425756f03d2
PERSON_MOKHTAR_KAIS,CO_CARTHAGE_INDUSTRIES,cogerant,corporate,certain,SP_ad67f36730dd4e714fe8
PERSON_SASI_MOHAMED,CO_COMPAGNIE_TUNISO_SUEDOISE_D_INDUSTRIES_AGRO_ALIMENTAIRES,gerant,corporate,certain,SP_81660f5448ae7e4a2004
PERSON_ROUROU_MONDHER,CO_GENERALE_VENTE,administrateur,corporate,certain,SP_0a8a34f276492d0102f3
PERSON_SYBILAIN_ALEXANDRE_RAPHAEL,CO_FRANCE_TUNISIE_INDUSTRIE,gerant,corporate,certain,SP_7af4dc869f9115163a52
PERSON_BENJEMAA_KHALED,ORGMENTION_Société BLK immobilière SCI,gerant,corporate,certain,SP_9a37d85715bf91a0956e
PERSON_BENJEMAA_LOTFI,ORGMENTION_Société BLK immobilière SCI,gerant,corporate,certain,SP_6545f4d3ce7ae16256a7
PERSON_ZOUARI_RAOUF,CO_UNIVERS_PROFESSIONNEL_SERVICES,gerant,corporate,certain,SP_3f117a594a427c25a174
PERSON_BENYOUSEF_AHMED,CO_SIM_SICAR,dga,corporate,certain,SP_e78e6282386d64c5a428
PERSON_BOURICHA_NACEUR,CO_HOTELIERE_TOURISTIQUE_OMAR_KHAYAM,dga,corporate,certain,SP_f4644193f75f35615585
PERSON_DJILANI_HEDI,CO_FINANCES_INVESTISSEMENTS_SICAF,administrateur,corporate,probable,SP_18697cb5d4b30c4afc67
PERSON_JAOUADI_FATMA,CO_FINANCES_INVESTISSEMENTS_SICAF,administrateur,corporate,probable,SP_8b38bcabd17c61c14847
PERSON_ESEGHAIER_ABDELKADER,CO_FINANCES_INVESTISSEMENTS_SICAF,administrateur,corporate,probable,SP_d2da38a14e6b1d67ed36
PERSON_DJILANI_HEDI,CO_FINANCES_INVESTISSEMENTS_SICAF,pdg,corporate,probable,SP_3ef11e149081eed0cdf6
PERSON_BENTANFOUS_CHAWKI,ORGMENTION_CAP Taguermess,administrateur,corporate,probable,SP_1f46ac92392fbe0d5769
PERSON_BENTANFOUS_MOHAMED_NEJIB,ORGMENTION_CAP Taguermess,administrateur,corporate,probable,SP_fedae1ab517be4fb154f
PERSON_DARODA_STEFANO,CO_SATI_SOLAR_TUNISIA,gerant,corporate,probable,SP_84fce5d36a594fba86a0
PERSON_TOMAC_IBTISEM_MABROUK,CO_ONUR,gerant,corporate,certain,SP_895ecbc0ef73966f44c8
PERSON_DAMAK_MOHAMED,CO_DEVELOPPEMENT_AGRICOLE_CHOUIGUI_SODAC,gerant,corporate,certain,SP_fda2f5c6ce31f175ef9f
PERSON_ROBERTO_STRADA,CO_ITALO_TUNISIENNE_DENGINEERING,gerant,corporate,certain,SP_fe8c4e7a452fbcd8069d
PERSON_BENSEDRINE_SAMI,CO_MAHABA_INTERNATIONAL_TRADING,gerant,corporate,certain,SP_1fd853ac73ead734488c
PERSON_DJILANI_HEDI,CO_CONFECTION_RAS_JEBEL,administrateur,corporate,probable,SP_a1e910834b5071185377
PERSON_JAOUADI_FATMA,CO_CONFECTION_RAS_JEBEL,administrateur,corporate,probable,SP_0c8cd9e99ddb07965a58
PERSON_ESEGHAIER_ABDELKADER,CO_CONFECTION_RAS_JEBEL,administrateur,corporate,probable,SP_e88c95f10ec161c705cd
PERSON_DJILANI_MOHAMED_HECHMI,CO_CONFECTION_RAS_JEBEL,administrateur,corporate,probable,SP_87573ad2be33c13dbb1a
PERSON_DJILANI_HEDI,CO_CONFECTION_RAS_JEBEL,association_president,corporate,probable,SP_47bbb35e930dfd981e7e
PERSON_GAHBICHE_KARIM,CO_BOLERIO,pdg,corporate,certain,SP_8d12a2599205e1d8f5e8
PERSON_BRAHEM_LOTFI,CO_BEST_NEW_CALL,gerant,corporate,certain,SP_0b2962a5700d644cf7fe
PERSON_SLAMA_MOHAMED_LASAAD,CO_FARAH_BATIMENT,gerant,corporate,certain,SP_8e810140454b39fd0f85
PERSON_SAKROUFI_ABDELHAFIDH,CO_HOLDING_TUNISO_LIBYEN_POUR_DEVELOPPEMENT_INDUSTRIE_SERVICES,gerant,corporate,certain,SP_d3e01ce8aaa7c88905ed
PERSON_BOUNEB_MOURAD,CO_BOUNEB_NUTRITION_ANIMALE_SBNA,gerant,corporate,certain,SP_b96b8355c84ee76fefd7
PERSON_MABROUK_KAMEL,CO_IMMOBILIERE_LAYOUNI,gerant,corporate,certain,SP_6fc6489ff2521c486b76
PERSON_KILANI_LASAAD,CO_DURAVIT_TUNISIA,dg,corporate,certain,SP_85b087e7bfb098901779
PERSON_KAMOUN_MOHAMED_HEDI_BENFETHI,CO_ZEPHIR_HOTEL,gerant,corporate,probable,SP_14d4dee87f4b6f0cf16f
PERSON_ZAKHAMA_BOUBAKER,CO_INTERNATIONAL_HOSPITAL_CENTER_OF_TUNISIA,administrateur,corporate,certain,SP_56301e0818f1bf29a59e
PERSON_ZGHIDI_ADNENE,CO_INTERNATIONAL_HOSPITAL_CENTER_OF_TUNISIA,commissaire_aux_comptes,corporate,certain,SP_b37f44dbf66227855501
PERSON_ZAKHAMA_BOUBAKER,CO_INTERNATIONAL_HOSPITAL_CENTER_OF_TUNISIA,pdg,corporate,certain,SP_148e64f70db099abea88
PERSON_ZAKHAMA_BILEL,CO_INTERNATIONAL_HOSPITAL_CENTER_OF_TUNISIA,dga,corporate,certain,SP_2e3b240e2f10f64061ee
PERSON_COMBAT_MICHEL,CO_CONSULTING,gerant,corporate,certain,SP_f17e399d9979f691f172
PERSON_SASI_MOHAMED,CO_NARJES,pdg,corporate,probable,SP_385e8e59e4064bdfac86
PERSON_COMBAT_MICHEL,CO_COMMECA_TUNISIE,gerant,corporate,probable,SP_ae2d53d8fd03cdebd63f
PERSON_AREM_JAMEL,CO_HAYTEC,association_president,corporate,certain,SP_0c02bb1be93ef64a3d1b
PERSON_AREM_MOHAMED_WALID,CO_HAYTEC,dg,corporate,certain,SP_471965f309c3f7eaec84
PERSON_SELAMI_HEDI_KARIM,CO_HELIOFLEX_NORTH_AFRICA,pdg,corporate,certain,SP_e4fc4f9cfad4f228c9aa
PERSON_MAHMOUDI_HOUDA,CO_ELIS_COMMERCE_SERVICES,gerant,corporate,certain,SP_639b6c84c226431a5f50
PERSON_MHIRI_MOHAMED_MALEK,CO_VARIETES_INUDSTRIELLES,associe,corporate,probable,SP_db142a58425785ebc3c9
PERSON_SALHI_KAMEL,CO_UNION_COMPTABLES_FRERES,gerant,corporate,certain,SP_37860aa29517b5754403
PERSON_TRIKI_NABIL,CO_MOULIN_INTERNATIONAL,gerant,corporate,certain,SP_abb32bfabe4629e6f7bc
PERSON_GDOURA_MOHAMED_AMINE,CO_COMPTOIR_PIECES_RECHANGE,gerant,corporate,certain,SP_b76156175fff118271ff
PERSON_MABROUK_HABIB,CO_ATLAS_INDUSTRIE,gerant,corporate,probable,SP_a9ef4bba41a42cc47096
PERSON_CHAABANE_NEDIA,CO_ARTISIANA,gerant,corporate,certain,SP_970eec7012b99fa6d69e
PERSON_BRIBECH_HABIB,CO_INFORMATION_TECHNOLOGY_SYSTEM,gerant,corporate,certain,SP_b27bdab6295898428794
PERSON_BENMOULDI_MONGI_NACEUR,CO_MONACO_AGRO,gerant,corporate,certain,SP_a660c8b275df6b739d0f
PERSON_HAMAMI_MOHAMED_AII,CO_TAPISSIER,gerant,corporate,certain,SP_75f90257e510fb4f97ab
PERSON_FATNASI_HASOUNA,CO_COMPAGNIE_INTERNATIONALE_PROMOTION_INDUSTRIELLE_ACTIA,pdg,corporate,certain,SP_cc0b563c28da5efd459d
PERSON_CHAKROUN_NASR_ALI,CO_NETWORK_EXPERTISE_TECABO_TUNISIA,administrateur,corporate,certain,SP_1d31c777828d2c3d8b98
PERSON_CHAKROUN_NASR_ALI,CO_NETWORK_EXPERTISE_TECABO_TUNISIA,president_ca,corporate,probable,SP_f3b562cb4b386f1f0c51
PERSON_ALOUCHE_ANIS,CO_NETWORK_EXPERTISE_TECABO_TUNISIA,dg,corporate,probable,SP_ec26d0319bd19e4df8ae
PERSON_SAHNOUN_AHMED,CO_CONDITIONNEMENT_INDUSTRIEL,gerant,corporate,probable,SP_8a0f60fffde531ab489e
PERSON_TOUMI_JAMEL,CO_TREDCO,administrateur,corporate,certain,SP_db8dedcdcaf9636c5860
PERSON_TOUMI_MOHAMED,CO_TREDCO,administrateur,corporate,certain,SP_a9e516be60ee2c67bb15
PERSON_SLAMA_JALILA,CO_LABEL_PRINTING,administrateur,corporate,certain,SP_ffcc43f21220e9d31ba4
PERSON_SLAMA_ALI,CO_LABEL_PRINTING,administrateur,corporate,certain,SP_02dda072ce0b25bae6ff
PERSON_SLAMA_RIDHA,CO_LABEL_PRINTING,administrateur,corporate,certain,SP_0fe3138155894d900281
PERSON_HOUSEIN_FETHI_BENMOHAMED,CO_LABEL_PRINTING,administrateur,corporate,certain,SP_5a673bb71c493a65d9c5
PERSON_HOUSEIN_FETHI_BENMOHAMED,CO_LABEL_PRINTING,president_ca,corporate,certain,SP_04d727b112b4d4e0f4f9
PERSON_BOURICHA_ABDERAZEK,CO_ROYAL_TUNISIAN_MARBLE,gerant,corporate,certain,SP_459c8683ccfe46c43aeb
PERSON_CHAABANE_SABRI,CO_GELATERIA_ARTIGIANALE_ITALIANA,gerant,corporate,certain,SP_910a8523b7428ed5ec1c
PERSON_ZOUARI_IMED,CO_EYA_MEUBLE,gerant,corporate,certain,SP_391008bbb56e8ec3939b
PERSON_ABDENADHER_MOHAMED,CO_FLOOR_GRES_TUNISIE,gerant,corporate,certain,SP_bffd680dd9c4dad28278
PERSON_ABDENADHER_FATMA_BOUALI,CO_FLOOR_GRES_TUNISIE,gerant,corporate,certain,SP_73facadbddd5e6c2a121
PERSON_CHERIF_IMEDEDINE,CO_TUNISIE_PROFILES_ALUMINIUM_TPR,pdg,corporate,certain,SP_662fab032b40166fed4e
PERSON_MZABI_JAMEL,CO_FACTO_EDITION,gerant,corporate,certain,SP_208bb40a1dce99982fa7
PERSON_ZGHIDI_ADNENE,CO_TRANSCOM_WORLDWIDE_TUNISIE,commissaire_aux_comptes,corporate,certain,SP_6e1a3d84d0d4ea39ab25
PERSON_CHIARA_DOT_GIUSEPE_DALA,CO_LARIA_INT,association_president,corporate,certain,SP_cbfa0ac412a0e5a725d7
PERSON_KETARI_TAIEB,CO_LARIA_INT,dg,corporate,certain,SP_5c4c94967274846f8a6e
PERSON_RIAHI_LEILA,CO_IRIS,gerant,corporate,certain,SP_5ef1412c187a0619ca13
PERSON_KHECHINE_TAHER,CO_SAIL_SERVICES,cogerant,corporate,certain,SP_62ad9fc6c0d779af03e8
PERSON_BENROMDHANE_HATEM,CO_AMD_SERVICES,representant,corporate,certain,SP_13d408580cefc9e765a4
PERSON_LOUKIL_WALID,CO_AURES_AUTO,dga,corporate,certain,SP_69b90eece2cba1f3f296
PERSON_MABROUK_MOHAMED_ALI,CO_NOUVELLE_MAISON_VILLE_TUNIS_MONOPRIX,president_ca,corporate,certain,SP_e350e719ace9dbc7082d
PERSON_BENMILED_MOHAMED_MOUNIR,CO_NOUVELLE_MAISON_VILLE_TUNIS_MONOPRIX,vice_president,corporate,certain,SP_44d374f03f28392b2a93
PERSON_AYED_ADEL,CO_NOUVELLE_MAISON_VILLE_TUNIS_MONOPRIX,dg,corporate,certain,SP_5bdf676396290deeb967
PERSON_SAADI_MOHAMED_SALAH,CO_NOUVELLE_MAISON_VILLE_TUNIS_MONOPRIX,administrateur,corporate,certain,SP_63e7bc848a7dc0fb5f84
PERSON_OUN_SALAH,CO_HAZOUA_DATTES,administrateur,corporate,certain,SP_25298983c7cf8b75c330
PERSON_HAMAMI_MEHREZ,CO_TOP_TRUIT,gerant,corporate,certain,SP_a989adacb7c4015f79ef
PERSON_TAIOLA_ALESIA_JENY,CO_FERRO_BATTUTA_ARTISTICO_ITALIANO,gerant,corporate,certain,SP_32ddf741396411648148
PERSON_TAVELI_MAURO,CO_FERRO_BATTUTA_ARTISTICO_ITALIANO,gerant,corporate,certain,SP_966a8c3e8afa553473ca
PERSON_BOUZID_HABIB_BENMOHAMED,CO_ITALO_TUNISIENNE_COMMERCE_INTERNATIONALE,gerant,corporate,certain,SP_20a91552f1cc7459af42
PERSON_BENAYED_MOHAMED,CO_AGRAL,gerant,corporate,certain,SP_a0c5df0a9093e2aeab2f
PERSON_FEKIH_ABDELATIF,CO_BANQUE_TUNISIE,unspecified,corporate,probable,SP_0a3a7bd66a279f85bc48
PERSON_CHHAIDER_ABDELMAJID,CO_SICAV,administrateur,corporate,probable,SP_0c6a83799c62ded8023e
PERSON_LOUKIL_BASEM,CO_LOUKIL_TUNISIE,gerant,corporate,certain,SP_50cea0dc7511e2095984
PERSON_ESID_HABIB,CO_OZITA_DIFFUSION,gerant,corporate,certain,SP_15f3fe66e6e3c10934d0
PERSON_JERIBI_TAREK,CO_FRANCE_TUNISIE_INVESTISSEMENT,pdg,corporate,certain,SP_3f1ca017cde28c8c3b7b
PERSON_TEKAYA_ARAFET,CO_PLASTEKA,cogerant,corporate,certain,SP_f66c1b1b65aa4fc7451f
PERSON_SASI_AZIZ,CO_ACTION_RAPIDE,gerant,corporate,certain,SP_d1114b28e5b27d3af4db
PERSON_HAMAMI_KAMEL,CO_HAMMAMI_TRANSPORT,gerant,corporate,certain,SP_0ed103c4fef140ab43cb
PERSON_BOURICHA_ABDERAZEK,CO_ELITKANE_PROMOTION_IMMOBILIERE,pdg,corporate,probable,SP_fd9b64363451dfab4a9b
PERSON_ABDENADHER_KARIM,CO_AL_AKKAR_PROMOTION_IMMOBILIERE,president_ca,corporate,certain,SP_df93d1244ff69c6a0e86
PERSON_HAMAMI_ABDELMONAEM,CO_2F_DEVELOPMENT_AND_ENGINEERING,gerant,corporate,certain,SP_25968a7610acb9e5d42f
PERSON_KILANI_SIHEM,CO_DASILA,gerant,corporate,certain,SP_5280e5c3a5a04b0ca2f1
PERSON_JENDOUBI_KAMEL,CO_UNIVERS_SERVICES_BETON,gerant,corporate,certain,SP_705d20a0f60f47e1a92b
PERSON_HAMILA_OUSAMA,CO_BAIE_ANGES_PROMOTION_IMMOBILIERE,gerant,corporate,certain,SP_e180bd1b5f5113313923
PERSON_CHAABANE_FATMA_SLIMA,CO_TRADTNG_INTERNATIONAL_ERRIDHA,gerant,corporate,certain,SP_561164cb41aa275ace0f
PERSON_MOKHTAR_KAIS,CO_CARTHAGE_GRAINS,dga,corporate,probable,SP_8adaa1d5155476c66e28
PERSON_MOKHTAR_FETHI,CO_CARTHAGE_GRAINS,pdg,corporate,probable,SP_9125b95e0d0f3f9a7077
PERSON_BENAYED_MOHAMED_FARES,CO_CERAMIQUE_ARTISTIQUE_TUNISIE_CERAT,pdg,corporate,certain,SP_7b84fce144adc3212871
PERSON_BENAMOR_BECHIR,CO_GENERALE_PARTICIPATION_GESTION_FINANCIERE_SOGEF,pdg,corporate,certain,SP_7243863630c00a8daefd
PERSON_HAFOUDHI_SLAHEDINE,CO_HYDROSOL_FONDATIONS,pdg,corporate,probable,SP_138c587f88d4cebda108
PERSON_DERBEL_FAYCEL,CO_HYDROSOL_FONDATIONS,unspecified,corporate,certain,SP_8ee95dc95932883ca457
PERSON_ABDELKEBIR_MUSTAPHA,CO_CENTRE_D_ETUDES_PROMOTION_NOUVELLES_TECHNOLOGIES_CEPENT,president_ca,corporate,probable,SP_5e6aa522f2a1f960ebeb
PERSON_KILANI_BSIR,CO_SERVICES_INTERNATIONAL_BSIR_TOTALEMENT_EXPORTATRICE,gerant,corporate,certain,SP_0a71ffa32165d57896a6
PERSON_BENAYED_ABDELWAHEB,CO_AGRICOLE_SIDI_DAOUED,gerant,corporate,certain,SP_daa3ac745e5d49cf4ecc
PERSON_DERBEL_FAYCEL,CO_TFH_TUNISO_FRANCAISE_DHABILLEMENT,commissaire_aux_comptes,corporate,probable,SP_c19383b9d2ad200be852
PERSON_DRIS_ALOUI_SLIMANI,CO_ASD_CONSULTING,gerant,corporate,certain,SP_052f00b9f78cdb3f7c94
PERSON_BENALI_MOHAMED,CO_EL_IMTIAZ_PECHE,gerant,corporate,certain,SP_6b68d9c42fa42e1a458f
PERSON_AREM_JALEL,CO_AREM_DEQUIPEMENT_METALLIQUE_SAFEM,gerant,corporate,certain,SP_c85ea9f018d70e266384
PERSON_MABROUK_NACEUR,CO_GENERALE_MATERIAUX_CONSTRUCTION_SGMC,gerant,corporate,certain,SP_9e6254e0fe2313b50c6c
PERSON_HAMAMI_AHMED,CO_CASA_DORA,gerant,corporate,certain,SP_8f5cc598b6b94ed291d0
PERSON_ZAABI_MOHAMED,CO_MOULINS_SIDI_TLIL,member,corporate,certain,SP_c5f43c22e1ca3351e7fb
PERSON_TOUATI_NOUREDINE,CO_MOULINS_SIDI_TLIL,member,corporate,certain,SP_98047003f9bc267c1dd7
PERSON_ZAABI_MOHAMED,CO_MOULINS_SIDI_TLIL,pdg,corporate,certain,SP_05414f6648b34cfe1f17
PERSON_HAMAMI_KHALED,CO_FABRICATION_POUDRES_PIERRE_SOFAP,gerant,corporate,certain,SP_2aa38bc32527486403b7
PERSON_MAHJOUB_RIM,CO_CARTHAGE_EVENTS,gerant,corporate,certain,SP_b0399b985be4cb62359a
PERSON_MAHJOUB_RIM,CO_CARTHAGE_ARTS_HOUSE,gerant,corporate,certain,SP_77cde623e6e761167370
PERSON_ZOUARI_MOHAMED_BENABDESALEM,CO_TOP_SECURITY_ELECTRONIC,gerant,corporate,certain,SP_fcf51c532aeeb559c478
PERSON_TORKHANI_MONDHER,CO_SAVEURS_FRANCE,gerant,corporate,certain,SP_a07ed702fc8ac347b619
PERSON_SLAMA_FAOUZIA_KHALFALAH,"ORGMENTION_Rue du Lac Toba Immeuble Goldina, Les Berges du Lac Tunis",administrateur,corporate,probable,SP_7455109d0dbf845d2345
PERSON_BAABOURA_ALI,CO_ODYSSEE_HOTELS,gerant,corporate,probable,SP_de80155c35f650d00e73
PERSON_ELOUMI_WISEM,CO_SEPCO,gerant,corporate,certain,SP_68a103172e4ff71e17ab
PERSON_MESINESI_JEAN,CO_BANQUE_INTERNATIONALE_ARABE_TUNISIE,administrateur,corporate,certain,SP_82507c5e3c9f85a356c3
PERSON_ABDALAH_ALIA,ORGMENTION_Compagnie d'Assurances et de Réassurances,administrateur,corporate,certain,SP_6b33ec496bfaf3b39337
PERSON_HASEN_ZOUHEIR,ORGMENTION_Compagnie d'Assurances et de Réassurances,administrateur,corporate,certain,SP_605c3073d1f274c79227
PERSON_GUERMAZI_MOHAMED,ORGMENTION_Compagnie d'Assurances et de Réassurances,administrateur,corporate,certain,SP_0ef520dde2bf0e00145a
PERSON_BOUSETA_MOHAMED,CO_WOOD_PLAST,pdg,corporate,certain,SP_ec66786e6fb15189fac3
PERSON_ZOUARI_KAIS,CO_MEDITERRANEENNE_EXPORT_IMPORT_COMMERCIALISATION,gerant,corporate,certain,SP_ffeb28b22b265ad36d6e
PERSON_BOURICHA_ABDELHAMID,CO_HOTELIERE_DEVELOPPEMENT_TOURISTIQUE,administrateur,corporate,certain,SP_1e4c4c083e9cf6180ada
PERSON_YOUNES_MOHAMED,CO_SOTUMEX,pdg,corporate,certain,SP_74daad4254fc60b99cae
PERSON_MEHREZ_MOHAMED_ELFEHRY,CO_ENNADHAFA_JUDY,president_ca,corporate,certain,SP_6254f9877d43cfc5a539
PERSON_MEHREZ_CHAMSEDINE,CO_ENNADHAFA_JUDY,dg,corporate,certain,SP_c72c8a2192af6b620b6c
PERSON_MEHREZ_IDRIS,CO_ENNADHAFA_JUDY,dga,corporate,certain,SP_a2c287eccd544a2434e8
PERSON_MEHREZ_DRIS,CO_PLASTICAP,dg,corporate,certain,SP_6c7d898f04f151ee5f10
PERSON_MEHREZ_CHAMSEDINE,CO_NEGOCE_DISTRIBUTION,dga,corporate,certain,SP_0743658435c3a7db513e
PERSON_BOUROUIS_TAOUFIK,CO_SISAC,representant,corporate,certain,SP_881db13702f809cf4523
PERSON_CHTIOUI_MOHAMED_HABIB,CO_NINA_FLATCHER_SCHUHE_GERMANY,gerant,corporate,certain,SP_26ef5b51c7bd4f409bab
PERSON_SMAOUI_MOHAMED_SALIM,CO_PARACHIMIC,gerant,corporate,certain,SP_7eaf435c29e8a597f922
PERSON_SLAMA_ALI,CO_CIVILE_AGRICOLE_ZITA,president_ca,corporate,certain,SP_aaf73764babba766490d
PERSON_SLAMA_CHIHEBEDINE,CO_CIVILE_AGRICOLE_ZITA,dg,corporate,certain,SP_3d00748d0997a4159c1f
PERSON_TRABELSI_MOHAMED,CO_COMPTOIR_PIECES_AUTO_CAMIONS,gerant,corporate,certain,SP_ac4e0c15bf79933de533
PERSON_SASI_YOUSEF,CO_RELEC,cogerant,corporate,certain,SP_873be3420a8021d33594
PERSON_SOUABNI_AYED,CO_PLASTICS,pdg,corporate,certain,SP_f9738900a2b48fa403c2
PERSON_KILANI_RAFIK,CO_MEDICIS,cogerant,corporate,certain,SP_74ad6401cfa37d049089
PERSON_KILANI_LASAAD,CO_MEDICIS,cogerant,corporate,certain,SP_6e1a3a93f40c12cff76d
PERSON_TROUDI_MOHAMED,CO_TROUDI_AVOCATS_CONSULTING,gerant,corporate,certain,SP_b9fd4b081cc1584e9619
PERSON_DOGHRI_MONCEF,CO_TUNISIENNE_D_ENGRAIS_CHIMIQUES_STEC,pdg,corporate,certain,SP_1072c55dcc20d06bb684
PERSON_DOGHRI_NEJIB,CO_TUNISIENNE_D_ENGRAIS_CHIMIQUES_STEC,vice_president,corporate,certain,SP_f7cd3988b90ecf091430
PERSON_MABROUK_MOHAMED_SOFIEN,CO_COMPOSANTS_PREFABRIQUES_CONSTRUCTION_COPRECO,pdg,corporate,certain,SP_978d9241ac55b9c44dc5
PERSON_ZOUARI_MOURAD,CO_CENTRAL_PARC_AUTO,cogerant,corporate,certain,SP_69e73110c67cb4914acd
PERSON_DOGHRI_NEJIB,CO_TUNISIE_LAIT,president_ca,corporate,certain,SP_a332456b31923084b59c
PERSON_JEDIDI_HABIB,CO_TUNISIE_LAIT,dg,corporate,certain,SP_a45184462c38e05d2511
PERSON_SLAMA_ABDELJELIL,CO_TECHNIQUE_REALISATION_PROMOTION_IMMOBILIERE,gerant,corporate,certain,SP_1c73c820e75ae466c6f6
PERSON_BOUCHAALA_ZOUHEIR,CO_SIMEG_PLUS,gerant,corporate,certain,SP_b0838294ade478f3aae4
PERSON_KAMOUN_DORA,CO_FIRST_SECURITY,gerant,corporate,certain,SP_4af698fe82217507e99b
PERSON_DRIS_RAOUDHA_CHAABOUNI,CO_SKY_TUNISIE,gerant,corporate,certain,SP_b0ca4fe70965dd8155cd
PERSON_HAMROUNI_JAMEL,CO_GENERALE_PRODUITS_SERVICES_AGRICOLES,gerant,corporate,certain,SP_58cb15a5b9651d42c4fc
PERSON_AREM_JAMEL,CO_JAEGER_CONTROLS_TUNISIA,pdg,corporate,certain,SP_3bde401f9a72f5ec2cbf
PERSON_DERAZEY_BERTRAND,CO_TELEPERFORMANCE_INTERMEDIATION,unspecified,corporate,certain,SP_a011dd7a2d819849bceb
PERSON_JRAD_ABDERAZEK_KILANI,CO_RAHMA_SERVICES,gerant,corporate,certain,SP_4b3d5350423137350d0d
PERSON_STEPHANE_SENSEY,CO_FRANCE_LNFO_SEC,gerant,corporate,certain,SP_ba6906aa6d2efc1ff4e8
PERSON_HAMAMI_ABDELAZIZ,CO_SICAV_PLACEMENTS,dg,corporate,certain,SP_7bb8fe740b4dc9e6000d
PERSON_NEGRO_CAROLE_SOPHIE_BETO,CO_DELICES_FRANCE,unspecified,corporate,certain,SP_8470bd8f87eeb0c4a189
PERSON_ABDENADHER_SABA,CO_SUCRI,pdg,corporate,certain,SP_2b72819c0e306aeeedf9
PERSON_MAHJOUB_RIM,CO_CARTHAGE_EVENTS,cogerant,corporate,certain,SP_325e0583b52030a866d5
PERSON_MHIRI_NEJI,CO_MEUBLATEX,association_president,corporate,probable,SP_c698caaed59b6740593a
PERSON_MHIRI_MOURAD,CO_MEUBLATEX,president_ca,corporate,certain,SP_a69546f76c34a664328c
PERSON_MHIRI_NEJI,CO_MEUBLATEX,president_ca,corporate,certain,SP_6774f468848ee550ac24
PERSON_BENAYED_ABDELWAHEB,CO_INSTITUT_TUNIS_DAUPHINE,administrateur,corporate,certain,SP_d11c06fd29fce70c7bcd
PERSON_BESBES_HICHEM,CO_INSTITUT_TUNIS_DAUPHINE,commissaire_aux_comptes,corporate,certain,SP_ecbd8529f959eecaa461
PERSON_FERCHIOU_RIDHA,CO_INSTITUT_TUNIS_DAUPHINE,pdg,corporate,certain,SP_5886f7e79762b74081d1
PERSON_TRIKI_MAHMOUD,CO_STAYFAX,gerant,corporate,certain,SP_a8f0490bbfc052fa8276
PERSON_BENSALEM_MONCEF,CO_MARTA,gerant,corporate,certain,SP_afdaad326ca4d7826fe4
PERSON_BENSALEM_TAHER,CO_CONFECTION_BEN_SALEM_ECOS,gerant,corporate,certain,SP_ec7b7769c2fd6d9b6cbb
PERSON_SELAMI_KAIS,CO_SICAR_TUNINVEST,dg,corporate,certain,SP_29cc1d1ce3cbdc746fe2
PERSON_JELOULI_NOUREDINE,CO_CEPTUNES,president_ca,corporate,probable,SP_b52bf52f625b354a69c2
PERSON_SELAMI_MOHAMED,CO_IMMOBILIERE_ZENITH,cogerant,corporate,certain,SP_5a9a11ee7704b40d40ae
PERSON_ABDENADHER_MOHAMED,ORGMENTION_Société Immobilière du Nord,gerant,corporate,certain,SP_2c0991a4cf3aafd9db97
PERSON_KHOUAJA_MAHDI,CO_FINANCIERE_WIDED_SICAF,dga,corporate,certain,SP_85fc66456fb00dd906c8
PERSON_RIAHI_SKANDER,CO_INDUSTRIELLE_DARTICLES_BUREAUX_SIAB,administrateur,corporate,certain,SP_8887439e8c419cd8bc74
PERSON_MZABI_LAROUSI,CO_SEEM,cogerant,corporate,certain,SP_508b04937ef51019233c
PERSON_AZOUZI_RAOUF,CO_RESTAURANT_GRAND_ITALIA,gerant,corporate,certain,SP_a724671a09a093c164c2
PERSON_BENSEDRINE_ANIS,CO_BRODWAY,administrateur,corporate,certain,SP_99cc8d02ac2c9cabc5c2
PERSON_AGREBI_MOHAMED,CO_ORGANISATION_SERVICE_INFORMATIQUE,gerant,corporate,certain,SP_3e788cb3bac0cc05d60e
PERSON_BOUJBEL_WISEM,CO_HADJ_SLIMANE_BOUJBEL_CIE,gerant,corporate,certain,SP_5fa15bcfd36bcc22997f
PERSON_CHAABANE_SONIA,CO_MAGASIN_FOLLA,gerant,corporate,certain,SP_85e10417fe272e3d198c
PERSON_AYED_KARIM,CO_EAGLE_OLIVE_OIL,gerant,corporate,certain,SP_7fd047d8387c11d93b02
PERSON_MABROUK_ISMAIL,CO_MAGHREB_FONCIERE,gerant,corporate,certain,SP_7adbab95dddae214f84a
PERSON_ZOUARI_FOUED_BENKHELIFA_BENBOUBAKER,CO_ZOUARI_FRERES,gerant,corporate,certain,SP_92a71dea9684be064b86
PERSON_ZOUARI_SAMI_BENMONGIE,CO_INTEGRATION_TECHNIQUE_CABLAGE_ITEC,gerant,corporate,certain,SP_9e76f408c669541b4ff2
PERSON_TARENTINI_MASIMO,CO_GELATERIA_ITALIA,cogerant,corporate,certain,SP_84e95b33622697e5d5f1
PERSON_ZITOUNA_NEDIA_DRIS,CO_PRIMO_PACK,gerant,corporate,certain,SP_0651710bc150d941b055
PERSON_BOUABID_HASEN,CO_HIGHEST_CLOTHES_MAKING,cogerant,corporate,certain,SP_e86f7fddec4ad5dc0f34
PERSON_OUAILI_MONTASAR,CO_DIVA_SICAR,administrateur,corporate,certain,SP_082ec6497a8c8c1451e9
PERSON_OUAILI_MONTASAR,CO_DIVA_SICAR,president_ca,corporate,certain,SP_82a02e64d893dcdd9080
PERSON_HAMAMI_BARISA,CO_TUNISIENNE_TRAVAUX,gerant,corporate,certain,SP_e231e938e42cdd9921ca
PERSON_KHALIL_MOHAMED,CO_PRESTON,gerant,corporate,certain,SP_b9f5b2248e136407b4c4
PERSON_BOUAZRA_KAIS,CO_TUNISIENNE_INDUSTRIELLE_DETERGENTS,gerant,corporate,certain,SP_af990e000c2242d92844
PERSON_ESID_HABIB,CO_LIBERTE_DIFFUSION,gerant,corporate,probable,SP_0cdd303750ae71411c9f
PERSON_HAMAMI_HAKIM,CO_KHAYRAT_MEHRINE,cogerant,corporate,certain,SP_323eba56ba2348d612ec
PERSON_SELAMI_JALEL,CO_DRINKS_AND_FOOD,commissaire_aux_comptes,corporate,certain,SP_41ccb1924b9cacc76b5b
PERSON_SAIDANE_MOHAMED,CO_NOUVELLES_CARRIERES_SUD,gerant,corporate,certain,SP_f38ae96c30dd25332a52
PERSON_TRABELSI_MOHAMED_ALI,CO_ENGINEERING_MACHINING_PRECISION,gerant,corporate,certain,SP_a3279854da732c897f4b
PERSON_LAJNEF_FAIROUZ,CO_ROTIN_LAJNEF,gerant,corporate,certain,SP_ecf836090555941c6104
PERSON_BOUZAYNE_KHEMAIES,CO_PYRAMIDE_PLUS,gerant,corporate,certain,SP_2c7afec2d1beb5d478da
PERSON_TRIKI_ABDELKADER,CO_AMIN_INFORMATIQUE_SAMIF,gerant,corporate,certain,SP_2d35685e3dbd33d27b3f
PERSON_AYADI_LOTFI,CO_BEN_JABALLAH_SRU,gerant,corporate,certain,SP_1a017a8db8c35b88abc3
PERSON_ELOUZE_MALEK,CO_PROMOTION_IMMOBILIERE_ARABE_TUNISIE,pdg,corporate,certain,SP_0fa1109d876ddfb47fe2
PERSON_ELOUZE_MALEK,CO_TAAMIR,gerant,corporate,certain,SP_2ec3b53218cac3f88858
PERSON_KARAY_SLIM,CO_3D,gerant,corporate,certain,SP_06e685d80b135112e77f
PERSON_BENAISA_AHMED,CO_BEN_AISSA_FRERES,gerant,corporate,certain,SP_aa0e0fb95a566f38a09e
PERSON_SAIDANE_MOHAMED,CO_DEVNET,gerant,corporate,certain,SP_f6c696c58f60c44c9582
PERSON_DRIS_KAMEL,CO_PATISSERIE_GELATERIE,gerant,corporate,certain,SP_afa928e1ee1d0c0ced56
PERSON_KAMOUN_NEJIB,CO_LUNIVERS_TUNISIEN_COMMERCE,gerant,corporate,certain,SP_6901e897424090e9f04d
PERSON_HAMOUDA_SAMI,CO_EPIC,gerant,corporate,certain,SP_a0271d01c834a891adac
PERSON_ELOUMI_HICHEM,CO_CHAKIRA_CABLE,administrateur,corporate,probable,SP_cde6b5b4db4b1aa67d41
PERSON_CHAABANE_FARAH,CO_TUNISIENNE_RECYCLAGE_METAUX_PLUS_STRM,gerant,corporate,certain,SP_d13b236fd41640cd0f3d
PERSON_CHAABANE_NABIL,CO_TUNISIENNE_RECYCLAGE_METAUX_PLUS_STRM,gerant,corporate,certain,SP_a853ae8d5a0446c69c19
PERSON_BAYAHI_YAHIA,CO_TUNISIENNE_CLIMATISATION_ECOCLIM,gerant,corporate,certain,SP_b74a9b120812a4be68ab
PERSON_BENCHEIKH_ABDELHAKIM,CO_BEN_CHEIKH_ABDELHAKIM_SOBECA,gerant,corporate,certain,SP_98643e1e0c5e192dc6f6
PERSON_ATIA_AHMED,CO_TUNISIAN_HIGH_BUSINESS_SCHOOL_UNIVERSITE_PRIVEE_THBS_UP,administrateur,corporate,probable,SP_2c8f0acd04cb464ba81d
PERSON_MANSOUR_ANISA,CO_TUNISIAN_HIGH_BUSINESS_SCHOOL_UNIVERSITE_PRIVEE_THBS_UP,administrateur,corporate,probable,SP_1361d4090fd24aa38d4a
PERSON_KHROUF_FAYCAL,CO_THYNA_PETROLEUM_SERVICES,dg,corporate,certain,SP_9bc0b3e477c1b6629d1a
PERSON_BAYAHI_TAHER,CO_BHM_DISTRIBUTION,gerant,corporate,certain,SP_81e986df4b60388e761b
PERSON_JAIDANE_RIADH,CO_ECO_PLUS,representant,corporate,certain,SP_ad04777546ff0fd6cf3f
PERSON_SLAMA_SIHEM,CO_HAILEY,gerant,corporate,certain,SP_768732fa1c7c48840767
PERSON_SELAMI_KHEIREDINE,CO_ROYAL_BETON,gerant,corporate,certain,SP_ea901d536d4b22f46900
PERSON_HAMAMI_ABDELJELIL,CO_COMPOECO_TUNISIE,gerant,corporate,certain,SP_c85340ba10ace0e50044
PERSON_KAMOUN_DALENDA_HAMAMI,CO_SARA_SERVICES,gerant,corporate,certain,SP_abcc97169166e563d922
PERSON_AREM_HABIB,CO_IMMEUBLE,gerant,corporate,certain,SP_79b742989af1ab95ab42
PERSON_KRIA_MOHAMED_ABDELMONEM,CO_POLYCOQ_TUNISIE,pdg,corporate,probable,SP_41cc5bdb5709eb2ccd94
PERSON_RUSO_FRANCESCO,CO_ITALO_TUNISIENNE_SERVICES,gerant,corporate,certain,SP_283c8dd8438615eaa5a4
PERSON_SASI_DORA,CO_DS,gerant,corporate,certain,SP_d0f63a54293250c2f003
PERSON_AREM_JAMEL,CO_PROMOTION_TOURISTIQUE_MERIDIANA,pdg,corporate,certain,SP_e48f662c26c29a3192bf
PERSON_AREM_MOHAMED_WALID,CO_PROMOTION_TOURISTIQUE_MERIDIANA,unspecified,corporate,certain,SP_aa02080930845710f988
PERSON_TRABELSI_MOHAMED,CO_CARTHAGE_MICRO_ALGUES,gerant,corporate,certain,SP_915134c0fcf1f103b3f0
PERSON_KELIBI_MONCEF,CO_ALPHA_BUS_TUNISIE,dg,corporate,certain,SP_5d85b64581195c1f5cf4
PERSON_HAMAMI_MOHAMED_ANES,CO_HAMMOUDA_PLASTIC,gerant,corporate,certain,SP_cf2f7ccfec7d9b49e5f1
PERSON_HAJABDELAZIZ_MOHAMED,CO_GENERALE_CONFECTION_TEXTILE_GECOTEX,gerant,corporate,certain,SP_9b376199267638b74665
PERSON_DOS_MOHAMED,CO_GENERALE_CONFECTION_TEXTILE_GECOTEX,cogerant,corporate,certain,SP_a817fb290ab525eedfff
PERSON_DRIS_BADRA,CO_MARHABA,administrateur,corporate,probable,SP_fc5e36ada8d4bb417fb8
PERSON_BENYOUSEF_WIDED_KALFAT,CO_UTIC_CALL_CENTER,gerant,corporate,certain,SP_4a384ae3a7338191a215
PERSON_OUESLATI_ALI,ORGMENTION_Accepté la démission de Monsieur Tahar Ladjimi de son poste ,administrateur,corporate,certain,SP_6c3a7e846d06dfce3ab8
PERSON_OUESLATI_ALI,ORGMENTION_Accepté la démission de Monsieur Tahar Ladjimi de son poste ,pdg,corporate,certain,SP_e13c0a8c186c0dd0b379
PERSON_HAMAMI_MOHAMED,CO_TUNISIE_CONNECTIQUE_INFORMATIQUE,gerant,corporate,probable,SP_16eb5ae3509457b67590
PERSON_ELOUMI_MOHAMED_FAIEZ,CO_EL_FATH,gerant,corporate,certain,SP_a2e05f6e2d73f68f309f
PERSON_BENYOUSEF_SLIM,CO_UTHINA,gerant,corporate,certain,SP_7edd35a928cf2937c52b
PERSON_NAILI_TAHER_BENBELGACEM,CO_RESTAURANT_PIZZERIA_ITALIANO,gerant,corporate,certain,SP_9cb29ffeb751df0fd399
PERSON_BENAMOR_WALID,CO_LOTEZ_CONFECTION,gerant,corporate,certain,SP_0117d2ef5bfe93fa7006
PERSON_MABROUK_MOHAMED_ALI,CO_IFI_CORP,administrateur,corporate,certain,SP_972b0c48ddce1fe3b413
PERSON_CHARFI_MOHAMED_NACIR,CO_OMNIPLAST,unspecified,corporate,certain,SP_555b5e43b82b6f661903
PERSON_FOURATI_HATEM,CO_OMNIPLAST,unspecified,corporate,certain,SP_7928238921f9467cbd59
PERSON_GHARBI_MOHAMED_RIDHA,ORGMENTION_Société DE TRANSFORMATION DU VERRE PLAT,administrateur,corporate,certain,SP_5179e973024df767672a
PERSON_GHARBI_MOHAMED_RIDHA,ORGMENTION_Société Bio Fassy,administrateur,corporate,certain,SP_a768be104da268e2314d
PERSON_DOGHRI_MONCEF,CO_PULVAGRI,gerant,corporate,certain,SP_1c1a714df0a35de5b5d6
PERSON_ZOUARI_MOEZ,CO_ZEN_IMMOBILIERE,gerant,corporate,certain,SP_85fb28d7778e3d720f33
PERSON_ABRIAL_FRANCOIS,CO_AIR_LIQUIDE_TUNISIE_SERVICES,president_ca,corporate,certain,SP_5468946d5468f0e750dc
PERSON_BENSEDRINE_SABER,CO_MISS_DYNA,gerant,corporate,certain,SP_49bf6fafc38ae67e054b
PERSON_GUEDICHE_FOUED,CO_SUN_ANTIPASTI,gerant,corporate,certain,SP_5e3c4caa5154efe03288
PERSON_MABROUK_RAMZI,CO_ECKO_CONSEILS,gerant,corporate,certain,SP_5d7941b52b22770ce5ff
PERSON_AYADI_KAMEL,CO_INSTITUT_MONDIAL_LETHIQUE_LEADERSHIP,gerant,corporate,certain,SP_eaba3c9dbb3166852105
PERSON_MEDEB_MOHAMED,CO_CENTRALE_LAITIERE_CAP_BON,administrateur,corporate,probable,SP_8f92c3bd1438ce7531a2
PERSON_OUESLATI_ALI,CO_BT_SICAR,pdg,corporate,certain,SP_9c37e2f873be6c40c165
PERSON_BOURICHA_ABDELAZIZ,CO_IMMOBILIERE_BELLE_RESIDENCE,pdg,corporate,certain,SP_0479e85aab53c1ae42d7
PERSON_MHIRI_MOURAD,CO_HOTELIERE_MOURADI_TOZEUR,pdg,corporate,probable,SP_fc59e364f3e62a0b630b
PERSON_ZGOLI_TOUHAMI,CO_FONDERIE_MODERNE_TUNISIE,administrateur,corporate,certain,SP_479ff40a314d56faaf92
PERSON_ZGOLI_TOUHAMI,CO_FONDERIE_MODERNE_TUNISIE,president_ca,corporate,certain,SP_3eb70b4045da3bfb3531
PERSON_DJILANI_DADOU,CO_WAHRA_RENT,gerant,corporate,certain,SP_7b966fa5730e0166b989
PERSON_DRIS_SLIM,CO_TUNISIE_PECHE,gerant,corporate,certain,SP_b979997f6bf3b32946ef
PERSON_KILANI_ABDELFATEH,CO_CARTHAGE_RESTATE_CONSULTANTS,cogerant,corporate,certain,SP_8509f9b0a19e7625acce
PERSON_SELAMI_ADEL_BENMOHAMED,CO_OLYMPIC_EXPORT_IMPORT,gerant,corporate,certain,SP_a96b2dcbc510da3c04b7
PERSON_SLAMA_RIDHA,CO_FOOD_INGREDIENTS_ENGINEERING,administrateur,corporate,certain,SP_26971158b09511fd9603
PERSON_SLAMA_GHASEN,CO_FOOD_INGREDIENTS_ENGINEERING,administrateur,corporate,certain,SP_e5ebe72b5f45d9a6d18b
PERSON_SLAMA_GHASEN,CO_FOOD_INGREDIENTS_ENGINEERING,pdg,corporate,certain,SP_7a12ef90a41bd8f2ba8a
PERSON_AMAR_HABIB,CO_HA_CONSULTING,gerant,corporate,certain,SP_0efed6e2c362dc50c06a
PERSON_DRIS_ASOUANE,CO_TUNISIENNE_COMMERCE,gerant,corporate,certain,SP_dd5532ffa85d7f166c97
PERSON_CHAHLOUL_KHADIJA,CO_TUNISIAN_QATARI_BANK,representant,corporate,certain,SP_798a63625d6601d9ca3c
PERSON_SLAMA_SKANDER,CO_HUILERIES_REUNIES,gerant,corporate,certain,SP_21b8c67b2e668617d55c
PERSON_SLAMA_SKANDER,CO_CARTHAGINOISE_PRODUCTION_AGRICOLE,gerant,corporate,certain,SP_70d8ec7c34c26b0fe270
PERSON_RATLE_ALEXANDRE,CO_ARKA,gerant,corporate,certain,SP_61ffed0d04b32b550bdc
PERSON_SLAMA_MUSTAPHA,CO_RENAISSANCE_MECANIQUE,gerant,corporate,certain,SP_9ec9cee77eba4cb30110
PERSON_DRIS_MHAMED,CO_INDUSTRIELLE_BOISSONS,gerant,corporate,certain,SP_e152e30cfc3b113526fa
PERSON_BOURAS_ANIS,CO_INTELLIGENT_SYSTEM_ENGINEERING_INSEN,dg,corporate,certain,SP_107404fe539ab4da7de4
PERSON_FRIKHA_FETHI,CO_PEINTURE_METALLISATION_SUR_PLASTIQUE,gerant,corporate,certain,SP_9e5bbc4faf9d47821446
PERSON_SASI_MOHAMED,CO_HOLDING_MARBRE_COMPANY,gerant,corporate,certain,SP_ad0efb7866bda85b4f2d
PERSON_KILANI_HAFEDH,CO_ENTREPOTS_FRIGORIFIQUE_BORJ_ZARAT,gerant,corporate,certain,SP_1036353847dc026d0336
PERSON_TEKAYA_ARAFET,CO_PLASTEKA,gerant,corporate,certain,SP_298850fe93d5d95cf4b0
PERSON_DIMASI_MORSY,CO_ARAB_TUNISIAN_DEVELOPMENT,dg,corporate,certain,SP_facc9a404cd6966ff1e0
PERSON_CHAABANE_FAOUZI,CO_SAVEURS_LORIENT,gerant,corporate,certain,SP_d3938d15cbda73b47da8
PERSON_SELAMI_TAREK,CO_TRANSFORMATION_METAUX,gerant,corporate,certain,SP_a5b1c3330086fa6e1bc2
PERSON_MECHERGUI_ZOUHEIR,CO_FRANCE_TUNISIAN_MOTOS,gerant,corporate,certain,SP_de7e0b9c817662feb22d
PERSON_HAMROUNI_MUSTPAHA,CO_SOTACIB,gerant,corporate,certain,SP_0953e8abf948fc97d833
PERSON_CHAABANE_MOHAMED,CO_EL_HADAIK_SERVICES,gerant,corporate,certain,SP_df0e660fedbd4039cf79
PERSON_TRIKI_RADHOUANE,CO_ART_GRAPHIC,gerant,corporate,certain,SP_61180bccdfc6c10c8a02
PERSON_GUENOUN_ALEXA,CO_TEMENOS_FRANCE,representant,corporate,certain,SP_0f5b4194c08cc4e5c62e
PERSON_BELHAJ_KHALED,CO_TUNISIE_EXPORT_CUIR,gerant,corporate,probable,SP_e11e2bdda810e967edae
PERSON_JAIDANE_RIADH,CO_NEWCORK,representant,corporate,certain,SP_d7a42c509e1df2053d6a
PERSON_HAMAMI_TAOUFIK,CO_TUBOPLAST,gerant,corporate,certain,SP_0e7185d4da82355511a9
PERSON_PETEGHEM_FRANCE_ANE_VAN,CO_BAGATEL,gerant,corporate,certain,SP_d1198dc5eeec01d98345
PERSON_ZOUARI_MOHAMED,CO_SEBEH_PATISSERIES_TRADITIONNELLES,gerant,corporate,certain,SP_60abe1c8d3095e25c94a
PERSON_BENAYED_ABDELWAHEB,ORGMENTION_FORMAPRO,president_ca,corporate,certain,SP_be61dfaa5820f1b8abd2
PERSON_JOUDI_MOEZ,ORGMENTION_FORMAPRO,dg,corporate,certain,SP_6f2e7deb1b7f3307c922
PERSON_ABDELI_ABIR,CO_SIRC,gerant,corporate,certain,SP_5ff73557546c062ac605
PERSON_DRIS_ZOHRA,CO_THALASSO_SHOP_LM,gerant,corporate,certain,SP_5e6c137e7cec2a57214f
PERSON_DRIS_ZOHRA,CO_THALASSO_SHOP_TK,gerant,corporate,certain,SP_261da5a723e8d02827c6
PERSON_BOUAOUAJA_FETHI,CO_ZARZIS_HOTEL,administrateur,corporate,probable,SP_e94e1bb8c9e4e9c7ae05
PERSON_BOUAOUAJA_LEILA,CO_ZARZIS_HOTEL,administrateur,corporate,probable,SP_3fd94d8aa55d0c178605
PERSON_BOUAOUAJA_FAOUZIA,CO_ZARZIS_HOTEL,administrateur,corporate,probable,SP_9493829755cc1356eaf5
PERSON_BOUAOUAJA_NOUREDINE,CO_ZARZIS_HOTEL,administrateur,corporate,probable,SP_380c27d0ca126d6c22bd
PERSON_BOUAOUAJA_FETHI,CO_AGRICOLE_COMMERCIALE_INDUSTRIELLE_SUD_SACIS,administrateur,corporate,probable,SP_45f6b2e641ca69c4e7b1
PERSON_BOUAOUAJA_LEILA,CO_AGRICOLE_COMMERCIALE_INDUSTRIELLE_SUD_SACIS,administrateur,corporate,probable,SP_227c2542de7b6e547334
PERSON_BOUAOUAJA_FAOUZIA,CO_AGRICOLE_COMMERCIALE_INDUSTRIELLE_SUD_SACIS,administrateur,corporate,probable,SP_7c5c653471c3f171c18f
PERSON_BOUAOUAJA_NOUREDINE,CO_AGRICOLE_COMMERCIALE_INDUSTRIELLE_SUD_SACIS,administrateur,corporate,probable,SP_e374c45ac4c45f4745e9
PERSON_BOUAOUAJA_FETHI,CO_ZARZIS_LOISIRS,administrateur,corporate,probable,SP_c4e481fc5162e439c112
PERSON_BOUAOUAJA_LEILA,CO_ZARZIS_LOISIRS,administrateur,corporate,probable,SP_69f68b3b5700d3257066
PERSON_BOUAOUAJA_FAOUZIA,CO_ZARZIS_LOISIRS,administrateur,corporate,probable,SP_18f6bf9dbf79612e7800
PERSON_BOUAOUAJA_NOUREDINE,CO_ZARZIS_LOISIRS,administrateur,corporate,probable,SP_67c43db66e21280ad77b
PERSON_BOUAOUAJA_FETHI,CO_ZEPHIR_HOTEL,administrateur,corporate,probable,SP_b007caf58388bcdb562b
PERSON_BOUAOUAJA_LEILA,CO_ZEPHIR_HOTEL,administrateur,corporate,probable,SP_016bec2fa4f2f8c17f66
PERSON_BOUAOUAJA_FAOUZIA,CO_ZEPHIR_HOTEL,administrateur,corporate,probable,SP_56b783967b4f0d5bd311
PERSON_BOUAOUAJA_NOUREDINE,CO_ZEPHIR_HOTEL,administrateur,corporate,probable,SP_d686d255fbadc3120661
PERSON_ZENAIDI_AMEL_KADHI,CO_SMALT_INVESTISSEMENT,administrateur,corporate,certain,SP_68c4a136dcc1f35df0b6
PERSON_ZENAIDI_AMEL_KADHI,CO_SMALT_INVESTISSEMENT,pdg,corporate,probable,SP_cd8e3861acf356da6b0b
PERSON_TRIKI_KHALIL,CO_CUBIC,gerant,corporate,certain,SP_438031023d280f2983e0
PERSON_TRIKI_SOUHEIL,CO_CUBIC,gerant,corporate,certain,SP_2622d7df51b68b068050
PERSON_SASI_MOHAMED,CO_SOCABON,gerant,corporate,certain,SP_76ccab637d95b264c124
PERSON_MABROUK_LOTFI,CO_HORIZON_CONSEILS,gerant,corporate,certain,SP_1c413c422517b83a20c3
PERSON_GHAMGUI_FATEN_HAMAMI,CO_COFATEX,gerant,corporate,certain,SP_a7228cb54821d25a9204
PERSON_ELOUMI_WISEM,CO_SEPCO_CONFECTION,gerant,corporate,certain,SP_bf663d3a71ecb408d194
PERSON_MSEDI_ABDELMAJID,CO_MARBRERIE_SFAX_SMS,gerant,corporate,certain,SP_8d07d26f36f68e6640d1
PERSON_HAMAMI_HABIB,CO_HF_PLASTIC,gerant,corporate,certain,SP_fed552e02140225597a1
PERSON_BENJEMAA_LOTFI,ORGMENTION_Société Immobilière Mahboubine S.A,administrateur,corporate,certain,SP_00fa36faca17bef1d325
PERSON_DOGHRI_NEJIB,ORGMENTION_Société Immobilière Mahboubine S.A,administrateur,corporate,certain,SP_52aafb050f501892dbca
PERSON_BENJEMAA_KHALED,ORGMENTION_Société Immobilière Mahboubine S.A,dg,corporate,certain,SP_77217b2be204cfee9236
PERSON_DOGHRI_NEJIB,ORGMENTION_Société Immobilière Mahboubine S.A,president_ca,corporate,certain,SP_bf688dd38c31c42de507
PERSON_MZIOU_WIDED_TRIKI,CO_CYBERNETIQUE,gerant,corporate,certain,SP_382117aec738378e22b6
PERSON_ELABIDINE_MOHAMED_ZINE,CO_SAFAGRIN,gerant,corporate,certain,SP_e6b7b8e2e4466f233e0f
PERSON_TRIKI_OMAR,CO_BUSINESS_GROWTH_CONSULTING,gerant,corporate,certain,SP_885fc41d9b100270a51e
PERSON_DAHECH_MAHER,CO_NOUR_TEXTILE,gerant,corporate,certain,SP_4b5f0460d18c4c4a7289
PERSON_GLOULOU_HABIB,ORGMENTION_Société CARRIERES EL GHALI ET GLOULOU,gerant,corporate,certain,SP_452c7f0ab5c1d31d1c99
PERSON_MABROUK_MOURAD,CO_SOTRADIV,gerant,corporate,certain,SP_094de2f3c4c3f7a7e49e
PERSON_HAMAMI_AMIN,CO_TROIS_CENT_SOIXANTE_DEGRE_360,gerant,corporate,certain,SP_334e99614046810a87ad
PERSON_ZOUARI_MOHAMED_ALI,CO_DIVERS_PACK,gerant,corporate,certain,SP_853c39033d9b37b42d70
PERSON_KHLAS_KARIMA_TRIKI,CO_KTK_CONSULTING,gerant,corporate,certain,SP_46060f1233dcf032eb35
PERSON_NOVELA_CHRISTIAN,CO_ZODIAC_AUTOMOTIVE_TUNISIE,gerant,corporate,certain,SP_61a6fe8091cbc489cedd
PERSON_HAMAMI_MOHAMED,CO_LINEA_CONCEPT,gerant,corporate,certain,SP_49b5dd788cd05d6e41d4
PERSON_BRADAI_NAJET_SELAMI,CO_REFENDAGE_TOLE_SORETOL,dga,corporate,certain,SP_37916b3f7b7fee69909c
PERSON_AYED_KARIM,CO_INDUSTRIAL_MAINTENANCE_INTERNATIONAL,gerant,corporate,certain,SP_06f801b97c331d791458
PERSON_CHAABANE_NAHLA_ELHAKIM,CO_HARMONIE,cogerant,corporate,certain,SP_75f6030abbd6405f72fb
PERSON_CHAABANE_MOHAMED,CO_HARMONIE,cogerant,corporate,certain,SP_30ff8f08b99c1abddcf9
PERSON_OUESLATI_KARIM,CO_OUESLATI_UNIFORME,gerant,corporate,certain,SP_bef6fbda9b91668d2351
PERSON_ZOUARI_KHALIL,CO_MAINTENANCE_DASSISTANCE_TECHNIQUE_SMAT,gerant,corporate,certain,SP_bc04e913e24c061180f1
PERSON_HAMROUNI_HMAIED,CO_TUNISIENNE_MORTTERS_MODERNES_STMM,unspecified,corporate,certain,SP_2143cc516abb7ae23d1b
PERSON_HAMROUNI_MUSTAPHA,CO_TUNISIENNE_MORTTERS_MODERNES_STMM,unspecified,corporate,certain,SP_041663a00737d64bd2db
PERSON_HAMROUNI_HMAIED,CO_TUNISIENNE_MORTTERS_MODERNES_STMM,pdg,corporate,certain,SP_59bbbda280b7e4818c68
PERSON_SELAMI_MOHSEN,CO_PLYBOIS_7,pdg,corporate,certain,SP_99fc337a014e657151e1
PERSON_SELAMI_MOHSEN,CO_STRAMICA,pdg,corporate,certain,SP_02bfd04c2ca478a6f0f4
PERSON_SELAMI_MAHMOUD,CO_STRAMICA,vice_president,corporate,certain,SP_bd0d9f4a44d3bd08840a
PERSON_SELAMI_KHALED,CO_STRAMICA,dga,corporate,certain,SP_9f887c0a82811c023399
PERSON_KILANI_KAIS,CO_TUNISIE_EVIER,dg,corporate,certain,SP_8b626512ed6e99b45bf8
PERSON_SLAMA_KHALIL,CO_STAFELEC,gerant,corporate,certain,SP_f67e51f9f2b06f86632b
PERSON_MAKHLOUF_WAFA,CO_ELKACEM_IMMOBILIERE,gerant,corporate,certain,SP_7c05f6e043380e01d07a
PERSON_KAMOUN_HABIB,CO_TUNISOR,gerant,corporate,certain,SP_697d3c7b71cf6a82a8e4
PERSON_BOUSADA_HBIB,CO_SARRATEX,gerant,corporate,certain,SP_38cbbc4b6eb80efe71e7
PERSON_SELAMI_MONCEF,CO_FONCIA,commissaire_aux_comptes,corporate,certain,SP_089187a82064d3ba9a96
PERSON_MALKI_JAMIL,CO_SETCAR,dga,corporate,certain,SP_b58d950ee85d3edff0c3
PERSON_ESASI_ABDELAZIZ,CO_ASSURANCES_MAGHREBIA_VIE,president_ca,corporate,certain,SP_d4e64fdd35b76b1f867d
PERSON_BENHASINE_HABIB,CO_ASSURANCES_MAGHREBIA_VIE,dg,corporate,certain,SP_d714aef2e94e3b54a3f7
PERSON_DERBEL_ABDELAZIZ,CO_ASSURANCES_MAGHREBIA_VIE,administrateur_delegue,corporate,certain,SP_4fcdeadf87b3bd5e7072
PERSON_CHETOUANE_BRAHIM,CO_PROMAX,administrateur,corporate,certain,SP_67339b8c187cb4cf3b72
PERSON_CHETOUANE_BRAHIM,CO_PROMAX,pdg,corporate,certain,SP_c05740807148539d16ed
PERSON_DRIS_AICHA,CO_COMPAGNIE_TUNISIENNE_DEVELOPPEMENT_TOURISTIQUE,administrateur,corporate,certain,SP_009f431878f3c840454b
PERSON_SASI_NAWEL,CO_NEAPOLIS_MEDICAL,gerant,corporate,certain,SP_0390a67d72b927c4a9c9
PERSON_SLAMA_HAROUN,CO_GRANDES_CARRIERES_SAHEL,administrateur,corporate,certain,SP_48a393dff33d6dddf015
PERSON_SLAMA_ALI,CO_GRANDES_CARRIERES_SAHEL,administrateur,corporate,certain,SP_25b7f47f1351f84991e2
PERSON_SLAMA_HAROUN,CO_GRANDES_CARRIERES_SAHEL,pdg,corporate,certain,SP_02d00e166423dd6bff7b
PERSON_SKHIRI_MOHAMED,CO_IMMOBILIERE_SKIRI,gerant,corporate,certain,SP_680f0338d8b4d7fd4707
PERSON_KHALIL_MOHAMED,CO_PROTOTYPES_WORKS,gerant,corporate,certain,SP_5cc04085e089f7453804
PERSON_HAMAMI_RIADH,CO_HAMMAMI_AGRO,gerant,corporate,certain,SP_5a0f167a8ab7841e7ce7
PERSON_MHIRI_ALI,CO_ALKIMIA_PACKAGING,pdg,corporate,certain,SP_1e4519ac333f0a793cca
PERSON_HAMAMI_MAHER,CO_NO_LIMIT_PRET_A_PORTER,gerant,corporate,certain,SP_b22bc2de662e74f8a4d2
PERSON_KILANI_NADHIR,CO_GBMC,gerant,corporate,certain,SP_d27ff27bce0dbe7beeb0
PERSON_AMAR_KARIM,CO_ALMES,dg,corporate,certain,SP_158ad5c10ce97f325633
PERSON_BENAYED_ABDESALEM,CO_TUNISIENNE_FILTRES_MISFAT,president_ca,corporate,certain,SP_12c3842193708a7c43df
PERSON_SLAMA_CHIHEBEDINE,CO_SLAMA_SICAF,administrateur,corporate,certain,SP_45371e91a43bfe5ded88
PERSON_VAZ_ARNAUD,CO_HUTCHINSON_TUNISIE,cogerant,corporate,certain,SP_0f27a115011a5d93c466
PERSON_POIRIER_LAURENT,CO_HUTCHINSON_TUNISIE,cogerant,corporate,certain,SP_b69109a70a5290c4c9fb
PERSON_BAKLOUTI_JAMEL,CO_HORIZON_TEXTILE_HTEX,cogerant,corporate,certain,SP_e25171a5cba45023e900
PERSON_TRIKI_MEHDI,CO_PIONNER_TELECOM_CONSULTING,gerant,corporate,certain,SP_9199ed4ec2c5422ef488
PERSON_GARMA_NIZAR,CO_CAP_SAISONS,pdg,corporate,certain,SP_27de970f2f0289d2c9c4
PERSON_SASI_KARIM,CO_TUNISIENNE_FABRICATION_CAPSULES_EN_PLASTIQUE_TUNICAPLAST,gerant,corporate,certain,SP_f4443e9d663ecfce0485
PERSON_BAABOURA_ALI,CO_HORCHANI_OLIVE_OIL,gerant,corporate,probable,SP_42a886f2622bdb819835
PERSON_KALAI_AMEUR,CO_MERSA,gerant,corporate,certain,SP_716fcf8225aec3926ce1
PERSON_KISTI_ABDENADHER,CO_CLAROM,gerant,corporate,certain,SP_470a82b7341ce674b9c2
PERSON_FUMAROLA_ANTONIO,CO_ITALIAN_FASHION_INDUSTRY,gerant,corporate,certain,SP_4b2d01d3a4f5cc54f67b
PERSON_JOUDI_MOEZ,CO_MED_CONSULTING,gerant,corporate,certain,SP_c3ce01f50e1c8255ecd7
PERSON_ABASI_RAFIK,CO_EL_AMEL,gerant,corporate,certain,SP_f7c86ff7bca8830dac59
PERSON_BOURICHA_TAHER,CO_INDUSTRIELLE_COMMERCIALE_EQUIPEMENTS_MARITIMES_SOICEM,unspecified,corporate,certain,SP_934e4077fba6cf7d128c
PERSON_BOURICHA_TAHER,CO_INDUSTRIELLE_COMMERCIALE_EQUIPEMENTS_MARITIMES_SOICEM,president_ca,corporate,certain,SP_365053aac5bb75ce242c
PERSON_BENAYED_ABDELWAHEB,CO_TUNISIE_DEVELOPPEMENT_SICAR,association_president,corporate,certain,SP_62995028e902ab2ae3a4
PERSON_AMAR_KARIM,CO_TUNISIE_DEVELOPPEMENT_SICAR,dg,corporate,certain,SP_51c3256fd04dc3419578
PERSON_ESAFI_MOHAMED_NEJIB,CO_TUNISIENNE_SYSTEMES_SECURITE_ST2S,representant,corporate,certain,SP_87ad030f34f07a0d5784
PERSON_HAMAMI_SOFIEN,CO_OCTOPUS,gerant,corporate,certain,SP_3d296d738edbfd595a99
PERSON_ZAROUK_HICHEM,CO_MARCUS,gerant,corporate,certain,SP_1ecb172ee787474b7c7f
PERSON_MHIRI_SAMI,CO_ECOLE_HOTELIERE_EL_MOURADI,gerant,corporate,probable,SP_163df208b054faf10a51
PERSON_CAREAU_FRANCE,CO_FRANCO_TUNISIENNE_CERAMIQUE,gerant,corporate,certain,SP_d884aed63cb5f9453cfc
PERSON_GARAALI_CHEKIB,CO_TECHNIQUES_DINJECTION_PLASTIQUE_DASSEMBLAGE_IPLAST,administrateur,corporate,certain,SP_7682a696f81376ce0be1
PERSON_GARALI_KAIS,CO_TECHNIQUES_DINJECTION_PLASTIQUE_DASSEMBLAGE_IPLAST,administrateur,corporate,certain,SP_d680cb1dfa839cf64854
PERSON_GARAALI_CHEKIB,CO_TECHNIQUES_DINJECTION_PLASTIQUE_DASSEMBLAGE_IPLAST,pdg,corporate,certain,SP_ae008b020634b889ce95
PERSON_GARALI_KAIS,CO_TECHNIQUES_DINJECTION_PLASTIQUE_DASSEMBLAGE_IPLAST,dga,corporate,certain,SP_4b41b1a6999bd3b7a705
PERSON_KASRI_MONIA,CO_INTERNATIONAL_MAALOUF,gerant,corporate,certain,SP_14036ce8fad5126e1b65
PERSON_SASI_FRANCO,CO_CONGENIA,gerant,corporate,certain,SP_3de0bfbc8130ad302e91
PERSON_ZGHAL_SAMIR,CO_AX_SOLUTIONS,pdg,corporate,certain,SP_883dfeb95eab7ee927ac
PERSON_TEKAYA_MEHDI,CO_AX_SOLUTIONS,pdg,corporate,certain,SP_854877a6c141113a6c6e
PERSON_KARMANI_RAOUF,CO_AX_SOLUTIONS,dga,corporate,certain,SP_1324c6c06e2c0b24bc88
PERSON_LOUKIL_MYRIAM_MZABI,CO_BLUE_BELL,gerant,corporate,certain,SP_dfef8730b93731d73162
PERSON_HAMAMI_ALI,CO_TOURISME_LOISIRS,unspecified,corporate,probable,SP_582fb9113a86343a9b9c
PERSON_ABDENADHER_AMEUR,CO_LIGATEC,gerant,corporate,probable,SP_cd176a267e6aaf5e5d5f
PERSON_BENAYED_AMEL,CO_HOTELIERE_TOURISTIQUE_SUD_SHTS,administrateur,corporate,certain,SP_0063c2464ef294502fdd
PERSON_BENAYED_RAFIK,CO_HOTELIERE_TOURISTIQUE_SUD_SHTS,pdg,corporate,certain,SP_56b19e1707b8c542c964
PERSON_MHIRI_NEJI,CO_BALNEAIRE_HAMMAMET_SUD,pdg,corporate,probable,SP_b5ba366cee6e3b879637
PERSON_NAFOUTI_HAYTHEM,CO_SPEED,gerant,corporate,certain,SP_4b3b2d4537f8c370c785
PERSON_ZOUARI_AZIZA,CO_GLOBAL_COSMETIQUE,gerant,corporate,certain,SP_04ba07dfbd435d2b1cf0
PERSON_BENMILED_AKRAM,CO_INDUSTRIELLE_CONSERVES_ALIMENTAIRES_SICA,gerant,corporate,certain,SP_294897b831c2579ef9ee
PERSON_BOUCHAMAOUI_GHAZI,CO_IDEE_MAISON_CASA,gerant,corporate,certain,SP_d902278cab29973701d8
PERSON_ZOUARI_HENDA,CO_SUN_7,gerant,corporate,certain,SP_51ea90f9ac7280cc5cf4
PERSON_BOUZAIENE_ABDELKADER,CO_TASMID_INDUSTRY,gerant,corporate,certain,SP_8178d4201c8619384523
PERSON_AOUADI_RAOUF,CO_MAXULA_PLACEMENT_SICAV,pdg,corporate,certain,SP_4451a3e5b14b5e6ba693
PERSON_HAMROUNI_ABDALAH,CO_SERGUINI,gerant,corporate,certain,SP_620c672587175a060986
PERSON_ZOUARI_HAFEDH,CO_TRAVAUX_D_AMENAGEMENT_URBAIN_RURAL_STAUR,president_ca,corporate,certain,SP_2c211c2761ab5b4a7283
PERSON_SELAMI_MAHMOUD,CO_STRAMIFLEX,dg,corporate,certain,SP_b21f06422df61767ce05
PERSON_BAKLOUTI_ISMAIL,CO_INDUSTRIELLE_MENUISERIE_DALUMINIUM_VOLETS_ROULANTS_EN_PLASTI,unspecified,corporate,certain,SP_3e03e26df8a84f75097e
PERSON_BAKLOUTI_ISMAIL,CO_INDUSTRIELLE_MENUISERIE_DALUMINIUM_VOLETS_ROULANTS_EN_PLASTI,pdg,corporate,certain,SP_36619610f29e965fcd2f
PERSON_KILANI_ABDELATIF,CO_PROMOINTERPHARMA,unspecified,corporate,certain,SP_daa482bd2cec7e584c55
PERSON_BELKHIRIA_TAHER,CO_TRANSFORMATION_POLYURETHANNE_CENTRE_SOTRAPOC,gerant,corporate,certain,SP_65fd236386dc8329f3ff
PERSON_ZOUARI_MAHER,CO_INTERPROFESSIONNELLE_POUR_COMPENSATION_DEPOT_VALEURS_MOBILIE,dg,corporate,certain,SP_48220a27d6d88a371528
PERSON_TEKAYA_MEHDI,ORGMENTION_CASSIOPAE MEA,administrateur,corporate,certain,SP_2663ed51e20104edf908
PERSON_ZGHAL_SAMIR,ORGMENTION_CASSIOPAE MEA,administrateur,corporate,certain,SP_011c981e198b06b15542
PERSON_TEKAYA_MEHDI,ORGMENTION_CASSIOPAE MEA,dg,corporate,certain,SP_d07560763699c2615e0d
PERSON_NAJAR_CHAABANE,CO_IDEAL_BOIS,gerant,corporate,certain,SP_e8246bb9c1a92c1504fe
PERSON_ZOUARI_ABDELHAK,CO_AGRLCOLE_SAHEL,gerant,corporate,certain,SP_e60f91f59ea0b1491442
PERSON_BOUJBEL_SAID,CO_NOUVELLE_BRASSERIE,president_ca,corporate,certain,SP_69831892f443d9b7c0bc
PERSON_CHAABANE_NOURI,"ORGMENTION_84, Rue 8600 La Charguia 1 Tunis",unspecified,corporate,certain,SP_7aa7ce28825cacd85625
PERSON_CHAABANE_NOURI,"ORGMENTION_84, Rue 8600 La Charguia 1 Tunis",pdg,corporate,certain,SP_e38c83dc75867ea10d3a
PERSON_KACEM_HAMDI,CO_BEN_KALIA,fondateur,corporate,certain,SP_eecdf434897dc06c50a1
PERSON_KACEM_HAMDI,CO_BEN_KALIA,pdg,corporate,certain,SP_83031cc4f360687490b0
PERSON_HAMROUNI_HOUCEMEDINE,CO_HAMROUNI_FRERES_BATIMENTS,gerant,corporate,certain,SP_f7307b64014604862763
PERSON_MEZNI_JALILA,CO_D_ARTICLES_HYGIENIQUES,administrateur,corporate,probable,SP_d914de0168eafaef8a28
PERSON_MHIRI_NEJI,CO_HOTELIERE_EL_KANTAOUI,dga,corporate,certain,SP_9340934520fce28f88fc
PERSON_ABDENADHER_LOTFI,CO_SANIMED,administrateur,corporate,certain,SP_2c7b5400a924b9782dfe
PERSON_ABDENADHER_KARIM,CO_SANIMED,administrateur,corporate,certain,SP_830e1a46bc393ab1b47e
PERSON_SFAR_HEDI_REJEB,CO_NEW_BODY_LINE,administrateur,corporate,certain,SP_e90c5f01f7769df5d477
PERSON_TRIKI_FETHI_BENMOHAMED,CO_TRIKI_CIE,gerant,corporate,certain,SP_0ae3fa68679782651662
PERSON_KAMOUN_HEDI,CO_MG_TRADING,gerant,corporate,certain,SP_17ab0b339e698fddc9f4
PERSON_DRIRA_MOHAMED,CO_TUNISIENNE_SERVICES,gerant,corporate,certain,SP_325a3f884d0073c893ba
PERSON_CHTOUROU_KHALIL,CO_TAPARURA_CONGRES_EVENEMENTS,gerant,corporate,certain,SP_ec41e0a3f7e010364af4
PERSON_KHALIL_MOHAMED,CO_HABANA,gerant,corporate,certain,SP_6669c4b5e754cea53097
PERSON_BOUJBEL_MOHAMED,CO_HAIFA,actionnaire,corporate,certain,SP_b02a9e5a495d2d5af5e8
PERSON_HAMAMI_ROCHDI,CO_SKANDER_ELISSA_SSE,gerant,corporate,certain,SP_6ba0f35f8d0952ef5a61
PERSON_ZUCHERELI_GIUSEPE,CO_VITROPLANT_TUNISIA,president_ca,corporate,certain,SP_43687c61d7867171fe88
PERSON_GRILI_GERARDO,CO_VITROPLANT_TUNISIA,dg,corporate,certain,SP_7cf826e790803545715f
PERSON_HAMAMI_RACHID,CO_VITROPLANT_TUNISIA,dga,corporate,certain,SP_a5713881de7bbbbd26d1
PERSON_CHARGUI_ESIA_BACAR,CO_MODERNE_DELEVAGE_SME,cogerant,corporate,certain,SP_e8b8549d0c6f578afbaa
PERSON_JRAD_ABDERAZEK_KILANI,CO_GENERALE_LOCATION_ENGINS_SERVICES,gerant,corporate,certain,SP_83fa8f09799306aa669f
PERSON_BONTAZ_YVES,CO_TUNISTOOLS,gerant,corporate,certain,SP_62e37ca957cf78fd753c
PERSON_ENAIFAR_AICHA,CO_DIVA_SICAR,dg,corporate,certain,SP_c40ba7c525e7662b05bc
PERSON_HAMAMI_HABIB,CO_TRANSPORT_MARCHANDISES_THYNA_STMT,gerant,corporate,certain,SP_ad834ed23163e22ce74d
PERSON_TRIKI_MOHAMED,CO_SUD_SUD_TRAVAUX,administrateur,corporate,certain,SP_1e5a62616ec235aef517
PERSON_KAMOUN_HEDI,CO_AGROCO_MED,gerant,corporate,certain,SP_c71dcfd20d361633b49c
PERSON_KILANI_NADHIR,CO_INTERIOR_DESIGN_CONTRACT,gerant,corporate,certain,SP_f3e246efbd13478a5e89
PERSON_SLAMA_MOHAMED,CO_HOTEL_PLUS,gerant,corporate,certain,SP_91dd4e4a27d2c1ab3400
PERSON_KAMOUN_SALMA_LOUATI,CO_YOUR_TRAVELS_AGENCY,gerant,corporate,certain,SP_20fcac56f76bafb9116c
PERSON_BENATIA_ADEL,CO_SOFT_HYGIENE,gerant,corporate,certain,SP_eec92e16693347fd0949
PERSON_SLAMA_ALI,ORGMENTION_Société Al Naseem Tunisie,administrateur,corporate,certain,SP_293c8c0d62f4a744dd0a
PERSON_SLAMA_GHASEN,ORGMENTION_Société Al Naseem Tunisie,dg,corporate,certain,SP_7560b6f1ee668842a4f2
PERSON_HAMAMI_SLIM,CO_IDEALE_TUBES,gerant,corporate,certain,SP_0052c54b5d65a7fab465
PERSON_TRABELSI_LASAAD,CO_TRABELSI,gerant,corporate,certain,SP_1271f4943a26b2e2baa6
PERSON_HAMAMI_MOHAMED,CO_FACE_A_FACE_PRET_A_PORTER,gerant,corporate,certain,SP_ac8998ba79556d5fd517
PERSON_KILANI_LASAAD,CO_TUNISIE_RECOUVREMENT,unspecified,corporate,certain,SP_7abf1964645d89a79745
PERSON_LAJNEF_MOHAMED_TOUMI,CO_LAJNEF_MAISONS_BOIS_LBM,gerant,corporate,certain,SP_50545576623518255bf1
PERSON_CHAABANE_AHMED,CO_COCCINELLA,gerant,corporate,certain,SP_7b8310d7b750778571a4
PERSON_ABAS_FERID,CO_SETCAR,administrateur,corporate,probable,SP_8d1d00c5e6a515282779
PERSON_HAMDI_MOUNIR,CO_IMMOBILIERE_SICCA_VENERIA,gerant,corporate,certain,SP_b417ccf2b95bd27b61f9
PERSON_DERBEL_FAYCEL,CO_ESSALEM,commissaire_aux_comptes,corporate,probable,SP_abe328de2d3f434f117a
PERSON_HAMROUNI_FETHI,CO_SEMAP,commissaire_aux_comptes,corporate,certain,SP_12ca6651dc647edd1017
PERSON_KADHI_RAJIET_ELHOUDA_MZABI_BEL,CO_C_C_BTP,gerant,corporate,certain,SP_79c08943831f138d0c78
PERSON_TOUATI_GHODHBANI_BENFAHEM,CO_MOULINS_SIDI_TLIL,dg,corporate,certain,SP_044d1ba323efcaf230b5
PERSON_BOURICHA_ABDERAZEK,CO_TUNISIAN_ALUMINIUM_COMPANY,gerant,corporate,certain,SP_8c353e4dd4388eebb1ea
PERSON_ABID_MOHAMED,CO_DESIGN,gerant,corporate,certain,SP_a143541d0257522b803d
PERSON_BENSEDRINE_KARIM,CO_CUIS_TOT,gerant,corporate,certain,SP_8d7e0d569a96ec0e8e40
PERSON_SLAMA_NAIMA,CO_TOURISTIQUE,gerant,corporate,certain,SP_88bb8f05b7c8f62c42b7
PERSON_HAMROUNI_IMEN,CO_DARINE_BEAUTE,gerant,corporate,certain,SP_7a872521b6f7b2598e3f
PERSON_CHAABANE_FERID,CO_BAKOPLAST,pdg,corporate,probable,SP_1a7bf67d062d5904f539
PERSON_SASI_SOFIEN,CO_BSA_VOYAGES,cogerant,corporate,certain,SP_faf8d90f1bdc89a564b4
PERSON_TRIKI_MEKI,CO_ALUMINIUM_CHARPENTE_METALLIQUE_SACM,gerant,corporate,certain,SP_c72df79c4c4c8a183a34
PERSON_ZRIG_MOHAMED,CO_CENTRE_D_ETUDES_FORMATION_PROFESSIONNELLE,gerant,corporate,certain,SP_7f8e05ba0e30065723a1
PERSON_HEDFI_MOHAMED_MEHDI,CO_SPIC_PAPAGALLO,pdg,corporate,certain,SP_7d48c94be001952158c4
PERSON_ESAFI_MOHAMED_NEJIB,CO_SPIC_PAPAGALLO,administrateur,corporate,certain,SP_5aa16f2e49edf3dae06c
PERSON_HEDFI_MOHAMED_FAOUZI,CO_SPIC_PAPAGALLO,administrateur,corporate,certain,SP_67c56e0d0abb260e659f
PERSON_CHAABANE_TAHER_BENSADOK,CO_CHAABANE_CONSTRUCTION_SERVICES_SCCS,gerant,corporate,certain,SP_d4832217384c3264e807
PERSON_HAMROUNI_KHADHRA,CO_EL_JOUDA,gerant,corporate,certain,SP_8117a48fa01defd786f5
PERSON_DKHILI_MOHAMED,CO_SOFIGAT_SICAF,pdg,corporate,certain,SP_236c173a6832615e30fc
PERSON_MABROUK_MOHAMED_MARWEN,CO_FLY_INTERNATIONAL_AIRWAYS,pdg,corporate,certain,SP_82b8ebe23ae58825f118
PERSON_MABROUK_ISMAIL,CO_MAGHREB_INVEST,president_ca,corporate,certain,SP_fbc3afc468f1605dfcd3
PERSON_PECASTAINGS_FREDERIC,CO_MAGHREB_INVEST,dg,corporate,certain,SP_226403d56ff477d0dcfa
PERSON_BARGAOUI_ABDELFATEH,CO_SHAUBER,president_ca,corporate,certain,SP_8baf7c50b0fe94fce7f1
PERSON_SLAMA_MOEZ,CO_TUNISIA_FOOD_DISTRIBUTION,gerant,corporate,certain,SP_b4147bb2198d6ebad59f
PERSON_BENSEDRINE_SAMI,CO_LINABEL_EXPORT,gerant,corporate,certain,SP_2261f51c746bab9ee363
PERSON_BOUZGUENDA_AHMED,CO_SICEP_TUNISIE,administrateur,corporate,certain,SP_1b07e01c68a74954a79c
PERSON_BOUZGUENDA_ABDELAZIZ,CO_SICEP_TUNISIE,administrateur,corporate,certain,SP_c4aa1371b801a29b2526
PERSON_FRIAA_AHMED,CO_SOLARTECH_SUD,pdg,corporate,certain,SP_98b16860d5c54d2afa8a
PERSON_TRIKI_MAHER,CO_MEDICAL_MEETING,commissaire_aux_comptes,corporate,certain,SP_635280616edf740cda21
PERSON_SASI_AHMED,CO_YOUSERIF_PARFUM,gerant,corporate,certain,SP_3cecc3d7fe98c185898c
PERSON_KAMOUN_INES,CO_METAL,gerant,corporate,certain,SP_ea1b8100d743fa843c32
PERSON_ZOUARI_HENDA,CO_ENERGY_INDUSTRIE,dg,corporate,certain,SP_8bd13fc84cd33d0bcc48
PERSON_CHAABANE_TIJANI,CO_HAMDI_FRERES_TRANSPORT_SERVICES,commissaire_aux_comptes,corporate,certain,SP_35273477b2713f9371ba
PERSON_ELOUMI_MOHAMED_ELYES,CO_COUSCOUSSERIES_SUD_CDS,dg,corporate,certain,SP_fc04ce7bf65ed4167b66
PERSON_SOUKI_SALAH,CO_CIL_SICAR,pdg,corporate,certain,SP_7146f3baae84be323a75
PERSON_ZOUARI_MEKI_MAHER,CO_NORD_PACK,gerant,corporate,certain,SP_63d2bdc97eaca43e1e23
PERSON_BENKILANI_FETHI,CO_INTER_INFO,gerant,corporate,certain,SP_293ba94f1621fd71c895
PERSON_SLAMA_NAIMA_BENTSALAH,CO_NAIMA,gerant,corporate,certain,SP_8d25572b8937107e3930
PERSON_CHAABANE_MOKHTAR,CO_ENIETEC,gerant,corporate,certain,SP_d91566138d8994a2a5b2
PERSON_TRIKI_LAMJED,CO_2M_INFORMATIQUE,gerant,corporate,certain,SP_77ec7da384dd97fc31e1
PERSON_ABID_YASINE,CO_OFFICE_PLAST,pdg,corporate,certain,SP_ca22680256829e1bcb1d
PERSON_DARGHOUTH_FATMA,CO_AR_FILTER,pdg,corporate,certain,SP_ab90777c048cbc5b3f78
PERSON_DKHILI_MOHAMED,CO_GROUPE_ASSURANCES_TUNISIE,dg,corporate,certain,SP_276e898a8a401d219ac5
PERSON_TEKAYA_MEHDI,CO_OXIA_CONSULTING,gerant,corporate,certain,SP_64c7dc81eafa29a76b24
PERSON_SLAMA_MANSOUR,CO_ECOLE_SLAMA_UNIVERSITAIRE,pdg,corporate,certain,SP_d45d06b18e236139d69f
PERSON_BAYAHI_YAHIA,CO_ALUFOND,pdg,corporate,certain,SP_79195b982eda03622ac5
PERSON_KHACHNAOUI_MABROUK,CO_CITY_SERVICE_INDUSTRIES,gerant,corporate,certain,SP_a5ba5ab91fb73d2eb748
PERSON_HAMAMI_SAMI,CO_MEDITERRANEENNE_CONFECTION_LUXE,gerant,corporate,certain,SP_c3ca2bc857c4128f57d3
PERSON_HAMAMI_SABRI,CO_DREAM_ELEGANCE,gerant,corporate,certain,SP_f86c149c95a6379cb316
PERSON_SLAMA_JACKY,CO_GENERALE_DISTRIBUTION_SAHEL,gerant,corporate,certain,SP_12b2fffe3fe065714ed8
PERSON_GHEDIRA_BELIGH,ORGMENTION_UNILEVER TUNISIE S.A,administrateur,corporate,certain,SP_9e2dbe49313056e50009
PERSON_FOURATI_LAMIA,CO_ONE_TECH_DEVELOPEMENT,administrateur,corporate,probable,SP_9706a1244c7692a766e3
PERSON_SELAMI_MONCEF,CO_ONE_TECH_DEVELOPEMENT,administrateur,corporate,probable,SP_f6cba487a4fd37e79419
PERSON_NABLI_SOUHEIL,CO_TUNISIE_RECOUVREMENT,dg,corporate,certain,SP_715cf80985a2afc073cb
PERSON_BENHAMIDA_MOHAMED,CO_BHM,gerant,corporate,certain,SP_7f643ed1275108afa641
PERSON_BOURICHA_ABDELAZIZ,CO_PARADISE_SPA,gerant,corporate,certain,SP_35daf2a93d1addc8d3ae
PERSON_TRIKI_MOHAMED,CO_STAR_TECHNOLOGIE_SERVICE,gerant,corporate,certain,SP_4ddf68e879d4a044ae7a
PERSON_MABROUK_MOHAMED,CO_RITEGE_RENT_A_CAR,gerant,corporate,certain,SP_1476223a1fb655853bde
PERSON_FERNANDEZ_FLAVIO,CO_ITALIAN_FASHIAN,cogerant,corporate,certain,SP_7ada80aa2a73e35216f0
PERSON_SLAMA_RIDHA,CO_LOUKA_DEVELOPPEMENT_IMMOBILIER,administrateur,corporate,certain,SP_d8982e2a4432a8a5feb1
PERSON_MARZOUK_MOHAMED,CO_LOUKA_DEVELOPPEMENT_IMMOBILIER,administrateur,corporate,certain,SP_dc1b25ff00ba37cc6c23
PERSON_MARZOUK_MOHAMED,CO_LOUKA_DEVELOPPEMENT_IMMOBILIER,pdg,corporate,certain,SP_69dc783b300dafcd4dba
PERSON_TRIKI_AHMED,CO_IMMOBILIERE_AL_AQSA,gerant,corporate,certain,SP_39a5de1c1a9813f79963
PERSON_TEKAYA_MEHDI,CO_OXIA_TUNISIE,pdg,corporate,certain,SP_0a6294e15a920fd1fcb5
PERSON_ELOUMI_ZIED,CO_EGECO_IMMOBILIER,pdg,corporate,certain,SP_0b74f0ecb695d94cec1c
PERSON_MARZOUGUI_AHMED,CO_OLFA_TEX,commissaire_aux_comptes,corporate,certain,SP_ac222dfcf7bc6cef4df7
PERSON_HAMED_OLFA,CO_OLFA_TEX,pdg,corporate,certain,SP_f9d05a17dfa948e32ad4
PERSON_ROUROU_TAREK,CO_MOSAICA_DESIGN,gerant,corporate,certain,SP_06ec26bec260b6ed41d5
PERSON_DHIFI_WAFA,CO_AFRIKISOL_INDUSTRIE,gerant,corporate,certain,SP_11ce758f9ac171559146
PERSON_LOUKIL_MOEZ,CO_SOTEFI,gerant,corporate,certain,SP_573066440b0c6de9fddb
PERSON_GIOVE_PAOLO,CO_GESTION_D_ANIMATION_TOURISTIQUE_ITALIA_SGATI,gerant,corporate,certain,SP_676023b6d632e5ec5b58
PERSON_LYUDMYLA_ANTIPOVA,CO_GESTION_D_ANIMATION_TOURISTIQUE_ITALIA_SGATI,gerant,corporate,certain,SP_e50ef8d1faccd380f0b5
PERSON_ELOUMI_HICHEM,CO_COFICAB_COMPONENTS,pdg,corporate,certain,SP_956650e3dced4050a087
PERSON_BENAYED_HEDI,CO_SAHA,gerant,corporate,certain,SP_6c96ac53555a0eaa4488
PERSON_HACHICHA_MONGI,CO_TELETEC_INDUSTRIES,gerant,corporate,certain,SP_c55cd83fc54706d29d01
PERSON_KAMOUN_ABDERAOUF,CO_KAMMOUN_TRAVAUX,gerant,corporate,certain,SP_9143f421fc46cf34148f
PERSON_JELASI_MONGI,CO_INDUSTRIELLE_DAPPAREILLAGE_MATERIELS_ELECTRIQUES,pdg,corporate,certain,SP_e7ab616694a25a559e13
PERSON_ZAYANI_MOHAMED,CO_INDUSTRIELLE_DAPPAREILLAGE_MATERIELS_ELECTRIQUES,dga,corporate,certain,SP_2d05c9e023cfc31c7274
PERSON_GHORBEL_KARIM,ORGMENTION_S.P.T. BAHIA BEACH,dga,corporate,certain,SP_aa903c6178fd5be6435a
PERSON_ABDENADHER_SAWSEN,CO_NASR_CONTRACTORS,president_ca,corporate,certain,SP_36d2baee5f1df20a7b23
PERSON_ABDENADHER_THAMEUR,CO_NASR_CONTRACTORS,unspecified,corporate,certain,SP_d964e1725ea95f19b3a6
PERSON_HAMAMI_MOHAMED_TAHER,CO_HORIZON_MANAGEMENT_SERVICES,gerant,corporate,certain,SP_51f7fa06dff4d5ac6667
PERSON_MZABI_MOHAMED_SADOK,CO_SMVDA_MANDARINES,pdg,corporate,certain,SP_b6adfad55dace032f3ce
PERSON_MABROUK_SALEM,CO_DEVELOPPEMENT_AGRICOLE_ZITOUNA_I,dga,corporate,certain,SP_e57af05beac84525fac6
PERSON_COUDURIER_THIERY,CO_BONNA_TUNISIE,president_ca,corporate,certain,SP_e0716b01963ca27e112b
PERSON_KARAY_SLIM,CO_TANIT_EMBALLAGE,administrateur,corporate,certain,SP_780b125c092dd6162502
PERSON_KARAY_SLIM,CO_TANIT_EMBALLAGE,pdg,corporate,certain,SP_4abb37c6fff4beb005bd
PERSON_FRIKHA_MOHAMED,CO_AZIZ_TEXTILE,gerant,corporate,certain,SP_f991d5b8931f4db4916d
PERSON_HAMAMI_SAMIR,CO_SAMAR_COMMERCE,gerant,corporate,certain,SP_b0cfb9f72bf5d3289a77
PERSON_ESID_HOUCINE,CO_PIECES_MOTEUR_ALLEMAND_SOPIMAL,gerant,corporate,certain,SP_c4491ea8ae592348f49e
PERSON_CHAABANE_HATEM,CO_EZZAHRA_D_INDUSTRIE_DIVERSE,gerant,corporate,certain,SP_a2f19f79ded0d8791a80
PERSON_ABAS_FERID,ORGMENTION_(A titre de régularisation de procédures juridiques),administrateur,corporate,probable,SP_f0fbefd1a70bce0909c3
PERSON_HADJAYED_ALI,CO_JOINT_INDUSTRIEL,gerant,corporate,probable,SP_2af4fca8a9f9f2440447
PERSON_HAMROUNI_AYATALAH,CO_ESPRIT_DESIGN,cogerant,corporate,certain,SP_6e5cba9246e0dfc211c6
PERSON_ABAS_SADEREDINE,CO_STAROIL,dga,corporate,certain,SP_3aed01891c443a2684a2
PERSON_DJILANI_HEDI,CO_MANUFACTURE,president_ca,corporate,certain,SP_b6bc01ba1aebbfc89cf3
PERSON_KAMOUN_NEJIB,CO_KAMMOUN_COMPANY,gerant,corporate,certain,SP_a97608af664c90723550
PERSON_MHIRI_NEJI,CO_IMMOBILIERE_TOURISTIQUE_TUNISIE,dga,corporate,certain,SP_0d9aff5278f07a73825b
PERSON_MHIRI_NEJI,CO_HOTELIERE_EL_MOURADI_GOLF,dga,corporate,certain,SP_b15204c78aa4e892f2fc
PERSON_MHIRI_NEJI,CO_TOURISTIQUE_EL_MOURADI,dga,corporate,certain,SP_e4725436f0b919b02f0b
PERSON_BENAYED_SLAHEDINE,CO_TUNISIE_MECANIQUE,administrateur,corporate,certain,SP_08521a8492c09557da1c
PERSON_BENAYED_RIADH,CO_TUNISIE_MECANIQUE,pdg,corporate,certain,SP_8ec12dacda50dc636d68
PERSON_BARDAA_CHOKRI,CO_GAT,gerant,corporate,certain,SP_fb26d0d80f7a5b96fd0d
PERSON_SLAMA_ABDELFATEH,CO_ESSALAMA_BATIMENT,gerant,corporate,certain,SP_6296ddb425ee13f180af
PERSON_HAMAMI_MONGI,CO_NORD_FRUITS_LEGUMES,gerant,corporate,certain,SP_cbc2f44b6990d96c377d
PERSON_ZGHIDI_ADNENE,CO_SERVICOM,commissaire_aux_comptes,corporate,certain,SP_5df851869886a1f93f8e
PERSON_CHAABANE_RIADH,CO_THE_ISLAND_BEACH,gerant,corporate,certain,SP_582f09855fbe5b3f89b9
PERSON_TRIKI_ALI,CO_TRANSPORT_PUB,gerant,corporate,certain,SP_d9cc15ad76f04999dfa9
PERSON_BELKAHIA_NABIL,CO_GHEZALA_FRUITS,association_president,corporate,certain,SP_f992f80a6124fd1e3dd8
PERSON_HEMAYED_HAFEDH,CO_AZUR_INVEST_SICAF,administrateur,corporate,certain,SP_d84e7907f952b010338b
PERSON_HEMAYED_HAMED_AMINE,CO_AZUR_INVEST_SICAF,administrateur,corporate,certain,SP_f4ffb640e4e9c46b1202
PERSON_HEMAYED_HAFEDH,CO_AZUR_INVEST_SICAF,pdg,corporate,certain,SP_ec8c15bc55cc7d2ea18b
PERSON_KHALIL_MOHAMED,CO_KAST,gerant,corporate,certain,SP_774fa51334f4d16a6628
PERSON_JELJELI_NACEUR,CO_IMPRIMERIE_PAPIER_CARTONNAGE_SIMPACT,gerant,corporate,probable,SP_c2da01c510926837f045
PERSON_BELHAIZA_MAHMOUD_YASINE,CO_CORETEX,gerant,corporate,certain,SP_e5b21a8333f226e07dad
PERSON_HAMZA_MALEK,CO_CORETEX,gerant,corporate,certain,SP_b396666f4545efca4f87
PERSON_HADJBELGACEM_SOFIEN_EI,CO_FRERES_DEXPLOITATION_CARRIERES_FEC,gerant,corporate,certain,SP_104f0abec97433d69481
PERSON_HADJBELGACEM_SAMI,CO_FRERES_DEXPLOITATION_CARRIERES_FEC,gerant,corporate,certain,SP_0512d69886be8482c6d6
PERSON_BAABOURA_ALI,CO_HORCHANI_DISTRIBUTION_PRODUITS_MER,gerant,corporate,certain,SP_e478ff7e73a2bc0302f6
PERSON_BENSEDRINE_KARIM,CO_ECO_STYLE,gerant,corporate,certain,SP_ced6db8f99486f5b28ef
PERSON_SHELBA_MONCEF,CO_MEDITERRANEAN_FISH,gerant,corporate,certain,SP_95b6f4ebd2cb99cabd74
PERSON_TRIKI_MOHAMED,CO_SOTIB,gerant,corporate,certain,SP_779fe2fe2d817809ce95
PERSON_HAMAMI_SAMAR,CO_TUNIS_CALL,gerant,corporate,certain,SP_dc8b3ec6a3013ee4a521
PERSON_FINDELING_PATRICK,ORGMENTION_Société INJECTION PLASTIQUES SYSTEMES I,unspecified,corporate,certain,SP_0ad2fbf878f2d06d32b4
PERSON_ZAROUK_SLIM,ORGMENTION_Société INJECTION PLASTIQUES SYSTEMES I,unspecified,corporate,certain,SP_c56f9bc66e35c3a7ed11
PERSON_FINDELING_PATRICK,ORGMENTION_Société INJECTION PLASTIQUES SYSTEMES I,president_ca,corporate,certain,SP_21ef2c213388d8435f12
PERSON_DEBABI_CHEKIB,ORGMENTION_Société INJECTION PLASTIQUES SYSTEMES I,dg,corporate,certain,SP_cb2fb4ec92fc2165678a
PERSON_ZOUARI_MAKREM,CO_MAGHREBINE_DISTRIBUTION_MADIS,gerant,corporate,certain,SP_a9f8fa1d694620abf401
PERSON_DRIS_MOUELHI,CO_BAUXIT,gerant,corporate,certain,SP_5f3fb87eab8c5a75f20d
PERSON_BENSEDRINE_KARIM,CO_BIO_PRODUCT,gerant,corporate,certain,SP_73a00e15337491c8815a
PERSON_ABAS_HAMADI,CO_SETCAR,pdg,corporate,probable,SP_a88a5c4160cc5473c70f
PERSON_ABAS_SADREDINE,CO_SETCAR,dga,corporate,certain,SP_9651a16c6f2d6094baac
PERSON_LABAIED_MONCEF,CO_VITROPLANT_TUNISIA,dga,corporate,certain,SP_33484289a1a140d22b44
PERSON_NOUIRA_CHEKIB,CO_TUNISIA_BROADCASTING,administrateur,corporate,certain,SP_64100314e15ca069dc72
PERSON_ALI_KHALED_BELHADJ,CO_OPTIMA_SICAR,pdg,corporate,certain,SP_e85857c9082b814b52d1
PERSON_HAMAMI_HAKIMA,CO_CHAIMA,gerant,corporate,certain,SP_daf44c8c3b7637abb798
PERSON_MABROUK_ABDELHEDI,CO_PYRAMIDE_BATIMENTS_TRAVAUX_PUBLICS,gerant,corporate,certain,SP_3275babcf729b56c7cd4
PERSON_SASI_BASMA,CO_ASSISTANCE_CONSEILS_EN_GENIE_THERMIQUE,gerant,corporate,certain,SP_719e3cd6d2eaf7ce380c
PERSON_KAMOUN_KAIS_BENMOHAMED_BENHASINE,CO_KENZA_CREATION_ARTISANALE,gerant,corporate,certain,SP_3aa274e5b61b013a5a3f
PERSON_ELHAMROUNI_MOHAMED_BENHASOUN,CO_HAMROUNI_GRANDS_TRAVAUX,gerant,corporate,certain,SP_b71956b181f283f3c214
PERSON_KOOLI_ALI,CO_ARAB_BANKING_CORPORATION_TUNISIE,dg,corporate,certain,SP_2d0632037f6b69e68113
PERSON_OUESLATI_ALI,CO_PARTICIPATIONS_PROMOTION_INVESTISSEMENTS,administrateur_delegue,corporate,certain,SP_61bb073941ec44438ed6
PERSON_KHALFALAH_CHEDLIA,CO_KHALIL_TEX,pdg,corporate,certain,SP_df9b58e9d9b90068ae76
PERSON_JAIDANE_RIADH,CO_CENTRE_ENVIRONNEMENT,representant,corporate,certain,SP_dd43cb78756323c2bc2a
PERSON_HAMROUNI_MOHAMED,CO_MUTUEL_BASE_SERVICES_PECHE_GHAR_MELH,gerant,corporate,certain,SP_12dab2d52dedbee3570a
PERSON_BOURICHA_ABDERAZEK,CO_EL_FERDAWS,gerant,corporate,probable,SP_1c150a4facfa54a4ba8e
PERSON_DJILANI_MOHAMED_HECHMI,CO_HANNIBAL_LEASE,pdg,corporate,certain,SP_0b8c93e5f7065d562012
PERSON_DJILANI_HEDI,CO_HANNIBAL_LEASE,unspecified,corporate,probable,SP_c520db07f20647f94f90
PERSON_DJILANI_MOHAMED_HECHMI,CO_HANNIBAL_LEASE,unspecified,corporate,probable,SP_05f3772f97fc4a3a0aa5
PERSON_HAMILA_TAREK,CO_HANNIBAL_LEASE,unspecified,corporate,probable,SP_a255c0fb7ad9514b3636
PERSON_HAMROUNI_ABDELKADER,CO_HANNIBAL_LEASE,unspecified,corporate,probable,SP_40a6b8527808009bc52a
PERSON_BENAMAR_ABDERAZEK,CO_HANNIBAL_LEASE,unspecified,corporate,probable,SP_529efb4137262b9fff29
PERSON_ESEGHAIER_ABDELKADER,CO_HANNIBAL_LEASE,unspecified,corporate,probable,SP_6f1c001071ecdcd4b684
PERSON_OMRI_SALAH,CO_BISCUITERIE_MEDITERRANEENNE,dg,corporate,certain,SP_206364fe5effef563ca9
PERSON_BOUALEGUI_WAJIH,CO_WAJIH_TEX,pdg,corporate,certain,SP_33793a92e145cfed49f7
PERSON_BENOTHMANE_SAIDA_SASI,CO_BEN_SOFTWARE_DEVELOPMENT,cogerant,corporate,certain,SP_c73168eb3c986ad4692e
PERSON_BENSALAH_MOHAMED,CO_HORIZON_SERVICES,gerant,corporate,certain,SP_a1d242e8bdd6863e3bb8
PERSON_BOURICHA_KHALED,CO_COMPTOIR_TUNISIEN_PAPIERS,administrateur,corporate,certain,SP_8b91208d531484da5b1b
PERSON_BOURICHA_KHALED,CO_COMPTOIR_TUNISIEN_PAPIERS,pdg,corporate,certain,SP_01bbc079f7df623caa3a
PERSON_DOGHRI_MONCEF,CO_AGRIBAT,gerant,corporate,probable,SP_4468001c1b2fcd4103f2
PERSON_SASI_ABDELWAHEB,CO_TUNISIENNE_D_INDUSTRIE_MARBRIERE,gerant,corporate,certain,SP_69299ddfda9014bace81
PERSON_SMAOUI_RIADH,CO_CERAMIQUE_SUD_SOCES,gerant,corporate,certain,SP_03d87155ce1ec989b693
PERSON_SLAMA_KHEMAIES,CO_SLAMA_FORAGE_MAINTENANCE,member,corporate,certain,SP_2b5e754882533b562276
PERSON_SLAMA_KHEMAIES,CO_SLAMA_FORAGE_MAINTENANCE,pdg,corporate,certain,SP_a01875120345ec1658b0
PERSON_ANGELERI_MAURO,CO_AMP,cogerant,corporate,certain,SP_bcc18b0515d657124e0c
PERSON_PENATI_MAURO,CO_AMP,cogerant,corporate,certain,SP_441729d81f77416a32db
PERSON_TORJMEN_ASMA_TRIKI,CO_MINIATURE_CREATION,gerant,corporate,certain,SP_8d0a8d98b12a1be2bbe7
PERSON_DRIS_MOEZ,CO_MAKLADA_SPRING_WIRE,pdg,corporate,certain,SP_d34daddd2a92d439780c
PERSON_KAMOUN_HOUCINE_BENHEDI,CO_GLOBAL_NETTOYAGE,gerant,corporate,certain,SP_e142bd0179738d60f912
PERSON_TRIKI_NEFISA_AMAR,CO_CIEL_BLEU,gerant,corporate,certain,SP_a562364a8e6a74c808df
PERSON_TAMARZISTE_MEHDI,CO_MENINX_CONSEILS,gerant,corporate,certain,SP_e8305c5c9b9346eb5190
PERSON_BOUSBIA_HMAIED,CO_BOUSBIA_RENT_A_CAR,gerant,corporate,certain,SP_5ae1cd6f244e8f47d5ad
PERSON_KAMOUN_NOUEFEL,CO_ATELIERS_MEDITERRANEENS_MECANIQUE_PRECISION,gerant,corporate,certain,SP_5f1903ec0f61ba0c0ccc
PERSON_BOURICHA_JALEL,CO_AGRICOLE_JSK,gerant,corporate,certain,SP_4b4c051ecacac313dfee
PERSON_CHERIF_MOHAMED_ABDELWAHEB,CO_MAC_INTERNATIONAL,president_ca,corporate,certain,SP_91177d7752fdeb829568
PERSON_BENCHAABANE_MOURAD,CO_MAC_INTERNATIONAL,dg,corporate,certain,SP_d70664a1ba25dd8bddff
PERSON_JENAYAH_OMAR,CO_PROMOTION_TOURISTIQUE,unspecified,corporate,certain,SP_c52e8ac91f76acbf71f9
PERSON_JENAYAH_OTHMEN,CO_PROMOTION_TOURISTIQUE,unspecified,corporate,certain,SP_5f48a210d47f195029af
PERSON_JENAYAH_BECHIR,CO_PROMOTION_TOURISTIQUE,unspecified,corporate,certain,SP_2b58b70be6ec6474475e
PERSON_JENAYAH_OMAR,CO_PROMOTION_TOURISTIQUE,president_ca,corporate,certain,SP_1bf45f1b9e4e0f68cb48
PERSON_SASI_NEJIB,CO_AMIE_BUREAUTIQUE,gerant,corporate,certain,SP_7790e44852956bb01ec3
PERSON_BENSALEM_SALEM_ALI_KHALIFA,CO_TAIBA,gerant,corporate,certain,SP_560580c2a68af4560d07
PERSON_MSADEK_HEDI,CO_SERVICE_ETUDE_CONSEIL,gerant,corporate,certain,SP_119b2b3a39ad81b61d98
PERSON_SMAOUI_AHMED,CO_HOTELIERE_PORT_PRINCE,unspecified,corporate,probable,SP_2b09105668b0383e21e8
PERSON_ZOUARI_MEKI_MAHER,CO_CONCORDE_TRADE_COMPANY,gerant,corporate,certain,SP_e606bf564ec32a14b398
PERSON_RAHMOUNI_NADER,CO_SOPACK,gerant,corporate,certain,SP_135a40106b15a4a82969
PERSON_COMBAT_DAVID,CO_COMMECA_TUNISIE,cogerant,corporate,certain,SP_7f0053da1b83e94a0ec3
PERSON_SLAMA_CHIHEBEDINE,CO_CARTHAGE_OLIVE_OIL,administrateur,corporate,certain,SP_84b5c9a6dea4d9ad028d
PERSON_ELOUMI_MOHAMED_KHALIL,CO_D_ETUDES_TRAVAUX_FORAGE_REGENERATION_SETFOR,commissaire_aux_comptes,corporate,certain,SP_c274b40f69c6134b7fea
PERSON_FRANCE_PATRICK_RAZAT,CO_MECAHERS_AEROSPACE,cogerant,corporate,certain,SP_5fb7f5df57de892a0803
PERSON_BENARBIA_NOUREDINE,CO_KAPITAL_BUSINESS_INVESTMENT,dg,corporate,certain,SP_d9842db7692b6c7dbea8
PERSON_HABABOU_SEIFALAH,CO_TUNISIENNE_PROMOTION_DANIMATION_TOURISTIQUE,dg,corporate,certain,SP_512551270d7f2184f6bf
PERSON_ZGHAL_HASIB,CO_COFITEL,dg,corporate,certain,SP_2cc7cb01b4ad4fd349c0
PERSON_CASINI_CLAUDIO,ORGMENTION_SOCIETE CIESSE ITALIAN TRICOT C.I.T,gerant,corporate,certain,SP_799e918600f0436fe095
PERSON_ZOUARI_KHALIL,CO_EXTRA_DAME,gerant,corporate,certain,SP_296e387a0555392828e7
PERSON_CHERIF_RAOUANE,CO_GALION,pdg,corporate,certain,SP_efc35a46d31d866aa1a4
PERSON_ELOUMI_SLIM,CO_GALION,pdg,corporate,certain,SP_1565e940e668901439c8
PERSON_HADRICHE_KHALED,CO_COMPTOIR_SFAXIEN,gerant,corporate,certain,SP_d8d297331b601afaae51
PERSON_SAADI_MOHAMED_SALAH,CO_TUNISIA_POWER_COMPANY,administrateur,corporate,certain,SP_87a65c790deb9712e140
PERSON_BESBES_HICHEM,CO_TUNISIA_POWER_COMPANY,commissaire_aux_comptes,corporate,certain,SP_6e7ba1a50cf891c007a8
PERSON_MABROUK_MOHAMED_ALI,CO_TUNISIA_POWER_COMPANY,pdg,corporate,certain,SP_ad6db419dbce82c20613
PERSON_ZORGUI_HICHEM,CO_TUNISIAN_ITALIAN_LIGHTING_COMPANY_PLUS_TILC,gerant,corporate,certain,SP_9ff856945a028a59aca4
PERSON_AZAIEZ_SAMIR,CO_ESPADON_CONCEPT,gerant,corporate,certain,SP_d22638e3369c75b75609
PERSON_BENAYED_ISMAIEL_BENHEDI,CO_BEN_AYED_FRERES_PEINTURE_BADIGEONNAGE,gerant,corporate,certain,SP_620b707cd52b23340918
PERSON_ABDENADHER_ADEL,CO_ABDENNADHER,gerant,corporate,certain,SP_8cafdf74ae795f443b8d
PERSON_HENDAOUI_MOHAMED_SADOK,CO_ARIKA,gerant,corporate,certain,SP_0d95ddeadbbb8291790a
PERSON_SLAMA_MOEZ,CO_EUROMED_DISTRIBUTION,gerant,corporate,certain,SP_7f636a61f720826ac78a
PERSON_ZOUARI_KARIM,CO_HANA_GLOBAL_TRAIDING_COMPANY,gerant,corporate,certain,SP_2d5a46d1f14430dc9237
PERSON_HAMROUNI_SALAHEDINE_BENAHMED,CO_HAMROUNI_COMMERCE_EN_GROS,gerant,corporate,certain,SP_ed69ca2ccf47a9efc1e3
PERSON_LAZHERI_NOURI_SGHAIER,CO_FRANCO_TUNISIENNE_GATRANA,gerant,corporate,certain,SP_da61105b0fdce672b890
PERSON_ABDENADHER_MOHAMED_AMIN,CO_ELECTRO_ABDENNADHER,gerant,corporate,certain,SP_96fc8c380c7331949ab0
PERSON_HAMAMI_DIEB,CO_GEOPHYSICS_MORE,gerant,corporate,certain,SP_8af3c38ef53d86a616e7
PERSON_FARJALAH_NIZAR,CO_NADINE,gerant,corporate,certain,SP_849458f27096105be465
PERSON_BOUZOUITA_NADER,CO_COMPTOIR_INDUSTRIEL_PLASTIQUE,gerant,corporate,certain,SP_f030d322e9eee512244c
PERSON_MEDEB_MOHAMED_ALI,CO_TUNISIENNE_INDUSTRIES_ALIMENTAIRES,administrateur,corporate,probable,SP_4510e024371ff30cbe01
PERSON_AMAR_HABIB,CO_INDUSTRIE_BRIQUES_NORD,commissaire_aux_comptes,corporate,certain,SP_cc674c4af5a04b792a38
PERSON_BENRHOUMA_AMAR,CO_GESTION_POLE_INDUSTRIEL_TECHNOLOGIQUE_GABES,commissaire_aux_comptes,corporate,certain,SP_0479d012ca419994512a
PERSON_BENRHOUMA_AMAR,CO_GESTION_POLE_INDUSTRIEL_TECHNOLOGIQUE_GABES,pdg,corporate,certain,SP_4f8362e89152fe2f422a
PERSON_ABAS_FERID,CO_STAROIL,president_ca,corporate,certain,SP_115da99ee55acfa0d487
PERSON_TRIKI_WALIM,CO_UNIVERS_EQUIPEMENTS,gerant,corporate,certain,SP_69f2331a8fc557de97b5
PERSON_ZGHIDI_ADNENE,CO_RAYEN_FOOD_INDUSTRIES,commissaire_aux_comptes,corporate,probable,SP_c82cafb110fd4dce1476
PERSON_KHALIL_MOHAMED,CO_CLINIQUE_DHEMODIALYSE_SILIANA,commissaire_aux_comptes,corporate,probable,SP_b052b25994d506097d82
PERSON_TRIKI_NABIL,CO_SWICORP,president_ca,corporate,certain,SP_3d3331d7ff4d3885846c
PERSON_BENOSMEN_SKENDER,CO_CLUB_INVEST_MEDITERRANEE_SICAF,pdg,corporate,certain,SP_399166098ad8d467fab5
PERSON_AMAR_MOHAMED,CO_YESMINE,gerant,corporate,certain,SP_dde53c3985400c432d1b
PERSON_ZINE_LILIA_BENAMAR,CO_CAP_SAVEURS,gerant,corporate,certain,SP_08762a618b9eb38c3a5c
PERSON_SASI_SKANDER,CO_MENUISERIE_ALUMINIUM_CAP_BON,gerant,corporate,certain,SP_5989c158df68acb988bc
PERSON_CHOUK_MOHAMED,CO_KLAM_ELLOUH,gerant,corporate,certain,SP_b6a7199e249178481e39
PERSON_HAMILA_OUSAMA,CO_ROI_BETON,gerant,corporate,certain,SP_4e0c1d52a3a2e13c7fa3
PERSON_HAMAMI_TAREK,CO_H_PLAST,gerant,corporate,certain,SP_e49682d55b5692a71345
PERSON_SLAMA_WALID,CO_GENERAL_TRAVAUX_CONSTRUCTION,gerant,corporate,certain,SP_23ae59f1a8ec31e83a67
PERSON_ZOUARI_FAROUK,CO_MEDITERRANEAN_BUSINESS_CONSULTING,gerant,corporate,certain,SP_823469fe9acec1c90b1f
PERSON_HAMAMI_ALI,CO_PROMOTION_IMMOBILIERE_POUR_VENTE_LOCATION_SOPIVEL,president_ca,corporate,certain,SP_50532fd1361848ee76d7
PERSON_CHAABANE_MAHMOUD,CO_ELEC_POWER,gerant,corporate,certain,SP_2c8279a01ecb514c01ed
PERSON_YAICHE_NIZAR,CO_YFIDELITY,gerant,corporate,certain,SP_79a29443f2808c277269
PERSON_AYADI_TAHER,CO_IMMOBILIERE_ENNASSIM,dg,corporate,certain,SP_6534c670028fe8c38933
PERSON_SELAMI_ABDELAZIZ,CO_SIVO,pdg,corporate,certain,SP_1e3dbd5b97ac167a9672
PERSON_AREM_JAMEL,CO_TOURISTIQUE_HOTELIERE_SUD_STHS,dg,corporate,certain,SP_f64d787896e53ced3040
PERSON_AREM_MEHDI,CO_TOURISTIQUE_HOTELIERE_SUD_STHS,unspecified,corporate,certain,SP_a8f088209a99c5351d41
PERSON_AYED_ADEL,CO_DEVELOPPEMENT_AGRICOLE_MATIERES_TRANSFORMEES_MONOPRIX_MMT,gerant,corporate,certain,SP_9c9df0c98989c122233f
PERSON_HAMILA_TAREK,CO_YKH_CONSULTING,gerant,corporate,probable,SP_0c85f6f5357609acca83
PERSON_ZOUARI_ALAIN,CO_CREATIONS_GRAPHIQUES_PALMIER,gerant,corporate,certain,SP_67a62222d117238d454a
PERSON_SAHNOUN_AHMED,CO_TUNISIENNE_CONDITIONNEMENT_STC,pdg,corporate,certain,SP_af87210391aaeb367a79
PERSON_MOKHTAR_FETHI,CO_SACINOR,pdg,corporate,certain,SP_5d3d76b5a441100fe6f6
PERSON_ELOUMI_MOHAMED_KHALIL,CO_CARTHAGE_CALL_CENTER,commissaire_aux_comptes,corporate,certain,SP_8efd64bb6687e9c3739f
PERSON_ZIEDI_KILANI,CO_COMPTOIR_PRODUITS_DIMPRIMERIE_CPI,gerant,corporate,certain,SP_466f7d6420dd9a00d2de
PERSON_NAIFER_MOHAMED_NAFAA,CO_FRANCO_TUNISIENNE_LHABILLEMENT,gerant,corporate,certain,SP_80fd366a05ce2270cdd8
PERSON_TRIKI_AHMED,CO_IRARGAL,gerant,corporate,certain,SP_8465a90b262436edf425
PERSON_ABROUD_HAFEDH,CO_AH_CREATION,gerant,corporate,certain,SP_7cc8ea897470f11cd03f
PERSON_CHAABANE_WASILA_BENHAMIDA,CO_DISTRI_PRO,gerant,corporate,certain,SP_625cca94bf52aaf59f0e
PERSON_ABAS_FERID,CO_SETCAR_INTERNATIONAL,pdg,corporate,certain,SP_9fbe8d59069a56e74b0d
PERSON_HAMAMI_MOHAMED_HOUCEM_EDINE,CO_BEST_LIFE,gerant,corporate,certain,SP_ac94ff4ff0a146fe6e83
PERSON_NOVELI_MASIMILIANO,CO_MCW,gerant,corporate,certain,SP_51c55ffa5a3e97748453
PERSON_BENETOUMI_MOHAMED,CO_TOUMI_CIMENT_INDUSTRIALISE,gerant,corporate,certain,SP_0cc3ed9c9b53931a5f91
PERSON_BENGHARBIA_MEHDI,CO_WFS_INTERNATIONAL,gerant,corporate,certain,SP_001b15e9dee2ad98fcc2
PERSON_GARA_CHEKIB,CO_JUNIOR,gerant,corporate,certain,SP_37c1ccc6e43af614f8d3
PERSON_BENDHIFALAH_MOHAMED_ZIED,CO_TUNISIENNE_REMORQUAGE,gerant,corporate,certain,SP_59218a240a4e7c96638f
PERSON_BENYOUSEF_MOHAMED_NABIL,CO_STUDI_INTERNATIONAL,gerant,corporate,certain,SP_4472d1ce748af0c7eb96
PERSON_MEHREZ_IDRIS,CO_NEGOCE_DISTRIBUTION,president_ca,corporate,certain,SP_7ff5b91b352bcaebe6a8
PERSON_MEHREZ_CHAMSEDINE,CO_NEGOCE_DISTRIBUTION,dg,corporate,certain,SP_0a5e7060d39aa7ed54fc
PERSON_MEHREZ_CHAMSEDINE,CO_PLASTICAP,president_ca,corporate,certain,SP_268dae869a4923dc88c7
PERSON_SAMOUDA_IMED,CO_COMPAGNIE_AFRICAINE_PEINTURES,administrateur,corporate,certain,SP_7032ec0001c2d4eaab0c
PERSON_MABROUK_ISMAIL,CO_TUNISIENNE_CHOCOLATERIE_CONFISERIE,president_ca,corporate,certain,SP_c776dc664eafa57ac838
PERSON_MELITI_HEDI,CO_TUNISIENNE_CHOCOLATERIE_CONFISERIE,dg,corporate,certain,SP_6fc3299ec60409218948
PERSON_ZOUARI_MEHDI,CO_ZOUARI_CIE,administrateur,corporate,certain,SP_8db65482788e5aa51272
PERSON_ZOUARI_HAFEDH,CO_ZOUARI_CIE,pdg,corporate,probable,SP_c696d501f7a75dfe35df
PERSON_MEHREZ_CHAMSEDINE,ORGMENTION_Société PRO CLEAN SARL,gerant,corporate,certain,SP_ae544e2378e92fd6c83a
PERSON_MEHREZ_CHAMSEDINE,ORGMENTION_Société CIBO 2000 SARL,gerant,corporate,certain,SP_6169f3b3cf30a7cd47bb
PERSON_MEHREZ_IDRIS,CO_AEROSOL_CAP_BON,gerant,corporate,certain,SP_95a376655924e9d52b86
PERSON_GANOUNI_WALID,CO_SILICATI_ITALO_TUNISINI,gerant,corporate,certain,SP_4a5aab1a55fe6133d61e
PERSON_SELAMI_MOHSEN,CO_STRAMICA,gerant,corporate,certain,SP_304691de930228d837a5
PERSON_SELAMI_MONDHER,CO_STRAMICA,cogerant,corporate,certain,SP_507d5d3989b929ec1205
PERSON_SELAMI_MOHAMED_AZIZ,CO_AM3S_IMMOBILIERE,gerant,corporate,certain,SP_da2ce37476cc0499e65a
PERSON_ZOUARI_RADHOUANE,CO_MISE_EN_VALEUR_D_AMENAGEMENT_AGRICOLE,gerant,corporate,certain,SP_b7866d708f9d74f689e5
PERSON_ABAS_MYRIAM,CO_SEFINA_SICAF,pdg,corporate,probable,SP_365d82cf9d839c11f7f7
PERSON_ABAS_HAMADI,CO_SEFINA_SICAF,unspecified,corporate,probable,SP_195d1b2bdcbe36277cfd
PERSON_GHENIM_KARIM,CO_SICAR_AVENIR,pdg,corporate,certain,SP_556e9258c79307a5d862
PERSON_BELAGHA_EZEDINE,CO_AGRI_BUSINESS_COMPANY_ABCO_SIDI_DAOUD,president_ca,corporate,certain,SP_e571257b45da90733664
PERSON_BELAGHA_SAMY,CO_AGRI_BUSINESS_COMPANY_ABCO_SIDI_DAOUD,dga,corporate,certain,SP_d493f682fd30d3e9e640
PERSON_FOURATI_RACHED,CO_FIDAL_TUNISIE,pdg,corporate,certain,SP_1202814a7747d2d3c864
PERSON_DJILANI_HEDI,ORGMENTION_4. Avenue de Monastir El Menzah VII - Ariana,pdg,corporate,probable,SP_eae75bc6e02c613117d3
PERSON_DJILANI_MOHAMED_HECHMI,ORGMENTION_4. Avenue de Monastir El Menzah VII - Ariana,dga,corporate,probable,SP_013ab2568744417d8421
PERSON_SELAMI_MOHAMED,ORGMENTION_Société Tunisienne d'Outillage,administrateur,corporate,probable,SP_87796362b730ca5544b9
PERSON_SELAMI_MUSTAPHA,ORGMENTION_Société Tunisienne d'Outillage,administrateur,corporate,probable,SP_2d813048650b3a3761a9
PERSON_SELAMI_HICHEM,ORGMENTION_Société Tunisienne d'Outillage,administrateur,corporate,probable,SP_6f2f3e19d6abc4ef9975
PERSON_SELAMI_MOHAMED,ORGMENTION_Société Tunisienne d'Outillage,pdg,corporate,probable,SP_4374bf42bcc0084928ea
PERSON_BAKIR_ALIA_MABROUK,CO_DOCKSIDER_CHAUSSURES,gerant,corporate,probable,SP_3ce50f809f6d4a3604c9
PERSON_ELOUMI_MOHAMED_ALI,CO_A4CONTENT,cogerant,corporate,certain,SP_c97be4b094139ba30e3b
PERSON_KOOLI_ABDELAZIZ,CO_KAMG_IMMOBILIERE,unspecified,corporate,certain,SP_570a645c993d961cb8b1
PERSON_KOOLI_MOHAMED_ALI,CO_KAMG_IMMOBILIERE,unspecified,corporate,certain,SP_2a83bc201e8d66349fe2
PERSON_KOOLI_AZIZ_GHASEN,CO_KAMG_IMMOBILIERE,unspecified,corporate,certain,SP_f57fcec4af9643ab6899
PERSON_KOOLI_ABDELAZIZ,CO_KAMG_IMMOBILIERE,pdg,corporate,certain,SP_2086d4fa5f2620092a65
PERSON_NAIFER_MOHAMED_NAFAA,CO_TUNISO_FRANCAISE_COMMERCE_INTERNATIONAL,gerant,corporate,certain,SP_4cf0c6db65ce189a5a86
PERSON_DRIS_SABER,CO_CONCEPT,gerant,corporate,certain,SP_3837e239fda7f83135f6
PERSON_MZABI_LAROUSI,CO_SOLVALOR83,cogerant,corporate,certain,SP_d425f1e1715f943f8475
PERSON_JAIDANE_RIADH,CO_INTER_PAPER,representant,corporate,certain,SP_c16e2544ba6fdd79fed8
PERSON_BELTAIFA_MOUNIR,CO_BUSINESS_INTEGREATORS,gerant,corporate,certain,SP_bd46f46451d27e3ed573
PERSON_MABROUK_SOUAD,CO_ELFAWEZ,gerant,corporate,certain,SP_4cfce908d43704c3be4e
PERSON_AYADI_TAHER,CO_PROMOTION_IMMOBILIERE,dg,corporate,certain,SP_f3a2e0b5366b2fa9e4e9
PERSON_JOUDI_MOEZ,CO_MAGASIN_GENERAL,administrateur,corporate,certain,SP_dee866c5d0f56721677c
PERSON_TRIFA_MOHAMED,CO_PLACEMENTS_TUNISIE_SICAF,pdg,corporate,certain,SP_c9a010041e45ca07b920
PERSON_TRIFA_MOHAMED,CO_PLACEMENTS_TUNISIE_SICAF,dg,corporate,certain,SP_8040232ebb779e038699
PERSON_CIUMELI_GIACINTA,CO_NEXTRONICS,gerant,corporate,certain,SP_5dd25ae52cd09a689c08
PERSON_HACHICHA_NOUREDINE,CO_HANNIBAL_SILVER_COMPANY,gerant,corporate,certain,SP_01b209299cfad3089e71
PERSON_BOUAZIZ_HABIB,CO_COMPAGNIE_INTERNATIONALE_LEASING,administrateur,corporate,certain,SP_3b049fa2991ce61ef951
PERSON_MOALA_REFAAT,CO_TROIS,cogerant,corporate,certain,SP_9c208badab22b070fe14
PERSON_MOALA_FAROUK,CO_TROIS,cogerant,corporate,certain,SP_40ce87ea0f3495f75234
PERSON_RIAHI_MEHREZ,CO_AMEN_CAPITAL,dg,corporate,certain,SP_ab0178fec6bebb8f32af
PERSON_BENYEDER_WASIM,CO_AMEN_CAPITAL,dga,corporate,certain,SP_6618a18f6bd84a38109c
PERSON_HAMROUNI_HOUDA,CO_SERVICES_PAPALIA,gerant,corporate,certain,SP_bdb9c08df311f89e5b46
PERSON_CARIERO_ANTONINO,CO_MED_FOOD,gerant,corporate,certain,SP_3d551735a6cc9b412bdf
PERSON_OMRI_SALAH,CO_BISCUITERIE_NORD_AFRICAINE,dg,corporate,certain,SP_cf64e4de474885ed29c2
PERSON_BOUCHAMAOUI_WIDED,CO_ANSSEM,gerant,corporate,certain,SP_feff0d2ea77aabe4c1e8
PERSON_MUNCK_JOHN,CO_COMPOSITES_POUR_SANITAIRE_L_INDUSTRIE_TUNISIE,president_ca,corporate,certain,SP_59c135ba1bc9a39ed297
PERSON_PAGEL_JEAN_FRANCOIS,CO_COMPOSITES_POUR_SANITAIRE_L_INDUSTRIE_TUNISIE,dg,corporate,certain,SP_24338495c20b3c2af1a8
PERSON_DJILANI_HEDI,CO_FINANCIERE_TUNISIENNE,president_ca,corporate,probable,SP_94c92c2132d0bdbea1ec
PERSON_MRABET_RIDHA,CO_SODINO,dga,corporate,certain,SP_99d7ef4993a3b9c96ab8
PERSON_SASI_FAHMI,CO_SOGEFEC,gerant,corporate,certain,SP_d95a5216ec3af2187675
PERSON_BOUZGUENDA_SLIM,ORGMENTION_Société North Africa Contractors SA NAFCO,administrateur,corporate,certain,SP_8ce27067dfab652036b0
PERSON_KAMOUN_MAHER,CO_INDUSTRIES_PHARMACEUTIQUES_TUNISIE_SIPHAT,administrateur,corporate,certain,SP_e0fdb628044223eaab83
PERSON_HAJI_TAHER,CO_GENERALE_SERVICES,gerant,corporate,certain,SP_3de6ae86f368f8dff3e5
PERSON_DAKHLAOUI_KILANI,CO_WORLD_CAR_PROSPECTING,gerant,corporate,certain,SP_803f082a8abf724229ae
PERSON_CHAABANE_RIDHA_ALI,CO_CHAABANE_FILS,gerant,corporate,certain,SP_a8e7d0e8e1f1e76c838f
PERSON_AYADI_MANSOUR,CO_FARAH_CREATION,gerant,corporate,certain,SP_6d1247af60ce0257ead3
PERSON_SASI_ABDELKADER,CO_INDUSTRIELLE_VETEMENT,gerant,corporate,certain,SP_1d2413ab1ce410017f98
PERSON_TRABELSI_MOHAMED,CO_SOTUDEF,dg,corporate,certain,SP_3a1dba9203744778863f
PERSON_BELAID_MEKI,CO_SOMEF_TUNISIE,administrateur,corporate,certain,SP_a5e58d6953e4adbfea62
PERSON_BAYOUDH_SLIM,CO_BRIQUETERIE_EL_MOSTAKBEL_TEBOULBA_BMT,unspecified,corporate,certain,SP_3890d79c6fab1bc36a27
PERSON_CHAIBI_NABIL,CO_ULYSSE_LOGISTICS_COMPANY,president_ca,corporate,certain,SP_e1d5f391896abe0113a8
PERSON_HAMAMI_LASAAD,CO_CHREIF_HAMMAMI_PLAST,gerant,corporate,certain,SP_a77f70843e4d0e9232ba
PERSON_CHAABANE_AMIR,CO_INTERCRAFT,gerant,corporate,certain,SP_40107003d56ced375118
PERSON_MERCIER_JEAN_MARC,CO_BONNA_TUNISIE,dg,corporate,certain,SP_afd8eea67997339e4602
PERSON_ABAS_FERID,CO_STAROIL,pdg,corporate,certain,SP_40ddb06d68ebbd311909
PERSON_CHAABANE_ABDELAZIZ,CO_PROMOTION_IMMOBILIERE_EL_BEIT_BEITEK,gerant,corporate,certain,SP_aabec3823aa1e4b51ff5
PERSON_BOUCHAALA_ZOUHEIR,CO_SIMEG_GALVANO,gerant,corporate,certain,SP_ff98a0af6974260f6bbb
PERSON_SLAMA_HASEN,CO_SLAMA_SERVICES,gerant,corporate,certain,SP_f0e81e0fca1470326b57
PERSON_SELAMI_SAMIR,CO_SLAMA_FRERES,gerant,corporate,probable,SP_4fb78189f77d8d5cb22d
PERSON_SASI_SAMEH,CO_MULTIPLATRE,cogerant,corporate,certain,SP_d2ce197ae9858fb362b3
PERSON_LOUKIL_BASEM,CO_SACEM_INDUSTRIES,administrateur,corporate,certain,SP_70977d1ed8e4353350fa
PERSON_LOUKIL_WALID,CO_SACEM_INDUSTRIES,administrateur,corporate,certain,SP_8032ab0ae7f24aa057e6
PERSON_CHAIBI_TAOUFIK,CO_TUNISIENNE_EMBALLAGES_MODERNES,administrateur,corporate,probable,SP_ef18eb7cf65925fc4ed2
PERSON_OMRI_SALAH,CO_TUNISIENNE_EMBALLAGES_MODERNES,administrateur,corporate,probable,SP_2073508bab4acda7ed71
PERSON_BELKHIRIA_KAMEL,CO_PATES_WARDA,pdg,corporate,certain,SP_7e13f9883a68c95010f4
PERSON_BENAYED_AHMED,CO_TUNISIENNE_ASCENSEURS_SCHINDLER_STAS_SCHINDLER,gerant,corporate,certain,SP_51d58c06eeae0f56f727
PERSON_KACEM_MOHAMED,CO_KACEM_ELECTRONIC_INDUSTRIE,gerant,corporate,certain,SP_c8c84497ddd8f5368b0e
PERSON_ARFAOUI_CHOKRI,CO_PERSPECTIVE_PRODUCTION,gerant,corporate,certain,SP_cd054b564a7c3ba45183
PERSON_AYOUB_MONCEF,CO_GRANDE_FABRIQUE_CONFISERIE_ORIENTALE,dg,corporate,certain,SP_3d37bcb85aa8d21f5b9e
PERSON_ZRIBI_LAMIA_BOUJENAH,CO_BANQUE_FINANCEMENT_PETITES_MOYENNES_ENTREPRISES,administrateur,corporate,certain,SP_90297737983f97a894a6
PERSON_BEJA_SADOK,CO_BANQUE_FINANCEMENT_PETITES_MOYENNES_ENTREPRISES,administrateur,corporate,certain,SP_99fd392d71a1335eb097
PERSON_DJILANI_HEDI,CO_AMILCAR_HOLDING,pdg,corporate,probable,SP_0002513e07197515b384
PERSON_DJILANI_MOHAMED_HECHMI,CO_AMILCAR_HOLDING,dga,corporate,probable,SP_cc48f6f9460ca776ef39
PERSON_ABDENADHER_LOTFI,CO_MODERNE_CERAMIQUE_SOMOCER,president_ca,corporate,certain,SP_2a97414198a6af8eede4
PERSON_ESEBSI_KHALIL_CAID,CO_HELIX_NATURE,gerant,corporate,certain,SP_990ee80d00fbf0bf56e4
PERSON_SELAMI_MONCEF,CO_TUNISIAN_TELECOM_ELECTRIC,administrateur,corporate,probable,SP_acf82c9df8e65979f13d
PERSON_SELAMI_RAOUDHA,CO_TUNISIAN_TELECOM_ELECTRIC,administrateur,corporate,probable,SP_6cf1cf81a6b6260eb078
PERSON_FOURATI_LAMIA,CO_TUNISIAN_TELECOM_ELECTRIC,administrateur,corporate,probable,SP_13d48e638c13098b79d0
PERSON_MABROUK_BELGACEM,CO_AGROLIVA_INTERNATIONAL,commissaire_aux_comptes,corporate,probable,SP_769e7ae335c61f6fb135
PERSON_AMOR_LEILA_BENCHEIKH,ORG_ASSOCIATION_TUNISIENNE_POUR_SAUVEGARDE_MUSEES_SITES_ARCHEOLO,secretaire_general,corporate,certain,SP_b3828dfe9991f39851ba
PERSON_FEKI_HOUCINE,ORG_ASSOCIATION_TUNISIENNE_POUR_SAUVEGARDE_MUSEES_SITES_ARCHEOLO,treasurer,corporate,certain,SP_c4dca6032557f2c402b7
PERSON_DAMAK_MOHAMED,ORG_ASSOCIATION_TUNISIENNE_POUR_SAUVEGARDE_MUSEES_SITES_ARCHEOLO,member,corporate,certain,SP_2465bacf0f531e53253d
PERSON_HOUSEIN_FETHI,ORG_ASSOCIATION_TUNISIENNE_POUR_SAUVEGARDE_MUSEES_SITES_ARCHEOLO,member,corporate,certain,SP_8f7663d0bc0e72234d0c
PERSON_MARZOUK_MOHAMED,ORG_ASSOCIATION_TUNISIENNE_POUR_SAUVEGARDE_MUSEES_SITES_ARCHEOLO,member,corporate,certain,SP_6a22dc4329d14efbacd1
PERSON_BAHRI_MOHAMED_FATHI,ORG_ASSOCIATION_TUNISIENNE_POUR_SAUVEGARDE_MUSEES_SITES_ARCHEOLO,member,corporate,certain,SP_3e7bcda3aa48e59451d4
PERSON_SLAMA_RIDHA,ORG_ASSOCIATION_TUNISIENNE_POUR_SAUVEGARDE_MUSEES_SITES_ARCHEOLO,member,corporate,certain,SP_57319ef70599e1c3068c
PERSON_CHOYAKH_FAEZ,ORG_ASSOCIATION_TUNISIENNE_POUR_SAUVEGARDE_MUSEES_SITES_ARCHEOLO,member,corporate,certain,SP_82cd2325e200fcfb9d56
PERSON_BESBES_MYRIAM,ORG_ASSOCIATION_TUNISIENNE_POUR_SAUVEGARDE_MUSEES_SITES_ARCHEOLO,member,corporate,certain,SP_7ea0c066e7b148cad579
PERSON_SLAMA_RAMLA,ORG_ASSOCIATION_TUNISIENNE_POUR_SAUVEGARDE_MUSEES_SITES_ARCHEOLO,member,corporate,certain,SP_b621cff0ab55c7519ec1
PERSON_SLAMA_HAROUN,ORG_ASSOCIATION_TUNISIENNE_POUR_SAUVEGARDE_MUSEES_SITES_ARCHEOLO,member,corporate,certain,SP_2d1daf8860eac9d80500
PERSON_ABDELAOUI_ABDALAH,CO_GERMAN_CONNEX_CONSULT_GCC,gerant,corporate,certain,SP_c7259d3781e9deef3449
PERSON_MABROUK_RIADH,CO_INTERNATIONAL_DIGITAL_SERVICES,gerant,corporate,certain,SP_00694ed0611e873157a2
PERSON_SASI_IBTISEM,CO_BOULANGERIE_PATISSERIE_LAC,gerant,corporate,certain,SP_c6be027fe6f64bc44149
PERSON_AMAR_KARIM,CO_PARTNER_INVESTMENT,dg,corporate,certain,SP_2f616a4f657f0cb7b9be
PERSON_TAHER_HASEN,CO_AGRICOLE_FRUITS_IDEALES_SAFI,gerant,corporate,certain,SP_23a750c6e7ceb6ea89d4
PERSON_MZABI_HABIB,CO_LAS_PALMAS_JERBA,gerant,corporate,certain,SP_4e2c2f4460b4eebe0f98
PERSON_ELOUMI_SLIM,CO_ABM_INFORMATIQUE,gerant,corporate,certain,SP_33c156cef24a32b3cf43
PERSON_BOUZOUITA_KAMEL,CO_WEST_PHARMA,president_ca,corporate,certain,SP_fb41491d281c3d330435
PERSON_ELBICHE_KOUSAI,CO_WEST_PHARMA,dg,corporate,certain,SP_e16db62209fdddaa84eb
PERSON_SLAMA_KHALIL,CO_STAFROID,gerant,corporate,certain,SP_62783ddd163851fe1c3e
PERSON_NOUIRA_CHEKIB,CO_C_N_SICAR,president_ca,corporate,certain,SP_90db36071c7a9daa3d18
PERSON_MZID_KHALED,CO_C_N_SICAR,dg,corporate,certain,SP_244a6602ab5ea7c132e9
PERSON_BAYAHI_TAHER,CO_MAGASIN_GENERAL,pdg,corporate,certain,SP_bdd8ab3ea94d1087955e
PERSON_TRABELSI_MOHAMED,CO_TRABELSI_MOSAIQUE_CERAMIQUE_DAR,gerant,corporate,certain,SP_d825a2c7a0135f466653
PERSON_MHIRI_MOURAD,CO_HOTELIERE_EL_KANTAOUI,dga,corporate,certain,SP_bb107c2a0aa3c7f8ebeb
PERSON_MHIRI_MOURAD,CO_BALNEAIRE_HAMMAMET_SUD,dga,corporate,certain,SP_c384db35f87568b4c5c5
PERSON_MHIRI_SAMI,CO_BALNEAIRE_HAMMAMET_SUD,dga,corporate,certain,SP_93bfb15391aedcdde458
PERSON_MHIRI_SAMI,CO_HOTELIERE_MOURADI_TOZEUR,dga,corporate,certain,SP_ea2bc538bd14089f4bbc
PERSON_MHIRI_SAMI,CO_TOURISTIQUE,dga,corporate,certain,SP_b2db1e9addaf3e174fc5
PERSON_MHIRI_SAMI,CO_IMMOBILIERE_TOURISTIQUE_TUNISIE,dga,corporate,certain,SP_61d9cc940fb003f34d25
PERSON_MHIRI_SAMI,CO_TOURISTIQUE_EL_MOURADI,dga,corporate,certain,SP_afdb1f9059a9642d322c
PERSON_MHIRI_SAMI,CO_TOURISTIQUE_THERMALE_KROUMIRIE,dga,corporate,certain,SP_ff36f8c7a39ac9b1fe47
PERSON_MHIRI_MOURAD,CO_MEUBLATEX,dga,corporate,certain,SP_94701a13bf731c7c2749
PERSON_MHIRI_SAMI,CO_MEUBLATEX,dga,corporate,certain,SP_d6a36b91fe187ead6d05
PERSON_MHIRI_MOURAD,ORGMENTION_Société Clinique de Sousse,dga,corporate,certain,SP_df219252b907a4562ea3
PERSON_MHIRI_SAMI,ORGMENTION_Société Clinique de Sousse,dga,corporate,certain,SP_caf2484a77f2fbb1ca22
PERSON_MHIRI_MOURAD,CO_DINVESTISSEMENTS_HOTELIERS_EL_MOURADI,dga,corporate,certain,SP_575a1b6ab385dabd722d
PERSON_MNIF_MOHAMED_NEJIB,CO_NOUR_COMMERCE,gerant,corporate,probable,SP_a1a4161474007f9174e8
PERSON_CHAABANE_TAREK,CO_EL_WIFAK_MARBRE_SOWIMAR,gerant,corporate,certain,SP_f4fb01e9f03f362e507c
PERSON_ZOUARI_TAREK,CO_REMPLAST,commissaire_aux_comptes,corporate,certain,SP_8320f7a76d4a9ba7ea63
PERSON_MABROUK_IMED,CO_CUE_3D_TECHNOLOGY,gerant,corporate,certain,SP_9994a67cbb6d018dee9d
PERSON_AYADI_KHALED,CO_FLEXO_PRINT,dg,corporate,certain,SP_c73128ea4607f7a846ba
PERSON_KALEL_FATEN,CO_GOLDEN_TOYS,gerant,corporate,certain,SP_e8cf0df9e71cb06cd6e6
PERSON_KOUBAA_THAMEUR,CO_MEDFACTOR,dg,corporate,certain,SP_d2623381530ab0ab8122
PERSON_BENSIR_NADIM,CO_NATURALLIANCE,gerant,corporate,certain,SP_e1da925c9e78e083d710
PERSON_BOUSETA_MALEK,CO_INTERNATIONAL_FRENCH_SOFTWARE,gerant,corporate,certain,SP_d2eadf30bbc459cf8d5f
PERSON_KRAIEM_MOHAMED_FADHEL,CO_TOPNET,administrateur,corporate,certain,SP_5e4481075b0de1d7d11a
PERSON_GALVANI_MATHIEU,CO_TOPNET,administrateur,corporate,certain,SP_dc3294b8cc39280a4294
PERSON_BAYAHI_YAHIA,CO_GRANDS_SILOS_BEJA,president_ca,corporate,probable,SP_b58d81f8b2cdcf4a0c65
PERSON_BAYAHI_TAHER,CO_GRANDS_SILOS_BEJA,dg,corporate,probable,SP_53dadd8c155a0eea2a01
PERSON_BAYAHI_TAHER,CO_TRANSPORT_NORD_TUNSIEN,president_ca,corporate,probable,SP_d754fa5af1f12f89b2e0
PERSON_BAYAHI_YAHIA,ORGMENTION_,president_ca,corporate,probable,SP_4aaaf7e7b24557581905
PERSON_BAYAHI_TAHER,ORGMENTION_,dg,corporate,probable,SP_aa448a909cc08ce18f3a
PERSON_DRIS_HICHEM,CO_TOURISTIQUE_MARHABA_BEACH,president_ca,corporate,probable,SP_8e848c45afe0742381ea
PERSON_CHAABANE_WALID,CO_KOBRA_CALZATURE,gerant,corporate,certain,SP_b5ca0ee8ce179dc517f9
PERSON_CHAABANE_MOHAMED_NEJIB,CO_SCEN,gerant,corporate,certain,SP_afd49ee0f1e5e022c6bb
PERSON_BENAYED_RIADH,CO_AZUR,pdg,corporate,certain,SP_5c4b43d538ff19e7f755
PERSON_AREM_MOHAMED_ANIS,CO_ALDIANA_DJERBA,president_ca,corporate,certain,SP_19657bc9f73218549406
PERSON_ABDENADHER_KARIM,CO_INTERNATIONAL_SERVICE_INVESTEMENT,gerant,corporate,certain,SP_e3a2e08d95ba17a44fc7
PERSON_SASI_ABDELKADER,CO_INDUSTRIELLE_RENAISSANCE,gerant,corporate,certain,SP_fcf372077de3f1e7beea
PERSON_HAMROUNI_WALID,CO_ILEF,gerant,corporate,certain,SP_5fa5ddf88b4e84552e0d
PERSON_SLAMA_SALAH,CO_BALLACK,gerant,corporate,certain,SP_e07461acede2ff3ae9f6
PERSON_TRIKI_WASIM,CO_LEZ_ARTS,gerant,corporate,certain,SP_db11458aa819ff056674
PERSON_NEFZI_BECHIR,CO_STAROIL,administrateur,corporate,certain,SP_d049b5c2c7acbc964166
PERSON_HAMAMI_BCHIRA,CO_SOTAS,gerant,corporate,certain,SP_a24b4d3aa270ef7736f7
PERSON_HAMAMI_CHAARI_GIHEN,CO_TRANSACTION_GESTION_IMMOBILIERE,gerant,corporate,certain,SP_a9aeba37c31f0066de3b
PERSON_SANDI_RAMZI,CO_WINTHROP_PHARMA_TUNISIE,administrateur,corporate,certain,SP_ef885def754e3b245d48
PERSON_SASI_AYMEN,CO_TRAVAUX_SASSI_FILS,gerant,corporate,certain,SP_b37c6600d82a48a20a69
PERSON_CESARIO_FRANCESCO,CO_FRANCO_GELATO_TUNISIE,cogerant,corporate,certain,SP_032b8f4f53ba1a644e9b
PERSON_SBAIHI_ZOUHEIR,CO_FRANCO_GELATO_TUNISIE,cogerant,corporate,certain,SP_b9f16d5d06d67b607a8c
PERSON_ELOUMI_ALI,CO_IMMOBILIERE_FEKRIA,gerant,corporate,certain,SP_3db1c90057a37bcaee81
PERSON_SLAMA_FAKHRI,CO_ASSIL,gerant,corporate,certain,SP_9720508e1c888a1cabac
PERSON_SFAR_MOHAMED_ELBECHIR,ORGMENTION_SOCIETE COMMERCIALE ET INDUSTRIELLE M'HAMED SFAR,administrateur,corporate,certain,SP_acebb0caac401350c68b
PERSON_SFAR_ZEINEB_AICHA,ORGMENTION_SOCIETE COMMERCIALE ET INDUSTRIELLE M'HAMED SFAR,administrateur,corporate,certain,SP_bcb32bf92096d6c53960
PERSON_HAMROUNI_HAMAID,CO_TUNISO_ALGERIENNE_CIMENT_DERIVES_SOTACID,administrateur,corporate,certain,SP_b4dadd59c0dde97db8dc
PERSON_BENYEDER_ANIS,CO_INDUSTRIELLE_PLASTIQUE_ARME_SINPAR,gerant,corporate,certain,SP_c4fb13d68ca3f3792934
PERSON_TRIKI_MOHAMED_ALI,CO_MW,cogerant,corporate,certain,SP_b62102beb8e82ba6715a
PERSON_KAMOUN_MOHAMED,CO_NK_TRAINING,gerant,corporate,certain,SP_15940e3e4cb3699efe78
PERSON_ZOUARI_MOHAMED_AMIN,CO_AMOUS_PROMOTION_IMMOBILIERE,gerant,corporate,certain,SP_167017d014f6f12f581a
PERSON_HAMAMI_AMEL,CO_SANI_MODE,gerant,corporate,certain,SP_d7166362cd333c6771da
PERSON_JABALI_ABDELBASET,CO_CESAR,gerant,corporate,certain,SP_3989560a2a698c0b123d
PERSON_ZOUARI_MOHAMED,CO_RESTO_TICKET_LUNCH,gerant,corporate,certain,SP_68c0e1ab736bdb4e02fd
PERSON_KILANI_NABIL,CO_NORTH_AFRICAN_PRODUCTS_PROMOTION_AGENCY,gerant,corporate,certain,SP_b679a6c46154e805c4d5
PERSON_ABDALAH_MOHAMED,CO_NOOR_OIL_COMPANY,gerant,corporate,certain,SP_188175933fc2d3d37afd
PERSON_BOURAOUI_OMAR,CO_Z_CONFECTION,gerant,corporate,certain,SP_4e4e107bfeb912badd2f
PERSON_DEBICH_MEKDED,CO_Z_CONFECTION,cogerant,corporate,certain,SP_1679620dc91138f37215
PERSON_TRABELSI_MOHAMED,CO_DA_VINCI,administrateur,corporate,certain,SP_3bb071c199512afdf098
PERSON_HAMAMI_KAIS,CO_RIVE_SUD_AGENCY,gerant,corporate,certain,SP_3ddb6e6174ffcd25967f
PERSON_MEDIMAGH_REFKA_MABROUK,CO_MEDIA_VISION_STORE,gerant,corporate,certain,SP_b8d3f94956280f7198cb
PERSON_BOUGUENA_ABDELHAMID,CO_GOLDEN_EXPORT,dga,corporate,certain,SP_a1df09e147922af15a06
PERSON_ABDENADHER_KARIM,CO_BELDIMED,president_ca,corporate,certain,SP_2959882a5ea288106598
PERSON_MABROUK_AMEL,CO_PATRIMOINE_SICAF,administrateur_delegue,corporate,certain,SP_9a66c631eb2362b0b017
PERSON_SMAOUI_SAMI,CO_HEWLETT_PACKARD_MAGHREB,cogerant,corporate,probable,SP_0e07c595fb19e98b6ed0
PERSON_AMDOUNI_SAMIRA,CO_PITA_SHOES,gerant,corporate,certain,SP_65d4e8da0b4b3c0bf4af
PERSON_ELHAMDI_LOTFI,CO_PITA_SHOES,cogerant,corporate,certain,SP_6ebdc3f7beeff3ede9b9
PERSON_TRIKI_AHMED,CO_DEX,gerant,corporate,certain,SP_d1d2445a9d5213b5b59c
PERSON_CHAABANE_MBAREK,CO_SOTULAME,gerant,corporate,certain,SP_cd8c94302ce508d944ab
PERSON_KAMOUN_MOEZ,CO_FOCUS_LOCATION,gerant,corporate,certain,SP_927edbce15975f61c4c3
PERSON_DRIRA_MOHAMED,CO_DREAM_FASHION_TUNISIE,gerant,corporate,certain,SP_7b3d1800df76cabb7f5e
PERSON_HAMAMI_MOHAMED_ALI,CO_ESPACE_FORM,gerant,corporate,certain,SP_411d0e66c57915bbb9b3
PERSON_COSIMO_CARIERO,CO_FRUITS_CARTHAGE,gerant,corporate,certain,SP_de4b8f6911714e0120b9
PERSON_ELWARDI_MOHAMED,CO_TUNISIA_FOOD_INDUSTRY,gerant,corporate,certain,SP_32bfe3210c70fb52fba9
PERSON_SLAMA_ABDELHAKIM,CO_PACKPLUS,administrateur,corporate,probable,SP_5a4492118dc08cd658df
PERSON_SLAMA_LASAAD,CO_PACKPLUS,administrateur,corporate,probable,SP_5c5c8ff867b4487c53e1
PERSON_SLAMA_MOHAMED_AMIN,CO_PACKPLUS,administrateur,corporate,probable,SP_9fafdaa9f7b4e4c1cbb1
PERSON_SLAMA_MOHAMED_AMIN,CO_PACKPLUS,pdg,corporate,probable,SP_fff7032dd72f7f1ac18c
PERSON_HAMAMI_KHEDIJA,CO_ALLO_TAXI_SFAX,gerant,corporate,certain,SP_5cc0d7ee4b89d1e44bd7
PERSON_ZOUARI_TAREK,CO_EXACTT_CONSULTING_TUNISIE,gerant,corporate,certain,SP_0be40ba548ab6a6601ca
PERSON_CHAHED_IMED,CO_ITALO_TUNISIENNE_TRANSFORMATION_FABRICATION_FIBRES,gerant,corporate,certain,SP_247cb4caee7bc16af1c9
PERSON_KILANI_KARIM,CO_AIRESOFT_INTEGRATION,cogerant,corporate,certain,SP_817496cbe9f5b48493c5
PERSON_MATERI_MERYEM,CO_UNIVERSAL_ARCHITECTURE,gerant,corporate,certain,SP_b7f5a3846b65713bf10e
PERSON_HORCHANI_NAJIA,CO_SERVICE_NETTOYAGE_SOSEN,gerant,corporate,certain,SP_4992e7d3b8e8c44164a0
PERSON_YAICHE_NIZAR,CO_YTECHNOLOGY,gerant,corporate,certain,SP_5ac20d19ebcb8e0bd05a
PERSON_SELAMI_MONCEF,CO_FUBA_PRINTED_CIRCUIT_TUNISIE,administrateur,corporate,probable,SP_b4ce5a777e1683f6587a
PERSON_HAMROUNI_NAIMA,CO_DASSAINISSEMENT_DENTRETIEN_SAHEL,gerant,corporate,certain,SP_8d2ae52308e1c6520d78
PERSON_CHAABANE_THAMEUR,CO_CHAABANE_COMMERCE_INTERNATIONAL,gerant,corporate,certain,SP_c7d38ddc2d9e61e41539
PERSON_CHAABANE_SAMI,CO_YARA_COMMERCE_INTERNATIONAL,gerant,corporate,certain,SP_2a182452dfa1850bda0b
PERSON_HORCHANI_YOUSEF,CO_PRESSING_EL_HORCHANI,gerant,corporate,certain,SP_34196e196b8f9c5b6e06
PERSON_KAMOUN_HABIB,CO_SPID_TUNIS,dga,corporate,certain,SP_1e48c02b715b52e420b9
PERSON_TOUMI_MONCEF,CO_PROMETAL_PLUS,gerant,corporate,certain,SP_0dc880a2092df2f8e943
PERSON_SELAMI_RAMI,CO_LINGERIE_FASHION,gerant,corporate,certain,SP_2225b288f4fca472cc9b
PERSON_ZOUARI_ISMAIL,CO_ZOUARI_MENUISERIE_ALUMINIUM_SOZOMA,gerant,corporate,certain,SP_51e0871ba3fd080e6a11
PERSON_SASI_RAMZI,CO_ROYAUME_ELEC,gerant,corporate,certain,SP_88ccbe674200f3f76ed8
PERSON_HAMROUNI_ABDELKADER,CO_SICAF,commissaire_aux_comptes,corporate,certain,SP_7a5c1d2842ac9b3100b3
PERSON_HAMROUNI_ABDELATIF,CO_SICAF,commissaire_aux_comptes,corporate,certain,SP_a13f284d701e1e3de20e
PERSON_HAMROUNI_KHEIREDINE,CO_SICAF,commissaire_aux_comptes,corporate,certain,SP_8811d0e3714a8e9f8f9b
PERSON_HAMROUNI_ABDELKADER,CO_SICAF,pdg,corporate,certain,SP_5f8d19fd87ea002d07a6
PERSON_BENYAGHLANE_MOHAMED,CO_ARTISANALE_MOBILIER_CONTEMPORAIN_SOAMCO,gerant,corporate,probable,SP_58bfe58ce3c8c342da95
PERSON_TRIKI_SAMIA_SELAMI,CO_MAHMOUD_AGRICOLE,gerant,corporate,certain,SP_849bd9d4afe92e1e6417
PERSON_ZOUARI_MOHAMED,CO_ALLIANCE_DIFFUSION,gerant,corporate,certain,SP_fbee0d1e4df12f613f0f
PERSON_SLAMA_NABIL,CO_3D_SOFT,cogerant,corporate,certain,SP_55f1dda111a08fdebb59
PERSON_BELMABROUK_RIDHA,CO_MISE_EN_VALEUR_DEVELOPPEMENT_AGRICOLE,dga,corporate,certain,SP_709881ef2193e9928905
PERSON_GHERAB_BELHASEN,CO_TUNISIENNE_INDUSTRIES_TEXTILE,gerant,corporate,probable,SP_ecdfe89d5554b2dfe013
PERSON_AREM_MAHMOUD,CO_FEERIE,gerant,corporate,certain,SP_e2a7f9c1133b6503d709
PERSON_TRIKI_MARIEM_DAMAK,CO_MARIEM_DAMAK_TRIKI_CIES_OPTIQUE,gerant,corporate,certain,SP_c319aff3daecd627c8b8
PERSON_ROUIS_MOHAMED_ELARBI,CO_LEONI,administrateur,corporate,certain,SP_d3ed239e2fa56e9d3727
PERSON_HAMAMI_HELA,CO_TRIANGLE_INTERNATIONAL_SERVICES_LINKS,gerant,corporate,certain,SP_59bc5a9bf7b880b57c66
PERSON_ZOUARI_ABDELKARIM,CO_STELLA,gerant,corporate,certain,SP_cc068a14ed86bee00f26
PERSON_DRIS_MALEK,CO_VIRGOAPPS,gerant,corporate,certain,SP_c691c73d03eeb5bf7aa6
PERSON_HACHICHA_MOHSEN,CO_INDUSTRIES_ALIMENTAIRES_RANDA,administrateur,corporate,probable,SP_43a37bcb5a82211b27ed
PERSON_HACHICHA_FATHI,CO_INDUSTRIES_ALIMENTAIRES_RANDA,administrateur,corporate,probable,SP_cb5b9be991695f51710a
PERSON_HACHICHA_SOUHEIL,CO_INDUSTRIES_ALIMENTAIRES_RANDA,administrateur,corporate,probable,SP_4d404807546cb3cb6a54
PERSON_HACHICHA_SAMI,CO_INDUSTRIES_ALIMENTAIRES_RANDA,administrateur,corporate,probable,SP_169043f9fcd635046401
PERSON_KHOUAJA_MAHDI,CO_INDUSTRIES_ALIMENTAIRES_RANDA,administrateur,corporate,probable,SP_3a62356e1d913374f4de
PERSON_BENMOUSA_ALI_BENBRAHIM,CO_CIVILE_UNION_FRANCO_ITALIENNE,dg,corporate,certain,SP_f3a8cb8936339b7c3a8b
PERSON_ERIC_MARCON,CO_GENERAL_BETON_TUNISIE,gerant,corporate,certain,SP_677aa29cc407d8c9588a
PERSON_EZIO_MIGLIORINI,CO_GENERAL_BETON_TUNISIE,unspecified,corporate,certain,SP_a57455fc1ea3c71bac7f
PERSON_TRIKI_KHALIL,CO_HOZONE_TRADING,gerant,corporate,certain,SP_0c32cd16e04d9c0e2521
PERSON_ZOUARI_KHALED,CO_SOGECOF_ZARZIS,gerant,corporate,certain,SP_5b07d28dea832d9ecdaa
PERSON_FETNASI_SAMI,CO_ZOUABI,gerant,corporate,certain,SP_2a9e3c2415dec5f241cc
PERSON_KILANI_WALID,CO_EWA_SECURITE,gerant,corporate,certain,SP_63354f185e4e891e04b9
PERSON_KILANI_HATEM,CO_PROSPERE_IMMOBILIERE,gerant,corporate,certain,SP_9c39839f37112d9f900e
PERSON_TLILI_LAKHDHAR,CO_INDUSTRIES_CHIMIQUES_FLUOR,president_ca,corporate,certain,SP_4fe5c23e96373bddf6de
PERSON_HERMASI_ALI_BENAMAR,CO_HERMESS_CARBONATE,pdg,corporate,certain,SP_979b528031ff2f780fe6
PERSON_SASI_MOHAMED_ALI,CO_ELECTRO_MAGIC,gerant,corporate,certain,SP_c82fc0af641e1ae72a63
PERSON_MARQUIER_MARTINE,CO_CONTROL_CONSULTING,gerant,corporate,certain,SP_4fbf57e41beb9ec3a653
PERSON_DENGUEZLI_HATEM,ORGMENTION_LAND'OR,administrateur,corporate,probable,SP_08fdf1475fc1a7a2cde2
PERSON_AYED_HICHEM,ORGMENTION_LAND'OR,administrateur,corporate,probable,SP_cdbae9d9294e81ca5e31
PERSON_CHOURIA_RIDHA,ORGMENTION_LAND'OR,administrateur,corporate,probable,SP_6a32b6d5b7c70b92e758
PERSON_HAMAMI_HAMOUDA,CO_SIRCAR_PLUS,gerant,corporate,certain,SP_fd5364a9f59e4cb3172a
PERSON_TAKTAK_AMINE,CO_TUNISIENNE_INDUSTRIES_ENERGETIQUES,gerant,corporate,certain,SP_05f5b4ebe7f3b7e5a623
PERSON_KAMOUN_FADHEL,CO_IDEBA_IMMOBILIERE,gerant,corporate,certain,SP_91167866ab5250148d43
PERSON_MZABI_KHALED,CO_DJO_WORLD_TRADING,gerant,corporate,certain,SP_5c5e5c4b033624170464
PERSON_GAMBINI_RENZO,CO_PROJECT_ITALIA,gerant,corporate,certain,SP_f62ddd1271a4e9e32fb6
PERSON_KILANI_AMIN,CO_KILANI_COMPUTER_COMPANY_K2C,gerant,corporate,certain,SP_d35467d485384e9b29f0
PERSON_KAMOUN_FAYCEL,CO_COFI_CONSEIL,gerant,corporate,certain,SP_7172d21995dd8e60e282
PERSON_HAMROUNI_AYATALAH,CO_TUNISIENNE_LEXPLOITATION_ALIMENTAIRE,gerant,corporate,certain,SP_7f3f197c53fa80a7f78b
PERSON_KILANI_JIHEN,CO_AFRICAN_TRADE_INTERNATIONAL,gerant,corporate,certain,SP_6284a7d8012dd52554dc
PERSON_LINCZOWSKI_ERIC,CO_NABIHA_STORY,gerant,corporate,certain,SP_eb34769a2de548cf1f8c
PERSON_ERIK_MARCON,CO_GENERAL_PAV_TUNISIE,gerant,corporate,certain,SP_0387c3d2b4f0c05650b4
PERSON_EZIO_MIGLIORINI,CO_GENERAL_PAV_TUNISIE,unspecified,corporate,certain,SP_c59a311bdbe832af1c11
PERSON_GHARBI_MUSTAPHA,CO_GENERALE_MARINE_SERVICES,gerant,corporate,certain,SP_2b4ef3e65ac357452ea2
PERSON_MAHJOUB_MOHAMED,CO_MAHJOUB_CONSULTING,gerant,corporate,certain,SP_226a15a008cc3595a2ac
PERSON_HAMAMI_NEJIB,CO_FAMILY_ADVENTURE,gerant,corporate,certain,SP_b1ae7f0385b1f49e48d6
PERSON_BOCHER_GERARD_CELESTIN,CO_FRANCE_INTERNATIONAL_SERVICES,gerant,corporate,certain,SP_95d99c7a1483c94037bf
PERSON_DRIS_MOHAMED_TAIEB,CO_PROFIL_METAL,administrateur,corporate,certain,SP_fbc672767d3576733484
PERSON_DRIS_CHIRAZ,CO_PROFIL_METAL,administrateur,corporate,certain,SP_5e365c71245623d68294
PERSON_DRIS_TAOUFIK,CO_PROFIL_METAL,administrateur,corporate,certain,SP_81c66b4a1fb1ba8173d7
PERSON_DRIS_FAYCEL,CO_PROFIL_METAL,administrateur,corporate,certain,SP_e3cfbc5a6d03f117abb7
PERSON_DRIS_MOHAMED_TAIEB,CO_PROFIL_METAL,pdg,corporate,certain,SP_f59709fd1ae3792c9754
PERSON_TARDIF_LAURENT,CO_AUTO_CABLES_TUNISIE,administrateur,corporate,probable,SP_930530f9ee63c7cfe154
PERSON_SELAMI_HEDI_KARIM,CO_AUTO_CABLES_TUNISIE,administrateur,corporate,probable,SP_5257251204eda923fa41
PERSON_MANAI_DHAMIR,CO_CYBER_SECURITY_LAB_27,pdg,corporate,certain,SP_bbfdbfb7d01f42734ae7
PERSON_CHABOUH_JABEUR,CO_ENTREPOTS_FRIGORIFIQUES_TAZARKA_LEFT,gerant,corporate,certain,SP_b3158b779c179e3ddfd0
PERSON_BRAHEM_MAJED,CO_DYNAMIQUE_CONFECTION,gerant,corporate,certain,SP_34899d5ea0e32eadc192
PERSON_KOOLI_MAHBOUBA,CO_TISSU_EPONGE_SPONGITEX,pdg,corporate,certain,SP_8693225a4d11337fd43a
PERSON_SASI_HATEM,CO_IMMOBILIERE_MEDITERRANEENNE,gerant,corporate,certain,SP_6870bb83005f67e51c5a
PERSON_MABROUK_ISAOUI,CO_ALPHA_CUISINE,gerant,corporate,certain,SP_77b4bc2f034b3e4a73c8
PERSON_DENGUIR_TAHER,CO_TECHNIQUES_MARBRE_TECNOMARBRE,gerant,corporate,certain,SP_65bff15690ba65a54f40
PERSON_HAMROUNI_MOHAMED_KACEM,CO_STAFF_CREATIONS,gerant,corporate,certain,SP_888d16a2fd96d021a5c6
PERSON_SELAMI_HEDI_KARIM,CO_ELEONETECH,commissaire_aux_comptes,corporate,probable,SP_b2bc53efa1ee28c2bfe9
PERSON_SELAMI_MONCEF,CO_ELEONETECH,commissaire_aux_comptes,corporate,probable,SP_3d87d73ed42af249dc2f
PERSON_SELAMI_SLIM,CO_ELEONETECH,commissaire_aux_comptes,corporate,probable,SP_8f51880754b188d5579c
PERSON_ABDELKEFI_AHMED,CO_TUNISIE_VALEURS,administrateur,corporate,probable,SP_e7a2f3fad18b8f73e394
PERSON_MBAREK_AZIZ,CO_TUNISIE_VALEURS,administrateur,corporate,probable,SP_9e64cdd9022ab3edb214
PERSON_BENAMAR_ABDERAZEK,CO_TUNISIE_VALEURS,administrateur,corporate,probable,SP_02aaab88cbd214cf40c6
PERSON_MAAOUI_MONCEF,CO_TUNISIE_VALEURS,administrateur,corporate,probable,SP_c3986e64bdcfceb19bff
PERSON_LARGUECHE_SLAHEDINE,CO_TUNISIE_VALEURS,administrateur,corporate,probable,SP_78db488576863f0fd5b6
PERSON_ABDELKEFI_FADHEL,CO_TUNISIE_VALEURS,administrateur,corporate,probable,SP_f4c213068d9d029d1608
PERSON_MESTIRI_FETHI,CO_TUNISIE_VALEURS,administrateur,corporate,probable,SP_3612f30f7917f6eb522f
PERSON_ESEBSI_SLAHEDINE_CAID,CO_TUNISIE_VALEURS,administrateur,corporate,probable,SP_0877de20044535f0d05b
PERSON_BENSAAD_HABIB,CO_PERLE,gerant,corporate,certain,SP_f36f2b8926a99339f33d
PERSON_HAMAMI_LAROUSI,CO_GENERALE_PILOTAGE_SUIVI,gerant,corporate,certain,SP_bbbc3189a804bafdb188
PERSON_ABDENADHER_HATEM,CO_TANIT_WEB_ENGINEERING,gerant,corporate,certain,SP_c9c1bf82947929b79788
PERSON_KHALFALAH_MOEZ,CO_EMBALLAGES_SUD_SES,dga,corporate,certain,SP_0611e4d897e398104dbc
PERSON_MHIRI_SAMI,CO_PROMOTION_TOURISTIQUE,pdg,corporate,certain,SP_d39b9d14de64ac8163eb
PERSON_MHIRI_MOURAD,CO_PROMOTION_TOURISTIQUE,dga,corporate,certain,SP_2ae2f6aa7c88097afed3
PERSON_MHIRI_NEJI,CO_PROMOTION_TOURISTIQUE,dga,corporate,certain,SP_9206c0cdc0cc660de0f3
PERSON_YAHIA_RIADH_BENHADJ,CO_COMPTOIR_PAPIER_SANITAIRE_IRIS,gerant,corporate,certain,SP_86189392475208c58614
PERSON_SLAMA_IMEN_BORNAZ,CO_EXCELLENCE_INFORMATIQUE,gerant,corporate,certain,SP_0cd15819c02c5bfc1395
PERSON_ELOUMI_GHAZI,CO_SERVICE_TELEPHONIQUE_SUD_SOSTELSUD,gerant,corporate,certain,SP_626c3f0f3697cde46bba
PERSON_SELAMI_MONCEF,CO_TUNISIE_CABLES,administrateur,corporate,probable,SP_b3cb7aa9ac01ac63afb1
PERSON_SELAMI_RAOUDHA,CO_TUNISIE_CABLES,administrateur,corporate,probable,SP_adf69956185fa69c1547
PERSON_KOTI_SAMIR,CO_TUNISIE_SERVICES,gerant,corporate,certain,SP_b3e25192e5a7a1cd5fe3
PERSON_MRAD_SLAH,CO_AMIR_CONFECTION,gerant,corporate,certain,SP_520ddd995482142f3d63
PERSON_MABROUK_MOHAMED_BENMAGTOUF,CO_SERVICES_L_ENERGIE,gerant,corporate,certain,SP_3b745a1aca5523e96053
PERSON_MEHREZ_CHAMSEDINE,CO_JUDY_POUR_TRANSPORT_SERVICES,gerant,corporate,certain,SP_c6e9af640d1dc552d0a0
PERSON_MEHREZ_IDRIS,CO_JUDY_POUR_TRANSPORT_SERVICES,cogerant,corporate,certain,SP_68faaf075a0f7f02f38a
PERSON_KILANI_ANIS,CO_KYRANIS_DISTRIBUTION,cogerant,corporate,certain,SP_50f7785fea95ab280967
PERSON_TRABELSI_MOHAMED,CO_MEDITERANENNE_COMMERCE_INTERNATIONALE,gerant,corporate,certain,SP_bea4974156712d71d670
PERSON_LOUKIL_BASEM,CO_LOUKIL_MANAGEMENT_CONSEIL,pdg,corporate,probable,SP_81a72072712e6d43b9e7
PERSON_DERBEL_FAYCEL,CO_LOUKIL_MANAGEMENT_CONSEIL,commissaire_aux_comptes,corporate,probable,SP_b07fbaed02fd488130e4
PERSON_BOUJBEL_INES,CO_DEYMA,gerant,corporate,certain,SP_6e0692c460e2b6796dcf
PERSON_GHRAIEB_FETHI,CO_GHRAIEB_DEXPLOITATION_DISTRIBUTION_SOGEDIS,gerant,corporate,certain,SP_e69f7da03ce75b3ee9be
PERSON_SELAMI_WAHID,CO_DEVELOPPEMENT_BARAKA_SODEBA,gerant,corporate,certain,SP_b569dc526a3bd9748574
PERSON_PANFILO_MASIMO_DI,CO_CENTRE_BRODERIE_ITALIA,gerant,corporate,certain,SP_fabf7de36043026a204f
PERSON_PIERSANTE_DANIELE,CO_CENTRE_BRODERIE_ITALIA,cogerant,corporate,certain,SP_66ca2f5912164b8631fc
PERSON_IDRIS_KRAIEM,CO_MAKATEB_EL_HORCHANI,gerant,corporate,probable,SP_a0bc3cf4bc03f96680fe
PERSON_BOURICHA_HASEN,CO_ETS_MAHMOUD_BOURICHA,pdg,corporate,certain,SP_ac774493caa149a862b4
PERSON_BENROMDHANE_SAMIRA,ORGMENTION_Société Desert Evasion Events» - SARL,administrateur,corporate,probable,SP_3ea9d40d3b75d75501fc
PERSON_MEKI_AMRI,CO_CENTRE_GERMANO_ARABE_TUNISIE,gerant,corporate,certain,SP_3207632a599bcf8bd0f4
PERSON_SASI_HATEM,CO_CIVITAS,gerant,corporate,certain,SP_b39f7ee9389a569bb706
PERSON_TRIKI_MOHAMED,CO_INTERNATIONAL_CONSULTING_PROSPECTION,gerant,corporate,certain,SP_97b6b9014fdf7eeb64b6
PERSON_HAMAMI_FADHEL,CO_HUMAN_RESOURCES_CONSULTING,gerant,corporate,certain,SP_a2576ade1feaac2c0677
PERSON_BARGAOUI_MOHAMED_SALAH,CO_EL_MEZRIA_PROMOTION_IMMOBILIERE_SEPIM,gerant,corporate,certain,SP_eaa3240add72708bc3c4
PERSON_HAMAMI_MOHAMED,CO_ARABE_TRAVAUX_SERVICES,gerant,corporate,certain,SP_1ba97cff68627cbcc8d8
PERSON_KHECHINE_ABDELHAMID,CO_MAGHREBINE_DORFEVRERIE_MAGHORF,administrateur,corporate,certain,SP_65961a0acacc4ed65689
PERSON_ZOUARI_SARAH_KHECHINE,CO_MAGHREBINE_DORFEVRERIE_MAGHORF,administrateur,corporate,certain,SP_d9ff8451ee7923aebee7
PERSON_KHECHINE_MOURAD,CO_MAGHREBINE_DORFEVRERIE_MAGHORF,administrateur,corporate,certain,SP_c98dd92f890ff3c365c1
PERSON_ISMAIL_SONIA_KHECHINE,CO_MAGHREBINE_DORFEVRERIE_MAGHORF,administrateur,corporate,certain,SP_83b1b9836bfc923c0c95
PERSON_KHECHINE_KHEDIJA_CHAKROUN,CO_ELECTRICITE_SERVICES,gerant,corporate,certain,SP_ab3f3397922958bc3a7a
PERSON_KOCHBATI_FAHED,CO_ITALIA_DIESEL,gerant,corporate,certain,SP_304474afba92d961b28d
PERSON_SLAMA_AMIN,CO_DIMANET,gerant,corporate,certain,SP_5558ddb2786bf6afc5c0
PERSON_BENHALIMA_MONCEF,CO_MEGA_PUB,gerant,corporate,certain,SP_e7cd2ec3b1e8aba55052
PERSON_ZANINA_RACHED_BENMOHAMED,CO_PRO_WEAR,gerant,corporate,certain,SP_f8e8407fdfe0a90a6f59
PERSON_DRIS_JALEL,CO_PICARD_TUNISIE,gerant,corporate,certain,SP_7272df2908401ed80b23
PERSON_HAMAMI_WISAL,CO_WISSAL_DENARO,gerant,corporate,certain,SP_3822d533610ca96fa3f0
PERSON_KNANI_SAHBI,ORGMENTION_Décidé de coopter Monsieur Sahbi Knani en tant qu'administra,administrateur,corporate,certain,SP_fe84cb5fa88a7611dfe8
PERSON_KNANI_SAHBI,ORGMENTION_Décidé de coopter Monsieur Sahbi Knani en tant qu'administra,pdg,corporate,certain,SP_9464038ca5cb294f5989
PERSON_ZOUHEIR_ABDELAZIZ,CO_SANCELLA,administrateur,corporate,probable,SP_553f720b38b168c870cd
PERSON_BENKHELIL_LATIFA,CO_SANCELLA,president_ca,corporate,certain,SP_26ea6d9070730c98a4ab
PERSON_ZOUHEIR_ABDELAZIZ,CO_SANCELLA,dg,corporate,certain,SP_94a28972ce12f57b8651
PERSON_LAJILI_MAHER,CO_MAGHREBINE_PRODUITS_CERAMIQUES_SMPC,gerant,corporate,certain,SP_93c49853bcfd4f3a1df2
PERSON_KAMOUN_HABIB,CO_PLASTICUM_TUNISIE,gerant,corporate,certain,SP_56694eea3e287db871dc
PERSON_BONTAZ_PHILIPE,CO_SYSTELEM,gerant,corporate,certain,SP_ec2efb8d05d333162542
PERSON_SLAMA_TURKIA,CO_LAMBDA_DECO,gerant,corporate,certain,SP_f7b17e9b549340b8b199
PERSON_TRIKI_SAMI,CO_ZITOUNA_MEDICAL,gerant,corporate,certain,SP_c06b1e199efdcfb2cd34
PERSON_DRIS_MOHAMED_SADOK,CO_ARAB_TUNISIAN_LEASE,conseiller,corporate,certain,SP_c69ba4d673d3bd335fd1
PERSON_MHIRI_SAMI,CO_TOURISTIQUE_MOURADI_TOZEUR,pdg,corporate,certain,SP_0e7afde7e08e3a96dcdf
PERSON_MHIRI_MOURAD,CO_TOURISTIQUE_MOURADI_TOZEUR,dga,corporate,certain,SP_56fa16290205a1c1dbe5
PERSON_HAMROUNI_ABDELKADER,ORGMENTION_TRANSFORMATION DE SARL EN STE ANONYME,administrateur,corporate,certain,SP_33acf446dcd4061c88d3
PERSON_FOURATI_MOHAMED,ORGMENTION_TRANSFORMATION DE SARL EN STE ANONYME,administrateur,corporate,certain,SP_bea2ee581099169eca7e
PERSON_HAMROUNI_ABDELATIF,ORGMENTION_TRANSFORMATION DE SARL EN STE ANONYME,administrateur,corporate,certain,SP_afc800a56f8ad0d3fb84
PERSON_HAMROUNI_KHEIREDINE,ORGMENTION_TRANSFORMATION DE SARL EN STE ANONYME,administrateur,corporate,certain,SP_31ae1a86cb8f1c9d10a1
PERSON_ZAYATI_JALEL,CO_ORTHOFOAM,gerant,corporate,certain,SP_3575b9aa7dbcfc3c2d55
PERSON_VIALARD_ERIC_JACQUE_IMBERTY,CO_INTERNATIONALE_DINGENIERIE_S2I,gerant,corporate,certain,SP_2e7d5801ee9ded77adad
PERSON_MABROUK_MONCEF,CO_COMPTOIR_DEQUIPEMENTS_MEUBLES_BATIMENTS_CEQUIMEB,gerant,corporate,certain,SP_7474ed8543c815e7719f
PERSON_YOUNES_MOHAMED,CO_SOTUMEX,dg,corporate,certain,SP_d2a4c422a566bbcc10f1
PERSON_BAYAHI_YAHIA,CO_COMPAGNIE_DEMBALLAGE_TRANSFORMATION_DALUMINIUM_MDJEZ_EL_BAB,unspecified,corporate,probable,SP_194e5ebabefa3acb9b51
PERSON_BAYAHI_YAHIA,CO_COMPAGNIE_DEMBALLAGE_TRANSFORMATION_DALUMINIUM_MDJEZ_EL_BAB,pdg,corporate,certain,SP_272c6edde3c84fabffe1
PERSON_TRIKI_IMED,CO_MEDICAL_WEAR,administrateur,corporate,certain,SP_18d16b5a45c2cf2b7955
PERSON_TRIKI_SAMIA,CO_MEDICAL_WEAR,administrateur,corporate,certain,SP_f0f4d5d687c8b7008714
PERSON_TRIKI_IMED,CO_MEDICAL_WEAR,pdg,corporate,certain,SP_9fd7ae93376b80ea7fcf
PERSON_KAMOUN_HANEN,CO_CARTHAGE_AUDIO,gerant,corporate,certain,SP_3999cb4bc41a2d818a7e
PERSON_CICALA_GIUSEPE,CO_CONVOGLIA_ITALIA_CONSULTING,gerant,corporate,certain,SP_832fcba37129711272fe
PERSON_JEAIEM_HAMIDA,CO_JOCONFEX_PLUS,gerant,corporate,certain,SP_d3e2d70961d1b2ba347b
PERSON_SASI_MONTASAR,CO_FAFOU_RENT_A_CAR,gerant,corporate,certain,SP_33e71fdc51e212524de1
PERSON_SELAMI_KAMEL_EDINE_BENAHMED,CO_BOULANGERIE_SLAIMI,gerant,corporate,certain,SP_682d647421a9ce31565c
PERSON_JAIDANE_RIADH,CO_LOOKA_E_BUSINESS,representant,corporate,certain,SP_1bf09568f1fbee550a13
PERSON_BEREHOUMA_AYMEN,CO_LOOKA_E_BUSINESS,representant,corporate,certain,SP_7b8d194a50a8e7ccbfde
PERSON_RADHOUANI_MOHAMED_SASI,CO_GROUPE_FORMATION_TECHNOLOGIQUE,fondateur,corporate,certain,SP_4a45e4ebe44d4122f7e7
PERSON_RADHOUANI_MOHAMED_SASI,CO_GROUPE_FORMATION_TECHNOLOGIQUE,dg,corporate,certain,SP_6062a7ec89cca73cb5e6
PERSON_SELAMI_KHALED,CO_TUNIBRIDGE,gerant,corporate,certain,SP_7e056b21741fdbfd1def
PERSON_PARZIALE_FABIO,CO_ATELIER_ITALIA,gerant,corporate,certain,SP_01b24c950d5a08d88233
PERSON_PARZIALE_MARIO,CO_ATELIER_ITALIA,cogerant,corporate,certain,SP_7cb6756819f5edba1f71
PERSON_KALEL_ABDELWAHEB,CO_ASSAD_INTERNATIONAL,administrateur,corporate,certain,SP_1bf9c6a7e443140875af
PERSON_AREM_JAMEL,CO_AREM_GROUP,pdg,corporate,probable,SP_cb3acf8dbff3b3554f23
PERSON_MOALA_TAHA,CO_CONFORT_LINE,cogerant,corporate,certain,SP_d0a1fbe93c7dcd056e2c
PERSON_DERAZEY_BERTRAND,CO_MEDITERRANEENNE_TELESERVICES,dga,corporate,certain,SP_6639105f0779e6133fbd
PERSON_MZABI_MONCEF,CO_IMMOBILIERE_BOUALI,gerant,corporate,certain,SP_af83b8866a90d9978ad5
PERSON_TOUMI_MOHAMED_ALI,CO_BISHOP_TECHNOLOGY,gerant,corporate,certain,SP_a893eb8d11596bdf6b0c
PERSON_BENABDALAH_ILYES,CO_AGENCE_FRANCO_TUNISIENNE_DARCHITECTURE_AFTA,gerant,corporate,certain,SP_a8e8a7adefb6cee50d0f
PERSON_BRAHEM_HABIB,CO_BRODERIE_SRIGRAPHIE_PERFORMANCE_BSP_PLUS,gerant,corporate,certain,SP_7e81afc0ccc760405573
PERSON_BOUHLEL_WISEM,CO_SUPER_SHOES,gerant,corporate,certain,SP_a74b6aca3e5edca2cff1
PERSON_KILANI_LAMJED,CO_IMEX_MAHMOUD_GHANNAY,gerant,corporate,certain,SP_d3a67cd7a88936aff671
PERSON_GHORBEL_RAJA,CO_YR_DESIGN,gerant,corporate,certain,SP_880548f43563e1498916
PERSON_SELAMI_HENI,CO_DELEGACION_Y_SERVICIOS_PAPA_CONGRESOS_Y_CONVENCIONES_TUNISIA,gerant,corporate,certain,SP_b3138c35ef78ac109d42
PERSON_ZOUITEN_HEDI,CO_DEXPANSION_LITERIE_MATELASSERIE_SELIMAT,administrateur,corporate,certain,SP_3f3847d0c79a6c62999a
PERSON_HAMAMI_MOHAMED_ALI,CO_TASSNIM_SERVICES,gerant,corporate,certain,SP_6e337ebbae9ef518bef1
PERSON_TRABELSI_MOHAMED_ALI,CO_ITALIAN_FASHION,gerant,corporate,certain,SP_dc035092ca34f365d24d
PERSON_GRENCI_CARLO,CO_ESPRESSO_ITALIANO,gerant,corporate,certain,SP_a4cc9b3e48c62490736d
PERSON_SASI_WISEM,CO_NAJNAH,gerant,corporate,certain,SP_c0965b9a8d114e0c83b6
PERSON_HAMROUNI_WAEL,CO_HAMROUNI_TOUT_TRAVAUX,gerant,corporate,certain,SP_d3ea70f8e22e9a01a2d8
PERSON_BENHASINE_YAHIA,CO_CHOKRI_YAHIA_CONFECTION_PLUS_CYC,gerant,corporate,certain,SP_da2662cdcfa6c6d20eb1
PERSON_ABDELMOULA_MONCEF,CO_CLUB,pdg,corporate,certain,SP_1ebcd1bf1bc7665c1b1a
PERSON_ELBEHI_IMED,CO_PROMOCUISINE,cogerant,corporate,certain,SP_7df93984d2dc12affc22
PERSON_AREM_AHMED,CO_ELWIFAK_MAROQUINERIE,gerant,corporate,certain,SP_2d08551420c106ad07d0
PERSON_HEMAYED_HAFEDH,CO_EXCEL_FISH,unspecified,corporate,certain,SP_e9e8d7f6bac587223a8d
PERSON_HEMAYED_EMIRA,CO_EXCEL_FISH,unspecified,corporate,certain,SP_1674bfe84a6e2013beb9
PERSON_HEMAYED_HAMED_AMINE,CO_EXCEL_FISH,unspecified,corporate,certain,SP_884fb4561909e2ea07c4
PERSON_HEMAYED_HAFEDH,CO_EXCEL_FISH,pdg,corporate,certain,SP_a9d0eb1dfc258ad80f8a
PERSON_BENALI_KAIS,CO_ADAM_EXPORT,gerant,corporate,certain,SP_8775de49ea21801440f1
PERSON_ELKSIR_RIDHA,CO_MEUBLE_ITALIEN,gerant,corporate,certain,SP_a5c2355ce96ed4ec771e
PERSON_SASI_ARAFAT,CO_SERVICOM_IT,dg,corporate,certain,SP_b0074e8f44b28a4eb7f1
PERSON_POLVERARI_MARCO,CO_EUROMED_ENGERGY_CONSULTING,gerant,corporate,certain,SP_0dcbd210d2b223611b33
PERSON_KHECHINE_SAMIR,CO_MOTO_LOISIRS_CUIR,gerant,corporate,certain,SP_7a8dace98900b5398104
PERSON_SELAMI_KHALED,CO_L_IMMOBILIERE_COMPTOIR,gerant,corporate,certain,SP_0427ca71bdf744d2decd
PERSON_SELAMI_MOHSEN,CO_L_IMMOBILIERE_COMPTOIR,cogerant,corporate,certain,SP_a9ab5ffd52a28dcb0327
PERSON_MASMOUDI_MOHAMED_RAOUF,CO_DOREMAIL_STORE,gerant,corporate,certain,SP_58b12f17a41966e30604
PERSON_MASMOUDI_MONIA,CO_DOREMAIL_STORE,gerant,corporate,certain,SP_875e8b4483167b64ea08
PERSON_SELAMI_JAOUIDA,CO_INTERBOIS,pdg,corporate,certain,SP_9bd2b57aaf96752373fe
PERSON_SELAMI_SONIA,CO_INTERBOIS,dga,corporate,certain,SP_84f841e658833afb3123
PERSON_SELAMI_MOHSEN,CO_INTERBOIS,association_president,corporate,probable,SP_65f6c72429333a102734
PERSON_MABROUK_SALEM,CO_TUNISIENNE_PRODUCTION_DEXPLOITATION_AGRICOLE_ZITOUNA_II,dga,corporate,certain,SP_35f22bffaa90827d5e09
PERSON_CHERIF_MOHAMED_ZINE_ELABIDINE,CO_AMC_ERNST_YOUNG,commissaire_aux_comptes,corporate,probable,SP_cc2d207442e53109eda5
PERSON_PARZIALE_MARIO,CO_LINK,cogerant,corporate,certain,SP_4c00b2ff24703d5321a5
PERSON_HAMROUNI_FAOUZI,CO_GAPE_DUE_MEDITERRANEE,gerant,corporate,probable,SP_ea5ed91276decd1ab50c
PERSON_SLAMA_CHIHEBEDINE,CO_HORIZON_MANAGEMENT_SERVICES,administrateur,corporate,certain,SP_f7cfa96468ed1cee248c
PERSON_SLAMA_GHASEN,CO_HORIZON_MANAGEMENT_SERVICES,administrateur,corporate,certain,SP_e5c7a825b8941ffdca27
PERSON_SLAMA_BRAHIM,CO_HORIZON_MANAGEMENT_SERVICES,administrateur,corporate,certain,SP_c3993ccb3ce7e3d77f58
PERSON_SLAMA_CHIHEBEDINE,CO_HORIZON_MANAGEMENT_SERVICES,president_ca,corporate,certain,SP_e5a4271c6e295f0c4efc
PERSON_SLAMA_GHASEN,CO_HORIZON_MANAGEMENT_SERVICES,dg,corporate,certain,SP_f5ed087fb1bf1343c70c
PERSON_DRIS_TAHER,CO_BOULANGERIE_AZIZ,cogerant,corporate,certain,SP_65ae7e972867bcec1245
PERSON_BOUGUERA_RAFIK,ORGMENTION_Comptoir Maghrébin de Commerce et de Négoce,gerant,corporate,certain,SP_12de95900e9fbd23d45d
PERSON_YOUNES_MOHAMED,CO_SOTUMEX,president_ca,corporate,certain,SP_e54c08df357b78bf135c
PERSON_MOKHTAR_FETHI,CO_MINIERE_TUNISIE_SMT,pdg,corporate,certain,SP_f68e1ea5554b6635892e
PERSON_MABROUK_MOHAMED_MARWEN,CO_ICAR_DISTRIBUTION,administrateur,corporate,certain,SP_e390cbf19ad10f44f884
PERSON_AYADI_KAMEL,CO_GARDIAN_SERVICES_INTERNATIONAL,gerant,corporate,certain,SP_7c6229ebf04a5f8b75f1
PERSON_MARCO_SANTARELI,CO_R_INDUSTRIE,gerant,corporate,certain,SP_1148ff5381bd48de71e2
PERSON_TRIKI_RIDHA,CO_EL_AMEN,gerant,corporate,certain,SP_8b86277cf41d3da4f396
PERSON_DOGHRI_HASINE,CO_CARTE_VIE,pdg,corporate,certain,SP_a8263cbe9f88e268ec15
PERSON_CHAABANE_GAABAL,CO_ESPRIT_TEXTILE,gerant,corporate,certain,SP_b3864db5b78cd41d09b8
PERSON_SLAMA_GHASEN,CO_GIAS_INGREDIENTS,gerant,corporate,certain,SP_063e3c9840617e0158c3
PERSON_SLAMA_GHASEN,CO_GIAS_INDUSTRIES,gerant,corporate,certain,SP_36a83ec80209e5dbaad5
PERSON_CHAABANE_BECHIR,CO_CHAUSSURES_JAWDA,gerant,corporate,certain,SP_7a3bca4d38a3842fd0d6
PERSON_ELOUMI_MOUHIB,CO_ELLOUMI_EXPORT_INTERNATIONAL,gerant,corporate,certain,SP_2876d9ffa0857105810c
PERSON_SASI_FARHAT,CO_MARSA_TRADING,gerant,corporate,certain,SP_f52924cdd6cceca4d65a
PERSON_BAICHE_MONGI,CO_AFRIKA_MAGLIERIA_CONFEZIONE,gerant,corporate,certain,SP_0675c420af9be136e003
PERSON_DRIS_SAMI,CO_SODRICO_TUNISIE,gerant,corporate,certain,SP_51c6c886afe1f56f3f4f
PERSON_BENASR_SLIM,CO_COMPAGNIE_EURAFRICAINE_REALISATIONS_INDUSTRIELLES,administrateur,corporate,probable,SP_805e413ccf4806ec95ca
PERSON_LAHMAR_ABDELAZIZ,CO_BRIQUETERIE_LAHMAR_COMPAGNIE,pdg,corporate,certain,SP_341b403be4e3b8d38a13
PERSON_HEMAYED_HAFEDH,CO_ROYAL_DRINKS,pdg,corporate,certain,SP_30234555f7b4174fe5e7
PERSON_HFAIEDH_ISAM,CO_LART_BETON_GAFSA,gerant,corporate,certain,SP_c41c115590fcd0a5571b
PERSON_TRIKI_CHERIF,CO_TRIKI_ARTS_GRAPHIQUES,gerant,corporate,certain,SP_dcce843d73f61c78162c
PERSON_MARTIN_JEROME,CO_ART_MARTIN_CONFECTION,gerant,corporate,certain,SP_635cf64480ebd9be81ed
PERSON_JACQUES_JEAN_LOUIS,CO_AIR_LIQUIDE_SPECNA,gerant,corporate,certain,SP_b153bc87f4d54035b19f
PERSON_MABROUK_AHMED,CO_GLOBAL_PARTNERS,gerant,corporate,certain,SP_3235a4eb089d0ae719d3
PERSON_ZANAD_MOKHTAR,CO_TPI,gerant,corporate,certain,SP_19aab6531dd051250a90
PERSON_BELGUECEM_NABIL,CO_COULEURS_OLIVE,gerant,corporate,certain,SP_b83f871439bbd937f1f0
PERSON_LUIGI_DELACROCE,CO_STILE_ITALIANO_INTERNATIONAL,gerant,corporate,certain,SP_8c4a5d6c0bab39b62a50
PERSON_CHOUCHENE_FAOUZI,CO_NEWFATEX,gerant,corporate,certain,SP_e07b0b5dc94f4ba4f5d5
PERSON_ZAOUALI_SOUAD,CO_NATIONALE_IMMOBILIERE_TUNISIE_NORD,dg,corporate,certain,SP_ba3791a0b2482232365c
PERSON_LOUKIL_BASEM,CO_AURES_AUTO,administrateur,corporate,probable,SP_f5a85c2386a9682c4af8
PERSON_SELAMI_AHMED,CO_STYLLUX,gerant,corporate,certain,SP_4c629705bc3005f457c1
PERSON_KAMOUN_SAMI,CO_CONSEIL,gerant,corporate,certain,SP_eebed1d167767ff39475
PERSON_KAMOUN_MOHAMED_AIMEN,CO_AMIN_FROID,gerant,corporate,certain,SP_5c0d1fa0c474bf7635cd
PERSON_KHELIFI_BECHIR,CO_MAGHREBEFOURS,gerant,corporate,certain,SP_5977dc462da646826751
PERSON_SASI_MONTASAR_BENLASAAD,CO_MONTA_RENT_A_CAR,gerant,corporate,certain,SP_4299bb8a7cf41e01cdaa
PERSON_ELOUZE_FETHI,CO_ITALO_TUNISIENNE_DACCESSOIRES_DALUMINIUM,gerant,corporate,certain,SP_3942c309930a8169ded0
PERSON_KHELIFI_BECHIR,CO_TAKWA_CUIR,gerant,corporate,certain,SP_eb5027cc4de7821db84d
PERSON_CHAGRA_MAHMOUD,CO_IMPRIMERIE_EL_MANARA,gerant,corporate,certain,SP_dddbbf8c9e127c04a0ef
PERSON_TRABELSI_MOHAMED,CO_KALLEL_RECYCLAGE,gerant,corporate,certain,SP_8fd469e3839d31afc53a
PERSON_JANET_AMEL,CO_CREA_TEX,pdg,corporate,certain,SP_f5f036f2f366713af110
PERSON_KOOLI_ALI,CO_INTERMAK,gerant,corporate,certain,SP_7f5dcee2a20f3474edec
PERSON_HACHICHA_SAMI,ORGMENTION_Société Led Industries Nouvelles du Plastique,dg,corporate,probable,SP_f84af03f7e323793dc96
PERSON_BENAYED_ABDELWAHEB,CO_AGROMED,pdg,corporate,certain,SP_c06a5a2ede34d5401b12
PERSON_AMAR_KARIM,CO_GIPA,dg,corporate,certain,SP_d2b4b0b0c6def96c7ad3
PERSON_CHIKHAOUI_MOHAMED,CO_CEDRIA,dg,corporate,certain,SP_71a7ca9ef2aeb21f4d88
PERSON_GUERMAZI_YASINE,CO_IDEAL_RECYCLAGE,gerant,corporate,certain,SP_1256ac5bdcf5e2dde6ad
PERSON_BAHRI_MOHAMED,CO_GAMMARTH_LOISIRS,gerant,corporate,certain,SP_990638ae05be76dae820
PERSON_MAHMOUDI_HOUDA,CO_EASY_COM_DISTRIBUTION,gerant,corporate,certain,SP_2dd744e46384a16c085a
PERSON_BENKHEDER_MUSTAPHA,CO_MEDI_SCIENCE,administrateur,corporate,certain,SP_d4f10afcd97dd5b85992
PERSON_BENKHEDER_DANIELE,CO_MEDI_SCIENCE,administrateur,corporate,certain,SP_36804ebe8761b22a0a87
PERSON_BENKHEDER_SONIA,CO_MEDI_SCIENCE,administrateur,corporate,certain,SP_a187bff7c364d13f8cb1
PERSON_SLAMA_JALILA,CO_LABEL_PRINTING,pdg,corporate,certain,SP_e0223a76e1dd494e78a5
PERSON_HOUSEIN_FETHI_BENMOHAMED,CO_LABEL_PRINTING,dga,corporate,certain,SP_6f0953bff81e7986a736
PERSON_KAMOUN_CHEDIA,CO_YES_BOUTIQUES,gerant,corporate,certain,SP_990d312a16b5ee85a321
PERSON_BOUZGUENDA_AHMED,CO_SOPRIN,administrateur,corporate,certain,SP_91e32f0abbe96f043574
PERSON_BOUZGUENDA_ABDELAZIZ,CO_SOPRIN,dga,corporate,certain,SP_a45a378c61ef52537591
PERSON_HAMAMI_KAIS,CO_AFRICAINE_DEVELOPPEMENT_ECHANGES_COMMERCIAUX,pdg,corporate,certain,SP_cfe084fce1731d8796be
PERSON_KARAOUD_SABER,CO_AMIS,gerant,corporate,certain,SP_4ddc54f3d9f33abf16c4
PERSON_ELOUMI_WALID,CO_TECHNOPOLE_SERVICES,gerant,corporate,certain,SP_1128e28bafd47fd725f5
PERSON_BOURICHA_RADHIA,CO_AFRICA_MODE,pdg,corporate,certain,SP_fb925d5b3e3696f980dd
PERSON_AMAR_ABDELMAJID,CO_LAMIPLAST,unspecified,corporate,probable,SP_10d0dcaf7a9f586af969
PERSON_AMAR_ABDELMAJID,CO_LAMIPLAST,pdg,corporate,certain,SP_074ccd9d422bf8e682a3
PERSON_CHAABANE_NOURI,CO_HOTEL_PALACE,unspecified,corporate,certain,SP_9e7ecb1f97e6db0fb148
PERSON_CHAABANE_NOURI,CO_HOTEL_PALACE,pdg,corporate,certain,SP_e8bce88ad80a67f76f58
PERSON_BOUHAFA_ICHRAF_BENSEDRINE,CO_AERO_TUNISIA,administrateur,corporate,certain,SP_b290816c44661882833b
PERSON_DHEMAIED_FAOUZI,CO_AERO_TUNISIA,administrateur,corporate,certain,SP_31019ffc387c4f7b4117
PERSON_ABDENADHER_NAJAH,CO_TITA,gerant,corporate,certain,SP_6386a8b8f50b17bc2a61
PERSON_ESAFI_NAJIB,CO_LART_BUREAU,administrateur,corporate,certain,SP_e87e50ac30e8e1d00a13
PERSON_SELAMI_SEIF,ORG_GROUPEMENT_AGRICOLE,gerant,corporate,probable,SP_1fa726aac62e8f8227fa
PERSON_SELAMI_SEIF,ORG_GROUPEMENT_AGRICOLE,gerant,corporate,probable,SP_1fa726aac62e8f8227fa
PERSON_SELAMI_SEIF,ORG_GROUPEMENT_AGRICOLE,gerant,corporate,probable,SP_1fa726aac62e8f8227fa
PERSON_MARGHLI_ZOUHEIR,CO_FRANCO_TUNISIENNE_LOGISTIQUE_SFTL,commissaire_aux_comptes,corporate,certain,SP_870e103a1a8f9762a947
PERSON_BLONDEL_GREGOIRE,CO_FRANCO_TUNISIENNE_LOGISTIQUE_SFTL,pdg,corporate,certain,SP_bccf7d22e73b51ce2c7d
PERSON_CHAABANE_ADEL,CO_OUTILLAGE_COMPOSITES,gerant,corporate,certain,SP_cb65aa3adec7e4e5f275
PERSON_SAID_SALAH,CO_MODERNE_DISTRIBUTION,gerant,corporate,certain,SP_2010f82b28bead37b471
PERSON_CHABCHOUB_MOHAMED,CO_RESEAUX_TELECOMMUNICATIONS_RETEL,dg,corporate,certain,SP_b0eff4381fe7d06f2455
PERSON_MANAA_ADEL,CO_ELECTROSTAR,administrateur,corporate,certain,SP_38ecd5cb695ead6350f8
PERSON_FOURATI_AHMED,CO_YOSRA_SERVICES_ORGANISATION_GALAS,gerant,corporate,certain,SP_277b86f1b2e404848d85
PERSON_KAMOUN_MOUNIR,CO_HEWLETT_PACKARD_MAGHREB,gerant,corporate,certain,SP_1ade975525cdcb0e2546
PERSON_BENAYED_SLIM,CO_CAP_CARTHAGE,pdg,corporate,certain,SP_65794a9c3546d2350b84
PERSON_GAHBICHE_MOHAMED_SALAH,CO_TECHNOLATEX,association_president,corporate,certain,SP_1f9cf7e291bb7ffd9dd6
PERSON_GAHBICHE_MOHAMED_AYMEN,CO_TECHNOLATEX,dg,corporate,certain,SP_68b6b5801ca3981b69c9
PERSON_TLILI_INES,CO_EQUERRE_MODE,dg,corporate,certain,SP_ddfbcb4b1fadd6257435
PERSON_BATIKH_MONGI,CO_SCARPA_MIA,gerant,corporate,certain,SP_f3a28c4facf9d7f2152a
PERSON_BENZID_MOHAMED,CO_SICAT,gerant,corporate,certain,SP_b05be341c67387ff5b29
PERSON_ELOUMI_MOHAMED,CO_PREGO_COMMERCE,gerant,corporate,certain,SP_db06d8d80792d1db4ffa
PERSON_AREM_LAMIA,CO_WELCOME,administrateur,corporate,probable,SP_4b067080abfbdab95b77
PERSON_AREM_LAMIA,CO_WELCOME,association_president,corporate,probable,SP_062bbae01ae0bd35dd71
PERSON_AREM_JAMEL,CO_WELCOME,dg,corporate,probable,SP_34bcc768b823a72c3184
PERSON_ABDENADHER_LOTFI,CO_SANIMED,president_ca,corporate,certain,SP_3039b9f31b15f45d6ead
PERSON_HAMAMI_FIRAS,CO_AMEN_ALUMINIUM,gerant,corporate,certain,SP_4c241907ae68cc32e5ca
PERSON_SELAMI_ABDELAZIZ,CO_L_IMMOBILIERE_AL_IZ,associe,corporate,probable,SP_3925022f49b9228439fd
PERSON_BAYOUDH_WASIM,CO_CORSET_CONFECTION,gerant,corporate,certain,SP_e1fd967914788663b26e
PERSON_BAYOUDH_WASIM,CO_NEW_CORSET,gerant,corporate,certain,SP_da2ac4d1de1e0d469d0d
PERSON_ZAHAF_SLAHEDINE,CO_GARGOURI_EMBALLAGE,associe,corporate,certain,SP_0e5580be9fade2991bec
PERSON_TRIKI_MOHAMED_AZIZ,CO_NOOR_PRESTIGE,gerant,corporate,certain,SP_ee5ee465a45cf221ac41
PERSON_ABDENADHER_MOHAMED,CO_MYRIAM_PRET_A_PORTER,gerant,corporate,certain,SP_237b9831d84638998daf
PERSON_ZGHAL_HASIB,ORGMENTION_TELESTAR SA,dga,corporate,certain,SP_b08b0852164470a151e6
PERSON_DEBABI_CHEKIB,CO_TUNISIE_PLASTIQUES_SYSTEMES,dg,corporate,probable,SP_1e9271a2c6983aabf660
PERSON_ZAROUK_SLIM,CO_TUNISIE_PLASTIQUES_SYSTEMES,administrateur,corporate,probable,SP_d191e7e0422dc9daef23
PERSON_FERCHIOU_YOUNES,CO_TUNISIE_PLASTIQUES_SYSTEMES,administrateur,corporate,probable,SP_4ef0f575dfb0350d10d8
PERSON_FINDELING_PATRICK,CO_TUNISIE_PLASTIQUES_SYSTEMES,administrateur,corporate,probable,SP_cac5c4e7d6799615e00e
PERSON_MHIRI_SAMI,CO_DJET_SECURITE,gerant,corporate,probable,SP_c30d1808c5887ffd4a68
PERSON_RATLE_ALEXANDRE,CO_THUSSEN_INDUSTRY,gerant,corporate,certain,SP_4057c94c5c92d081857f
PERSON_HAMROUNI_RAFIKE_BENOUREDINE,CO_ANES_RENT_CAR,gerant,corporate,certain,SP_011a88773f7fcabb65a8
PERSON_ELEUCH_SLIM,CO_COFISAC,gerant,corporate,certain,SP_9c6641771d5340159aa7
PERSON_GAMOUDI_ABDELHAMID,CO_DISCOVERY_TEXTILLE,gerant,corporate,certain,SP_0ea5661e9b72202783d3
PERSON_MOSBEH_HABIB,CO_MODERNE_MAROQUINERIE,cogerant,corporate,certain,SP_ebd8f324ca9b82f032c6
PERSON_GHARBI_IMED,CO_MODERNE_MAROQUINERIE,cogerant,corporate,certain,SP_9d7a30905cf6fe7082d4
PERSON_JELASI_TAOUFIK,CO_JUS_FRAIS,gerant,corporate,certain,SP_7299bbdec39e3dc0185e
PERSON_BENABDALAH_SLIM,CO_TANKAGE_MEDITERRANEE_TANKMED,administrateur,corporate,probable,SP_fb49d80d7e68b337bfc5
PERSON_BENABDALAH_SLIM,CO_TANKAGE_MEDITERRANEE_TANKMED,dg,corporate,certain,SP_6e60f905355a42766edd
PERSON_DRIS_MEHREZ,CO_ENNADHAFA_NEGOCE,gerant,corporate,certain,SP_525633171a39a0e6eca3
PERSON_SASI_MOHAMED,CO_TOURISTIQUE_CAP_BON,president_ca,corporate,certain,SP_0025f80c435d253c23a7
PERSON_HAMAMI_TAREK,CO_GENERALE_TRAVAUX_SERVICES,gerant,corporate,certain,SP_8796a18b61b6bcbcf0cc
PERSON_BENGUIZA_ZIED,CO_HEALTH_PRODUCTION_PRODUCTS,gerant,corporate,certain,SP_2db797b413ba775109c4
PERSON_MABROUK_MOHAMED_SOFIEN,CO_MONALIZA,gerant,corporate,certain,SP_ef4b4688f8dd4fd8b3e7
PERSON_HEMAYED_HAFEDH,CO_ROYAL_JUICE,pdg,corporate,certain,SP_658e19f52a55f76b385a
PERSON_BENZID_MOEZ,CO_BIZERTE_CAP_3000,pdg,corporate,certain,SP_65b353a528b6f5d308ab
PERSON_DRIS_AICHA,CO_IRM_CLINIQUE_OLIVIERS,liquidateur,corporate,certain,SP_67e16e6e93fddeea1aba
PERSON_HAMROUNI_CHEDLI,CO_GLOBAL_VISION,gerant,corporate,certain,SP_c9eb951318bddb461f56
PERSON_HAMAMI_MOHAMED_ANIS,CO_INNOVATION_AND_CONSULTING_IN_ENGINEERING,administrateur,corporate,certain,SP_504181898bce75356a65
PERSON_HAMAMI_HABIB,CO_TUNISIAN_GYPSUM_OF_MESTAWA,pdg,corporate,certain,SP_a968a15bea2eb3823f14
PERSON_GRASI_PIERO,CO_TUNISIAN_ITALIAN_CONFECTION,gerant,corporate,certain,SP_ca56c87425ce1fc56db7
PERSON_HAMAMI_MAHMOUD,CO_NATIONALE_DISTRIBUTION_PETROLES_AGIL,pdg,corporate,certain,SP_460882a623eaf51f825b
PERSON_BENZID_MOEZ,CO_RESIDENCE,president_ca,corporate,certain,SP_7662eb1bc7d323996ec6
PERSON_DEMRI_JEAN_JACQUES,CO_RESIDENCE,administrateur,corporate,certain,SP_95bb540a92e084229e40
PERSON_GHARBI_IMED,CO_MUTUELLE_BASE_SERVICES_AGRICOLES_SIDI_BEN_AROUS,dg,corporate,certain,SP_da1cf02828ed2ebca816
PERSON_ELOUMI_MOHAMED_ALI,CO_ACCESS_TO_E_BUSINESS,dg,corporate,certain,SP_30c980f7ca086a777aaf
PERSON_SELAMI_LEILA,CO_MSL_DIFFUSION,dg,corporate,certain,SP_cd25e875f5b79fcdae07
PERSON_BAYAHI_TAHER,CO_CFI_SICAR,unspecified,corporate,probable,SP_2326d10a15a8430a55be
PERSON_BAYAHI_YAHIA,CO_CFI_SICAR,pdg,corporate,certain,SP_00c12fe8d8a50a2bac99
PERSON_LOUKIL_MOHAMED,CO_INTER_EQUIPEMENT,administrateur,corporate,probable,SP_2046a214647b46f2a4d8
PERSON_LOUKIL_WALID,CO_INTER_EQUIPEMENT,administrateur,corporate,probable,SP_324053fb3cd24e6c97af
PERSON_ZGHIDI_ADNENE,CO_GOLD_FISH,commissaire_aux_comptes,corporate,certain,SP_f097e36c63c3d29855d6
PERSON_BONTAZ_PHILIPE,CO_LEMAN_TUNISIE,president_ca,corporate,certain,SP_ce09f48b2eec0e330778
PERSON_GIGUET_MONIQUE_LOUISE,CO_COMPAGNIE_FRANCO_TUNISIENNE_DINFORMATIQUE_CFTI,gerant,corporate,certain,SP_983c5244524b0cf1792f
PERSON_BENSEDRINE_MOHAMED,CO_TUNISIAN_HOTELS_TOURISM_SERVICE_JERBA_SUN_CLUB,president_ca,corporate,certain,SP_305ad22c916fb05e32dc
PERSON_BENSEDRINE_KARIM,CO_TUNISIAN_HOTELS_TOURISM_SERVICE_JERBA_SUN_CLUB,dg,corporate,certain,SP_af4f044417d4eaaa6b6d
PERSON_HAMAMI_JALEL,CO_COLOMBE_PLUS,cogerant,corporate,certain,SP_ee9164ebddff6926a4f8
PERSON_KAMOUN_BILEL,CO_OGEC_TRAINING_CENTRE,gerant,corporate,certain,SP_0dbd0e26d2e224681bae
PERSON_FRIKHA_MOHAMED,CO_HORCHANI_TRANSFORMATION_PLASTIQUE,administrateur,corporate,certain,SP_608624c8bb5b4d22cfcd
PERSON_ELOUZE_HASIB,CO_HORCHANI_TRANSFORMATION_PLASTIQUE,administrateur,corporate,certain,SP_06a2e00b4c8f2d2851a4
PERSON_FRIKHA_MOHAMED,CO_HORCHANI_TRANSFORMATION_PLASTIQUE,president_ca,corporate,certain,SP_496245634738e26012a1
PERSON_ZGHAL_LOTFI,CO_HORCHANI_TRANSFORMATION_PLASTIQUE,administrateur,corporate,certain,SP_314576cca37658a47f48
PERSON_HAMAMI_ADEL,CO_ENGINEERING_DESIGN_ANAL_YSIS_SOLUTIONS,gerant,corporate,certain,SP_2ee2652503ee92d098aa
PERSON_MABROUK_ISAM,CO_ISM,gerant,corporate,certain,SP_fc0eda3a8a8ab23e5230
PERSON_BENSLAMA_KARIM,CO_FRANCO_TUNISIENNE_SERVICE_PRODUCTION_AGRICOLE,gerant,corporate,certain,SP_61956e43b7b27a15282a
PERSON_PINTHEIRO_JOSE_OSVAL,CO_FRANCO_TUNISIENNE_SERVICE_PRODUCTION_AGRICOLE,cogerant,corporate,certain,SP_91f15d5f75df01580539
PERSON_TORIANI_JONATHAN_STENT,CO_NEWREST_SERVICES_TUNISIE,administrateur,corporate,certain,SP_8f03a7a10ae5c8e44f7a
PERSON_ELOUZE_HASIB,CO_HORCHANI_TRANSFORMATION_PLASTIQUE,dg,corporate,certain,SP_2660c42461f086e02971
PERSON_TRIKI_AHMED,CO_GESTION_IMMOBILLERE_MOULIN_SGI_MOULIN,gerant,corporate,certain,SP_b1f6b34ee3e98e05404d
PERSON_BENSAAD_MOHAMED_HABIB,CO_PLACEMENTS_TUNISIE_SICAF,administrateur,corporate,probable,SP_e4557e19a0ef4f08097c
PERSON_ABDALAH_ALIA,CO_PLACEMENTS_TUNISIE_SICAF,administrateur,corporate,probable,SP_d80009cf3ab5f1b44f44
PERSON_BENSAAD_MOHAMED_HABIB,CO_PLACEMENTS_TUNISIE_SICAF,president_ca,corporate,certain,SP_4f16d1d7e934a6726fd4
PERSON_BENJEMAA_KACEM,CO_KACEM_PATISSERIE_CONFISERIE_KAPCO,gerant,corporate,probable,SP_3d617cbe81a122866e09
PERSON_BERICH_JAMIL,CO_ORIENT_BRODERIE,gerant,corporate,certain,SP_e7a1bf260fee72911e6c
PERSON_BERICHE_HICHEM,CO_ORIENT_BRODERIE,cogerant,corporate,certain,SP_61ab3faef3333419de55
PERSON_BOUCHLAGHEM_FAYCEL,CO_TUNISIAN_PLASTIC_GROUP,administrateur,corporate,certain,SP_e9e804253d08ae48abbc
PERSON_BENAMOR_INES_SLAMA,CO_TUNISIAN_PLASTIC_GROUP,pdg,corporate,certain,SP_438d42cbfb3e2e2a16bd
PERSON_RATLE_ALEXANDRE,CO_ORION_CORPORATE_ADVISORY,gerant,corporate,certain,SP_0a8446bdff6ba570f3c5
PERSON_AREF_ABDENADHER,CO_SUPER_PALETTES_EN_BOIS,gerant,corporate,certain,SP_efd110e622961fa37bd4
PERSON_ZOUARI_MOURAD,CO_CONFECTION,gerant,corporate,certain,SP_4d46e0c46e62367b2961
PERSON_BOUDHAOUIA_KHEMAIES,CO_SAFAA_MEDITERANEE,gerant,corporate,certain,SP_1cc8668a9184996170d8
PERSON_GHERIANI_MOHAMED_TAOUFIK,CO_INVESTISSEMENTS_DEVELOPPEMENT_MECANIQUE,pdg,corporate,certain,SP_87cf005aa4293bf6785b
PERSON_KHALIL_MOHAMED,CO_GAMBERO_ROSSO,gerant,corporate,certain,SP_3f528d03947d0ac41559
PERSON_KOOLI_MOHAMED,CO_UNIVERSAL_TRADING,pdg,corporate,probable,SP_6eb8e5cce55c9d349e1f
PERSON_JAAFOURA_FETHEDINE,CO_CONSULTING,gerant,corporate,probable,SP_7d53c1a8174cdcfbcf94
PERSON_KARAOUD_SABER,CO_TUNISIAN_INTERNATIONAL_TEXTILE_INDUSTRIE,gerant,corporate,certain,SP_a0f93b5d0b6689e238b7
PERSON_SAYES_NAJEH,CO_TUNISIAN_INTERNATIONAL_TEXTILE_INDUSTRIE,gerant,corporate,certain,SP_187716d03ea94365e588
PERSON_ZOUARI_ALI,CO_OPEN_TECHNOLOGIE,gerant,corporate,certain,SP_39f96a345d96849ec2ce
PERSON_HAMROUNI_INSAF_BENOTHMANE,CO_INSAF_ARCHITECTURE_URBANISME_CONSULTING,gerant,corporate,certain,SP_8e3d3291e9988d6a1262
PERSON_DALY_KAIS,CO_GROUPE_CHIMIQUE_TUNISIEN,pdg,corporate,certain,SP_b0135862e9f313007ffc
PERSON_BENYAHIA_ZOHRA,CO_FRENCH_LOLA,cogerant,corporate,certain,SP_f6016bd36602461d803c
PERSON_ZBIDI_IMEN,CO_FRENCH_LOLA,cogerant,corporate,certain,SP_4a3f3e4e73cec6e17102
PERSON_BOYER_KHADIJA,CO_FRENCH_LOLA,cogerant,corporate,certain,SP_f702a994ac9f9cc487e0
PERSON_NASRI_TAHER,CO_SODEK_SICAR,pdg,corporate,certain,SP_15c39f468bc88d579f61
PERSON_CHAIEB_ZOUBEIR,CO_GLOBAL_TELECOM_NETWORKING,administrateur,corporate,certain,SP_16cc59736a59951256ae
PERSON_ZOUARI_HAFEDH,CO_VIRGIN_OLIVE_GROVE_TUNISIA_VOG_TUNISIA,pdg,corporate,certain,SP_bc460ee30367f112fbba
PERSON_DRIS_ANIS,CO_VET,gerant,corporate,certain,SP_b697dbe89e858707285f
PERSON_BOUAJILA_KILANI,CO_ASMA_TRAVAUX,gerant,corporate,certain,SP_d111696ed10620c86e09
PERSON_BOUHAMED_HAMADI,CO_ACEM_INDUSTRY,gerant,corporate,certain,SP_c8e4d7f3619cf54839d9
PERSON_ZAYANI_FAYCAL,CO_SILMA_DALIMENT_POUR_BETAILS_SOSAB_SILMA,gerant,corporate,certain,SP_9441724c49b28c90384b
PERSON_RAJAH_MOHAMED_CHAABANE,CO_AFIFA,cogerant,corporate,certain,SP_63946d32cd0e6abef728
PERSON_SLAMA_AHMED,CO_COGEMHY,member,corporate,certain,SP_9df2d3310c80c0fdebf8
PERSON_BELAID_MONCEF,CO_TUNISIENNE_PRODUITS_ALUMINEUX_STPA,gerant,corporate,probable,SP_ee918f636e16fd64c98f
PERSON_CHAABANE_WALID,CO_KOBRA_SHOES,gerant,corporate,certain,SP_06dd8a6a854ac8e8b02d
PERSON_SASI_MONCEF,CO_SOTRA_COM,cogerant,corporate,certain,SP_4db0d74e32bc0d862ff8
PERSON_CHARAD_MOEZ,CO_IDEAL_CONFECTION,gerant,corporate,certain,SP_5a0e8aec2aecc1de16f5
PERSON_SASI_BOUBAKER,CO_BEST_INTERIM_SERVICE,gerant,corporate,certain,SP_8c7b7799ec54c173a254
PERSON_CHAABANE_RAJAH_MOHAMED,CO_ARABCOM,gerant,corporate,certain,SP_37cb028f532a370ae0dd
PERSON_KARMANI_RAOUF,CO_THY_DATA_TUNISIE,gerant,corporate,certain,SP_2343e76a0fdc108767b9
PERSON_BOUHAFA_ICHRAF_BENSEDRINE,CO_TUNISIE_EVIERS_CUCCINA,administrateur,corporate,certain,SP_2430b8c37eb55d653dbd
PERSON_ZANGAR_KAIS,CO_INFORMATIQUE_TELEMATIQUE,administrateur,corporate,certain,SP_f21494dc8709ce14f687
PERSON_ZANGAR_KAIS,CO_INFORMATIQUE_TELEMATIQUE,pdg,corporate,certain,SP_d1d4605b4fd9eafe78b7
PERSON_TRIKI_ABDELKADER,CO_MON_TRICOT,gerant,corporate,certain,SP_f8a1b912039ba16d89ff
PERSON_MEJDOUB_BECHIR,CO_CAP_3000_IMMOBILIERE,cogerant,corporate,probable,SP_1e612f372a3cc27c2e92
PERSON_BENZID_MOEZ,CO_CAP_3000_IMMOBILIERE,cogerant,corporate,probable,SP_e7322701602fca16b161
PERSON_MABROUK_MOHAMED,CO_SOTUMAB,gerant,corporate,probable,SP_916fdc63c02b7d18db3b
PERSON_AYADI_KAMEL,CO_LOTUS_GLOBAL_TRADING,gerant,corporate,certain,SP_6b2e8c0de8521d44bcde
PERSON_MAHJOUB_AMEUR,CO_NEW_TUNIRAMA,gerant,corporate,certain,SP_e391dc3549c5ec3cc33b
PERSON_HAMAMI_ABDERAZEK,CO_GENERAL_ENGINEERING_SERVICES,gerant,corporate,certain,SP_2aebcc78effe8c130057
PERSON_GHENIJIWA_ANOUAR_MOHAMED_IBRAHIM,CO_LIBYENNE_ALLEMANDE_RESTAURATION_LOISIRS,gerant,corporate,certain,SP_e99cf9cc7d73f19ed505
PERSON_BENCHAABANE_NAAMA_ELOUMI,CO_MT_ELLOUMI,administrateur,corporate,probable,SP_6fa4587f0bebfcff600d
PERSON_CHEKIR_RAOUF,CO_DIVA_SICAR,president_ca,corporate,probable,SP_57edbc492818a7c80ed4
PERSON_CHEKIR_RAOUF,CO_DIVA_SICAR,president_ca,corporate,certain,SP_bb09b3da5a8faf924620
PERSON_KOOLI_ALI,CO_K_A_M_G_IMMOBILIERE,dga,corporate,certain,SP_ecca59cc7deb654969d7
PERSON_MZABI_MOHAMED,CO_PROVIDENTIAL_HOME_IMMO,gerant,corporate,certain,SP_321c5773d95947c84b83
PERSON_MASMOUDI_MOHAMED,CO_M,gerant,corporate,certain,SP_f1a3a2fb1b6b8ca45d3d
PERSON_BRAHIM_YASINE,CO_SUNGARD_GLOBAL_SERVICES_TUNISIA_III,gerant,corporate,probable,SP_c128e4a8890de745338c
PERSON_SLAMA_RIADH,CO_ELECTRO_SLAMA,cogerant,corporate,probable,SP_fec0da1f3a2f97471165
PERSON_SASI_AHMED_SAMIR,CO_AUTOTEC,gerant,corporate,certain,SP_ef4edb75a6b44033a8fd
PERSON_OUESLATI_NOURHENE_KARIMA_KAMOUN,CO_UNIVERSEL_PIECES_RECHANGES,gerant,corporate,certain,SP_462920012e3a01a3df3e
PERSON_CHAABANE_MONCEF_BENTAIEB,CO_EQUIPEMENTS_NOUVEAUX,gerant,corporate,certain,SP_0ec81c49ece4a565466d
PERSON_ZAAG_FRAJ,CO_AL_BARAKA_BANK_TUNISIA,dga,corporate,certain,SP_fbf34d28589ecb343095
PERSON_BELAID_TAIEB,CO_SIMEF_ELECTRIC,gerant,corporate,probable,SP_c61eb51660f0cc1f3be5
PERSON_SELAMI_TAREK,CO_SOMAC,gerant,corporate,certain,SP_e3627a109d8cb144fc33
PERSON_BOULANGUE_ALEXANDRA,CO_DECO_FRANCE,gerant,corporate,certain,SP_9f74431fe45316c0f145
PERSON_SOUISI_OLFA_BENMAHMOUD,CO_AYA_SHOES,gerant,corporate,certain,SP_967ef1d92c495746393e
PERSON_BENSALEM_KORAICH,CO_CONCEPT_STORE,gerant,corporate,certain,SP_60b4dc41b2774deb4c53
PERSON_ZOUARI_ABDELKARIM,CO_GELATRIE_STELLA,gerant,corporate,certain,SP_bfdb80862bdb7e38ee8b
PERSON_SLAMA_AHMED,CO_FLEURES_TUNISIENNES_PRODUITS_COSMOTIQUE,gerant,corporate,certain,SP_3f823527b6930b694583
PERSON_CHAABANE_NAJD_BENFAHMI,CO_IMMOBILIERE_3N,cogerant,corporate,certain,SP_ea3a2920ab9938617533
PERSON_CHAABANE_NAJD_BENFAHMI,CO_CHAABANE_FILS,cogerant,corporate,certain,SP_d08b3650cfaa7e9366e8
PERSON_NATRIS_THEODORUS_BERNADUS_GERARDUS_DE,CO_SHELL_TUNISIA_METOUIA_GMBH,representant,corporate,probable,SP_2d1519d151f67449d43f
PERSON_LORTEN_BARBARA,CO_SLIM_CAP,gerant,corporate,certain,SP_aa85fdad0840acca8d63
PERSON_SASI_ABDELATIF,CO_GENERALE_CONSTRUCTION_METALLIQUE,gerant,corporate,certain,SP_20b04e5839f30aa84e82
PERSON_HORCHANI_MIDANI,CO_MIDANI_HORCHANI_DATTES,gerant,corporate,certain,SP_26902cc72b3257a2630d
PERSON_CHAABANE_CHAWKI,CO_URGENCE_PRIVEE_MATEUR,gerant,corporate,certain,SP_108a20a88cea1f6cdc0d
PERSON_TRIKI_SALWA,CO_T_G_T_ENVIRONNEMENT,cogerant,corporate,probable,SP_c697d0c1599826b7e3b5
PERSON_ZOUARI_GHANEM,CO_ESPACE_MEUBLE,gerant,corporate,certain,SP_f1387442cdf9b49beb72
PERSON_DIAN_DANIELE,CO_CONSEIL,gerant,corporate,certain,SP_76d81217540512e8f53c
PERSON_ELOUMI_MOHAMED_YASINE,CO_TUNISIE_AVENTURES,gerant,corporate,certain,SP_899fc252d06c4838c5bb
PERSON_ESEGHAIER_ABDELKADER,CO_L_IMMOBILIERE_AL_KADIRIA,administrateur,corporate,probable,SP_a963d5ed3e80705e7fc4
PERSON_DJILANI_HEDI,CO_L_IMMOBILIERE_AL_KADIRIA,administrateur,corporate,probable,SP_a88b8037d6ff37e4d323
PERSON_LARBI_SONIA_BENFRAJ,CO_MODERN_LEASING,dg,corporate,certain,SP_655b3a6fc8ae24519d3f
PERSON_ABID_ABDELATIF,CO_HISPANIA_FLORIMPORT,unspecified,corporate,certain,SP_d7eb6a2184893765f2f2
PERSON_LORAYEDH_ATIA,CO_GESTION_COMPLEXE_INDUSTRIEL,fondateur,corporate,certain,SP_b802e9d87f5735fab4e8
PERSON_LORAYEDH_ATIA,CO_GESTION_COMPLEXE_INDUSTRIEL,dg,corporate,certain,SP_e4d3750d3e545e55c987
PERSON_HAMAMI_MOUNIR,CO_JETEE_IMMOBILIERE,gerant,corporate,certain,SP_b7ccd67f659d6bcde56d
PERSON_HAMAMI_AYMEN,CO_ANB_INFORMATIQUE,gerant,corporate,certain,SP_82d431e6e1987aab2c57
PERSON_HAMAMI_HAMDI,CO_HAMMAMI_TRAVAUX_GAZ_SHTG,gerant,corporate,certain,SP_3118f29daa0e10d7bbb5
PERSON_DERBEL_FAYCEL,CO_LOLITA,unspecified,corporate,probable,SP_4a1f9450add720a4ca89
PERSON_HORCHANI_RACHED,CO_ODYSSEE_TRADING,gerant,corporate,certain,SP_95531d95880633489264
PERSON_HAMROUNI_ATEF,CO_STAR_INDUSTRIE_PUBLICITAIRE,gerant,corporate,certain,SP_aef7233a3ad92bf72f8e
PERSON_HAMROUNI_MOHAMED,CO_AYMEN_SERVICES_DANS_BATIMENT_SSB,gerant,corporate,certain,SP_ff9bfb0eae313cdb302d
PERSON_HAMAMI_ADEL,CO_NEW_HORIZON_CONSULTING,gerant,corporate,certain,SP_efe58ff4d607218ab8fe
PERSON_BOUJBEL_MOHSEN,CO_NOUVELLE_BRASSERIE,administrateur,corporate,probable,SP_037181b8921f1e5a5ed1
PERSON_BOUJBEL_MOHSEN,CO_KZ_DISTRIBUTION,administrateur,corporate,probable,SP_6eaca7237481e16c0a90
PERSON_BOUSAADA_KARIM,CO_SELITEX,gerant,corporate,probable,SP_ac8817431606ce6dc8fa
PERSON_MILIANI_MOEZ,CO_ARMA_MAGHREB,administrateur,corporate,certain,SP_a16f86774ae8dc3d7cbf
PERSON_MALEKH_NOOMEN,CO_ARMA_MAGHREB,administrateur,corporate,certain,SP_5a17ccbe13c0c20f372b
PERSON_MILIANI_MOEZ,CO_ARMA_MAGHREB,pdg,corporate,certain,SP_b2909d7bf9cd94595461
PERSON_MALEKH_NOOMEN,CO_ARMA_MAGHREB,dga,corporate,certain,SP_cf23021fe836f9f7e31a
PERSON_MABROUK_MOUNIR,CO_LIDEALE_DISTRIBUTION_SID,gerant,corporate,certain,SP_0b6967241ba27b63dd37
PERSON_ABDENADHER_HAJEUR_DAMAK,CO_BELGACALL,gerant,corporate,certain,SP_eadf0b7727352f82443b
PERSON_SASI_MOEZ,CO_SERT_ELC,gerant,corporate,certain,SP_6341d8ff65af7ebfa704
PERSON_NASRAOUI_SLIM,CO_AURASOL,pdg,corporate,certain,SP_054e7008eb893765a73d
PERSON_TRIKI_KHALED,CO_KTRANSIT_POUR_LIMPORT_LEXPORT_KTIEX,gerant,corporate,certain,SP_a67d003d0a53e08ee9ca
PERSON_TRIFA_MOHAMED,CO_CLUB,dga,corporate,certain,SP_4e338f5065366bfa9afe
PERSON_BENSAAD_MOHAMED_HABIB,CO_PROMOTION_FINANCEMENT_TOURISTIQUE_CARTHAGO,pdg,corporate,certain,SP_1515e495d2c1ef7efdcf
PERSON_TRIFA_MOHAMED,CO_PROMOTION_FINANCEMENT_TOURISTIQUE_CARTHAGO,dga,corporate,certain,SP_9eca9db50591b67bc9cc
PERSON_DALY_KAIS,CO_COMPAGNIE_PHOSPHATES_GAFSA,pdg,corporate,certain,SP_ac5b34ee5580801a11e1
PERSON_KAMOUN_TAHER,CO_INTER_HOTEL_HOTEL_COLOMBES,unspecified,corporate,probable,SP_c75eb140c450417364a9
PERSON_SASI_ABDESALEM,CO_SOGECO,gerant,corporate,probable,SP_931e546f5d2abe6c71b7
PERSON_ABID_MONDHER,CO_MARBRERIE_ZINA_PLUS,gerant,corporate,certain,SP_befcde17c339131369c9
PERSON_CHERIF_SABRI,CO_KERKOUANE,gerant,corporate,probable,SP_5ce6f291cb17c7bfe607
PERSON_TELISI_KAIS,CO_MEDITERRANEAN_HEALTH_CARE,gerant,corporate,certain,SP_835c336938124e0a0cc8
PERSON_BOUKHRIS_ZIED,CO_MAERSK_TUNISIE,pdg,corporate,certain,SP_166b2c32081a6c9fe55f
PERSON_LOUKIL_BASEM,CO_MEDITERRANEAN_INDUSTRIAL_GROUP,administrateur,corporate,probable,SP_90496f7638c2d65ede13
PERSON_DRIS_MHAMED,CO_LAQUACULTURE_TUNISIENNE,administrateur_delegue,corporate,certain,SP_dff1f188c24c8e214386
PERSON_SCHELHAAS_RAINER,CO_NEHLSEN_CONTRACTING_TREDI,unspecified,corporate,certain,SP_66b3728e9dc7d97476a8
PERSON_HAMAMI_ABDELMAJID,CO_DINGENIERIE_DASSISTANCE_TECHNIQUE_SIATEC,gerant,corporate,certain,SP_43a07329b1ec8f4ed689
PERSON_HAMAMI_MEHDI,CO_HAMMAMI_SERVICES,gerant,corporate,certain,SP_162b0ac346056f5e0e6f
PERSON_BENSAAD_MOHAMED_HABIB,CO_BATIMENT,gerant,corporate,certain,SP_ed20c4930f31570869ed
PERSON_SLAMA_LATIFA,CO_EDEN_TUNISIE,gerant,corporate,certain,SP_f96e09d67d5079e4f086
PERSON_KAMOUN_ISMAIL,CO_FILTRES_LIS,gerant,corporate,certain,SP_aabe9a2ec8fc274eabdf
PERSON_REBAI_NADHIR,CO_GENERALE_RECOUVREMENT_CREANCES,dg,corporate,probable,SP_d72acba913ce8b11a1ae
PERSON_MAMI_MONGI,CO_DINJECTION_BOUCHONS,gerant,corporate,probable,SP_9bfbb198be6790d76ce3
PERSON_ABDELMOULA_MONCEF,ORGMENTION_MAILLE-INVEST,pdg,corporate,certain,SP_f7bb38a7ff404d846ec6
PERSON_AMAR_MOHAMED,CO_AZIZA,gerant,corporate,certain,SP_0da028efb70c638b116b
PERSON_CHERIF_MOHAMED,CO_CONSULTING,gerant,corporate,certain,SP_62b6ffd508891799de85
PERSON_MABROUK_KHALED_BENALI,CO_TRAVAUX_MODERNES,gerant,corporate,certain,SP_fbcb49e52d181f1c1069
PERSON_CHAABANE_SLIM,CO_UNIVERS_COM,gerant,corporate,certain,SP_4579ff8b676fc2fbe609
PERSON_GUIRAT_MONCEF,ORGMENTION_Détermination des pouvoirs,dga,corporate,certain,SP_5fef151d3dad10cfdb62
PERSON_SFAR_HABIB_MONTASER,CO_ARAB_INTERNATIONAL_LEASE,president_ca,corporate,certain,SP_a17cafbb60f10a57ae88
PERSON_KAMOUN_HEDI,CO_EL_HOUDA_CLINIQUE_AVICENNE,gerant,corporate,probable,SP_d59c62dc45eda626e918
PERSON_KAMOUN_SAMI,CO_EL_HOUDA_CLINIQUE_AVICENNE,gerant,corporate,probable,SP_7db5329e20b9948d0144
PERSON_KAMOUN_SAMI,CO_EL_HOUDA_CLINIQUE_AVICENNE,gerant,corporate,probable,SP_7db5329e20b9948d0144
PERSON_CAMPANELA_GIOVANI,CO_BONASSISA_GENERAL_SERVICES,dg,corporate,certain,SP_ebac031358ce80b427d2
PERSON_NASR_KARIM,CO_HELP_BY_TEL,pdg,corporate,certain,SP_bd6ddc562489aeaa2e66
PERSON_MAHJOUB_MOHAMED,CO_LAMEZZANINE,gerant,corporate,certain,SP_88b7c9a71dc984769e64
PERSON_SASI_MOHAMED_ALI,CO_ALLIANCE_NEGOCES,gerant,corporate,certain,SP_2558c5cafe49c4b26a41
PERSON_ELMAY_ABDERAOUF,CO_GLOBAL_BUSINESS,gerant,corporate,certain,SP_efb67d1ab65914763d02
PERSON_HAMROUNI_FAYCEL,CO_ELITE_BUSINESS_CONSULTING,gerant,corporate,certain,SP_8b8c3e9d0031c1fc5863
PERSON_BRAHEM_SABRINE,CO_YASSINE_PLAST,gerant,corporate,certain,SP_9407622f5192a486e699
PERSON_TRAPOLINI_PAOLO,CO_ITALIAN_CONSULTING_MAGHREB,gerant,corporate,certain,SP_d5354ae193195882bad7
PERSON_KAMOUN_HEDIA,CO_STBC,gerant,corporate,certain,SP_469f0042f6cf10873257
PERSON_GAALOUL_BECHIR,CO_ADHE_ELS_INTERNATIONAL,gerant,corporate,certain,SP_0530ce75f9df34ee7598
PERSON_HAMAMI_AMEL,CO_BIO_AIR,gerant,corporate,certain,SP_cfb35dcce8899d0400db
PERSON_YAICH_FAKHER,CO_MEDCOM,dga,corporate,certain,SP_18aa337d222420e104d2
PERSON_KAFEL_MOHAMED_RACHID_RAFIK,CO_SOTRIMEX,gerant,corporate,certain,SP_6870906dee81fe5cedca
PERSON_YAICH_FAKHER,CO_MEDCOM,cogerant,corporate,certain,SP_4286cf6af3f542d1e1fe
PERSON_KILANI_SLIM,CO_TURKI_PROMOTION_IMMOBILIERE,gerant,corporate,certain,SP_8862c43f16ed8fa25a40
PERSON_TRIKI_JINEN,CO_CONSORTIUM_JINEN_MAISON_CADEAUX,gerant,corporate,certain,SP_74dbf6c0a6dd2651e402
PERSON_HAMROUNI_MOHAMED_HOUCINE,CO_PILOTE,gerant,corporate,certain,SP_af6a26718247802f7335
PERSON_DARGHOUTH_FATMA,CO_AR_FILTER,administrateur,corporate,certain,SP_90255ed7f6e20251c621
PERSON_DARGHOUTH_CHADIIA,CO_AR_FILTER,administrateur,corporate,certain,SP_0463894b2698abc05210
PERSON_KOUBAA_DALILA_BADER,CO_MODERN_LEASING,president_ca,corporate,certain,SP_02cd5061d597a191ad2e
PERSON_BENHAMIDA_MONCEF,ORGMENTION_Société De Fabrication Textiles,gerant,corporate,probable,SP_04452651893368e9ccb5
PERSON_BENHAMIDA_MONCEF,ORGMENTION_Société Megrinoise de Lingerie,gerant,corporate,probable,SP_aa9fe0b7507e1dcff291
PERSON_BENHAMIDA_MONCEF,ORGMENTION_Société De Fabrication Accessoires,gerant,corporate,probable,SP_87527d3cdb2cd759a498
PERSON_BENHAMIDA_MONCEF,ORGMENTION_Tunisie Tricotage et Finition,gerant,corporate,probable,SP_2572f2372eabc887e485
PERSON_BENHAMIDA_MONCEF,CO_FOURNITURES_INTERNATIONALES,gerant,corporate,probable,SP_181225b654af9c2b5aba
PERSON_MARQUIER_MARTINE,CO_FOURNITURES_INTERNATIONALES,gerant,corporate,probable,SP_85732491c7e0e284668c
PERSON_MARQUIER_MARTINE,CO_EUROPEENNE_TEXTILE,gerant,corporate,probable,SP_a7ef008159358fb7dedd
PERSON_BENHAMIDA_MONCEF,ORGMENTION_Société Tunisienne De Textile,gerant,corporate,probable,SP_a491bfed2cdcb2716ab0
PERSON_BENHAMIDA_MONCEF,CO_TUNISIENNE_LINGERIE,gerant,corporate,probable,SP_0b763593dabf8804b6ea
PERSON_MARQUIER_MARTINE,CO_TUNISIENNE_LINGERIE,gerant,corporate,probable,SP_9640cf6b2963f4c50876
PERSON_RIAHI_MOHAMED_AYMEN,CO_CREATIVITA_DESIGN,gerant,corporate,certain,SP_f2844feb017767683926
PERSON_MASMOUDI_MOHAMED_RACHOINE,CO_BATIMENTS_MODERNES,gerant,corporate,certain,SP_50ab09f56bc4bda50925
PERSON_AMAT_JUAN_MOLINS,CO_TUNISO_ANDALOUSE_CIMENT_BLANC,administrateur,corporate,certain,SP_ae44aa65e1fba50fb56a
PERSON_HAMROUNI_MUSTAPHA,CO_TUNISO_ANDALOUSE_CIMENT_BLANC,administrateur,corporate,certain,SP_721f723dae9845bb44cc
PERSON_CAMPO_MIGUEL_DEL,CO_TUNISO_ANDALOUSE_CIMENT_BLANC,administrateur,corporate,certain,SP_e2dddf78ca2aeab04f74
PERSON_HAMROUNI_MUSTAPHA,CO_SOTACIB_KAIROUAN,administrateur,corporate,certain,SP_87d03d684622d0d796ec
PERSON_CAMPO_MIGUEL_DEL,CO_SOTACIB_KAIROUAN,administrateur,corporate,certain,SP_be6df8177dabaea67b53
PERSON_BENROMDHANE_DALILA,CO_MEDIVET,dga,corporate,certain,SP_41b07cb81591db56870f
PERSON_SASI_SAKR,CO_MONJIA_CONFECTION,gerant,corporate,certain,SP_6f3c752de7bcf205f236
PERSON_CHARFEDINE_RIDHA,CO_UNITE_PRESTATION_RESTAURATION_UNIREST,gerant,corporate,certain,SP_db4ceaca7355af93785a
PERSON_BOUCHAMAOUI_MAHER,CO_DINA,administrateur,corporate,probable,SP_02466e17b3cd8cef9b47
PERSON_TRIKI_KARIM,CO_AWMC_TUNISIA,gerant,corporate,probable,SP_c9d5522e465c77f50ef6
PERSON_BETAIEB_IMEN,CO_AL_METAL,unspecified,corporate,certain,SP_7136d50832af595f3f3b
PERSON_ELAROUI_ISMAIL,CO_TIFFANY_INTERNATIONAL,gerant,corporate,certain,SP_fb80284b320fbe6781dc
PERSON_TOUNSI_MOHAMED,CO_CHRISTINE_CONFECTION_PLUS,gerant,corporate,certain,SP_405f14b32a1b3e47386d
PERSON_KHEFACHA_TAREK,CO_RESTAURANT_PIZZARIA_ITALIANO,gerant,corporate,certain,SP_d8622d1d5db623d940b0
PERSON_TOUMI_ABDELATIF,CO_COMPAGNIE_TUNISIENNE_FORAGE,pdg,corporate,certain,SP_8ea4c3696d105cf68381
PERSON_DOGHRI_HASINE,CO_UTIQUE_GAZ,president_ca,corporate,certain,SP_561f61680921c6d02fee
PERSON_MABROUK_ABDESATAR,CO_YOUSSEF_MOSAIQUE,cogerant,corporate,certain,SP_f23a81a1adc88559e658
PERSON_TRIKI_CHIRAZ,CO_SAVEUR_MAGENTA,gerant,corporate,certain,SP_0995cad5fd96d4b6d50b
PERSON_DRIS_RAMZI,CO_EXTREMCONFIG,gerant,corporate,certain,SP_d3f20bd98fea327aa844
PERSON_ZOUARI_ABDELKARIM,CO_LUVIR,gerant,corporate,certain,SP_fdf0d9f448ac7a558e53
PERSON_FITOURI_HEDI,CO_BANQUE_FRANCO_TUNISIENNE,dg,corporate,certain,SP_8b30ec41c9ca4451ab4f
PERSON_HOUAS_MEHDI,CO_TALAN_TUNISIE,unspecified,corporate,probable,SP_d84fad9f10a3e47fc5c7
PERSON_ABDELKEFI_FADHEL,CO_BOURSE_VALEURS_MOBILIERES_TUNIS,president_ca,corporate,certain,SP_b8ff81eb7375dff2f5db
PERSON_BICHIOU_MOHAMED,CO_BOURSE_VALEURS_MOBILIERES_TUNIS,dg,corporate,certain,SP_380c93720eb393e32072
PERSON_TRIKI_ROCHDI,CO_MAISON_QUINCAILLERIE,gerant,corporate,probable,SP_d72a36e8a4f662cee90f
PERSON_KAMOUN_YOUSRI,CO_COMPTOIR_BOIS,commissaire_aux_comptes,corporate,certain,SP_522e652c4092793349e7
PERSON_TRABELSI_ABDELMONAEM,CO_CONGELATION_TOUS_PRODUITS_PECHE_AGRICOLE_SOCEPA,president_ca,corporate,certain,SP_e056be7a56f9e65f24df
PERSON_TRABELSI_NABIL,CO_CONGELATION_TOUS_PRODUITS_PECHE_AGRICOLE_SOCEPA,dg,corporate,certain,SP_2399f224921e420f308c
PERSON_MHENI_LEILA,CO_CONGELATION_TOUS_PRODUITS_PECHE_AGRICOLE_SOCEPA,dga,corporate,certain,SP_330f7f1525b62115785b
PERSON_SASI_IKBEL,CO_INTERACT,gerant,corporate,certain,SP_f5178c29d19788ff3c3b
PERSON_MOKHTAR_FETHI,CO_ACIERIES_TUNISIE_SIDENOR,unspecified,corporate,certain,SP_eeb2d7743f403cff3cd8
PERSON_MOKHTAR_SADRI,CO_ACIERIES_TUNISIE_SIDENOR,unspecified,corporate,certain,SP_159fd21cca7dc88548ea
PERSON_WALHA_KAMEL,CO_ETS_WALHA_ABDELKARIM_KAMEL_CHOKRI_COQ,gerant,corporate,certain,SP_425ebe85c3ea875e18e4
PERSON_WALHA_CHOKRI,CO_ETS_WALHA_CHOKRI_KAMEL_COQ,gerant,corporate,certain,SP_79ff46088646b24b7b17
PERSON_ABIDA_TAREK,CO_LAVASUD,pdg,corporate,certain,SP_add52b187ceab7de91b8
PERSON_KHALIL_MOHAMED,CO_AMC_DEAL,gerant,corporate,certain,SP_320e879be5e0af48f9c9
PERSON_JERBI_MOHAMED,CO_CONFECTION,gerant,corporate,certain,SP_98098592be638002bf01
PERSON_BENRAYES_TAHER,CO_GAN_DISTRIBUTION,gerant,corporate,certain,SP_8ed6193063ea9c150ee4
PERSON_AYADI_MEHDI,CO_ADECCO_TUNISIE,cogerant,corporate,certain,SP_7a180c89bc134f1bfd0b
PERSON_SOUAR_JOUANA,CO_IMPRIMERIE_FRANCE,gerant,corporate,probable,SP_edb44fe680fcf5d89389
PERSON_BAYOUMI_AHMED,CO_IMPRIMERIE_FRANCE,gerant,corporate,certain,SP_a3540114a6d4e7920652
PERSON_DRIS_MEHREZ,CO_FISH_SPA,gerant,corporate,certain,SP_67b1102200326f4ef140
PERSON_MABROUK_RJEB,CO_SOMACO,gerant,corporate,certain,SP_6f9f22ff318d04a43b1f
PERSON_DJERAD_ABDELMAJID_KILANI,CO_TUNISIAN_ITALIAN_CONFECTION,gerant,corporate,probable,SP_d0d1591eedfc0a1ea875
PERSON_MABROUK_WALID,CO_RUSPINA_AUTO,gerant,corporate,certain,SP_89dd64e4511e6971faed
PERSON_ATALAH_ANOUAR,CO_NOUVELLE_MAISON_VILLE_TUNIS_MONOPRIX,administrateur,corporate,certain,SP_91c8ab39adb6f993f4f1
PERSON_MHIRI_NEJI,CO_DEXPLOITATION_HOTELIERE_EL_MOURADI_SEHM,pdg,corporate,probable,SP_d5e4b96d513627ac56aa
PERSON_MHIRI_MOURAD,CO_DEXPLOITATION_HOTELIERE_EL_MOURADI_SEHM,dga,corporate,certain,SP_192b2ca5a7c7d22453c9
PERSON_MHIRI_SAMI,CO_DEXPLOITATION_HOTELIERE_EL_MOURADI_SEHM,dga,corporate,certain,SP_1ec1bcfdadf2896a4d63
PERSON_ABDENADHER_EZEDINE,CO_ABDENNADHER_MOLKA_EXPORT,gerant,corporate,probable,SP_b4b0ca8d7d205c77976a
PERSON_BOUDEN_MAHMOUD,ORG_ASSOCIATION_CITOYENNE_TUNISIENNE,unspecified,corporate,certain,SP_210aebc8c9a03f1c038d
PERSON_ESAFI_ABDELWAHEB,ORG_ASSOCIATION_CITOYENNE_TUNISIENNE,unspecified,corporate,certain,SP_5c8745c5c3e41bd3ced7
PERSON_BENKHEMIS_MOHAMED_TAOUFIK,ORG_ASSOCIATION_CITOYENNE_TUNISIENNE,unspecified,corporate,certain,SP_5dd8a372707369a56b12
PERSON_BOUDEN_MAHMOUD,ORG_ASSOCIATION_CITOYENNE_TUNISIENNE,president_ca,corporate,certain,SP_b0f84689e75e4ae7810f
PERSON_ESAFI_ABDELWAHEB,ORG_ASSOCIATION_CITOYENNE_TUNISIENNE,dg,corporate,certain,SP_79557be6e2452b5f7ac7
PERSON_JOMAA_ABDERAZEK,CO_MINOTERIES_INDUSTRIES_DIVERSES_SIMID,unspecified,corporate,probable,SP_6d488008a4975881aa07
PERSON_JOMAA_KAIS,CO_MINOTERIES_INDUSTRIES_DIVERSES_SIMID,unspecified,corporate,probable,SP_ce44b5cca2375ef21d33
PERSON_SASI_YOUSEF,CO_FASHION_PRINT,gerant,corporate,probable,SP_5c0e8b58ab9c5c74863f
PERSON_HENTATI_MOHAMED_HAFEDH,CO_MY_CAR_EXPORT,gerant,corporate,certain,SP_19dce8d317715c94cbf2
PERSON_TRIKI_MAHMOUD,CO_MY_CAR_EXPORT,commissaire_aux_comptes,corporate,certain,SP_1f72931ee7ebd401dfec
PERSON_KAMOUN_HAYKEL_BENMOHAMED,CO_CAP_AGRI,gerant,corporate,certain,SP_ab822217aed846be6170
PERSON_MEDEB_MOHAMED_ALI,CO_CENTRALE_LAITIERE_SIDI_BOUZID,pdg,corporate,certain,SP_c8a645c891ec85e96708
PERSON_DHOUIBI_CHOKRI,CO_EL_OUDESSA_SERVICES_PETROLIERS,gerant,corporate,certain,SP_12c55556f4410a91c569
PERSON_CHAABANE_RIADH,CO_TROIS_COUTURES,gerant,corporate,certain,SP_68fabcdd1f8c569325ae
PERSON_ZAYEN_ABDELFATEH,CO_TEXTILE_SOUASSI_COMPAGNY,gerant,corporate,certain,SP_dc58c4a744fe742e2db0
PERSON_TLEMCANI_MOHAMED_ESAIED,CO_MAXULA_SERVICES,gerant,corporate,certain,SP_16c91a1b503f0f1ad0f7
PERSON_SAHNOUN_AHMED,ORGMENTION_Société de Détergents de Tunisie SODET,unspecified,corporate,certain,SP_fcbd448c0ee0d733681e
PERSON_SAHNOUN_AHMED,ORGMENTION_Société de Détergents de Tunisie SODET,pdg,corporate,certain,SP_b73d569754db007b8986
PERSON_ANDOULSI_AIDA,CO_GREEN_LAND_CIE,gerant,corporate,certain,SP_9941af873a5822a519ac
PERSON_TRIKI_MOHAMED,CO_CERCLE_DARCHITECTURE_DECORATION_DENGINEERING_PILOTAGE_CADEP,gerant,corporate,certain,SP_a93566e28702fee227e9
PERSON_ZAAG_FRAJ,CO_AL_BARAKA_BANK_TUNISIA,administrateur,corporate,certain,SP_db6a9964c852f2f65616
PERSON_KAFSI_ABDELHAK,CO_AL_BARAKA_BANK_TUNISIA,member,corporate,certain,SP_f6abe2951ec9cd1c8d3d
PERSON_ZAAG_FRAJ,CO_AL_BARAKA_BANK_TUNISIA,dg,corporate,certain,SP_a7d0102aa3cd4960cc6d
PERSON_SELAMI_MALEK,CO_MEGA_ALUMINIUM,gerant,corporate,probable,SP_725a66eb06e4d1f064a6
PERSON_BENAYED_AKRAM,CO_PHARMA_PLASTI,gerant,corporate,certain,SP_1c43a94c005a36478ea1
PERSON_SLIM_TAHER,CO_SLIM_PRINTING,gerant,corporate,certain,SP_ff8c8bb0bf18a9160432
PERSON_KALEL_ABDELATIF,CO_CIVILE_IMMOBILIERE_YASMINE_SOUKRA,gerant,corporate,certain,SP_450739a806e9d8b331ad
PERSON_MOKHTAR_FETHI,CO_MINIERE_SIDERURGIQUE_TUNISIE_SMST,pdg,corporate,certain,SP_9423d76b8354a74fcab5
PERSON_MOKHTAR_SADRI,CO_MINIERE_SIDERURGIQUE_TUNISIE_SMST,dga,corporate,certain,SP_ed6ad3657ea615a79449
PERSON_MOKHTAR_FETHI,CO_ACIERIES_TUNISIE_SIDENOR,pdg,corporate,certain,SP_246f4fdbf10d8955382c
PERSON_MOKHTAR_SADRI,CO_ACIERIES_TUNISIE_SIDENOR,dga,corporate,certain,SP_8f47896a968fcec5ed17
PERSON_MARQUIER_MARTINE,CO_AKOUDA_LINGERIE,gerant,corporate,probable,SP_a7ed8dbe89ef62b2d398
PERSON_BENHAMIDA_MONCEF,CO_TUNISIE_CONFECTION,gerant,corporate,probable,SP_4df55ec3efef6693c12a
PERSON_MARQUIER_MARTINE,CO_TUNISIE_CONFECTION,gerant,corporate,probable,SP_6945bd0e636fdafe5296
PERSON_ZGHIDI_ADNENE,CO_TOUTALU,commissaire_aux_comptes,corporate,certain,SP_8297970f9040646b8402
PERSON_BENMOSBAH_RIDHA,CO_STEG_INTERNATIONAL_SERVICES,president_ca,corporate,certain,SP_d3382309a10edd9fe996
PERSON_BENMBAREK_ISLEM,CO_DEMAT,dga,corporate,certain,SP_f2a7325cd0c9d5856ce0
PERSON_ELOUMI_YADH,CO_CABINET_YADH_ELLOUMI_ASSOCIES,gerant,corporate,certain,SP_1b2c8f931bd5e69b0c1c
PERSON_AMAMI_MOHAMED_MONGI,ORG_ASSOCIATION_POUR_DEVELOPPEMENT_DEMOCRATIE_LOCALE,association_president,corporate,certain,SP_1359fe1cf82efdef5838
PERSON_SMAALI_MONGI,ORG_ASSOCIATION_POUR_DEVELOPPEMENT_DEMOCRATIE_LOCALE,secretaire_general,corporate,certain,SP_ecf89036a4b8609ae6ef
PERSON_HACHICHA_SKANDER,ORG_ASSOCIATION_POUR_DEVELOPPEMENT_DEMOCRATIE_LOCALE,treasurer,corporate,certain,SP_b57f1c9005511e42fa52
PERSON_SELAMI_KHALIL,CO_FIXIT,gerant,corporate,certain,SP_8ff90e3907b678e7e5af
PERSON_ZOUARI_AROUA,CO_LIWEB_AGENCY,gerant,corporate,certain,SP_44f2b0ea18189a1ae6b8
PERSON_BALOFY_JEAN_CHRISTOPHE_ROBERT,CO_FRANCE_PARTENAIRES_CONSULTING_TUNISIE,gerant,corporate,certain,SP_698354905a74acea903a
PERSON_ZAMIT_IMED,CO_COMPAGNIE_TUNISIENNE_NAVIGATION,administrateur_delegue,corporate,certain,SP_300270b898f9384a5d53
PERSON_ZOUARI_HAFEDH,CO_IMMOBILIERE_CONCORDE,administrateur_delegue,corporate,probable,SP_d3046b474c755e0bbf98
PERSON_KILANI_RACHID,CO_SIRENE,gerant,corporate,certain,SP_a80123b6350331da5550
PERSON_BOUDOKHANE_ANIS,CO_SUPER_BETON,gerant,corporate,certain,SP_066902e3841fbd31c71a
PERSON_CHTOUROU_ALI,CO_CYTOPHARMA,fondateur,corporate,certain,SP_9c9fbe786c78fb768e6b
PERSON_CHTOUROU_ALI,CO_CYTOPHARMA,administrateur,corporate,certain,SP_ce32af548071f1b476da
PERSON_MAKNI_NACIM,CO_CYTOPHARMA,administrateur,corporate,certain,SP_22d0b7482222802bd0c4
PERSON_LAHIANI_ABDERAZEK,CO_CYTOPHARMA,administrateur,corporate,certain,SP_e5198c48e578d1bed0aa
PERSON_CHTOUROU_ALI,CO_CYTOPHARMA,pdg,corporate,certain,SP_51e561789e5795d94fc5
PERSON_HACHICHA_OMAR,CO_DELICES_MAMAN,gerant,corporate,certain,SP_90f7e5b28eee86e0438b
PERSON_ZERELI_MOHSEN,CO_TUNISIA_HOTEL_PROPERTIES,president_ca,corporate,certain,SP_49cd17c92f77c1a7fcdc
PERSON_ZERELI_MOHSEN,CO_TUNISIA_HOTEL_PROPERTIES,dg,corporate,probable,SP_ef274f48a28e472b866e
PERSON_KAMOUN_MOHAMED,CO_AL_MADAIN_COMMERCE_INTERNATIONAL,gerant,corporate,probable,SP_c2049710c02ca68a667e
PERSON_HADAD_MOHAMED,CO_MANUTENTION_SYSTEM,gerant,corporate,certain,SP_342a0242fd33e9dfcc6a
PERSON_ARCOLIN_MASIMO,CO_LABEL_PRINTING,gerant,corporate,probable,SP_d8ad5ae9dfb42f62fb16
PERSON_KHALIL_MOHAMED,CO_INVENT_SERVICES,gerant,corporate,certain,SP_ca999d6ec9c4676113df
PERSON_SELAMI_KHALIL,CO_OLYMP_RECOUVREMENT,gerant,corporate,certain,SP_3f491c63158ae0d55f16
PERSON_SEFA_HICHAM,CO_ATTIJARI_SICAR,administrateur,corporate,certain,SP_7b14feb69332385611b5
PERSON_SEFA_HICHAM,CO_ATTIJARI_SICAR,president_ca,corporate,certain,SP_e39ab7af1bbd87cebfed
PERSON_ARBI_NADER,CO_PATES_WARDA,dga,corporate,certain,SP_f0df22c3c727593cc0b9
PERSON_DRIS_MOEZ,CO_MAKLADA_PRESTRESSED_STEEL,unspecified,corporate,certain,SP_0836e7fe3f353da1f663
PERSON_DRIS_MOEZ,CO_MAKLADA_PRESTRESSED_STEEL,pdg,corporate,certain,SP_0e75af895a33f6132a57
PERSON_KAMOUN_FAOUZI,CO_ESPACE_SERVICES,gerant,corporate,certain,SP_eea24865d4b1f64e34b3
PERSON_KADRI_ABDELKADER,CO_SOTOPEC,gerant,corporate,certain,SP_29177c23b3c9fc47922b
PERSON_BENBELGACEM_SAMIR,CO_UNION_GENIES_INDUSTRIELS,gerant,corporate,certain,SP_4b8ec02ed7effcacb012
PERSON_MHIRI_SAMI,CO_EL_MOURADI_POUR_COMMERCE,cogerant,corporate,probable,SP_f2c324661f081eae7e39
PERSON_MAGROUN_SALMA_MHIRI,CO_EL_MOURADI_POUR_COMMERCE,cogerant,corporate,probable,SP_1663e5746d4807711de0
PERSON_KANOUN_IMED,CO_SEMOBAT_MEUBLES,gerant,corporate,certain,SP_3997f432ee18d46ade7b
PERSON_MABROUK_RIDHA,CO_AMENI_TEX_CONFECTION,liquidateur,corporate,certain,SP_2ba56b57139d71d48ac9
PERSON_BATIKH_WIEM,CO_PRODUCTION_LINGERIE_MAILLOT_BAIN,gerant,corporate,certain,SP_9b84a7a27515438965bf
PERSON_ZOUARI_KHALED,CO_IMPRESSION_CARTON_EMBALLAGE,gerant,corporate,certain,SP_8404fd96df17bdcd3b46
PERSON_TRIKI_CHEDLI,CO_OPTIMAL_BUSINESS_INTERNATIONAL,gerant,corporate,certain,SP_a9b67e5d03aa2e772deb
PERSON_TRIGUI_LASAAD,CO_CONFISERIE_BARAKA_TURQUE,gerant,corporate,certain,SP_fa647438157aa5aafb54
PERSON_GHODBANI_ALI,CO_TOPNET,administrateur,corporate,certain,SP_0ae16a600bc36610184b
PERSON_GHODBANI_ALI,CO_TOPNET,president_ca,corporate,certain,SP_19b7724fc35bdddf1284
PERSON_GHAZAI_ILHEM,CO_BONNA_TUNISIE,administrateur,corporate,probable,SP_465153e0456ccff6d9ab
PERSON_DJEMALI_HOSNI,CO_SICAF_SANGHO,pdg,corporate,certain,SP_10b352df430d40db662f
PERSON_AMAR_FETHI,CO_CAVALIER_VERT,gerant,corporate,certain,SP_c1484854ea2cf64c30dc
PERSON_KHEMIRI_MOHAMED_MEHDI,CO_WIKI_START_UP,president_ca,corporate,certain,SP_546c6d4f6aea81060667
PERSON_KHANFIR_MONDHER,CO_WIKI_START_UP,dg,corporate,certain,SP_1f5ba378c89643a7016b
PERSON_CHAABANE_ALIFA_FAROUK,CO_PROJECTING_BUSINESS_TUNISIE,gerant,corporate,certain,SP_d586336b5051cfd3d43d
PERSON_HAMROUNI_HSAN,CO_EL_KARAMA_POUR_L_INVESTISSEMENT_AGRICOLE,gerant,corporate,certain,SP_118cec4b00acfab107be
PERSON_SASI_WALID,CO_MEUBLE_SUD,gerant,corporate,certain,SP_c398c3055945cbb1215e
PERSON_ENAGZOU_MONIA,CO_FRENCH_PRODUCTION,gerant,corporate,certain,SP_74e32dda24db105d3085
PERSON_DRIRA_MOHAMED,CO_GENERALE,gerant,corporate,certain,SP_516f85af521d6352c541
PERSON_SLAMA_MOHAMED_AMIN,CO_BEST_GROUP,gerant,corporate,certain,SP_ef3c307c0b228afb3e84
PERSON_ZOUARI_TAREK,CO_REMPLAST,unspecified,corporate,certain,SP_ab85feab1785806ab913
PERSON_CHAABANE_FAOUZI,CO_HIGHT_FASHION,gerant,corporate,certain,SP_f2bb44f061df959f1fc6
PERSON_ALDROUGHI_EHAB,CO_RAYYAN_INTERNATIONAL_TRADE,gerant,corporate,certain,SP_0b8acd6de9ec4fb43b71
PERSON_GHALI_RIADH,CO_AFRICA_INDUSTRIE,president_ca,corporate,certain,SP_8e5315920ea08415c277
PERSON_MZABI_ALI,CO_MAISON_CAOUTCHOUC,gerant,corporate,certain,SP_106c6328697d003a469c
PERSON_KILANI_HAMED,CO_KROMBERG_SCHUBERT_CENTRE_TECHNOLOGIQUE,cogerant,corporate,certain,SP_87557f7a0920dc173f33
PERSON_BELHIBA_ABDELAZIZ,CO_NORTH_AFRICA_SERVICES_COMPANY,gerant,corporate,certain,SP_4312b859f17919d17866
PERSON_RIAHI_MOHAMED,CO_HUPPE_CONFECTION,gerant,corporate,certain,SP_8033343f8ada25620d9f
PERSON_BOURICHA_JALEL,CO_TOURISTIQUE,pdg,corporate,certain,SP_39661599424af951af73
PERSON_ZGHIDI_ADNENE,CO_COMMERCIALE_SPORTIVE_SFAXIENNE,commissaire_aux_comptes,corporate,certain,SP_0ba130a5078bb17a9025
PERSON_LTAIEF_FETHI,CO_AGRICOLE_DAHLIA,gerant,corporate,certain,SP_1f36024b1a07d844a575
PERSON_BENSEDRINE_ONS,CO_AMIMA_TRADING,gerant,corporate,certain,SP_3c939e4e2599bd2ca92d
PERSON_BOURICHA_JALEL,CO_HOTELIERE_TOURISTIQUE_HOTEL_IBN_KHALDOUN,pdg,corporate,certain,SP_c585035691d73dff407e
PERSON_HAMAMI_SOFIEN,CO_EL_YASMINE_COMMERCE,gerant,corporate,certain,SP_a15e3aa9fa90a96ae446
PERSON_AYADI_LOTFI,CO_CUSTOMERS_FINANCE_CONSULTING,gerant,corporate,certain,SP_28c4055dd326e71cb771
PERSON_JEOUINI_MOHAMED,CO_FRANCO_TUNISIENNE_POUR_LISOLATION_LECONOMIE_DENERGIE_DANS_BA,gerant,corporate,certain,SP_c074126653542d113b80
PERSON_KILANI_ISMAIL,CO_KILANI,gerant,corporate,certain,SP_b4fc022f85dff0d9208a
PERSON_TRABELSI_NABIL,CO_CONGELATION_TOUS_PRODUITS_PECHE_AGRICOLE_SOCEPA,liquidateur,corporate,certain,SP_4641f0701f0c6ff752ba
PERSON_KHALIL_MOHAMED,CO_BABAL_MEDINA_TRADING,gerant,corporate,certain,SP_2f4c56b49e09c7836f48
PERSON_ZOUARI_MOHAMED_ALI,CO_MOHAMED_ALI_ZOUARI,gerant,corporate,certain,SP_4b0729b86a0ed972312a
PERSON_HAMAMI_SAMI,CO_IMEN_CALL_CENTER,gerant,corporate,certain,SP_7d6bbe3acbcceb9b85c3
PERSON_BOURICHA_MOHAMED_HABIB,CO_TANDEM_GLOBAL_LOGISTICS_TUNISIA,cogerant,corporate,certain,SP_ebe0c7ac98c25cf91c28
PERSON_DAOUD_RAMI,CO_EXTRA_BETON,administrateur,corporate,certain,SP_fba8783beb6173c60d56
PERSON_DAOUD_RAMI,CO_EXTRA_BETON,pdg,corporate,certain,SP_58cdcf98a515ac7ac9a4
PERSON_ZOUARI_NEJIB,CO_INDUSTRIE_TEXTILE_SPORTIF,gerant,corporate,certain,SP_763c8ea9175cdd675f42
PERSON_KILANI_KAIS,CO_ALLIANCE_ETUDES,gerant,corporate,certain,SP_347e7579c8cb135b97ad
PERSON_KAMOUN_IMED,CO_GLOBAL_COMMERCE,gerant,corporate,certain,SP_2a3c5f71f42c38e99010
PERSON_MAMI_MONGI,CO_VALORFLAKES,gerant,corporate,certain,SP_9b9357144f28e4e51459
PERSON_ESAFI_HABIB,CO_NORTH_AFRICA_INTERNATIONAL_BANK,administrateur,corporate,certain,SP_7830fa87c688d378561a
PERSON_FERCHIOU_YOUNES,CO_MEDINVEST_SICAR,pdg,corporate,certain,SP_89e43bba5d9556262e32
PERSON_SASI_MOHAMED_FETHI,ORG_CHAMBRE_COMMERCE_D_INDUSTRIE_TUNISO_POLONAISE,association_president,corporate,certain,SP_953989463e6da45f290d
PERSON_SMIDA_ABDALAH,ORG_CHAMBRE_COMMERCE_D_INDUSTRIE_TUNISO_POLONAISE,vice_president,corporate,certain,SP_c8e983a59a4ad6174aa4
PERSON_MESADI_AMEN_ALAH,ORG_CHAMBRE_COMMERCE_D_INDUSTRIE_TUNISO_POLONAISE,secretaire_general,corporate,certain,SP_a4bce23e18308e7d73d2
PERSON_BENCHEIKH_KHALED,ORG_CHAMBRE_COMMERCE_D_INDUSTRIE_TUNISO_POLONAISE,treasurer,corporate,certain,SP_741bd6f382248b5bd20a
PERSON_BENMOHAMED_MOHAMED,CO_GENERALE,gerant,corporate,certain,SP_27a3a01568db21a5ddb1
PERSON_SAIDI_MOHAMED,CO_CONFORT,gerant,corporate,certain,SP_0b2e02e3d4859ae7bbd2
PERSON_HACHICHA_SAMI,CO_INOPLAST,gerant,corporate,probable,SP_0c30496e6ad3201ddf6a
PERSON_HAMAMI_ZOHRA,CO_ECOLE_FORMATION_EL_AMANA,gerant,corporate,certain,SP_80e56399a0836cc87b8e
PERSON_HAMAMI_MOEZ,CO_MARIEM_LEATHER,gerant,corporate,certain,SP_14292d835915d7e2030d
PERSON_MONTACER_BECHIR,CO_TUNISIE_FONDERIE,president_ca,corporate,certain,SP_1661bc01c09f55ce11ef
PERSON_MONTACER_WALID,CO_TUNISIE_FONDERIE,dg,corporate,certain,SP_dfd246e25ed61552ab26
PERSON_KASMI_KARIM,CO_TUNISIE_FONDERIE,dga,corporate,certain,SP_17119087b58a95bf5372
PERSON_HAMAMI_KAMEL,CO_COUVERTURE_TOUS_GENRE_SIEGE,gerant,corporate,certain,SP_2ce047b48225612ac940
PERSON_HAMROUNI_AFIF,CO_ARROKI,gerant,corporate,certain,SP_2b0f6e46fb259cbaca18
PERSON_HAMROUNI_MOUNIR,CO_NEW_STAR_IMMOBILIERE,cogerant,corporate,probable,SP_a66500f58b35610dfbc5
PERSON_BETAIEB_MOHAMED_SALAH,CO_GRAND_MAGHREB_MEDIAS,pdg,corporate,certain,SP_2d0a16f079d7776e59b5
PERSON_HAMAMI_FERDAOUS_LOULOU,CO_HONEY_MOON,gerant,corporate,certain,SP_e175f6eabeaa907e141a
PERSON_DEGRYSE_MARTIAL,CO_KDP,gerant,corporate,certain,SP_1720c64574edd325f4d9
PERSON_HAMAMI_DHIA_EDINE,CO_SERVICES_PIECES_ENGINS_SSPE,gerant,corporate,certain,SP_eb46f5d8a0c56c73d856
PERSON_ZOUARI_MOEZ,CO_PERFECT_AL_MITHALY,gerant,corporate,certain,SP_cd45860836b1945fb0b9
PERSON_MEDEB_MOHAMED_ALI,CO_STEEL_BULDING_CONCEPT_TUNISIE,administrateur,corporate,probable,SP_a5f81e990959e46e42c2
PERSON_MEDEB_HOUEIDA_NASRA,CO_STEEL_BULDING_CONCEPT_TUNISIE,administrateur,corporate,probable,SP_c298b9742eaffa6b80db
PERSON_KHABOUCHI_NAJIB,ORG_ASSOCIATION_TUNISIENNE_CONTROLEURS_PUBLICS,association_president,corporate,certain,SP_18d30fa2bb06b5baff24
PERSON_SELMANI_SAMIHA,ORG_ASSOCIATION_TUNISIENNE_CONTROLEURS_PUBLICS,vice_president,corporate,certain,SP_799747759d1a01a3a943
PERSON_SELMI_NABIL,ORG_ASSOCIATION_TUNISIENNE_CONTROLEURS_PUBLICS,secretaire_general,corporate,certain,SP_631d0850bea77d36bdb8
PERSON_YAKOUBI_CHARFEDINE,ORG_ASSOCIATION_TUNISIENNE_CONTROLEURS_PUBLICS,treasurer,corporate,certain,SP_4482924a01f85a9a30c9
PERSON_JAMOUSI_IMED,ORGMENTION_Nom de l'association : Diplomés de la South Mediterranean Un,association_president,corporate,certain,SP_e49d459f9ec4f6fa64e3
PERSON_KHAYAT_SONIA,ORGMENTION_Nom de l'association : Diplomés de la South Mediterranean Un,vice_president,corporate,certain,SP_b5fc514291b3259d6b71
PERSON_BOURICHA_ELYES,ORGMENTION_Nom de l'association : Diplomés de la South Mediterranean Un,secretaire_general,corporate,certain,SP_22d3cc4b12f1431463a4
PERSON_MEGDICHE_ABDERAOUF,ORGMENTION_Nom de l'association : Diplomés de la South Mediterranean Un,treasurer,corporate,certain,SP_aa8f94947fce8be1800e
PERSON_MILADI_MAHMOUD,ORGMENTION_Nom de l'association : Diplomés de la South Mediterranean Un,member,corporate,certain,SP_9f66bf2243c6dde5598b
PERSON_RAJHI_ALIA,CO_DARINE_CONFECTION,gerant,corporate,certain,SP_9ad00f2b8da02ae7c1cf
PERSON_MASMOUDI_MOHAMED,CO_INTERNATIONAL_SPARE_PARTS,gerant,corporate,certain,SP_dd84149f4a4e481c8a33
PERSON_WEDERNI_HEDI,CO_TEXMODE,gerant,corporate,certain,SP_0ed58248b4d7b9fa7276
PERSON_CHAABANE_NABIL,CO_DREAM_SERVICES,gerant,corporate,certain,SP_027ab20b7cb487e50528
PERSON_HAMAMI_OUSAMA,CO_HAMMAMI_ELECTRICITY_CONCEPT,gerant,corporate,certain,SP_e777baab5f776411d069
PERSON_OUAHCHI_ABDERAHMANE,CO_THYNA_PETROLEUM_SERVICES,administrateur,corporate,certain,SP_1c7a330ba7b1c9779cdc
PERSON_MESTIRI_YASINE,CO_THYNA_PETROLEUM_SERVICES,president_ca,corporate,certain,SP_21ec33ad28d66f53f073
PERSON_CHAABANE_ABDELAZIZ,CO_IMES,gerant,corporate,certain,SP_47ba49b331eae9a17166
PERSON_CHOUAIEB_AMIN,CO_CHIFCO,gerant,corporate,certain,SP_56eb61fd04f19b434027
PERSON_SASI_HASEN,CO_UNIQUE,gerant,corporate,certain,SP_b39e36edd21fd4a9cce1
PERSON_ZOUARI_KALTHOUM,CO_UNITED_PLASTIC_TRADING,gerant,corporate,certain,SP_d5d4fab3b91c30bb95a9
PERSON_TRIKI_WALID,CO_AUTOMATION_INDUSTRIAL_EQUIPEMENTS_CONSULTING_COMPANY,gerant,corporate,certain,SP_9e4b5511cba8a38c128c
PERSON_BETAIEB_HANEN,CO_PLACOPLAST,associe,corporate,certain,SP_2347035832213d714342
PERSON_HMIMED_ABDELMAJID,CO_NEW_STAR_INTERNATIONAL,gerant,corporate,certain,SP_d90b7b5834e54615db97
PERSON_DEDECH_KAMEL,CO_CODECAP_PLUS_NORTH_AFRICA,gerant,corporate,certain,SP_62805aaf325c855c1085
PERSON_BELHIBA_ABDELAZIZ,CO_BITUME_INVEST,gerant,corporate,certain,SP_952f18ec16dd0a12018a
PERSON_HAMAMI_HOUCINE,CO_MASSICAUIT_CONSTRUCTION_METALLIQUE_SMCM,gerant,corporate,certain,SP_4fe5315df9432b2fc13b
PERSON_DKHILI_NOURI,CO_NOURI_EXPORT,gerant,corporate,certain,SP_0e865b31aa7e26fdb1ab
PERSON_NADAL_LUC,CO_GEFCO_TUNISIE,unspecified,corporate,certain,SP_42ee7730047f00d4aea3
PERSON_NASRI_SLIMENE,CO_INTERBANCAIRE_TELECOMPENSATION,dg,corporate,certain,SP_d3f4e0a2b49a30d336ab
PERSON_LADJMI_FAYCAL,CO_INTERBANCAIRE_TELECOMPENSATION,dga,corporate,certain,SP_ef6419353e36c17027f5
PERSON_KHECHINE_TAHER,CO_FIRST_AVIATION_SERVICES_FAST,gerant,corporate,probable,SP_01972577d21c8cf67409
PERSON_AMIRI_KHALIL,CO_LANGOLO_ROSSO,gerant,corporate,certain,SP_7fd9a8958a088923331e
PERSON_DRIS_MHAMED,CO_AVICOLE_SAHEL,administrateur,corporate,probable,SP_6ea0b96065db10cd0fba
PERSON_DRIS_FAIZA,CO_AVICOLE_SAHEL,administrateur,corporate,probable,SP_f321bb7b807e17224f88
PERSON_DRIS_HICHEM,CO_AVICOLE_SAHEL,administrateur,corporate,certain,SP_8f6efe26a76b9fd5ba07
PERSON_SELAMI_KHALIL,CO_OLYMP_RECOUVREMENT,pdg,corporate,certain,SP_4d990049c74642883a55
PERSON_ESEBSI_KHALIL_CAID,CO_CONSEIL_EXPERTISE_INTERNATIONALE,gerant,corporate,certain,SP_5d01ad797930dd1c4416
PERSON_KILANI_KAIS,CO_AL_MOUTAMAYIZA_COMMERCE,gerant,corporate,certain,SP_a8304babeeb97685f205
PERSON_MAKHLOUFI_ABDERAZEK,ORGMENTION_Société Maintenance et Constructions Métalliques,gerant,corporate,certain,SP_0f5ff57b207603ec25cf
PERSON_HAMAMI_MOHAMED_KARIM,CO_JURISMED,gerant,corporate,certain,SP_cd039dbc7c5bab88fa5f
PERSON_ZAYATI_JALEL,CO_ORTHO_IMMOBILIERE,gerant,corporate,certain,SP_7cbe824533bad1c9ea7a
PERSON_SASI_THAMEUR,CO_ADAM_DISTRIBUTION,gerant,corporate,certain,SP_4e9a6145e8311bdf3701
PERSON_BAYAHI_YAHIA,CO_TUNISIE_PROFILES_ALUMINIUM,pdg,corporate,certain,SP_d925f269e5e172916d41
PERSON_GHACHEM_TAIEB,CO_TUNISIE_PROFILES_ALUMINIUM,dga,corporate,certain,SP_ee969348f8b30680b76d
PERSON_ISMAIL_ALI,CO_TUNISIE_PROFILES_ALUMINIUM,dga,corporate,certain,SP_7aa8d7801b6d9a757ce7
PERSON_SELAMI_AMIN,CO_BAXTER_TUNISIA,gerant,corporate,certain,SP_b54a426b584d159fc2fa
PERSON_DRIS_MALEK_BENRAOUF,CO_AXONET,gerant,corporate,certain,SP_75077e1e4c33094cf528
PERSON_CHAABANE_MOHAMED_LAHBIB,CO_AMADIS,gerant,corporate,certain,SP_3f4126b301aec46adebf
PERSON_HAMAMI_MAHA,CO_EYA_IMPORT_EXPORT,gerant,corporate,certain,SP_4904e0d65bf0fc85e6a2
PERSON_GHENIM_KARIM,CO_GOLF_SOUSSE_MONASTIR,administrateur,corporate,probable,SP_12b7fd8862a388de1067
PERSON_BOUHAJA_SAMI,CO_MODE_PLAISIR_CONFECTION,gerant,corporate,certain,SP_c9a5cd07b26517916f6d
PERSON_ZOUARI_FAROUK,CO_E_PARTNER,gerant,corporate,certain,SP_582985b3488333955d1d
PERSON_KHALIL_MAZEN_SHIKH,CO_TUNISIAN_GERMAN_CENTER,gerant,corporate,certain,SP_41d3cf55f88a836a29ba
PERSON_AREM_MAHMOUD,CO_MILLE_UNE_FLEUR,gerant,corporate,certain,SP_2ff515f6272ef76e40f8
PERSON_HAMAMI_KAMEL,CO_TUNISIENNE_FABRICATION_RENOVATION_CHAISES_ST_RENOVATION,gerant,corporate,certain,SP_469a2d76967a0d388bfe
PERSON_CHAABANE_FAKER,CO_SALES_DEVELOPMENT_SERVICES_INTERNATIONAL,gerant,corporate,certain,SP_da2b0f6940b233c89ecb
PERSON_BENHADJ_AHMED,CO_TUNISO_ALGERIENNE_CHLORE,fondateur,corporate,certain,SP_aeb13eff8d5a188bcd98
PERSON_JAIDANE_RIADH,CO_TUNISO_ALGERIENNE_CHLORE,representant,corporate,certain,SP_84ca25aad493473d79c6
PERSON_BENHADJ_AHMED,CO_TUNISO_ALGERIENNE_CHLORE,pdg,corporate,certain,SP_22738395363d210c60fe
PERSON_CHAABANE_NOUREDINE,CO_MEDITERRANEENNE,administrateur,corporate,certain,SP_bf636afbda936ce2e53e
PERSON_ZOUARI_HENDA,CO_ENERGY_INDUSTRIE,pdg,corporate,probable,SP_e649c2ccf0b487a7e794
PERSON_HAMROUNI_LOTFI,CO_CARTHAGE_CEMENT,administrateur,corporate,certain,SP_a974b7cb71cb9fc3f891
PERSON_BAYOUDH_LAROUSI,CO_CARTHAGE_CEMENT,administrateur,corporate,certain,SP_86bbd50b64c27b043319
PERSON_ZOUHEIR_ABDELAZIZ,CO_TUNISIENNE_PANSEMENTS_SOTUPA,pdg,corporate,probable,SP_55dd7eaa85d22d0a1c16
PERSON_CANTACUZENE_SERBAN,CO_AIR_LIQUIDE_TUNISIE_SERVICES,dg,corporate,certain,SP_4d0db0ab304bbbf78b5b
PERSON_BENAMAR_MOHAMED_LASAAD,CO_ITALCAR,dg,corporate,certain,SP_c885593f6505e5b8ba03
PERSON_GHERIANI_MOHAMED_TAOUFIK,CO_INVESTISSEMENTS_DEVELOPPEMENT_MECANIQUE,administrateur,corporate,certain,SP_67aa91a74eeacd50ea13
PERSON_ZOUHEIR_ABDELAZIZ,CO_FLORUS_DISTRIBUTION,gerant,corporate,probable,SP_14a5ff46b9f725b66f97
PERSON_ZOUHEIR_ABDELAZIZ,CO_SANCELLA_TRADING,gerant,corporate,probable,SP_424d1708995a5667373b
PERSON_BENAYED_TAREK,CO_OPTIMISATION,gerant,corporate,probable,SP_03aa1412494b7ac359fb
PERSON_ZOUARI_MEHDI,CO_OPTIMISATION,gerant,corporate,certain,SP_bd11060d6c59b25a77e8
PERSON_BOURICHA_MOHAMED_HABIB,CO_TANDEM_GLOBAL_LOGISTICS_TUNISIA,gerant,corporate,probable,SP_00c17d80ab79a8fd1a3a
PERSON_AYARI_ABDELHAKIM,CO_BLUE_JEANS_ITALIA,gerant,corporate,certain,SP_7189550c1dd3e8f8c981
PERSON_TOUNSI_MOHAMED,CO_TUNISIENNE_PRET_A_PORTER_STPP,associe,corporate,probable,SP_76a5c8be4d38ca111173
PERSON_HAMAMI_MAHER,CO_TUNISIENNE_PIECES_RECHANGE_POUR_CAMIONS_POUR_DENOMINATION_CO,gerant,corporate,certain,SP_162cf83ecaf3c88f07bc
PERSON_TRABELSI_MOHAMED,CO_H_D_WOOD,gerant,corporate,certain,SP_77ca2970ce9a2fc57af0
PERSON_SLAMA_HAROUN,CO_FUN_FOOD,gerant,corporate,certain,SP_f49c77ab57220ea1d09b
PERSON_BAROUNI_MOHAMED_MONCEF,ORG_ASSOCIATION_D_AMITIE_TUNISO_AMERICAINE,association_president,corporate,certain,SP_35ad605e30bb440d9c6b
PERSON_BELKHIRIA_NACEF,ORG_ASSOCIATION_D_AMITIE_TUNISO_AMERICAINE,secretaire_general,corporate,certain,SP_d3d37f2829587999ccce
PERSON_BENBRAHIM_SAFOUANE,ORG_ASSOCIATION_D_AMITIE_TUNISO_AMERICAINE,treasurer,corporate,certain,SP_3f5ed73ddbaee581f626
PERSON_BOUBAKER_SAIDA,CO_HIGHEST_CLOTHES_MAKING,gerant,corporate,certain,SP_8a5e981d73d1278ce534
PERSON_BOUABID_HASEN,CO_HIGHEST_CLOTHES_MAKING,gerant,corporate,certain,SP_84abd396a1e0799f6690
PERSON_GUIGA_MOHAMED,CO_GIF_FILTER,administrateur,corporate,certain,SP_9e68ed57e89035f3d319
PERSON_MZABI_MONCEF,ORGMENTION_STE AXESS SARL,gerant,corporate,certain,SP_d0a929ad97f3fecb5949
PERSON_ZOUARI_ROCHHENE,CO_INTERNATIONAL_LEGAL_BUSINESS,gerant,corporate,certain,SP_66cdde0be45e1029a0d2
PERSON_ARFA_ALI,CO_CLUB,gerant,corporate,probable,SP_531009c9fdd56fb4487b
PERSON_HAMROUNI_MOEZ,CO_EXPERTISE_EXPORT_DEVELOPPEMENT,gerant,corporate,certain,SP_7e25f739b284d8f1f986
PERSON_DRIS_ANIS,CO_VIT,gerant,corporate,certain,SP_f19452de5189f8fd9176
PERSON_BAYOUDH_KHEMAIES,CO_TRANSFORMATION_METAL_TRANSMETAL,gerant,corporate,certain,SP_13145a6d8d23c9c04f8b
PERSON_HAMROUNI_TAJEDINE,CO_HAMROUNI_GROUPE,gerant,corporate,certain,SP_1e2deecd80911521c9df
PERSON_HAMAMI_MOEZ,CO_WEB_FACTORY,gerant,corporate,certain,SP_5b5489f2b033bdaea163
PERSON_KAMOUN_NABIL,CO_GESTION_DANIMATION,gerant,corporate,probable,SP_347a3fe0190dad52d86d
PERSON_TLEMSANI_LEITH_LATRACH,CO_HERBIOTECH_AROMA,pdg,corporate,certain,SP_87381af43755842cf842
PERSON_SLAMA_JAMILA,CO_MEILLERIE_SLAMA,gerant,corporate,certain,SP_7b3bd62a9068644a05a0
PERSON_HAMAMI_KAIS,CO_OPTIKAL,gerant,corporate,certain,SP_17e3bbdae43b92aeee3b
PERSON_TRIKI_MOHAMED_LARBI,CO_JAD_DISTRIBUTION,gerant,corporate,certain,SP_a9ee0377551cf2ba83a3
PERSON_FALEH_BADIAA,CO_CERAMIQUE_CHEBEDDA_SOCER,unspecified,corporate,certain,SP_9e29def9c67885974098
PERSON_BENAYED_MOHAMED_TAHER,CO_CERAMIQUE_CHEBEDDA_SOCER,unspecified,corporate,certain,SP_5f031564d3b042c16c14
PERSON_BENAYED_MOHAMED_FARES,CO_CERAMIQUE_CHEBEDDA_SOCER,unspecified,corporate,certain,SP_10f6fa5ca7a576c22668
PERSON_BENAYED_MOHAMED_SALAH,CO_CERAMIQUE_CHEBEDDA_SOCER,unspecified,corporate,certain,SP_007604e870b8a57b3edc
PERSON_BENAYED_MOHAMED_EZINE,CO_CERAMIQUE_CHEBEDDA_SOCER,unspecified,corporate,certain,SP_a26027b8605e76a6d1f8
PERSON_BENAYED_MOHAMED_TAHER,CO_CERAMIQUE_CHEBEDDA_SOCER,pdg,corporate,certain,SP_84f61b5384be006ec475
PERSON_HAMAMI_MONIA,CO_WORLD_TRAVEL_SERVICE_SWTS,gerant,corporate,certain,SP_3be4cbca55f05e5e8073
PERSON_GHANEM_MOHAMED,CO_PERLA_COSMETIQUE,gerant,corporate,certain,SP_c6a3d9bb17749c010654
PERSON_ZOUARI_GHASEN,CO_INNOVIS_ENGINEERING_AND_CONSULTING,gerant,corporate,certain,SP_c9263c4dddcb4226a183
PERSON_JERAD_RAMZI_KILANI,CO_LINCKIA,gerant,corporate,certain,SP_de5c7700403b3d5d14a7
PERSON_MAHJOUB_MOHAMED,CO_CONSULTING,gerant,corporate,certain,SP_3ee26ecc0132b8a9f79a
PERSON_ELOUMI_WASIM,CO_CABINET_LHORIZON_COMPTABILITE,gerant,corporate,certain,SP_fe2f16e0ba7ed29d90f2
PERSON_FREDJ_ANOUAR_BENHADJ,CO_BIO_PLAST,gerant,corporate,certain,SP_034292fe447cf9644fc1
PERSON_HAMAMI_NABIL,CO_TOPNET,dga,corporate,certain,SP_70661292af7cef91062a
PERSON_TRIKI_HOSNI,CO_MADE_IN_DESIGN,gerant,corporate,certain,SP_491a6e1ea62f68e11676
PERSON_ANTONIO_SAVARESE,CO_ITALIEN_SERVICES_ASSISTANCE,gerant,corporate,certain,SP_2de0b7cf6cb9ca983840
PERSON_MILAD_MOHAMED_ELAZIZ,CO_TUNISIA_AIRPORT_SERVICES,administrateur,corporate,certain,SP_cc66a67600ef2b5d0564
PERSON_GHRIBI_TAIEB,CO_COMPAGNIE_TUNISIENNE_NAVIGATION,pdg,corporate,certain,SP_9726a816ea4165bfe26a
PERSON_LOUKIL_WALID,CO_AMANA,vice_president,corporate,certain,SP_f705a7aaaffcd7bc3599
PERSON_BENAYED_BILEL,CO_AMANA,treasurer,corporate,certain,SP_b7f4755762124b22ce85
PERSON_LOUKIL_BASEM,CO_AMANA,association_president,corporate,certain,SP_63a5d0eab13715e0dec4
PERSON_ZOUARI_MONCEF,CO_SYPHAX_AIRLINES,commissaire_aux_comptes,corporate,certain,SP_0aee2212ea7220092881
PERSON_FRIKHA_MOHAMED,CO_SYPHAX_AIRLINES,pdg,corporate,certain,SP_60c037bb264b9d197b48
PERSON_HAMROUNI_BASEM,CO_KYRA_LUB,gerant,corporate,certain,SP_628712681567c9dc9caf
PERSON_ZOUARI_MONCEF,CO_MZ_CONSULTING,gerant,corporate,certain,SP_6e5b14e92dd663139b1a
PERSON_ABID_MOHAMED,CO_POINT_DART,gerant,corporate,certain,SP_3ed2a4c1e2999a8a1a6e
PERSON_CHAABOUNI_HATEM,CO_ALFA,gerant,corporate,certain,SP_571e93be7f6e24293324
PERSON_TAHER_HATEM_BENMOHAMED,CO_ELECTRIC_SYSTEMS_PRODUCTION_ENGINEERING,gerant,corporate,certain,SP_dc6b9ade5962ced2b535
PERSON_CHEBIL_YASINE_BENHABIB,CO_ESPACE_ITALIEN_SOMMEIL,gerant,corporate,certain,SP_9e70ec4cf5fec812276c
PERSON_KILANI_SOUHEIL,CO_WESLEY_GLOBAL_TRADING,gerant,corporate,certain,SP_1a1b274543b40e7537fe
PERSON_YAICHE_NIZAR,CO_RAHMA_AGRICOLE,gerant,corporate,certain,SP_b08f7b00dec5341444e6
PERSON_CHABCHOUB_MOHAMED_AMIN,CO_RETEL,dg,corporate,probable,SP_8161b932a0f05765ab4f
PERSON_CARPANETO_EMILIO,CO_SATI_SOLAR_TUNISIA,gerant,corporate,certain,SP_e7836423c236cf9ddbd0
PERSON_DRIS_SKANDER_BENHEDI,CO_DELEVAGE_PRODUIT_AGRICOLES_SEPA,gerant,corporate,probable,SP_ea16ae830c33fe9561e4
PERSON_BENSLIMENE_SLIM,CO_AFRICA_FRIP,associe,corporate,probable,SP_7eb6c76f2a145d56093c
PERSON_GUESMI_MONIA,CO_AFRICA_FRIP,gerant,corporate,probable,SP_251f42c2032274bd8e11
PERSON_SELAMI_RACHID,CO_INDUSTRIELLE_SUD_SIS,cogerant,corporate,probable,SP_fdba47c9bb6a4fbd15ec
PERSON_MHIRI_MOURAD,CO_VILLA,pdg,corporate,certain,SP_5f99f3e72ccb56d4913c
PERSON_HEMAYED_EMIRA,CO_IMPERIAL_FISH,unspecified,corporate,certain,SP_e9ceddf032e972556a75
PERSON_HEMAYED_HAMED_AMINE,CO_IMPERIAL_FISH,unspecified,corporate,certain,SP_21e5fb127858478d680d
PERSON_ZGHIDI_ADNENE,CO_IMPERIAL_FISH,commissaire_aux_comptes,corporate,certain,SP_96d015e1d43548a0752b
PERSON_HEMAYED_HAFEDH,CO_IMPERIAL_FISH,pdg,corporate,certain,SP_5beb4cd2d8fe927f4c7b
PERSON_BRAHAM_SONIA,CO_TOP_FASHION,gerant,corporate,certain,SP_6b0af68d596989b58d86
PERSON_BENYEDER_BECHIR,CO_CAFES_BEN_YEDDER,administrateur,corporate,certain,SP_0cac3d80dd4628d8af0f
PERSON_BENYEDER_RACHID,CO_CAFES_BEN_YEDDER,administrateur,corporate,certain,SP_2fbece9efa8b4a4e6ab7
PERSON_BENYEDER_NIHEL_HAJROMDHANE,CO_CAFES_BEN_YEDDER,administrateur,corporate,certain,SP_bc3b4483d888db756b0a
PERSON_BENYEDER_NADHIM,CO_CAFES_BEN_YEDDER,administrateur,corporate,certain,SP_243b589c94d39fffe003
PERSON_BENYEDER_MELEK,CO_CAFES_BEN_YEDDER,administrateur,corporate,certain,SP_b087e39e7056e9a66e64
PERSON_BENYEDER_KARIM,CO_CAFES_BEN_YEDDER,administrateur,corporate,certain,SP_d69ac6c080cdd7b8f7e7
PERSON_CHAABANE_NOURI,CO_BONNE_CARRIERE,unspecified,corporate,certain,SP_18c0e899589c8d375bb5
PERSON_HAMAMI_MANEL,CO_OCEAN_GATE_INTERNATIONAL_TRADING_COMPANY,gerant,corporate,certain,SP_95af4875a211a90857d9
PERSON_ZAOUALI_MOHAMED_SALAH,CO_AQUATUN,gerant,corporate,certain,SP_9e51e0e55ad64533c698
PERSON_JEDIDI_ROCHDI,CO_CONFECTION,gerant,corporate,certain,SP_61fef4699c5355614580
PERSON_TRIKI_MAHMOUD,CO_NUANCE,commissaire_aux_comptes,corporate,certain,SP_ef0909a1763183d9e885
PERSON_KILANI_NAJAH_HICHEM,CO_KILANI_IMPORT_EXPORT_KIMEX,gerant,corporate,certain,SP_0da2208a1c066becc780
PERSON_TRIKI_LASAAD,CO_LIBRAIRIE_LAVENIR_CULTUREL_LAC,gerant,corporate,certain,SP_3cb22060173469fde54d
PERSON_MYRIAM_ABDENADHER,CO_TUNISIAN_DIRECT_EXPORT,gerant,corporate,certain,SP_3174f8fe9002a765d863
PERSON_DAKNOU_FAYCAL,CO_FINANCIERE_REVISION_COMPTABLE,gerant,corporate,certain,SP_c1ede3586d233c637aa7
PERSON_LOUKIL_WALID,CO_ECONOMIC_AUTO,dga,corporate,certain,SP_e3b7001aaad609ab11a4
PERSON_HAMAMI_MAHMOUD,CO_STOCKAGE_CARBURANTS_AVIATION,pdg,corporate,certain,SP_5147960b7741a171b87b
PERSON_BENSEDRINE_ABIR_BAYRAM,CO_HOTELIERE_TOURISTIQUE_DOUJA,dga,corporate,certain,SP_a08337954f7ecde764f1
PERSON_FEHRI_SONIA,CO_GESTION_CENTRES_COMMERCIAUX,gerant,corporate,certain,SP_30cd0563801c88a63c82
PERSON_HORCHANI_NIZAR,CO_GRAPHIQUE_ARTS_PLUS,gerant,corporate,certain,SP_611a3e78326aa9472388
PERSON_TRIKI_CHEDLI,CO_GULF_TUNISIAN_ASIAN_TRADE_GTA_TRADE,gerant,corporate,certain,SP_fc6c17f91c3fe197797b
PERSON_MZOUGHI_MAHER,CO_YASSINE_CONFECTION,gerant,corporate,certain,SP_921faa7615c9c68237cb
PERSON_PUCINELI_RICARDO,CO_CENTRE_ITALIEN_DINVESTISSEMENT,gerant,corporate,certain,SP_7b8574a134aa3c948473
PERSON_CHERIF_TAREK,ORGMENTION_Mandat des Administrateurs,administrateur,corporate,certain,SP_b8d7ad9a493f6da0315c
PERSON_BOUJBEL_MOHSEN,CO_BOUJBEL_VACPA,administrateur,corporate,certain,SP_00e206d0c7f53a36de13
PERSON_BOUJBEL_MOHSEN,CO_BOUJBEL_VACPA,pdg,corporate,probable,SP_48ca99f33c0985052a51
PERSON_SLAMA_ELYES,CO_SARA_DISTRIBUTION,gerant,corporate,certain,SP_56356c6234551bd893d2
PERSON_SASI_MARIEM,CO_MIMEX,gerant,corporate,certain,SP_bda8d4f4b3c9a62a3d39
PERSON_MAHMOUDI_HOUDA,CO_DISTRIPRO_RETAIL,gerant,corporate,certain,SP_a618f4ed1a1f576af1ee
PERSON_HAMAMI_FETHI,CO_ELECTRIC_ENGINEERING_LNDUSTRY,gerant,corporate,certain,SP_ce829061c24fa40ba6e6
PERSON_MOKHTAR_FETHI,CO_TUNISIE_PLATRE,pdg,corporate,certain,SP_e967bb0661fa584715ce
PERSON_MOKHTAR_SADRI,CO_TUNISIE_PLATRE,dga,corporate,certain,SP_f2df775b647447eaea64
PERSON_KHALADI_NEIL,ORGMENTION_UBCI DEVELOPPEMENT,commissaire_aux_comptes,corporate,certain,SP_23ac8f0a5f058d8a83fb
PERSON_GATI_NABIL,ORGMENTION_UBCI DEVELOPPEMENT,commissaire_aux_comptes,corporate,certain,SP_6afac153cf01445d1b71
PERSON_MECHRI_AWATEF,ORGMENTION_UBCI DEVELOPPEMENT,commissaire_aux_comptes,corporate,certain,SP_da434d643eedc037094e
PERSON_KHALADI_NEIL,ORGMENTION_UBCI DEVELOPPEMENT,dg,corporate,certain,SP_2969d1b65df2fc4c3e0a
PERSON_KAMOUN_YAMEN,CO_GOLDEN_DISTRIBUTION_PRODUITS_ALIMENTAIRES,gerant,corporate,certain,SP_9b891d073b3417aad098
PERSON_ZOUARI_MOHAMED,CO_PLATINUM_PROPERTIES,gerant,corporate,certain,SP_b5af9b6f817f2e2af4a1
PERSON_KAMOUN_MAHMOUD,CO_COMPTOIR_SUD,gerant,corporate,certain,SP_44255dd4364e872764ba
PERSON_TRIKI_SOUHEIL,CO_EL_WAFA,gerant,corporate,certain,SP_e51af5cc0b1a53b1cfae
PERSON_BOUJEMAA_SAMIA_BOUSBIA,CO_FERMETURES_EMBALLAGES_EN_PLASTIQUE,administrateur,corporate,certain,SP_c772d6b7431507d4c3fd
PERSON_MABROUK_YASINE,CO_MABROUK,gerant,corporate,certain,SP_3ac0372c849595496fdd
PERSON_RIGANE_FAIEZ,CO_BIOSPHERE_BIOLOGICAL_TECHNICS_BBI,gerant,corporate,certain,SP_bb9f2047915c1f1ce9eb
PERSON_KANOUNE_MONCEF,CO_SALOTTI_ITALIA_DESIGN,gerant,corporate,certain,SP_24a57ab78fdf37baa526
PERSON_KACEM_HAMDI,CO_IRIS_DISTRIBUTION,gerant,corporate,certain,SP_c9d48f42628f039141fe
PERSON_KHEMIRI_IMED,CO_EXITECS_TUNISIE,gerant,corporate,certain,SP_708958358210c0b474ff
PERSON_HAMROUNI_SAIDA,CO_CROISSANTOINE,gerant,corporate,certain,SP_4158495f8fbdd0525110
PERSON_ZOUARI_NESEK,CO_PAS_A_PAS,gerant,corporate,certain,SP_27dd0b71a78a1b4059d4
PERSON_CHABCHOUB_MOHAMED_AMIN,CO_HAYATCOM_TUNISIE,dg,corporate,probable,SP_edea86b0e0c4f9cf57fc
PERSON_BRIGUI_MOHAMED,CO_GENERALE_FINANCIERE_SICAF,pdg,corporate,certain,SP_c472ab754904c09743b1
PERSON_MHIRI_MOURAD,CO_IMMOBILIERE_TOURISTIQUE_TUNISIE,pdg,corporate,probable,SP_56a3fe0b5e5ff1e8e55d
PERSON_MHIRI_SAMI,CO_HOTELIERE_EL_MOURADI_GOLF,dga,corporate,probable,SP_75ae82cb105f554df13e
PERSON_BENYEDER_NIHEL_HAJROMDHANE,CO_PARTICIPATION_GESTION_DINVESTISSEMENT,administrateur,corporate,certain,SP_70469adbe920659c08af
PERSON_BENYEDER_RACHID,CO_PARTICIPATION_GESTION_DINVESTISSEMENT,pdg,corporate,certain,SP_822b9d1ad32c5a9aa7a5
PERSON_LAZEZ_FATHI,CO_RUDITAPES,gerant,corporate,certain,SP_5a2b04e81fbe39e8508a
PERSON_ESID_ZOUHEIR,CO_NOUVELLES_PATES_CERAMIQUES_ESSID,gerant,corporate,probable,SP_8e753b60fbcb57c35e01
PERSON_BOUZID_MOHAMED,CO_CONSEIL,gerant,corporate,certain,SP_e10291624e5dc50cb747
PERSON_SASI_HELMI,CO_ROYAL_EXPORT,gerant,corporate,certain,SP_0c988236faa4692afd8e
PERSON_AHMED_RIADH_BENHADJ,CO_MEDITERRANEENNE_TRANSFORMATION_LAIT_SMTL,gerant,corporate,certain,SP_50f1ad82c44b51d5df04
PERSON_HADJKHALIFA_SAAD,CO_SAI_SICAF,administrateur,corporate,probable,SP_c380170ecd8cb49e960c
PERSON_DJILANI_MOHAMED_HECHMI,CO_DASSISTANCE_MAINTENANCE_AUTOMOBILE_SAMIA,unspecified,corporate,probable,SP_9ef94fe6e6c2b7439ad9
PERSON_ZOUARI_HAFEDH,CO_DASSISTANCE_MAINTENANCE_AUTOMOBILE_SAMIA,pdg,corporate,certain,SP_63abb009369c37b07d60
PERSON_ABDENADHER_MOURAD,CO_INTERACTIVE,gerant,corporate,certain,SP_ef8a550d10691e74e2be
PERSON_HAMDI_MOUNIR,CO_CHAIMA_AGRICOLE,gerant,corporate,certain,SP_98a31c5067d079603bc7
PERSON_TRIKI_JAMIL,CO_INDUSTRIAL_EXPERTS_GROUP_INDEX,gerant,corporate,certain,SP_fa5b35998e48436251be
PERSON_ALOUCHE_ANIS,CO_NETWORK_EXPERTISE_TECABO_TUNISIA,administrateur,corporate,certain,SP_7b668b04e8d78c907779
PERSON_ESEBSI_HAFEDH_CAID,CO_MED_PLAST,pdg,corporate,probable,SP_9dda59915330bf4ade7f
PERSON_AREM_MEHDI,CO_EXPERT_OTO,gerant,corporate,probable,SP_4c4497a7d12d8b5a93d6
PERSON_CHTIOUI_MUSTAPHA,CO_CONGEMER_PLUS,gerant,corporate,probable,SP_487a00c0e9c0523c14a6
PERSON_ZOUARI_HEDI,CO_ECOMIZ_TUNISIE,cogerant,corporate,certain,SP_187849fca674cb322a2e
PERSON_BOURICHA_MOHAMED_HABIB,CO_INTERNATIONAL_TRADING_COMPANY,gerant,corporate,certain,SP_175b8dd9ec7dffb5e684
PERSON_ZOUARI_DORSAF,CO_ZOUARI_COMMERCE_INTERNATIONAL_ZIT,gerant,corporate,certain,SP_a5ae72b8e36eb89c8c22
PERSON_TRIKI_SOUHAITA,CO_ELICSY,gerant,corporate,certain,SP_409e95e3f5e518331bb6
PERSON_BENAYED_MOHAMED_TAHER,CO_CERAMIQUE_ARTISTIQUE_TUNISIE_CERAT,administrateur,corporate,certain,SP_fced29bf177447e6087a
PERSON_BENAYED_MOHAMED_FARES,CO_CERAMIQUE_ARTISTIQUE_TUNISIE_CERAT,administrateur,corporate,certain,SP_aeee744442c624297275
PERSON_BENAYED_MOHAMED_SALAH,CO_CERAMIQUE_ARTISTIQUE_TUNISIE_CERAT,administrateur,corporate,certain,SP_0e023d3bc46d9cee4dfd
PERSON_DJILANI_HEDI,CO_FINANCIERE_TUNISIENNE,administrateur,corporate,probable,SP_ff5be8ca79eb51726131
PERSON_ESEGHAIER_ABDELKADER,CO_FINANCIERE_TUNISIENNE,administrateur,corporate,probable,SP_5973b8220da83ff4f143
PERSON_DJILANI_RADHIA,CO_FINANCIERE_TUNISIENNE,administrateur,corporate,probable,SP_cb97c0e328cdf43679a2
PERSON_DJILANI_HEDI,CO_FINANCIERE_TUNISIENNE,pdg,corporate,probable,SP_edc5359224f8f95ef9e1
PERSON_ESEGHAIER_ABDELKADER,CO_FINANCIERE_TUNISIENNE,dga,corporate,probable,SP_a56456eecd3ab11b5800
PERSON_BOUJBEL_MOHSEN,"ORGMENTION_Société d'Etudes, de Formation & d'Assistance à la Gestion S",pdg,corporate,probable,SP_20626118d9c4145cd05d
PERSON_CHELY_RAFIK,CO_3I_MOTION,gerant,corporate,certain,SP_875e4de801590ef96906
PERSON_KHALFALAH_MOHAMED,CO_GLOBE,gerant,corporate,certain,SP_f6ad2c52f26bd885e89c
PERSON_DENGUIR_TAHER,CO_DELTA_CUISINE,pdg,corporate,certain,SP_de3848367f83b5395858
PERSON_SLAMA_ABDELHAKIM,CO_PLAST_PACK,administrateur,corporate,probable,SP_4a9aec34dbd1cd1a75ac
PERSON_SLAMA_AMIN,CO_PLAST_PACK,administrateur,corporate,probable,SP_250a62478e301e95a33e
PERSON_SLAMA_LASAAD,CO_PLAST_PACK,administrateur,corporate,probable,SP_befc8625cdf7989d6ef9
PERSON_SLAMA_ABDELHAKIM,CO_PLAST_PACK,president_ca,corporate,certain,SP_0b47e582d7a33107d5b3
PERSON_BENAYED_ABDESALEM,CO_N_TRAINING,gerant,corporate,probable,SP_ef1a80dce627042f4119
PERSON_HAMROUNI_NAIMA,CO_SAES_PLUS,gerant,corporate,probable,SP_d8b16129d7ed6c6fc022
PERSON_JMAL_ANIS,CO_JMAL_INOX,gerant,corporate,certain,SP_a07086875e3496300eb8
PERSON_ESAFI_ABDELWAHEB,ORGMENTION_SMART HOST,administrateur,corporate,certain,SP_83f15d865e969236f01e
PERSON_CHAABANE_NABIL,CO_NOUR_EL_FOUNOUN,gerant,corporate,certain,SP_8802ca0a60c69476a3d3
PERSON_KALEL_EMNA,CO_EL_MANAR,administrateur,corporate,probable,SP_efc0c2f240bdea7c70c0
PERSON_MOALA_SLIM,CO_GESCO,pdg,corporate,certain,SP_8a8bb492319a1ce6482b
PERSON_RADHOUANI_MOHAMED_SASI,CO_GROUPE_FORMATION_TECHNOLOGIQUE,president_ca,corporate,certain,SP_6c2f1775cf0aeeb0ac9a
PERSON_SASI_MOHAMED,CO_GRAND_MARBRE_SUD,gerant,corporate,certain,SP_2646b94b5cb0f7aa79fa
PERSON_ZARIAT_MOEZ,CO_ZARIAT_FILS,cogerant,corporate,certain,SP_0ecfdf67b867aef3918f
PERSON_HAMAMI_LATIFA,CO_UTICA_FILMS,gerant,corporate,certain,SP_96df232c6626c964d4bd
PERSON_CHAABOUNI_YAHIA,CO_INOPLAST,commissaire_aux_comptes,corporate,probable,SP_05f6a1bb9c08a28559db
PERSON_HACHICHA_SAMI,CO_INOPLAST,president_ca,corporate,probable,SP_a4a439a3962d939d1087
PERSON_ZRIBI_AMEUR,CO_ANIS,gerant,corporate,certain,SP_1edf84d7eef9abe84282
PERSON_FRADI_MOURAD,CO_ONE_TECH_MOBILE,commissaire_aux_comptes,corporate,certain,SP_3c2da7c8b38af2ad60e6
PERSON_HAROUNI_ABDELKARIM,CO_ENNEJMA_SERVICES_EQUIPEMENTS,gerant,corporate,certain,SP_6b9f4152d45288fac570
PERSON_ZOUARI_ZIED,CO_STORE_DECORE,gerant,corporate,certain,SP_f4d89fac0a36d3f58f9c
PERSON_ABASI_KHALED,CO_KARLATEX,gerant,corporate,certain,SP_7c8b2c6b7c7b6358962f
PERSON_KAMOUN_HOUDA_DALEL_CHAABOUNI,CO_EL_HOUDA_CLINIQUE_AVICENNE,gerant,corporate,probable,SP_00994ba6c456af793637
PERSON_MERCIER_JEAN_MARC,CO_CONSOLIS_ENGINEERING_SERVICES_TUNISIA,gerant,corporate,certain,SP_a120fa6dd547a7d7f01e
PERSON_SASI_CHEBIL,CO_DEUX_FRERES_MARBRE,gerant,corporate,certain,SP_512c921585a26d550622
PERSON_AREM_MOHAMED_WALID,CO_JM_TRADING,gerant,corporate,certain,SP_522c39422ecd13b831c8
PERSON_SASI_SADOK,CO_ETHICALL_CENTER,gerant,corporate,certain,SP_ff472cd40efe208fef9e
PERSON_LOUKIL_BASEM,CO_MEDITERRANEAN_INDUSTRIAL_GROUP,pdg,corporate,probable,SP_f5037983c50b4834ac46
PERSON_BENAHMED_CHIHEB,CO_TUNISAIR_HANDLING,dg,corporate,certain,SP_e6311308fef812e1ce5a
PERSON_BENKHALIFA_RIADH,CO_MODERNE_CERAMIQUE_SOMOCER,dg,corporate,probable,SP_094fbe5de069c0d62385
PERSON_BENKHALIFA_RIADH,CO_MODERNE_CERAMIQUE_SOMOCER,administrateur,corporate,probable,SP_ac2e10b9978e9a00bf47
PERSON_ELOUMI_YADH,CO_LOUKILCOM_TUNISIE,commissaire_aux_comptes,corporate,certain,SP_ddad196d49f43775ff89
PERSON_BOUALI_NOUREDINE,CO_NOUR,gerant,corporate,certain,SP_131a6002b2e9651818f5
PERSON_LETAIEF_MEHDI,CO_EL_MEHDI_MATERIAUX_CONSTRUCTION_SOMACO,administrateur,corporate,certain,SP_e2897ce6fade755a4d81
PERSON_LETAIF_ABDERAOUF,CO_EL_MEHDI_MATERIAUX_CONSTRUCTION_SOMACO,pdg,corporate,certain,SP_97bc33286f103f33f7aa
PERSON_AREM_WALID,CO_MY_CAR,gerant,corporate,probable,SP_937aa6abf0526ec08a84
PERSON_DRIS_MOHAMED_TAIEB,CO_PROFIL_METAL,gerant,corporate,probable,SP_51dc54358c342baaf4ff
PERSON_TRIKI_LEILA,CO_ELKHOLD_TRAVAUX_PUBLICS_SKTP,gerant,corporate,certain,SP_91232885cc42507b4fa9
PERSON_KILANI_FETHI,CO_INTERNATIONAL_PRESS_AGENCY,gerant,corporate,certain,SP_43280242dc7e229350da
PERSON_BENABDALAH_MOHAMED_SLIM,CO_GENERAL_DISTRIBUTION,gerant,corporate,certain,SP_59d3950a6155934e49da
PERSON_AJLANI_LASAAD,CO_FERTEX,gerant,corporate,certain,SP_cabeb27968e0dcf1bbdc
PERSON_SELAMI_KARIM,CO_NOUR_CHARCOAL_COMPANY,gerant,corporate,certain,SP_825821341aca306ac418
PERSON_AREM_MEHDI,CO_BMW_TRADING,gerant,corporate,certain,SP_b35d6aeaee92ac197b31
PERSON_DRIS_HANEN,CO_MAGA,gerant,corporate,certain,SP_8ffd8078612fa1135140
PERSON_RIGAUDY_OLIVIER,CO_TELEPERFORMANCE_FRANCE_FRANCE,member,corporate,certain,SP_0efcb5e4a44755411613
PERSON_DERAZEY_BERTRAND,CO_TELEPERFORMANCE_FRANCE_FRANCE,unspecified,corporate,certain,SP_eadfe9acccbed06425d5
PERSON_MBAREK_RACHID,ORG_ASSOCIATION_TUNISIENNE_AMOUREUX_MUSIQUE,vice_president,corporate,certain,SP_707e332af0607b0e509a
PERSON_BENAMOR_MAHER,ORG_ASSOCIATION_TUNISIENNE_AMOUREUX_MUSIQUE,treasurer,corporate,certain,SP_de189463a09445a68ccd
PERSON_DRIS_SLAH,CO_FACE_PRO,gerant,corporate,certain,SP_9c7b1900c04d412f54ac
PERSON_MAMI_HICHEM,CO_SIDI_OTHMANE,dg,corporate,certain,SP_84fd709a07f9c63ee647
PERSON_BENAYED_ABDELWAHEB,CO_COMPAGNIE_TUNISIENNE_CHIMIE_INDUSTRIELLE,cogerant,corporate,certain,SP_2cc5a97ba1d1b7de800a
PERSON_BENAHMED_HICHEM,CO_MYFA_CONSULTING,gerant,corporate,certain,SP_d5365043457cabdf97bf
PERSON_PERTOLDI_ELIGIO,CO_ASTRA_ITALIA,gerant,corporate,certain,SP_6248fee4350c80c93301
PERSON_DRIS_SLIM,CO_INTERNATIONAL_COMPANY_OF_SERVICE_AND_CONSULTING,gerant,corporate,certain,SP_2639fb72adfb58c64404
PERSON_HAMILA_TAREK,ORGMENTION_Société Kasso pour le Commerce et l'Industrie S.A,unspecified,corporate,certain,SP_f7fb2301dfcee6bba871
PERSON_AMOUS_MOHAMED_HEDI,CO_POLYBAT,president_ca,corporate,certain,SP_34638457b31baa1d4a5c
PERSON_HAMROUNI_FATMA,CO_MARSA_FOOT_ACADEMY,gerant,corporate,certain,SP_b57342b09b736dd19057
PERSON_YATZIMIRSKY_NICOLAS,CO_BONNA_BETON_MATERIAUX_PREFABRIQUES,representant,corporate,certain,SP_0f00265f271bf059ea5d
PERSON_JENAYAH_OMAR,CO_RESIDENCE_AMILCAR,administrateur,corporate,probable,SP_c8c90aa7ae4e09c963ac
PERSON_DRIS_AICHA,CO_RESIDENCE_AMILCAR,administrateur,corporate,probable,SP_cf2b7d065d7fdf6de834
PERSON_BENZID_MOEZ,CO_RESIDENCE_AMILCAR,administrateur,corporate,probable,SP_c6f6ebcb78ab80dc5425
PERSON_WICIK_EWA,CO_RESIDENCE_AMILCAR,administrateur,corporate,probable,SP_d85015b80b16122ac08f
PERSON_JENAYAH_OTHMAN,CO_RESIDENCE_AMILCAR,administrateur,corporate,probable,SP_26003b94c316f86a51d4
PERSON_BOURAOUI_ANIS,CO_RESIDENCE_AMILCAR,administrateur,corporate,probable,SP_82f45ca9088db63c7f3d
PERSON_HAMZA_RAFAA,CO_RESIDENCE_AMILCAR,administrateur,corporate,probable,SP_74098f314553dc6a190c
PERSON_DEMRI_JEAN_JACQUES,CO_RESIDENCE_AMILCAR,administrateur,corporate,probable,SP_9f5c52f38b594f5e789a
PERSON_JENAYAH_OMAR,CO_RESIDENCE_AMILCAR,president_ca,corporate,certain,SP_3a9ff94799faf17b93d7
PERSON_BOURAOUI_ANIS,CO_RESIDENCE_AMILCAR,dg,corporate,certain,SP_ea71b2ef35226c8016aa
PERSON_ZAHAF_SLAHEDINE,CO_TAVTOS,commissaire_aux_comptes,corporate,certain,SP_5e3ace7f5e07c5289f78
PERSON_ELABIDINE_MOHAMED_ZINE,CO_BEZEMA_TUNISIE,gerant,corporate,probable,SP_4ef43130ee33c20718da
PERSON_HADJI_FAYCEL,CO_HADJI_PALM_TEX,liquidateur,corporate,certain,SP_a7ad0239a6b86d05b0f6
PERSON_HADJI_FAYCEL,CO_HADJI_PALM_TEX,gerant,corporate,certain,SP_4d5297f95c145dcbdbfb
PERSON_KHECHINE_FAOUZIA,CO_TOURISME_ACTIONS,gerant,corporate,certain,SP_fa013e032304b3155d77
PERSON_MZABI_SAMI,CO_IMMOBILIERE_RICHELIEU,unspecified,corporate,certain,SP_9520fafd936beb00e4d2
PERSON_CHARFI_KHALIL,CO_MICRONET,gerant,corporate,certain,SP_4a077f0975d7076ce609
PERSON_ABID_MONDHER,CO_ABIDTEX,gerant,corporate,certain,SP_e81ac2839031fdabdcc7
PERSON_JAIDANE_RIADH,CO_SNACKS_TUNISIA,representant,corporate,certain,SP_a99141b1f88f8770af01
PERSON_NACEF_HAITHEM,CO_NATURALYA,gerant,corporate,certain,SP_4b4a9cd23f82a546da2a
PERSON_HAMROUNI_HASEN_BENIBRAHIM,CO_HAMROUNI_COMMERCE,gerant,corporate,certain,SP_bde56be35d528ef5281b
PERSON_MEDEB_MOHAMED_ALI,CO_COMPAGNIE_FROMAGERE,administrateur,corporate,probable,SP_c7ee19ef51bdb4970deb
PERSON_TRIKI_MAHMOUD,CO_GRIFFE,commissaire_aux_comptes,corporate,certain,SP_90259f80b943482a2ba6
PERSON_MAAMOURI_KACEM,CO_BTE_SICAR,dg,corporate,probable,SP_bd097cc6904298b7c51d
PERSON_CHEKIR_RAOUF,CO_DIVA_SICAR,administrateur,corporate,probable,SP_6de9d0d69b72a25c4b06
PERSON_GHODBANI_ALI,CO_DIVA_SICAR,administrateur,corporate,probable,SP_13525bd612d5aaf2ad5d
PERSON_BOUALI_NOUREDINE,CO_DIVA_SICAR,administrateur,corporate,probable,SP_08a6b8f2dbb28a095c73
PERSON_GHODBANI_ALI,CO_DIVA_SICAR,president_ca,corporate,probable,SP_5395823fc9ef67ae33b1
PERSON_KHECHINE_MOHAMED_MONCEF,CO_GEOLOGICAL_SOLUTIONS,gerant,corporate,certain,SP_060f59a3e7139e6971ae
PERSON_OUESLATI_ALI,CO_BATIMENT,gerant,corporate,probable,SP_ebfa1373049577451594
PERSON_CHTA_MALEK,CO_TANNERIE_NORD,gerant,corporate,certain,SP_1a13c324d038d3333361
PERSON_CHTA_MOHAMED_IMED_MALEK,CO_TANNERIE_NORD,gerant,corporate,certain,SP_94b3f5ce082a2dae3012
PERSON_LOUDHABACHI_ANOUAR,CO_AFRIQUE_ACIER,president_ca,corporate,certain,SP_06ebdee9dcdd8d20051c
PERSON_KAROUI_YASINE,CO_INTONACO_ITALIANO,gerant,corporate,certain,SP_60c059b900bcefc6abf1
PERSON_KHALIL_MOHAMED,CO_ELZAHRA_TRADE,gerant,corporate,certain,SP_9b12e986f7f23ea27e99
PERSON_TRIKI_MOHAMED_ADEL,CO_NORD_IMPORT_EXPORT,gerant,corporate,certain,SP_aa19fab66b41b0cf5f0e
PERSON_HAMAMI_CHAFIK,CO_DACCESSOIRES_CUISINE_DEQUIPEMENT_DERIVES_ACCESS,gerant,corporate,certain,SP_a5d85909876a03790b1a
PERSON_TRIGUI_HICHEM,CO_GENERALE,gerant,corporate,certain,SP_f0ce813ad75f308aef51
PERSON_SLAMA_AYMEN,CO_EL_ANDALOUS_QUINCAILLERIE,cogerant,corporate,certain,SP_dc655ac68e18bc751dc9
PERSON_BOURICHA_MOHAMED_BENHASEN,CO_MOSHI,gerant,corporate,certain,SP_3e734cb92b59ed86a1ad
PERSON_MABROUK_MOHAMED_MARWEN,CO_BANQUE_INTERNATIONALE_ARABE_TUNISIE,unspecified,corporate,probable,SP_78b7fc84171064030f19
PERSON_DJILANI_HEDI,CO_BANQUE_INTERNATIONALE_ARABE_TUNISIE,unspecified,corporate,probable,SP_5492f7f0a598569989e0
PERSON_ELOUZE_MOHAMED_RIDHA,CO_GLOBAL_VIEW_INVEST_SICAF,president_ca,corporate,certain,SP_c86b71bf4316b2ab2458
PERSON_CAULET_OLIVIER,CO_GLOBAL_VIEW_INVEST_SICAF,dg,corporate,certain,SP_d0622661f18136b4a35c
PERSON_RATLE_GEORGES_MICHEL,CO_EL_MOUSSEM_AGRICOLE,administrateur,corporate,certain,SP_dc0ab1d8070975b0aea6
PERSON_GTARI_YOUSEF,CO_EL_MOUSSEM_AGRICOLE,administrateur,corporate,certain,SP_76d3b53b78b7e25e8f16
PERSON_CHAABANE_MOHAMED,CO_HUILERIE_CHAABANE,gerant,corporate,probable,SP_476742976babe5e8f1e1
PERSON_CHAABANE_RADHOUANE,CO_HUILERIE_CHAABANE,gerant,corporate,probable,SP_dfa711a28aa06aa415cd
PERSON_TLEMCANI_ZIED,CO_BITAKA,gerant,corporate,certain,SP_83252c615daf723f1df7
PERSON_BAHRI_KHEMAIS,CO_BARHI_GROUP_HOLDING,gerant,corporate,certain,SP_5f606a2c6c84d7f2945f
PERSON_BOURGUIBA_MOHAMED,CO_PROCHIDIA,gerant,corporate,probable,SP_248d8c80ab05afc800c1
PERSON_DENGUIR_TAHER,CO_DELTA_DISTRIBUTION,gerant,corporate,probable,SP_3f8e43f8167a917d7e75
PERSON_ELOUEKES_MOHAMED,CO_ITALO_TUNISIENNE_PRODUITS_ALIMENTAIRES,gerant,corporate,certain,SP_53f06c3c86cda486fda3
PERSON_TRIKI_JAMIL,CO_LOR_LIQUIDE_DHUILE_DOLIVE,gerant,corporate,probable,SP_3fd7d4b840c0eccec353
PERSON_SASI_NOUREDINE,CO_FROMAGERIE_AMEN,gerant,corporate,certain,SP_2381ab1755c849dcba86
PERSON_LARIBI_SAMIR,CO_SOTUPA,gerant,corporate,certain,SP_c9ffe762705ca82ffa60
PERSON_ZOUARI_WALID,CO_AS_INTERMED,gerant,corporate,certain,SP_df238ff20e7dbf29871e
PERSON_SASI_MOHAMED,CO_GREEN_MARBLE,president_ca,corporate,certain,SP_d79cace327049bad42c1
PERSON_BENKHALED_KAREM,CO_GERMAN_GEOCONSULTANTS_GROUP_TUNISIE,gerant,corporate,certain,SP_7dab14cd92a00d815f7e
PERSON_KAMOUN_SALEM_BENHASEN_BENALI,CO_TUNISO_LYBIENNE_D_ETUDES,gerant,corporate,certain,SP_2a875b840c41adcb9ffd
PERSON_ZOUARI_LOTFI,CO_BREAK_TIME,gerant,corporate,certain,SP_5db4f75e765283f67a3e
PERSON_MABROUK_ALI,CO_AROUA_PRODUITS_AGRICOLES,gerant,corporate,certain,SP_7a1c3b64ea984cf2914a
PERSON_DOGHRI_NEJIB,ORGMENTION_Société d'Engrais et de Produits Chimiques de Mégrine S.E.P.,pdg,corporate,probable,SP_4f22d289b6039d6a5a08
PERSON_DOGHRI_MONCEF,ORGMENTION_Société d'Engrais et de Produits Chimiques de Mégrine S.E.P.,dga,corporate,probable,SP_a76cc2627c25ce60e8cc
PERSON_ATIA_MOHAMED_NEJIB,CO_MAGHREB_FOOD,dg,corporate,probable,SP_abd05cd937f6df72fc0f
PERSON_CHAABOUNI_HATEM,CO_CHAHIA,gerant,corporate,probable,SP_1a4829f3224913c31b90
PERSON_ABDENADHER_TAREK,CO_FULLA,commissaire_aux_comptes,corporate,certain,SP_426ac919d640991db79a
PERSON_SELAMI_TAREK,CO_POLY_SOFT,gerant,corporate,certain,SP_d90cadbb09f8d2412ae6
PERSON_HAMAMI_IMEN,CO_EMNA_STAR,gerant,corporate,certain,SP_be67e110641f7380614d
PERSON_MAAROUF_RAOUF,CO_POLY_SIEGES,administrateur,corporate,certain,SP_5d3f77cfae90878c7cba
PERSON_MAAROUF_FAOUZI,CO_POLY_SIEGES,administrateur,corporate,certain,SP_dce54c56b14c1d5a1be4
PERSON_MAAROUF_FERIEL,CO_POLY_SIEGES,administrateur,corporate,certain,SP_bdb52a48a4ca1f43a2d5
PERSON_MHIRI_MOURAD,CO_TRADE_AND_RETAIL,administrateur,corporate,probable,SP_7ffea110cd454e86e185
PERSON_MAKHLOUFI_ABDELAZIZ,CO_CHO_COMPANY,pdg,corporate,probable,SP_8993e2a20ba2256072cc
PERSON_CHERIF_MOHAMED,CO_HOLDING_COMPANY_FOR_PETROLEUM_AND_SAFETY_EQUIPMENT_HOCPESE,gerant,corporate,certain,SP_9e854ac5410960a901cb
PERSON_BENMAHMOUD_WASIM,ORG_ASSOCIATION_POUR_SAUVEGARDE_DEVELOPPEMENT_FORET_GAMMARTH_MAR,vice_president,corporate,certain,SP_fda49f35ffd31b8b3c11
PERSON_BOUSAYENE_MEHREZ,ORG_ASSOCIATION_POUR_SAUVEGARDE_DEVELOPPEMENT_FORET_GAMMARTH_MAR,secretaire_general,corporate,certain,SP_673d22f2f7039e9b753a
PERSON_HADAD_SAMI,ORG_ASSOCIATION_POUR_SAUVEGARDE_DEVELOPPEMENT_FORET_GAMMARTH_MAR,secretaire_general_adj,corporate,certain,SP_245184bc84eee7f01ead
PERSON_BOUZAYENE_DHIA_LOUIS_FRIDON,ORG_ASSOCIATION_POUR_SAUVEGARDE_DEVELOPPEMENT_FORET_GAMMARTH_MAR,treasurer,corporate,certain,SP_be564c769990e03f957d
PERSON_HEMAYED_EMIRA,CO_FRESH_FISH,unspecified,corporate,certain,SP_72887021e1f802feebb1
PERSON_HEMAYED_HAFEDH,CO_FRESH_FISH,unspecified,corporate,certain,SP_645a7d30cae62c98b169
PERSON_HEMAYED_EMIRA,CO_FRESH_FISH,president_ca,corporate,certain,SP_956409c501e9a0a3563a
PERSON_TRIKI_SOUHEIL,CO_CUBIC_PROD,gerant,corporate,certain,SP_8ea22a7a4fde11f1855f
PERSON_MANSOUR_MAHMOUD,CO_AL_BARAKA_BANK,dga,corporate,certain,SP_8626a6fac5199fdd7817
PERSON_GTARI_YOUSEF,CO_EL_MOUSSEM_AGRICOLE,president_ca,corporate,probable,SP_ba66907bb60deecafd84
PERSON_FARSI_NASR,CO_SOCOMENIN,unspecified,corporate,certain,SP_a326fd70c0a513215613
PERSON_FARSI_MOHAMED,CO_SOCOMENIN,unspecified,corporate,certain,SP_fbe4103c19873a8b8e0e
PERSON_MABROUK_RAMI,CO_VENTE_MATERIEL_CONSTRUCTION,gerant,corporate,certain,SP_c954ff24cc914477025d
PERSON_DOURSIM_MOURIA,CO_PLAST_TECH,pdg,corporate,certain,SP_006a1dff1d56a42aa00d
PERSON_BANANI_AHMED,CO_MRM_CONFECTION,gerant,corporate,certain,SP_5459dedf64a49f9c6c77
PERSON_SELAMI_MONCEF,CO_TECHNIPLAST_INDUSTRIE,dg,corporate,probable,SP_4aa6dbca735edc921c62
PERSON_BELIL_KAIS,CO_TECHNIPLAST_INDUSTRIE,administrateur_delegue,corporate,certain,SP_32950e15813e24df15d9
PERSON_SELAMI_MONCEF,CO_TECHNIPLAST_INDUSTRIE,administrateur,corporate,probable,SP_bb0845bfc5c7ec325548
PERSON_SELAMI_SLIM,CO_TECHNIPLAST_INDUSTRIE,administrateur,corporate,probable,SP_34cc36dcb35be8cc43d1
PERSON_CHERIF_AHMED,CO_TECHNIPLAST_INDUSTRIE,administrateur,corporate,probable,SP_9245c23f923a656a52fc
PERSON_BELIL_KAIS,CO_TECHNIPLAST_INDUSTRIE,administrateur,corporate,probable,SP_105485c9eca2a64fb1f6
PERSON_ABAS_FERID,CO_LACAERO,gerant,corporate,certain,SP_798896e5606f37e9b99f
PERSON_SELAMI_SANA_TRIKI,CO_SOLECO,gerant,corporate,certain,SP_7c9e1c3c47852522f481
PERSON_ZOUARI_MOHAMED,CO_AGET_COMMERCE_INTERNATIONAL,gerant,corporate,certain,SP_5e4bd15f0677f375b64e
PERSON_CHAFAR_NAOURES,CO_BABOUCHA_VITA,gerant,corporate,certain,SP_7e06dc3a01d085360cff
PERSON_BRAHEM_LOTFI,CO_SERVICES_AGRICOLES_TEBOULBA,gerant,corporate,certain,SP_69233ac3a35c90b75c11
PERSON_TELMOUDI_ABDELKARIM,CO_MAXULA_PRADES_CALL_CENTER,gerant,corporate,certain,SP_5bf614a3a12718890de5
PERSON_NOUIRA_CHEKIB,CO_TUNISIA_BROADCASTING,president_ca,corporate,certain,SP_e9b208a0fc38868873ee
PERSON_ATIA_KHALIL,CO_GENERALE_PLACEMENT,gerant,corporate,certain,SP_4588bdf24c336567313a
PERSON_SASI_AHMED,CO_GENERAL_DIESEL,gerant,corporate,certain,SP_138f48b7648ead8317fa
PERSON_LORENZO_INGRASCIOTA,CO_ITALIAN_STYLE_MENUISERIE_EN_BOIS,gerant,corporate,certain,SP_ac7d24ac70e38584ca60
PERSON_GUIGA_ZIED,CO_BIZERTE_CAP_3000,administrateur,corporate,certain,SP_ce6055cc8f3d87e6070c
PERSON_KHEMIRI_MOHAMED_MEHDI,CO_HIMILCO_MONETIQUE,administrateur,corporate,certain,SP_4627e2220f759f27b0b6
PERSON_KILANI_SLIM,CO_PROMOTOP,cogerant,corporate,certain,SP_5388c28ea378e937e5ba
PERSON_HAMANI_ADEL,CO_TRANS_CARGO_LOGISTIQUE,gerant,corporate,probable,SP_34a2bd0a929fc8288f05
PERSON_KAMOUN_SLIM_BENSALEM_BENHASEN,CO_PETRO_CHEMICAL_TRADING_COMPAGNY,gerant,corporate,certain,SP_9235c27b111828f2df2d
PERSON_JEDA_KAMEL,CO_PUBCO,gerant,corporate,certain,SP_fdef09373245e982345b
PERSON_GARBAA_SALWA,CO_TRICOTEX_ITALIA,gerant,corporate,certain,SP_cd4961d5c20422253081
PERSON_BHIRA_RAFIAA,CO_HEXABYTE,member,corporate,certain,SP_6aab14fe35a54fabde04
PERSON_HIDOUSI_ZEINEB_BHIRA,CO_HEXABYTE,member,corporate,certain,SP_1ccf80353f0c0679a5b7
PERSON_ATIA_AHMED,CO_HEXABYTE,member,corporate,certain,SP_c151bdbbbe58253141a1
PERSON_DIMASI_MORSY,CO_HEXABYTE,member,corporate,certain,SP_79c0026607c9c7654ac3
PERSON_HIDOUSI_AISA,CO_HEXABYTE,president_ca,corporate,certain,SP_3d1cff99a4af7c1fb6e3
PERSON_HIDOUSI_NACEUR,CO_HEXABYTE,actionnaire,corporate,certain,SP_ea4b2dc6212c0b9c6279
PERSON_ATIA_AHMED,CO_HEXABYTE,unspecified,corporate,certain,SP_700e4fb981161cdc4b5d
PERSON_MHIRI_SAMI,CO_PANOBOIS,vice_president,corporate,certain,SP_9624050e367cbc5e4cd3
PERSON_PIANGIANI_PAOLO,CO_DOLCE_ITALIA,gerant,corporate,probable,SP_ca805f354c072d085d9c
PERSON_HAMEM_HABIB,CO_NORTH_AMERICAN_PRIVATE_UNIVERSITY,president_ca,corporate,certain,SP_85699fd18b8da886be11
PERSON_ABID_CHAFIK,CO_NORTH_AMERICAN_PRIVATE_UNIVERSITY,dg,corporate,certain,SP_66dcb55cc85ca5fae522
PERSON_CHAABANE_SONIA,CO_SOUAD_BEN_ARAB_FILS,gerant,corporate,certain,SP_6f8779dee7785e6380cd
PERSON_NAMOUCHI_RAMZI,CO_NORD_OUEST_MARBRE_SONOMAR,association_president,corporate,certain,SP_6bb20afb13a7a6b31a60
PERSON_MNAKRI_MOKHTAR,CO_BUSINESS_INTELLIGENCE_FOR_TELECOMMUNICATION,president_ca,corporate,certain,SP_e3c950102452a28004ac
PERSON_LABIDI_RAMZI,CO_BUSINESS_INTELLIGENCE_FOR_TELECOMMUNICATION,dg,corporate,certain,SP_5df784a431139190e8eb
PERSON_KHMAKHEM_ABDESATAR,CO_UNIVERSAL_GOMME,gerant,corporate,certain,SP_65efe817887ff0bba348
PERSON_KAMOUN_MOEZ,CO_SINDBAD_DISTRIBUTION,gerant,corporate,certain,SP_9a5c5f2b06c49960caf3
PERSON_ABDENADHER_KARIM,CO_PEARL_DESIGN,gerant,corporate,certain,SP_e182b42cbcc3c67995bb
PERSON_JEMLI_HABIB,CO_COMPTOIR_MULTISERVICES_AGRICOLES,pdg,corporate,probable,SP_4c2d46f1607e162d0da1
PERSON_FAKHFAKH_ELYES,CO_COTREL,dg,corporate,probable,SP_65ac342b979d3a0db3d0
PERSON_BENASR_SLIM,CO_NOUVELLE_GENERALE_INDUSTRIELLE_NSGI,administrateur,corporate,probable,SP_7370d0efb4c6a4615ed8
PERSON_JENDOUBI_JEDIDI,CO_NOUVELLE_GENERALE_INDUSTRIELLE_NSGI,administrateur,corporate,probable,SP_13973266060082f30d77
PERSON_CHERIF_MOHAMED_SALAH,CO_CARTHAGO_MOTORS,gerant,corporate,probable,SP_8d53377c5697f5d4dd66
PERSON_BECHIR_MOKADAM,CO_CARTHAGO_MOTORS,gerant,corporate,certain,SP_ff4f1a9d4a550964ef88
PERSON_LOUKIL_MOHAMED,CO_GENERALE,gerant,corporate,probable,SP_a83c7bd8fab4382fcf75
PERSON_AMAR_MOHAMED,CO_DERMSCAN_TUNISIE,cogerant,corporate,certain,SP_b7ec21acdee43c2b845b
PERSON_RBAII_KAMEL,CO_FLUIDES_SERVICES_INDUSTRIE,gerant,corporate,probable,SP_af6812abf904f4a491ca
PERSON_KHATACHE_JAAFER,CO_SICAR_INVEST,president_ca,corporate,certain,SP_dd88a8fc106f85331a09
PERSON_HASNI_HMIDA,CO_DENVIRONNEMENT_PLANTATION_MOULARES,president_ca,corporate,certain,SP_15dd613dfc7c5181f0be
PERSON_KHMIRI_MEHDI,CO_INNOVEST_SICAR,pdg,corporate,certain,SP_6b8881566dc13ff10f33
PERSON_SELAMI_KHALED,ORGMENTION_Société CBM» représentée par Mr. Mahdi Sellami,pdg,corporate,probable,SP_46e3c8c990f1a18d2a95
PERSON_BAYAHI_TAHER,CO_SERVICE_AUTO_SSA,gerant,corporate,certain,SP_e5f5029683d038803209
PERSON_AOUADI_RAOUF,CO_MAXULA_GESTION,pdg,corporate,certain,SP_9bf414581ba719ea589b
PERSON_JAIDANE_RIADH,CO_NOVA_POULE,member,corporate,certain,SP_997401fa8ae6d7857a26
PERSON_BENAYED_ABDELWAHEB,CO_GROUP_POULINA_HOLDING,pdg,corporate,probable,SP_a5888ef5dad279c665f6
PERSON_CHABCHOUB_MOHAMED,CO_ESSEYAHA,president_ca,corporate,certain,SP_dd242dcf4199cca74c33
PERSON_SADRAN_OLIVIER,CO_NEWREST_SERVICES_TUNISIE,administrateur,corporate,probable,SP_0ea5f7d79f8798c001ad
PERSON_BONATO_BRUNO_EDOUARD,CO_FRANCO_TUNISIENNE_DELEVAGE_AGRICOLE_MOUTON_VERT,gerant,corporate,certain,SP_2cb7b736cc2c65e70dad
PERSON_BENHASINE_YAHIA,CO_LINATEX_PLUS,gerant,corporate,certain,SP_7c83ab0cc4c80d28da24
PERSON_HAJYAHIA_JAMEL_BEL,CO_CEVA_SANTE_ANIMALE_TUNISIE,president_ca,corporate,certain,SP_57f3383919ff1051c70e
PERSON_CHERIF_AHMED,CO_ATELIERS_MECANIQUES_INDUSTRIELS,pdg,corporate,probable,SP_1eb6c5ab1a258d6c1554
PERSON_ZOUHEIR_FAROUK,CO_TUNISIENNE_PANSEMENTS_SOTUPA,dg,corporate,certain,SP_494ae4e18e84dc1a6d04
PERSON_DRIS_MONGI,CO_SICAR_HORIZON,commissaire_aux_comptes,corporate,certain,SP_78cbbc77a92c5c41b3a9
PERSON_DRIS_RAFIAA,CO_SICAR_HORIZON,commissaire_aux_comptes,corporate,certain,SP_e43787ec8489e27dbf00
PERSON_TURKI_YOUSER,CO_SICAR_HORIZON,commissaire_aux_comptes,corporate,certain,SP_b6be302c0b189245629f
PERSON_GHERIANI_MOHAMED_TAOUFIK,CO_MOTEUR,president_ca,corporate,certain,SP_bbfea021d7e574efc648
PERSON_CHAARI_MOHAMED_LASAAD,CO_FH_SERVICES,gerant,corporate,certain,SP_930e385911898e30b9aa
PERSON_HMIDA_ADNEN,CO_FH_SERVICES,gerant,corporate,certain,SP_a56ae0364dc63aeb4cf6
PERSON_KHAYECHE_ALI,CO_FONDERIE_KHAYECHE_CIE,gerant,corporate,certain,SP_425b73a5a0c3378950cb
PERSON_SASI_CHOKRI,CO_CARRIERES_BATIMENT,gerant,corporate,probable,SP_7dc0c51c88d43fefde4f
PERSON_MHIRI_SAMI,CO_CARRIERES_BATIMENT,gerant,corporate,certain,SP_b80bc7b51cde68e41f03
PERSON_SASI_CHOKRI,CO_CARRIERES_BATIMENT,cogerant,corporate,certain,SP_f4e4b9b58a35ec2eec91
PERSON_MZABI_HANEN,CO_BRIGHT_KIDS,gerant,corporate,certain,SP_6f7ead16b3dc035464fb
PERSON_RIPELINO_FRANCESCO,CO_ITALIAN_WATER_BOAT,gerant,corporate,certain,SP_073d7a59d240862e1581
PERSON_DOGHRI_HASINE,ORGMENTION_Compagnie d'Assurances et de Réassurances Tuniso- Europeenne,pdg,corporate,certain,SP_f136b7c2517ece039130
PERSON_ATALAH_ANOUAR,CO_NOUVELLE_MAISON_VILLE_TUNIS_MONOPRIX,administrateur_delegue,corporate,certain,SP_b9835d7ec81925f95d93
PERSON_MAZEI_PATRICE,CO_ARAB_INTERNATIONAL_LEASE,unspecified,corporate,certain,SP_c213220a5eda8ea67cb7
PERSON_SFAR_HABIB_MONTASER,CO_ARAB_INTERNATIONAL_LEASE,unspecified,corporate,certain,SP_b3e62b4485f52eb66cc6
PERSON_EZEDINE_ABDELGHAFAR,CO_ARAB_INTERNATIONAL_LEASE,unspecified,corporate,certain,SP_447e1a570558cd28ca4b
PERSON_ELABODI_KHALED_BENMOHAMED,CO_ARAB_INTERNATIONAL_LEASE,unspecified,corporate,certain,SP_e74f8371f88911d9ada2
PERSON_ESGHAIER_BOUBAKER,CO_ARAB_INTERNATIONAL_LEASE,unspecified,corporate,certain,SP_1812bbcbef68cbecb428
PERSON_REBAI_HICHEM,CO_ARAB_INTERNATIONAL_LEASE,unspecified,corporate,certain,SP_418a53d988b8a36bcbd4
PERSON_BELHIBA_ABDELAZIZ,CO_TAMOIL_TUNISIE,pdg,corporate,certain,SP_fb392a7841ea2203874b
PERSON_CHERIF_MUSTAPHA,ORGMENTION_Catégorie : culturelle,association_president,corporate,certain,SP_51087f57d736356358d8
PERSON_LABIDI_FOUED,ORGMENTION_Catégorie : culturelle,vice_president,corporate,certain,SP_3bb292980ead18376f2b
PERSON_BENMANSOUR_ZIED,ORGMENTION_Catégorie : culturelle,secretaire_general,corporate,certain,SP_8d2568755829bfed3922
PERSON_MOKRANI_CHEDLI,ORGMENTION_Catégorie : culturelle,secretaire_general_adj,corporate,certain,SP_9e7680b84384af17b50d
PERSON_DALI_HAGER,ORGMENTION_Catégorie : culturelle,treasurer,corporate,certain,SP_ca9647bc63822c9d4c7c
PERSON_BAYAHI_YAHIA,ORGMENTION_Dépôt rapport du commissaire aux comptes,pdg,corporate,certain,SP_14c5d8c9c44f110d74eb
PERSON_MAHMOUDI_HOUDA,CO_COULEURS_MATIERES,gerant,corporate,certain,SP_16ae5bf0b35faa33996c
PERSON_KOOLI_ABDELAZIZ,CO_INTERNATIONALE_PRODUCTION_PAPIER,administrateur,corporate,certain,SP_7740c66bc1d6098c84d9
PERSON_BENAYED_ABDESALEM,CO_INTERNATIONALE_PRODUCTION_PAPIER,administrateur,corporate,certain,SP_d477e984463c34b0f343
PERSON_KOOLI_ABDELAZIZ,CO_INTERNATIONALE_PRODUCTION_PAPIER,pdg,corporate,certain,SP_e8b1c51747f1dd94c8cc
PERSON_KAMOUN_MONCEF,CO_POLYCLINIQUE_INTERNATIONALE_RIADH_ENNASR_PIRESA,gerant,corporate,certain,SP_65df109a21ad0bf108af
PERSON_ALOUI_SAID,CO_SOIVM_SICAF,president_ca,corporate,certain,SP_12889bcf549cec4258aa
PERSON_KARABORNI_MOHAMED_NEJIB,CO_SOIVM_SICAF,dg,corporate,certain,SP_bae427f112f27242482a
PERSON_MOSO_DARIO,CO_LARIA_INT,association_president,corporate,certain,SP_724bd7bb725479e6bfe4
PERSON_ABED_RAFIK,CO_NEPTUS,gerant,corporate,certain,SP_5339ce283337b6a4cbb2
PERSON_BAHLOUL_MOHAMED,CO_EL_BARAKA,administrateur,corporate,certain,SP_b741a189cf0443c0827d
PERSON_BOUZGUENDA_LASAAD,CO_MODERNE_CERAMIQUE_SOMOCER,unspecified,corporate,certain,SP_3ff701927577f451b386
PERSON_AOUDNI_ABDELMAJID,CO_MODERNE_CERAMIQUE_SOMOCER,unspecified,corporate,certain,SP_f35701e94284d0a622c3
PERSON_JAIDANE_RIADH,CO_MODERNE_CERAMIQUE_SOMOCER,unspecified,corporate,certain,SP_27be1468edc1557922e1
PERSON_ZOUARI_MOEZ,CO_MODERNE_CERAMIQUE_SOMOCER,unspecified,corporate,certain,SP_663f025ae96ed67f4545
PERSON_ZOUARI_MAHER,CO_MODERNE_CERAMIQUE_SOMOCER,unspecified,corporate,certain,SP_53e0b6e6cdd82a0ed785
PERSON_KOOLI_ABDELAZIZ,CO_FERZ,pdg,corporate,certain,SP_69830fa531a8acaaa96a
PERSON_SELAMI_ABDELMONAEM,CO_YASMINE_NEGOCE,gerant,corporate,certain,SP_09cb42399d74116706ee
PERSON_DAOUED_MOHAMED,CO_OUR_CO_TOURISM_SERVICES,pdg,corporate,probable,SP_ff8a3abe6eab9d813e8b
PERSON_ABAS_SADREDINE,CO_TAMWIL_SICAR,pdg,corporate,certain,SP_b7d83a80beed16614e82
PERSON_BESBES_AHMED,CO_INTERNATIONAL_MAGHREB_MERCHANT_BANK,dg,corporate,certain,SP_67df6272bcb72a6951f0
PERSON_SLAMA_RIDHA,CO_SLAMA_SICAF,administrateur,corporate,probable,SP_590b148a1f56d7d0930b
PERSON_SLAMA_ABELHAKIM,CO_SLAMA_SICAF,administrateur,corporate,probable,SP_de48e0a840f1660ba616
PERSON_SLAMA_RIDHA,CO_SLAMA_SICAF,pdg,corporate,probable,SP_083e813dafbc162e1986
PERSON_ABAS_FERID,ORGMENTION_Amwell Capital Ventures,administrateur,corporate,probable,SP_e6784cad3e674d3f33ed
PERSON_ABAS_HAMADI,ORGMENTION_Amwell Capital Ventures,administrateur,corporate,probable,SP_b80e7694099bea4c1f92
PERSON_ABAS_SADEREDINE,ORGMENTION_Amwell Capital Ventures,administrateur,corporate,probable,SP_b4a1d169928474848ea4
PERSON_ABAS_CHIRAZ,ORGMENTION_Amwell Capital Ventures,administrateur,corporate,probable,SP_986d445317865d4adbb8
PERSON_BAIZIG_NEDRA,ORGMENTION_Amwell Capital Ventures,administrateur,corporate,probable,SP_0afa986ea8de7724cf89
PERSON_BAYAHI_YAHIA,CO_PROMOTION_IMMOBILIERE_MONTFLEURY,pdg,corporate,certain,SP_e5cba4ba92a659a4b6ae
PERSON_SIOUD_TAHER,CO_TANIT_INTERNATIONAL,president_ca,corporate,certain,SP_7ed8d8babb95104acfc9
PERSON_CHARFI_MOHAMED_FAOUZI,ORGMENTION_,member,corporate,certain,SP_0beec800260384107fc3
PERSON_ELOUMI_FAOUZI,CO_ELITEC_INTERNATIONAL,gerant,corporate,probable,SP_1bdb7c05cb5d73153256
PERSON_ANANE_BRAHIM,CO_TUNISIE_PARK_SERVICES,administrateur,corporate,probable,SP_a967dfd24b629a32e52d
PERSON_BAYAHI_TAIEB,CO_TUNISIE_PARK_SERVICES,pdg,corporate,certain,SP_741e6e72546a0e0e9bba
PERSON_BENSAAD_MOHAMED_HABIB,CO_TRAVAUX_INDUSTRIELS,gerant,corporate,certain,SP_a03de220a95bb001edf8
PERSON_HELAL_BOUBAKAR,CO_MARBRERIE_NEW_MODE,gerant,corporate,certain,SP_35fecf6ae9a05d53bdff
PERSON_RIEGLER_ANDREAS,CO_GERMAN_TELEMARKETING_CENTER,gerant,corporate,certain,SP_8004ac7082978dc7a7c8
PERSON_HAMAMI_SAHBI,CO_WORLD_FREE_TRADING_COMPANY,gerant,corporate,certain,SP_01f59f94fd73befa541b
PERSON_KAFEL_MOHAMED_RACHID_RAFIK,CO_RECOPNEU_RECOPNEU_ALPHA,pdg,corporate,probable,SP_dc39a9d8721a47151b04
PERSON_KTARI_SLAHEDINE,CO_RECOPNEU_RECOPNEU_ALPHA,pdg,corporate,probable,SP_a94b5eaaedad6497534c
PERSON_BAYAHI_YAHIA,CO_COMPAGNIE_FINANCIERE_D_INVESTISSEMENT,unspecified,corporate,probable,SP_80e6a90d2a595a1f1638
PERSON_BAYAHI_YAHIA,ORGMENTION_Dépôt des États Financiers & du Rapport du Commissaire aux C,unspecified,corporate,probable,SP_a73142f304305efa188f
PERSON_BAYAHI_YAHIA,ORGMENTION_Dépôt des États Financiers & du Rapport du Commissaire aux C,pdg,corporate,certain,SP_5d421ef2c076febefcb3
PERSON_CHAABANE_LOTFI,CO_BEB_EL_HARA,gerant,corporate,certain,SP_0b2212f6a275f4a46417
PERSON_BENSAID_IBRAHIM,CO_COMPAGNIE_BEN_SAID_IBRAHIM,gerant,corporate,certain,SP_cb642155c9777bda309e
PERSON_BOURICHA_KHALED,CO_AGRICOLE_DAKHLA,association_president,corporate,certain,SP_eb42ea07314e308bc922
PERSON_AMARA_MOURAD_MHENI,CO_MANAGEMENT_HOTELIER_INTERNATIONAL,pdg,corporate,probable,SP_5b88d1000f311297e854
PERSON_KAMOUN_MOEZ,CO_PROGRES,gerant,corporate,certain,SP_53c50f9e89082365f562
PERSON_BELAJOUZA_MOHAMED,CO_BEL_TOURISME,administrateur,corporate,probable,SP_200770c0ff41014e1152
PERSON_BELAJOUZA_MOURAD,CO_BEL_TOURISME,administrateur,corporate,probable,SP_a8ab35c1ffde4108ec81
PERSON_KHALIL_MOHAMED,CO_PRO_MES,gerant,corporate,certain,SP_5ae81a5be23285ea0519
PERSON_MZABI_MZOUGHI,CO_PALM_AZUR,association_president,corporate,certain,SP_dbe3483c31acaed81150
PERSON_CHETAOUI_NABIL,CO_AVIATION_IT_SERVICES_AFRICA,administrateur,corporate,probable,SP_b212ffc10f9e44f1e6ad
PERSON_THAMRI_MOHAMED,CO_AVIATION_IT_SERVICES_AFRICA,president_ca,corporate,probable,SP_d9bf0036be6a85c075fe
PERSON_CHETAOUI_NABIL,CO_AVIATION_IT_SERVICES_AFRICA,president_ca,corporate,probable,SP_2b44074e10575912b30e
PERSON_THAMRI_MOHAMED,CO_AVIATION_IT_SERVICES_AFRICA,unspecified,corporate,probable,SP_d624f6599dd636d892d0
PERSON_FARSI_MOHAMED,CO_TOPNET,administrateur,corporate,certain,SP_94ec3b7de9e965d088dd
PERSON_TEKAYA_MEHDI,CO_OXIA_TUNISIE,administrateur,corporate,probable,SP_98c9068b95f3eda4c0ac
PERSON_EUGENIO_MARCO,CO_ITALIAN_FOODS,gerant,corporate,certain,SP_1bab9bd7d1a772124490
PERSON_ABDENADHER_AMEUR,CO_CBS,gerant,corporate,probable,SP_9eef0ad8f94309ff2cbf
PERSON_AZAIEZ_SLIM,CO_SLIM_FRUITS,pdg,corporate,probable,SP_804b3bd0256a05eafd1f
PERSON_ZAGHDOUD_MEKI,CO_SUD_SERVICES_DISTRIBUTION_PETROLES,gerant,corporate,certain,SP_6ae21ddf6aa693c5bf27
PERSON_ZERZERI_MEHDI,CO_EUROMAG,unspecified,corporate,certain,SP_430eb882d76ff4638b90
PERSON_ZERZERI_MOHAMED_RIDHA_HEDI,CO_EUROMAG,unspecified,corporate,certain,SP_77114afe8777d567f8d6
PERSON_HMIMED_MOHAMED_ALI,CO_STARLETTE_II,gerant,corporate,certain,SP_69281386a3909fe49d50
PERSON_BILIK_MABROUK,CO_IRRI_SYSTEMES,gerant,corporate,certain,SP_928c825c1de72b4c82bb
PERSON_FETNASI_SAMI,CO_RAYEN_CHIMIE,liquidateur,corporate,certain,SP_cf33249fcb4bbfa099bd
PERSON_BENMESBAH_MOHAMED_LOTFI,CO_CLINIQUE_ESSALAMA_DIALYSE,gerant,corporate,certain,SP_a3fadba548b083006c06
PERSON_MEKI_ALI,GOV_MINISTERE_FINANCES,unspecified,state,certain,SP_862b08fe4ce0481e9d43
PERSON_BOUSLAMA_BOUBAKER,GOV_MINISTERE_L_EQUIPEMENT_L_HABITAT_L_AMENAGEMENT_TERRITOIRE,unspecified,state,certain,SP_df39ae24b0ac77cd0a1d
PERSON_BOUMALOUKA_HICHEM,GOV_MINISTERE_FINANCES,sous_directeur,state,certain,SP_085e344028a9ccf3f959
PERSON_KAROUI_RIADH,GOV_MINISTERE_FINANCES,unspecified,state,certain,SP_8f6968b9356eb0f448d4
PERSON_BENOUR_FETHI,GOV_MINISTERE_L_INDUSTRIE,unspecified,state,certain,SP_a72232044d50313b08c5
PERSON_BENALGIA_IBTISEM,GOV_MINISTERE_FINANCES,sous_directeur,state,certain,SP_999a6734588f383e866a
PERSON_BESAIS_BRAHIM,GOV_MINISTERE_L_ENSEIGNEMENT_SUPERIEUR_RECHERCHE_SCIENTIFIQUE,dg,state,certain,SP_394e47da3923badd190a
PERSON_BOUSLAMA_BOUBAKER,GOV_MINISTERE_L_EQUIPEMENT_L_HABITAT_L_AMENAGEMENT_TERRITOIRE,representant,state,certain,SP_8fb5aafbe96d2e4e4091
PERSON_KAROUI_RIADH,GOV_MINISTERE_FINANCES,minister,state,certain,SP_c656550fe5ec1c68bf19
