issue_uid,collection,year_dir,issue,issue_no,issue_no_end,is_double_issue,pub_date,pub_date_lo,pub_date_hi,date_source,date_confidence,masthead_date,header_date,n_header_votes,header_agrees,weekday_stated,weekday_actual,weekday_consistent,annee_ordinal,annee_implied_year,annee_consistent,hijri_year,hijri_plausible,n_ocr_pages,folio_first,folio_last,script_lang,needs_review,review_note
annonces-legales/fr/2008/001,annonces-legales,2008,001,1,,,2008-01-01,2008-01-01,2008-01-01,masthead+header,0.99,2008-01-01,2008-01-01,52,True,mardi,mardi,True,23,2007,True,1428,True,56,2,50,fr,False,
annonces-legales/fr/2008/002,annonces-legales,2008,002,2,,,2008-01-04,2008-01-04,2008-01-04,masthead+header,0.99,2008-01-04,2008-01-04,61,True,vendredi,vendredi,True,23,2007,True,1428,True,80,58,130,fr,False,
annonces-legales/fr/2008/003,annonces-legales,2008,003,3,,,2008-01-08,2008-01-08,2008-01-08,masthead+header,0.99,2008-01-08,2008-01-08,54,True,mardi,mardi,True,23,2007,True,1428,True,56,138,190,fr,False,
annonces-legales/fr/2008/004,annonces-legales,2008,004,4,,,2008-01-11,2008-01-11,2008-01-11,masthead+header,0.99,2008-01-11,2008-01-11,62,True,vendredi,vendredi,True,24,2008,True,1429,True,64,194,244,fr,False,
annonces-legales/fr/2008/005,annonces-legales,2008,005,5,,,2008-01-15,2008-01-15,2008-01-15,masthead+header,0.99,2008-01-15,2008-01-15,22,True,mardi,mardi,True,24,2008,True,1429,True,24,258,273,fr,False,
annonces-legales/fr/2008/006,annonces-legales,2008,006,6,,,2008-01-18,2008-01-18,2008-01-18,masthead+header,0.99,2008-01-18,2008-01-18,58,True,vendredi,vendredi,True,24,2008,True,1429,True,64,282,333,fr,False,
annonces-legales/fr/2008/007,annonces-legales,2008,007,7,,,2008-01-22,2008-01-22,2008-01-22,masthead+header,0.99,2008-01-22,2008-01-22,41,True,mardi,mardi,True,24,2008,True,1429,True,48,346,386,fr,False,
annonces-legales/fr/2008/008,annonces-legales,2008,008,8,,,2008-01-25,2008-01-25,2008-01-25,masthead+header,0.99,2008-01-25,2008-01-25,84,True,vendredi,vendredi,True,24,2008,True,1429,True,88,394,478,fr,False,
annonces-legales/fr/2008/009,annonces-legales,2008,009,9,,,2008-01-29,2008-01-29,2008-01-29,masthead+header,0.99,2008-01-29,2008-01-29,46,True,mardi,mardi,True,24,2008,True,1429,True,48,482,521,fr,False,
annonces-legales/fr/2008/010,annonces-legales,2008,010,10,,,2008-02-01,2008-02-01,2008-02-01,masthead+header,0.99,2008-02-01,2008-02-01,77,True,vendredi,vendredi,True,24,2008,True,1429,True,80,530,604,fr,False,
annonces-legales/fr/2008/011,annonces-legales,2008,011,11,,,2008-02-05,2008-02-05,2008-02-05,masthead+header,0.99,2008-02-05,2008-02-05,52,True,mardi,mardi,True,24,2008,True,1429,True,56,610,660,fr,False,
annonces-legales/fr/2008/012,annonces-legales,2008,012,12,,,2008-02-08,2008-02-08,2008-02-08,masthead+header,0.99,2008-02-08,2008-02-08,61,True,vendredi,vendredi,True,24,2008,True,1429,True,64,666,726,fr,False,
annonces-legales/fr/2008/013,annonces-legales,2008,013,13,,,2008-02-12,2008-02-12,2008-02-12,masthead+header,0.99,2008-02-12,2008-02-12,45,True,mardi,mardi,True,24,2008,True,1429,True,48,730,774,fr,False,
annonces-legales/fr/2008/014,annonces-legales,2008,014,14,,,2008-02-15,2008-02-15,2008-02-15,masthead+header,0.99,2008-02-15,2008-02-15,76,True,vendredi,vendredi,True,24,2008,True,1429,True,80,778,852,fr,False,
annonces-legales/fr/2008/015,annonces-legales,2008,015,15,,,2008-02-19,2008-02-19,2008-02-19,masthead+header,0.99,2008-02-19,2008-02-19,62,True,mardi,mardi,True,24,2008,True,1429,True,64,858,912,fr,False,
annonces-legales/fr/2008/016,annonces-legales,2008,016,16,,,2008-02-22,2008-02-22,2008-02-22,masthead+header,0.99,2008-02-22,2008-02-22,76,True,vendredi,vendredi,True,24,2008,True,1429,True,80,922,992,fr,False,
annonces-legales/fr/2008/017,annonces-legales,2008,017,17,,,2008-02-26,2008-02-26,2008-02-26,masthead+header,0.99,2008-02-26,2008-02-26,37,True,mardi,mardi,True,24,2008,True,1429,True,40,1002,1036,fr,False,
annonces-legales/fr/2008/018,annonces-legales,2008,018,18,,,2008-02-29,2008-02-29,2008-02-29,masthead+header,0.99,2008-02-29,2008-02-29,66,True,vendredi,vendredi,True,24,2008,True,1429,True,80,1042,1113,fr,False,
annonces-legales/fr/2008/019,annonces-legales,2008,019,19,,,2008-03-04,2008-03-04,2008-03-04,masthead+header,0.99,2008-03-04,2008-03-04,45,True,mardi,mardi,True,24,2008,True,1429,True,48,1122,1165,fr,False,
annonces-legales/fr/2008/020,annonces-legales,2008,020,20,,,2008-03-07,2008-03-07,2008-03-07,masthead+header,0.99,2008-03-07,2008-03-07,93,True,vendredi,vendredi,True,24,2008,True,1429,True,96,1170,1260,fr,False,
annonces-legales/fr/2008/021,annonces-legales,2008,021,21,,,2008-03-11,2008-03-11,2008-03-11,masthead+header,0.99,2008-03-11,2008-03-11,57,True,mardi,mardi,True,24,2008,True,1429,True,64,1266,1321,fr,False,
annonces-legales/fr/2008/022,annonces-legales,2008,022,22,,,2008-03-14,2008-03-14,2008-03-14,masthead+header,0.99,2008-03-14,2008-03-14,78,True,vendredi,vendredi,True,24,2008,True,1429,True,80,1330,1405,fr,False,
annonces-legales/fr/2008/023,annonces-legales,2008,023,23,,,2008-03-18,2008-03-18,2008-03-18,masthead+header,0.99,2008-03-18,2008-03-18,53,True,mardi,mardi,True,24,2008,True,1429,True,56,1410,1462,fr,False,
annonces-legales/fr/2008/024,annonces-legales,2008,024,24,,,2008-03-21,2008-03-21,2008-03-21,masthead+header,0.99,2008-03-21,2008-03-21,22,True,vendredi,vendredi,True,24,2008,True,1429,True,24,1466,1481,fr,False,
annonces-legales/fr/2008/025,annonces-legales,2008,025,25,,,2008-03-25,2008-03-25,2008-03-25,masthead+header,0.99,2008-03-25,2008-03-25,37,True,mardi,mardi,True,24,2008,True,1429,True,40,1490,1526,fr,False,
annonces-legales/fr/2008/026,annonces-legales,2008,026,26,,,2008-03-28,2008-03-28,2008-03-28,masthead+header,0.99,2008-03-28,2008-03-28,90,True,vendredi,vendredi,True,24,2008,True,1429,True,96,1530,1620,fr,False,
annonces-legales/fr/2008/027,annonces-legales,2008,027,27,,,2008-04-01,2008-04-01,2008-04-01,masthead+header,0.99,2008-04-01,2008-04-01,93,True,mardi,mardi,True,24,2008,True,1429,True,96,1626,1718,fr,False,
annonces-legales/fr/2008/028,annonces-legales,2008,028,28,,,2008-04-04,2008-04-04,2008-04-04,masthead+header,0.99,2008-04-04,2008-04-04,76,True,vendredi,vendredi,True,24,2008,True,1429,True,80,1722,1797,fr,False,
annonces-legales/fr/2008/029,annonces-legales,2008,029,29,,,2008-04-08,2008-04-08,2008-04-08,masthead+header,0.99,2008-04-08,2008-04-08,46,True,mardi,mardi,True,24,2008,True,1429,True,48,1802,1847,fr,False,
annonces-legales/fr/2008/030,annonces-legales,2008,030,30,,,2008-04-11,2008-04-11,2008-04-11,masthead+header,0.99,2008-04-11,2008-04-11,94,True,vendredi,vendredi,True,24,2008,True,1429,True,96,1850,1939,fr,False,
annonces-legales/fr/2008/031,annonces-legales,2008,031,31,,,2008-04-15,2008-04-15,2008-04-15,masthead+header,0.99,2008-04-15,2008-04-15,29,True,mardi,mardi,True,24,2008,True,1429,True,32,1946,1974,fr,False,
annonces-legales/fr/2008/032,annonces-legales,2008,032,32,,,2008-04-18,2008-04-18,2008-04-18,masthead+header,0.99,2008-04-18,2008-04-18,73,True,vendredi,vendredi,True,24,2008,True,1429,True,80,1978,2050,fr,False,
annonces-legales/fr/2008/033,annonces-legales,2008,033,33,,,2008-04-22,2008-04-22,2008-04-22,masthead+header,0.99,2008-04-22,2008-04-22,50,True,mardi,mardi,True,24,2008,True,1429,True,56,2058,2101,fr,False,
annonces-legales/fr/2008/034,annonces-legales,2008,034,34,,,2008-04-25,2008-04-25,2008-04-25,masthead+header,0.99,2008-04-25,2008-04-25,68,True,vendredi,vendredi,True,24,2008,True,1429,True,72,2114,2181,fr,False,
annonces-legales/fr/2008/035,annonces-legales,2008,035,35,,,2008-04-29,2008-04-29,2008-04-29,masthead+header,0.99,2008-04-29,2008-04-29,99,True,mardi,mardi,True,24,2008,True,1429,True,104,2186,2284,fr,False,
annonces-legales/fr/2008/036,annonces-legales,2008,036,36,,,2008-05-02,2008-05-02,2008-05-02,masthead+header,0.99,2008-05-02,2008-05-02,52,True,vendredi,vendredi,True,24,2008,True,1429,True,56,2290,2339,fr,False,
annonces-legales/fr/2008/037,annonces-legales,2008,037,37,,,2008-05-06,2008-05-06,2008-05-06,masthead+header,0.99,2008-05-06,2008-05-06,36,True,mardi,mardi,True,24,2008,True,1429,True,40,2353,2382,fr,False,
annonces-legales/fr/2008/038,annonces-legales,2008,038,38,,,2008-05-09,2008-05-09,2008-05-09,masthead+header,0.99,2008-05-09,2008-05-09,99,True,vendredi,vendredi,True,24,2008,True,1429,True,104,2386,2481,fr,False,
annonces-legales/fr/2008/039,annonces-legales,2008,039,39,,,2008-05-13,2008-05-13,2008-05-13,masthead+header,0.99,2008-05-13,2008-05-13,54,True,mardi,mardi,True,24,2008,True,1429,True,56,2490,2542,fr,False,
annonces-legales/fr/2008/040,annonces-legales,2008,040,40,,,2008-05-16,2008-05-16,2008-05-16,masthead+header,0.99,2008-05-16,2008-05-16,76,True,vendredi,vendredi,True,24,2008,True,1429,True,80,2546,2620,fr,False,
annonces-legales/fr/2008/041,annonces-legales,2008,041,41,,,2008-05-20,2008-05-20,2008-05-20,masthead+header,0.99,2008-05-20,2008-05-20,62,True,mardi,mardi,True,24,2008,True,1429,True,64,2626,2683,fr,False,
annonces-legales/fr/2008/042,annonces-legales,2008,042,42,,,2008-05-23,2008-05-23,2008-05-23,masthead+header,0.99,2008-05-23,2008-05-23,69,True,vendredi,vendredi,True,24,2008,True,1429,True,72,2690,2758,fr,False,
annonces-legales/fr/2008/043,annonces-legales,2008,043,43,,,2008-05-27,2008-05-27,2008-05-27,masthead+header,0.99,2008-05-27,2008-05-27,61,True,mardi,mardi,True,24,2008,True,1429,True,64,2762,2821,fr,False,
annonces-legales/fr/2008/044,annonces-legales,2008,044,44,,,2008-05-30,2008-05-30,2008-05-30,masthead+header,0.99,2008-05-30,2008-05-30,74,True,vendredi,vendredi,True,24,2008,True,1429,True,80,2826,2898,fr,False,
annonces-legales/fr/2008/045,annonces-legales,2008,045,45,,,2008-06-03,2008-06-03,2008-06-03,masthead+header,0.99,2008-06-03,2008-06-03,68,True,mardi,mardi,True,24,2008,True,1429,True,72,2906,2972,fr,False,
annonces-legales/fr/2008/046,annonces-legales,2008,046,46,,,2008-06-06,2008-06-06,2008-06-06,masthead+header,0.99,2008-06-06,2008-06-06,93,True,vendredi,vendredi,True,24,2008,True,1429,True,96,2978,3070,fr,False,
annonces-legales/fr/2008/047,annonces-legales,2008,047,47,,,2008-06-10,2008-06-10,2008-06-10,masthead+header,0.99,2008-06-10,2008-06-10,61,True,mardi,mardi,True,24,2008,True,1429,True,64,3074,3128,fr,False,
annonces-legales/fr/2008/048,annonces-legales,2008,048,48,,,2008-06-13,2008-06-13,2008-06-13,masthead+header,0.99,2008-06-13,2008-06-13,106,True,vendredi,vendredi,True,24,2008,True,1429,True,112,3138,3246,fr,False,
annonces-legales/fr/2008/049,annonces-legales,2008,049,49,,,2008-06-17,2008-06-17,2008-06-17,masthead+header,0.99,2008-06-17,2008-06-17,61,True,mardi,mardi,True,24,2008,True,1429,True,64,3250,3309,fr,False,
annonces-legales/fr/2008/050,annonces-legales,2008,050,50,,,2008-06-20,2008-06-20,2008-06-20,masthead+header,0.99,2008-06-20,2008-06-20,75,True,vendredi,vendredi,True,24,2008,True,1429,True,80,3314,3388,fr,False,
annonces-legales/fr/2008/051,annonces-legales,2008,051,51,,,2008-06-24,2008-06-24,2008-06-24,masthead+header,0.99,2008-06-24,2008-06-24,41,True,mardi,mardi,True,24,2008,True,1429,True,48,3394,3430,fr,False,
annonces-legales/fr/2008/052,annonces-legales,2008,052,52,,,2008-06-27,2008-06-27,2008-06-27,masthead+header,0.99,2008-06-27,2008-06-27,27,True,vendredi,vendredi,True,24,2008,True,1429,True,32,3442,3464,fr,False,
annonces-legales/fr/2008/053,annonces-legales,2008,053,53,,,2008-06-30,2008-06-30,2008-06-30,masthead+header,0.99,2008-06-30,2008-06-30,62,True,lundi,lundi,True,24,2008,True,1429,True,64,3474,3534,fr,False,
annonces-legales/fr/2008/054,annonces-legales,2008,054,54,,,2008-07-02,2008-07-02,2008-07-02,masthead+header,0.99,2008-07-02,2008-07-02,60,True,mercredi,mercredi,True,24,2008,True,1429,True,64,3538,3594,fr,False,
annonces-legales/fr/2008/055,annonces-legales,2008,055,55,,,2008-07-04,2008-07-04,2008-07-04,masthead+header,0.99,2008-07-04,2008-07-04,51,True,vendredi,vendredi,True,24,2008,True,1429,True,56,3602,3654,fr,False,
annonces-legales/fr/2008/056,annonces-legales,2008,056,56,,,2008-07-07,2008-07-07,2008-07-07,masthead+header,0.99,2008-07-07,2008-07-07,34,True,lundi,lundi,True,24,2008,True,1429,True,40,3658,3690,fr,False,
annonces-legales/fr/2008/057,annonces-legales,2008,057,57,,,2008-07-09,2008-07-09,2008-07-09,masthead+header,0.99,2008-07-09,2008-07-09,44,True,mercredi,mercredi,True,24,2008,True,1429,True,48,3698,3740,fr,False,
annonces-legales/fr/2008/058,annonces-legales,2008,058,58,,,2008-07-11,2008-07-11,2008-07-11,masthead+header,0.99,2008-07-11,2008-07-11,53,True,,,,24,2008,True,1429,True,56,3746,3798,fr,False,
annonces-legales/fr/2008/059,annonces-legales,2008,059,59,,,2008-07-14,2008-07-14,2008-07-14,masthead+header,0.99,2008-07-14,2008-07-14,37,True,lundi,lundi,True,24,2008,True,1429,True,40,3802,3830,fr,False,
annonces-legales/fr/2008/060,annonces-legales,2008,060,60,,,2008-07-16,2008-07-16,2008-07-16,masthead+header,0.99,2008-07-16,2008-07-16,45,True,mercredi,mercredi,True,24,2008,True,1429,True,48,3842,3886,fr,False,
annonces-legales/fr/2008/061,annonces-legales,2008,061,61,,,2008-07-18,2008-07-18,2008-07-18,masthead_weekday_arbitrated,0.93,2008-07-18,2008-07-16,62,False,vendredi,vendredi,True,24,2008,True,1429,True,64,3890,3950,fr,True,header said 2008-07-16; weekday favours masthead
annonces-legales/fr/2008/062,annonces-legales,2008,062,62,,,2008-07-21,2008-07-21,2008-07-21,masthead+header,0.99,2008-07-21,2008-07-21,38,True,lundi,lundi,True,24,2008,True,1429,True,40,3954,3990,fr,False,
annonces-legales/fr/2008/063,annonces-legales,2008,063,63,,,2008-07-23,2008-07-23,2008-07-23,masthead+header,0.99,2008-07-23,2008-07-23,22,True,mercredi,mercredi,True,24,2008,True,1429,True,24,3994,4015,fr,False,
annonces-legales/fr/2008/064,annonces-legales,2008,064,64,,,2008-07-25,2008-07-25,2008-07-25,masthead+header,0.99,2008-07-25,2008-07-25,22,True,vendredi,vendredi,True,24,2008,True,1429,True,24,1,4038,fr,False,
annonces-legales/fr/2008/065,annonces-legales,2008,065,65,,,2008-07-28,2008-07-28,2008-07-28,masthead+header,0.99,2008-07-28,2008-07-28,36,True,lundi,lundi,True,24,2008,True,1429,True,40,4042,4074,fr,False,
annonces-legales/fr/2008/066,annonces-legales,2008,066,66,,,2008-07-30,2008-07-30,2008-07-30,masthead+header,0.99,2008-07-30,2008-07-30,37,True,mercredi,mercredi,True,24,2008,True,1429,True,40,4082,4118,fr,False,
annonces-legales/fr/2008/067,annonces-legales,2008,067,67,,,2008-07-31,2008-07-31,2008-07-31,masthead_weekday_arbitrated,0.93,2008-07-31,2008-07-30,7,False,jeudi,jeudi,True,24,2008,True,1429,True,16,4122,4134,fr,True,header said 2008-07-30; weekday favours masthead
annonces-legales/fr/2008/068,annonces-legales,2008,068,68,,,2008-08-01,2008-08-01,2008-08-01,masthead+header,0.99,2008-08-01,2008-08-01,29,True,vendredi,vendredi,True,24,2008,True,1429,True,32,4138,4166,fr,False,
annonces-legales/fr/2008/069,annonces-legales,2008,069,69,,,2008-08-04,2008-08-04,2008-08-04,masthead+header,0.99,2008-08-04,2008-08-04,30,True,lundi,lundi,True,24,2008,True,1429,True,32,4170,4198,fr,False,
annonces-legales/fr/2008/070,annonces-legales,2008,070,70,,,2008-08-05,2008-08-05,2008-08-05,masthead+header,0.99,2008-08-05,2008-08-05,30,True,mardi,mardi,True,24,2008,True,1429,True,32,4202,4228,fr,False,
annonces-legales/fr/2008/071,annonces-legales,2008,071,71,,,2008-08-06,2008-08-06,2008-08-06,masthead+header,0.99,2008-08-06,2008-08-06,14,True,mercredi,mercredi,True,24,2008,True,1429,True,16,4234,4241,fr,False,
annonces-legales/fr/2008/072,annonces-legales,2008,072,72,,,2008-08-07,2008-08-07,2008-08-07,masthead+header,0.99,2008-08-07,2008-08-07,29,True,jeudi,jeudi,True,24,2008,True,1429,True,32,4250,4277,fr,False,
annonces-legales/fr/2008/073,annonces-legales,2008,073,73,,,2008-08-08,2008-08-08,2008-08-08,masthead+header,0.99,2008-08-08,2008-08-08,29,True,vendredi,vendredi,True,24,2008,True,1429,True,32,4282,4310,fr,False,
annonces-legales/fr/2008/074,annonces-legales,2008,074,74,,,2008-08-11,2008-08-11,2008-08-11,masthead+header,0.99,2008-08-11,2008-08-11,30,True,lundi,lundi,True,24,2008,True,1429,True,32,4314,4342,fr,False,
annonces-legales/fr/2008/075,annonces-legales,2008,075,75,,,2008-08-12,2008-08-12,2008-08-12,masthead+header,0.99,2008-08-12,2008-08-12,27,True,mardi,mardi,True,24,2008,True,1429,True,32,4346,4372,fr,False,
annonces-legales/fr/2008/076,annonces-legales,2008,076,76,,,2008-08-13,2008-08-13,2008-08-13,masthead+header,0.99,2008-08-13,2008-08-13,14,True,mercredi,mercredi,True,24,2008,True,1429,True,16,4378,4391,fr,False,
annonces-legales/fr/2008/077,annonces-legales,2008,077,77,,,2008-08-14,2008-08-14,2008-08-14,masthead+header,0.99,2008-08-14,2008-08-14,28,True,jeudi,jeudi,True,24,2008,True,1429,True,32,4394,4417,fr,False,
annonces-legales/fr/2008/078,annonces-legales,2008,078,78,,,2008-08-15,2008-08-15,2008-08-15,masthead+header,0.99,2008-08-15,2008-08-15,29,True,vendredi,vendredi,True,24,2008,True,1429,True,32,4426,4453,fr,False,
annonces-legales/fr/2008/079,annonces-legales,2008,079,79,,,2008-08-18,2008-08-18,2008-08-18,masthead+header,0.99,2008-08-18,2008-08-18,28,True,lundi,lundi,True,24,2008,True,1429,True,32,4458,4484,fr,False,
annonces-legales/fr/2008/080,annonces-legales,2008,080,80,,,2008-08-19,2008-08-19,2008-08-19,masthead+header,0.99,2008-08-19,2008-08-19,29,True,mardi,mardi,True,24,2008,True,1429,True,32,4490,4518,fr,False,
annonces-legales/fr/2008/081,annonces-legales,2008,081,81,,,2008-08-21,2008-08-21,2008-08-21,masthead+header,0.99,2008-08-21,2008-08-21,27,True,jeudi,jeudi,True,24,2008,True,1429,True,32,4522,4548,fr,False,
annonces-legales/fr/2008/082,annonces-legales,2008,082,82,,,2008-08-22,2008-08-22,2008-08-22,masthead+header,0.99,2008-08-22,2008-08-22,30,True,vendredi,vendredi,True,24,2008,True,1429,True,32,4554,4583,fr,False,
annonces-legales/fr/2008/083,annonces-legales,2008,083,83,,,2008-08-25,2008-08-25,2008-08-25,masthead+header,0.99,2008-08-25,2008-08-25,14,True,lundi,lundi,True,24,2008,True,1429,True,16,4586,4592,fr,False,
annonces-legales/fr/2008/084,annonces-legales,2008,084,84,,,2008-08-26,2008-08-26,2008-08-26,masthead+header,0.99,2008-08-26,2008-08-26,29,True,mardi,mardi,True,24,2008,True,1429,True,32,4602,4628,fr,False,
annonces-legales/fr/2008/085,annonces-legales,2008,085,85,,,2008-08-27,2008-08-27,2008-08-27,masthead+header,0.99,2008-08-27,2008-08-27,30,True,mercredi,mercredi,True,24,2008,True,1429,True,32,4634,4662,fr,False,
annonces-legales/fr/2008/086,annonces-legales,2008,086,86,,,2008-08-28,2008-08-28,2008-08-28,masthead+header,0.99,2008-08-28,2008-08-28,30,True,jeudi,jeudi,True,24,2008,True,1429,True,32,4666,4694,fr,False,
annonces-legales/fr/2008/087,annonces-legales,2008,087,87,,,2008-08-29,2008-08-29,2008-08-29,masthead+header,0.99,2008-08-29,2008-08-29,37,True,vendredi,vendredi,True,24,2008,True,1429,True,40,4698,4734,fr,False,
annonces-legales/fr/2008/088,annonces-legales,2008,088,88,,,2008-09-01,2008-09-01,2008-09-01,masthead+header,0.99,2008-09-01,2008-09-01,35,True,lundi,lundi,True,24,2008,True,1429,True,48,4738,4780,fr,False,
annonces-legales/fr/2008/089,annonces-legales,2008,089,89,,,2008-09-03,2008-09-03,2008-09-03,masthead+header,0.99,2008-09-03,2008-09-03,24,True,mercredi,mercredi,True,24,2008,True,1429,True,48,4786,4830,fr,False,
annonces-legales/fr/2008/090,annonces-legales,2008,090,90,,,2008-09-05,2008-09-05,2008-09-05,masthead+header,0.99,2008-09-05,2008-09-05,37,True,vendredi,vendredi,True,24,2008,True,1429,True,48,4834,4876,fr,False,
annonces-legales/fr/2008/091,annonces-legales,2008,091,91,,,2008-09-08,2008-09-08,2008-09-08,masthead+header,0.99,2008-09-08,2008-09-08,32,True,lundi,lundi,True,24,2008,True,1429,True,48,4882,4924,fr,False,
annonces-legales/fr/2008/092,annonces-legales,2008,092,92,,,2008-09-10,2008-09-10,2008-09-10,masthead+header,0.99,2008-09-10,2008-09-10,17,True,mercredi,mercredi,True,24,2008,True,1429,True,32,4930,4956,fr,False,
annonces-legales/fr/2008/093,annonces-legales,2008,093,93,,,2008-09-12,2008-09-12,2008-09-12,masthead+header,0.99,2008-09-12,2008-09-12,23,True,vendredi,vendredi,True,24,2008,True,1429,True,48,4962,5002,fr,False,
annonces-legales/fr/2008/094,annonces-legales,2008,094,94,,,2008-09-15,2008-09-15,2008-09-15,masthead+header,0.99,2008-09-15,2008-09-15,17,True,lundi,lundi,True,24,2008,True,1429,True,32,5010,5038,fr,False,
annonces-legales/fr/2008/095,annonces-legales,2008,095,95,,,2008-09-17,2008-09-17,2008-09-17,masthead+header,0.99,2008-09-17,2008-09-17,7,True,mercredi,mercredi,True,24,2008,True,1429,True,16,5042,5054,fr,False,
annonces-legales/fr/2008/096,annonces-legales,2008,096,96,,,2008-09-19,2008-09-19,2008-09-19,masthead+header,0.99,2008-09-19,2008-09-19,25,True,vendredi,vendredi,True,24,2008,True,1429,True,48,5058,5102,fr,False,
annonces-legales/fr/2008/097,annonces-legales,2008,097,97,,,2008-09-22,2008-09-22,2008-09-22,masthead+header,0.99,2008-09-22,2008-09-22,7,True,lundi,lundi,True,24,2008,True,1429,True,16,5106,5118,fr,False,
annonces-legales/fr/2008/098,annonces-legales,2008,098,98,,,2008-09-24,2008-09-24,2008-09-24,masthead+header,0.99,2008-09-24,2008-09-24,46,True,mercredi,mercredi,True,24,2008,True,1429,True,48,5122,5166,fr,False,
annonces-legales/fr/2008/099,annonces-legales,2008,099,99,,,2008-09-26,2008-09-26,2008-09-26,masthead+header,0.99,2008-09-26,2008-09-26,44,True,vendredi,vendredi,True,24,2008,True,1429,True,48,5170,5212,fr,False,
annonces-legales/fr/2008/100,annonces-legales,2008,100,100,,,2008-09-29,2008-09-29,2008-09-29,masthead+header,0.99,2008-09-29,2008-09-29,25,True,lundi,lundi,True,24,2008,True,1429,True,32,5218,5244,fr,False,
annonces-legales/fr/2008/101,annonces-legales,2008,101,101,,,2008-10-01,2008-10-01,2008-10-01,masthead+header,0.99,2008-10-01,2008-10-01,17,True,mercredi,mercredi,True,24,2008,True,1429,True,24,5250,5261,fr,False,
annonces-legales/fr/2008/102,annonces-legales,2008,102,102,,,2008-10-03,2008-10-03,2008-10-03,masthead+header,0.99,2008-10-03,2008-10-03,29,True,vendredi,vendredi,True,24,2008,True,1429,True,32,5274,5300,fr,False,
annonces-legales/fr/2008/103,annonces-legales,2008,103,103,,,2008-10-07,2008-10-07,2008-10-07,masthead+header,0.99,2008-10-07,2008-10-07,34,True,mardi,mardi,True,24,2008,True,1429,True,40,5306,5341,fr,False,
annonces-legales/fr/2008/104,annonces-legales,2008,104,104,,,2008-10-10,2008-10-10,2008-10-10,masthead+header,0.99,2008-10-10,2008-10-10,43,True,vendredi,vendredi,True,24,2008,True,1429,True,48,5346,5390,fr,False,
annonces-legales/fr/2008/105,annonces-legales,2008,105,105,,,2008-10-13,2008-10-13,2008-10-13,masthead+header,0.99,2008-10-13,2008-10-13,44,True,lundi,lundi,True,24,2008,True,1429,True,48,5394,5436,fr,False,
annonces-legales/fr/2008/106,annonces-legales,2008,106,106,,,2008-10-15,2008-10-15,2008-10-15,masthead+header,0.99,2008-10-15,2008-10-15,29,True,mercredi,mercredi,True,24,2008,True,1429,True,32,5442,5468,fr,False,
annonces-legales/fr/2008/107,annonces-legales,2008,107,107,,,2008-10-17,2008-10-17,2008-10-17,masthead+header,0.99,2008-10-17,2008-10-17,44,True,vendredi,vendredi,True,24,2008,True,1429,True,48,5474,5519,fr,False,
annonces-legales/fr/2008/108,annonces-legales,2008,108,108,,,2008-10-20,2008-10-20,2008-10-20,masthead+header,0.99,2008-10-20,2008-10-20,27,True,lundi,lundi,True,24,2008,True,1429,True,32,5522,5550,fr,False,
annonces-legales/fr/2008/109,annonces-legales,2008,109,109,,,2008-10-22,2008-10-22,2008-10-22,masthead+header,0.99,2008-10-22,2008-10-22,29,True,mercredi,mercredi,True,24,2008,True,1429,True,32,5554,5582,fr,False,
annonces-legales/fr/2008/110,annonces-legales,2008,110,110,,,2008-10-24,2008-10-24,2008-10-24,masthead+header,0.99,2008-10-24,2008-10-24,45,True,vendredi,vendredi,True,24,2008,True,1429,True,48,5586,5624,fr,False,
annonces-legales/fr/2008/111,annonces-legales,2008,111,111,,,2008-10-27,2008-10-27,2008-10-27,masthead+header,0.99,2008-10-27,2008-10-27,39,True,lundi,lundi,True,24,2008,True,1429,True,48,5634,5675,fr,False,
annonces-legales/fr/2008/112,annonces-legales,2008,112,112,,,2008-10-29,2008-10-29,2008-10-29,masthead+header,0.99,2008-10-29,2008-10-29,27,True,mercredi,mercredi,True,24,2008,True,1429,True,32,5682,5710,fr,False,
annonces-legales/fr/2008/113,annonces-legales,2008,113,113,,,2008-10-31,2008-10-31,2008-10-31,masthead+header,0.99,2008-10-31,2008-10-31,46,True,vendredi,vendredi,True,24,2008,True,1429,True,48,5714,5753,fr,False,
annonces-legales/fr/2008/114,annonces-legales,2008,114,114,,,2008-11-03,2008-11-03,2008-11-03,masthead+header,0.99,2008-11-03,2008-11-03,28,True,lundi,lundi,True,24,2008,True,1429,True,32,5762,5788,fr,False,
annonces-legales/fr/2008/115,annonces-legales,2008,115,115,,,2008-11-07,2008-11-07,2008-11-07,masthead+header,0.99,2008-11-07,2008-11-07,26,True,vendredi,vendredi,True,24,2008,True,1429,True,32,5794,5820,fr,False,
annonces-legales/fr/2008/116,annonces-legales,2008,116,116,,,2008-11-10,2008-11-10,2008-11-10,masthead+header,0.99,2008-11-10,2008-11-10,42,True,lundi,lundi,True,24,2008,True,1429,True,48,5826,5860,fr,False,
annonces-legales/fr/2008/117,annonces-legales,2008,117,117,,,2008-11-12,2008-11-12,2008-11-12,masthead+header,0.99,2008-11-12,2008-11-12,35,True,mercredi,mercredi,True,24,2008,True,1429,True,40,5874,5910,fr,False,
annonces-legales/fr/2008/118,annonces-legales,2008,118,118,,,2008-11-14,2008-11-14,2008-11-14,masthead+header,0.99,2008-11-14,2008-11-14,52,True,vendredi,vendredi,True,24,2008,True,1429,True,56,5914,5966,fr,False,
annonces-legales/fr/2008/119,annonces-legales,2008,119,119,,,2008-11-17,2008-11-17,2008-11-17,masthead+header,0.99,2008-11-17,2008-11-17,27,True,lundi,lundi,True,24,2008,True,1429,True,32,5970,5999,fr,False,
annonces-legales/fr/2008/120,annonces-legales,2008,120,120,,,2008-11-19,2008-11-19,2008-11-19,masthead+header,0.99,2008-11-19,2008-11-19,34,True,mercredi,mercredi,True,24,2008,True,1429,True,40,6002,6038,fr,False,
annonces-legales/fr/2008/121,annonces-legales,2008,121,121,,,2008-11-21,2008-11-21,2008-11-21,masthead+header,0.99,2008-11-21,2008-11-21,74,True,vendredi,vendredi,True,24,2008,True,1429,True,80,6042,6116,fr,False,
annonces-legales/fr/2008/122,annonces-legales,2008,122,122,,,2008-11-25,2008-11-25,2008-11-25,masthead+header,0.99,2008-11-25,2008-11-25,22,True,mardi,mardi,True,24,2008,True,1429,True,32,6122,6143,fr,False,
annonces-legales/fr/2008/123,annonces-legales,2008,123,123,,,2008-11-27,2008-11-27,2008-11-27,masthead+header,0.99,2008-11-27,2008-11-27,49,True,jeudi,jeudi,True,24,2008,True,1429,True,56,6154,6207,fr,False,
annonces-legales/fr/2008/124,annonces-legales,2008,124,124,,,2008-11-29,2008-11-29,2008-11-29,masthead+header,0.99,2008-11-29,2008-11-29,29,True,samedi,samedi,True,24,2008,True,1429,True,32,6210,6238,fr,False,
annonces-legales/fr/2008/125,annonces-legales,2008,125,125,,,2008-12-02,2008-12-02,2008-12-02,masthead+header,0.99,2008-12-02,2008-12-02,44,True,mardi,mardi,True,24,2008,True,1429,True,48,6242,6287,fr,False,
annonces-legales/fr/2008/126,annonces-legales,2008,126,126,,,2008-12-04,2008-12-04,2008-12-04,masthead+header,0.99,2008-12-04,2008-12-04,51,True,jeudi,jeudi,True,24,2008,True,1429,True,64,6290,6348,fr,False,
annonces-legales/fr/2008/127,annonces-legales,2008,127,127,,,2008-12-06,2008-12-06,2008-12-06,masthead+header,0.99,2008-12-06,2008-12-06,33,True,samedi,samedi,True,24,2008,True,1429,True,40,6354,6386,fr,False,
annonces-legales/fr/2008/128,annonces-legales,2008,128,128,,,2008-12-09,2008-12-09,2008-12-09,masthead+header,0.99,2008-12-09,2008-12-09,13,True,mardi,mardi,True,24,2008,True,1429,True,16,6394,6404,fr,False,
annonces-legales/fr/2008/129,annonces-legales,2008,129,129,,,2008-12-11,2008-12-11,2008-12-11,masthead+header,0.99,2008-12-11,2008-12-11,19,True,jeudi,jeudi,True,24,2008,True,1429,True,24,6410,6430,fr,False,
annonces-legales/fr/2008/130,annonces-legales,2008,130,130,,,2008-12-13,2008-12-13,2008-12-13,masthead+header,0.99,2008-12-13,2008-12-13,19,True,samedi,samedi,True,24,2008,True,1429,True,24,6434,6455,fr,False,
annonces-legales/fr/2008/131,annonces-legales,2008,131,131,,,2008-12-16,2008-12-16,2008-12-16,masthead+header,0.99,2008-12-16,2008-12-16,33,True,mardi,mardi,True,24,2008,True,1429,True,40,6458,6490,fr,False,
annonces-legales/fr/2008/132,annonces-legales,2008,132,132,,,2008-12-18,2008-12-18,2008-12-18,masthead+header,0.99,2008-12-18,2008-12-18,16,True,jeudi,jeudi,True,24,2008,True,1429,True,24,6498,6517,fr,False,
annonces-legales/fr/2008/133,annonces-legales,2008,133,133,,,2008-12-20,2008-12-20,2008-12-20,masthead+header,0.99,2008-12-20,2008-12-20,41,True,samedi,samedi,True,24,2008,True,1429,True,48,6522,6566,fr,False,
annonces-legales/fr/2008/134,annonces-legales,2008,134,134,,,2008-12-23,2008-12-23,2008-12-23,masthead+header,0.99,2008-12-23,2008-12-23,44,True,mardi,mardi,True,24,2008,True,1429,True,48,6570,6614,fr,False,
annonces-legales/fr/2008/135,annonces-legales,2008,135,135,,,2008-12-25,2008-12-25,2008-12-25,masthead+header,0.99,2008-12-25,2008-12-25,42,True,jeudi,jeudi,True,24,2008,True,1429,True,48,6618,6660,fr,False,
annonces-legales/fr/2008/137,annonces-legales,2008,137,137,,,2008-12-30,2008-12-30,2008-12-30,masthead+header,0.99,2008-12-30,2008-12-30,49,True,mardi,mardi,True,24,2008,True,1430,True,56,6714,6766,fr,False,
annonces-legales/fr/2009/001,annonces-legales,2009,001,1,,,2009-01-01,2009-01-01,2009-01-01,masthead+header,0.99,2009-01-01,2009-01-01,30,True,jeudi,jeudi,True,25,2009,True,1430,True,32,8,9,fr,False,
annonces-legales/fr/2009/002,annonces-legales,2009,002,2,,,2009-01-03,2009-01-03,2009-01-03,masthead+header,0.99,2009-01-03,2009-01-03,37,True,samedi,samedi,True,25,2009,True,1430,True,40,34,63,fr,False,
annonces-legales/fr/2009/003,annonces-legales,2009,003,3,,,2009-01-06,2009-01-06,2009-01-06,masthead+header,0.99,2009-01-06,2009-01-06,21,True,mardi,mardi,True,25,2009,True,1430,True,24,74,86,fr,False,
annonces-legales/fr/2009/004,annonces-legales,2009,004,4,,,2009-01-08,2009-01-08,2009-01-08,masthead+header,0.99,2009-01-08,2009-01-08,36,True,jeudi,jeudi,True,25,2009,True,1430,True,40,98,133,fr,False,
annonces-legales/fr/2009/005,annonces-legales,2009,005,5,,,2009-01-10,2009-01-10,2009-01-10,masthead+header,0.99,2009-01-10,2009-01-10,19,True,samedi,samedi,True,25,2009,True,1430,True,24,138,153,fr,False,
annonces-legales/fr/2009/006,annonces-legales,2009,006,6,,,2009-01-13,2009-01-13,2009-01-13,masthead+header,0.99,2009-01-13,2009-01-13,29,True,mardi,mardi,True,25,2009,True,1430,True,32,162,188,fr,False,
annonces-legales/fr/2009/007,annonces-legales,2009,007,7,,,2009-01-15,2009-01-15,2009-01-15,masthead+header,0.99,2009-01-15,2009-01-15,46,True,jeudi,jeudi,True,25,2009,True,1430,True,48,194,235,fr,False,
annonces-legales/fr/2009/008,annonces-legales,2009,008,8,,,2009-01-17,2009-01-17,2009-01-17,masthead+header,0.99,2009-01-17,2009-01-17,46,True,samedi,samedi,True,25,2009,True,1430,True,48,242,286,fr,False,
annonces-legales/fr/2009/009,annonces-legales,2009,009,9,,,2009-01-20,2009-01-20,2009-01-20,masthead+header,0.99,2009-01-20,2009-01-20,30,True,mardi,mardi,True,25,2009,True,1430,True,32,290,307,fr,False,
annonces-legales/fr/2009/010,annonces-legales,2009,010,10,,,2009-01-22,2009-01-22,2009-01-22,masthead+header,0.99,2009-01-22,2009-01-22,41,True,jeudi,jeudi,True,25,2009,True,1430,True,48,322,362,fr,False,
annonces-legales/fr/2009/011,annonces-legales,2009,011,11,,,2009-01-24,2009-01-24,2009-01-24,masthead+header,0.99,2009-01-24,2009-01-24,14,True,samedi,samedi,True,25,2009,True,1430,True,16,370,381,fr,False,
annonces-legales/fr/2009/012,annonces-legales,2009,012,12,,,2009-01-27,2009-01-27,2009-01-27,masthead+header,0.99,2009-01-27,2009-01-27,29,True,mardi,mardi,True,25,2009,True,1430,True,32,386,410,fr,False,
annonces-legales/fr/2009/013,annonces-legales,2009,013,13,,,2009-01-29,2009-01-29,2009-01-29,masthead+header,0.99,2009-01-29,2009-01-29,37,True,jeudi,jeudi,True,25,2009,True,1430,True,40,418,451,fr,False,
annonces-legales/fr/2009/014,annonces-legales,2009,014,14,,,2009-01-31,2009-01-31,2009-01-31,masthead+header,0.99,2009-01-31,2009-01-31,45,True,samedi,samedi,True,25,2009,True,1430,True,48,458,497,fr,False,
annonces-legales/fr/2009/015,annonces-legales,2009,015,15,,,2009-02-03,2009-02-03,2009-02-03,masthead+header,0.99,2009-02-03,2009-02-03,61,True,mardi,mardi,True,25,2009,True,1430,True,64,506,565,fr,False,
annonces-legales/fr/2009/016,annonces-legales,2009,016,16,,,2009-02-05,2009-02-05,2009-02-05,masthead+header,0.99,2009-02-05,2009-02-05,63,True,jeudi,jeudi,True,25,2009,True,1430,True,64,570,630,fr,False,
annonces-legales/fr/2009/017,annonces-legales,2009,017,17,,,2009-02-07,2009-02-07,2009-02-07,masthead+header,0.99,2009-02-07,2009-02-07,81,True,samedi,samedi,True,25,2009,True,1430,True,88,634,714,fr,False,
annonces-legales/fr/2009/018,annonces-legales,2009,018,18,,,2009-02-10,2009-02-10,2009-02-10,masthead+header,0.99,2009-02-10,2009-02-10,36,True,mardi,mardi,True,25,2009,True,1430,True,40,722,754,fr,False,
annonces-legales/fr/2009/019,annonces-legales,2009,019,19,,,2009-02-12,2009-02-12,2009-02-12,masthead+header,0.99,2009-02-12,2009-02-12,46,True,jeudi,jeudi,True,25,2009,True,1430,True,48,762,807,fr,False,
annonces-legales/fr/2009/020,annonces-legales,2009,020,20,,,2009-02-14,2009-02-14,2009-02-14,masthead+header,0.99,2009-02-14,2009-02-14,21,True,samedi,samedi,True,25,2009,True,1430,True,24,810,830,fr,False,
annonces-legales/fr/2009/021,annonces-legales,2009,021,21,,,2009-02-17,2009-02-17,2009-02-17,masthead+header,0.99,2009-02-17,2009-02-17,50,True,mardi,mardi,True,25,2009,True,1430,True,56,834,883,fr,False,
annonces-legales/fr/2009/022,annonces-legales,2009,022,22,,,2009-02-19,2009-02-19,2009-02-19,masthead+header,0.99,2009-02-19,2009-02-19,46,True,jeudi,jeudi,True,25,2009,True,1430,True,48,890,926,fr,False,
annonces-legales/fr/2009/023,annonces-legales,2009,023,23,,,2009-02-21,2009-02-21,2009-02-21,masthead+header,0.99,2009-02-21,2009-02-21,28,True,samedi,samedi,True,25,2009,True,1430,True,32,938,967,fr,False,
annonces-legales/fr/2009/024,annonces-legales,2009,024,24,,,2009-02-24,2009-02-24,2009-02-24,masthead+header,0.99,2009-02-24,2009-02-24,58,True,mardi,mardi,True,25,2009,True,1430,True,64,970,1026,fr,False,
annonces-legales/fr/2009/025,annonces-legales,2009,025,25,,,2009-02-26,2009-02-26,2009-02-26,masthead+header,0.99,2009-02-26,2009-02-26,46,True,jeudi,jeudi,True,25,2009,True,1430,True,48,1034,1079,fr,False,
annonces-legales/fr/2009/026,annonces-legales,2009,026,26,,,2009-02-28,2009-02-28,2009-02-28,masthead+header,0.99,2009-02-28,2009-02-28,43,True,samedi,samedi,True,25,2009,True,1430,True,48,1082,1124,fr,False,
annonces-legales/fr/2009/027,annonces-legales,2009,027,27,,,2009-03-03,2009-03-03,2009-03-03,masthead+header,0.99,2009-03-03,2009-03-03,68,True,mardi,mardi,True,25,2009,True,1430,True,80,1130,1206,fr,False,
annonces-legales/fr/2009/028,annonces-legales,2009,028,28,,,2009-03-05,2009-03-05,2009-03-05,masthead+header,0.99,2009-03-05,2009-03-05,59,True,jeudi,jeudi,True,25,2009,True,1430,True,64,1210,1268,fr,False,
annonces-legales/fr/2009/029,annonces-legales,2009,029,29,,,2009-03-07,2009-03-07,2009-03-07,masthead+header,0.99,2009-03-07,2009-03-07,35,True,samedi,samedi,True,25,2009,True,1430,True,40,1274,1304,fr,False,
annonces-legales/fr/2009/030,annonces-legales,2009,030,30,,,2009-03-10,2009-03-10,2009-03-10,masthead+header,0.99,2009-03-10,2009-03-10,30,True,mardi,mardi,True,25,2009,True,1430,True,32,1314,1342,fr,False,
annonces-legales/fr/2009/031,annonces-legales,2009,031,31,,,2009-03-12,2009-03-12,2009-03-12,masthead+header,0.99,2009-03-12,2009-03-12,59,True,jeudi,jeudi,True,25,2009,True,1430,True,64,1346,1404,fr,False,
annonces-legales/fr/2009/032,annonces-legales,2009,032,32,,,2009-03-14,2009-03-14,2009-03-14,masthead+header,0.99,2009-03-14,2009-03-14,51,True,samedi,samedi,True,25,2009,True,1430,True,56,1410,1459,fr,False,
annonces-legales/fr/2009/033,annonces-legales,2009,033,33,,,2009-03-17,2009-03-17,2009-03-17,masthead+header,0.99,2009-03-17,2009-03-17,27,True,mardi,mardi,True,25,2009,True,1430,True,32,1466,1486,fr,False,
annonces-legales/fr/2009/034,annonces-legales,2009,034,34,,,2009-03-19,2009-03-19,2009-03-19,masthead+header,0.99,2009-03-19,2009-03-19,30,True,jeudi,jeudi,True,25,2009,True,1430,True,32,1498,1526,fr,False,
annonces-legales/fr/2009/035,annonces-legales,2009,035,35,,,2009-03-23,2009-03-23,2009-03-23,masthead+header,0.99,2009-03-23,2009-03-23,29,True,lundi,lundi,True,25,2009,True,1430,True,32,1530,1558,fr,False,
annonces-legales/fr/2009/036,annonces-legales,2009,036,36,,,2009-03-24,2009-03-24,2009-03-24,masthead+header,0.99,2009-03-24,2009-03-24,61,True,mardi,mardi,True,25,2009,True,1430,True,64,1562,1622,fr,False,
annonces-legales/fr/2009/037,annonces-legales,2009,037,37,,,2009-03-26,2009-03-26,2009-03-26,masthead+header,0.99,2009-03-26,2009-03-26,58,True,jeudi,jeudi,True,25,2009,True,1430,True,64,1626,1678,fr,False,
annonces-legales/fr/2009/038,annonces-legales,2009,038,38,,,2009-03-28,2009-03-28,2009-03-28,masthead+header,0.99,2009-03-28,2009-03-28,29,True,samedi,samedi,True,25,2009,True,1430,True,32,1690,1714,fr,False,
annonces-legales/fr/2009/039,annonces-legales,2009,039,39,,,2009-03-31,2009-03-31,2009-03-31,masthead+header,0.99,2009-03-31,2009-03-31,51,True,mardi,mardi,True,25,2009,True,1430,True,56,1722,1770,fr,False,
annonces-legales/fr/2009/040,annonces-legales,2009,040,40,,,2009-04-02,2009-04-02,2009-04-02,masthead+header,0.99,2009-04-02,2009-04-02,52,True,jeudi,jeudi,True,25,2009,True,1430,True,56,1778,1830,fr,False,
annonces-legales/fr/2009/041,annonces-legales,2009,041,41,,,2009-04-04,2009-04-04,2009-04-04,masthead+header,0.99,2009-04-04,2009-04-04,53,True,samedi,samedi,True,25,2009,True,1430,True,56,1834,1886,fr,False,
annonces-legales/fr/2009/042,annonces-legales,2009,042,42,,,2009-04-07,2009-04-07,2009-04-07,masthead+header,0.99,2009-04-07,2009-04-07,29,True,mardi,mardi,True,25,2009,True,1430,True,32,1890,1916,fr,False,
annonces-legales/fr/2009/043,annonces-legales,2009,043,43,,,2009-04-09,2009-04-09,2009-04-09,masthead+header,0.99,2009-04-09,2009-04-09,30,True,jeudi,jeudi,True,25,2009,True,1430,True,32,1922,1949,fr,False,
annonces-legales/fr/2009/044,annonces-legales,2009,044,44,,,2009-04-11,2009-04-11,2009-04-11,masthead+header,0.99,2009-04-11,2009-04-11,45,True,samedi,samedi,True,25,2009,True,1430,True,48,1954,1998,fr,False,
annonces-legales/fr/2009/045,annonces-legales,2009,045,45,,,2009-04-14,2009-04-14,2009-04-14,masthead+header,0.99,2009-04-14,2009-04-14,44,True,mardi,mardi,True,25,2009,True,1430,True,48,2002,2045,fr,False,
annonces-legales/fr/2009/046,annonces-legales,2009,046,46,,,2009-04-16,2009-04-16,2009-04-16,masthead+header,0.99,2009-04-16,2009-04-16,45,True,jeudi,jeudi,True,25,2009,True,1430,True,48,2050,2092,fr,False,
annonces-legales/fr/2009/047,annonces-legales,2009,047,47,,,2009-04-18,2009-04-18,2009-04-18,masthead+header,0.99,2009-04-18,2009-04-18,52,True,samedi,samedi,True,25,2009,True,1430,True,56,2098,2149,fr,False,
annonces-legales/fr/2009/048,annonces-legales,2009,048,48,,,2009-04-21,2009-04-21,2009-04-21,masthead+header,0.99,2009-04-21,2009-04-21,52,True,mardi,mardi,True,25,2009,True,1430,True,56,2154,2205,fr,False,
annonces-legales/fr/2009/049,annonces-legales,2009,049,49,,,2009-04-23,2009-04-23,2009-04-23,masthead+header,0.99,2009-04-23,2009-04-23,44,True,jeudi,jeudi,True,25,2009,True,1430,True,48,2210,2250,fr,False,
annonces-legales/fr/2009/050,annonces-legales,2009,050,50,,,2009-04-25,2009-04-25,2009-04-25,masthead+header,0.99,2009-04-25,2009-04-25,51,True,samedi,samedi,True,25,2009,True,1430,True,56,2258,2308,fr,False,
annonces-legales/fr/2009/051,annonces-legales,2009,051,51,,,2009-04-28,2009-04-28,2009-04-28,masthead+header,0.99,2009-04-28,2009-04-28,45,True,mardi,mardi,True,25,2009,True,1430,True,48,2314,2352,fr,False,
annonces-legales/fr/2009/052,annonces-legales,2009,052,52,,,2009-04-30,2009-04-30,2009-04-30,masthead+header,0.99,2009-04-30,2009-04-30,28,True,jeudi,jeudi,True,25,2009,True,1430,True,32,2362,2389,fr,False,
annonces-legales/fr/2009/053,annonces-legales,2009,053,53,,,2009-05-02,2009-05-02,2009-05-02,masthead+header,0.99,2009-05-02,2009-05-02,26,True,samedi,samedi,True,25,2009,True,1430,True,32,2394,2419,fr,False,
annonces-legales/fr/2009/054,annonces-legales,2009,054,54,,,2009-05-05,2009-05-05,2009-05-05,masthead+header,0.99,2009-05-05,2009-05-05,57,True,mardi,mardi,True,25,2009,True,1430,True,64,2426,2482,fr,False,
annonces-legales/fr/2009/055,annonces-legales,2009,055,55,,,2009-05-07,2009-05-07,2009-05-07,masthead+header,0.99,2009-05-07,2009-05-07,53,True,jeudi,jeudi,True,25,2009,True,1430,True,56,2490,2542,fr,False,
annonces-legales/fr/2009/056,annonces-legales,2009,056,56,,,2009-05-09,2009-05-09,2009-05-09,masthead+header,0.99,2009-05-09,2009-05-09,58,True,samedi,samedi,True,25,2009,True,1430,True,64,2546,2602,fr,False,
annonces-legales/fr/2009/057,annonces-legales,2009,057,57,,,2009-05-12,2009-05-12,2009-05-12,masthead+header,0.99,2009-05-12,2009-05-12,41,True,mardi,mardi,True,25,2009,True,1430,True,48,2610,2650,fr,False,
annonces-legales/fr/2009/058,annonces-legales,2009,058,58,,,2009-05-14,2009-05-14,2009-05-14,masthead+header,0.99,2009-05-14,2009-05-14,46,True,jeudi,jeudi,True,25,2009,True,1430,True,48,2658,2701,fr,False,
annonces-legales/fr/2009/059,annonces-legales,2009,059,59,,,2009-05-16,2009-05-16,2009-05-16,masthead+header,0.99,2009-05-16,2009-05-16,51,True,samedi,samedi,True,25,2009,True,1430,True,56,2706,2758,fr,False,
annonces-legales/fr/2009/060,annonces-legales,2009,060,60,,,2009-05-19,2009-05-19,2009-05-19,masthead+header,0.99,2009-05-19,2009-05-19,38,True,mardi,mardi,True,25,2009,True,1430,True,40,2762,2798,fr,False,
annonces-legales/fr/2009/061,annonces-legales,2009,061,61,,,2009-05-21,2009-05-21,2009-05-21,masthead+header,0.99,2009-05-21,2009-05-21,67,True,jeudi,jeudi,True,25,2009,True,1430,True,72,2802,2868,fr,False,
annonces-legales/fr/2009/062,annonces-legales,2009,062,62,,,2009-05-23,2009-05-23,2009-05-23,masthead+header,0.99,2009-05-23,2009-05-23,52,True,samedi,samedi,True,25,2009,True,1430,True,56,2874,2924,fr,False,
annonces-legales/fr/2009/063,annonces-legales,2009,063,63,,,2009-05-26,2009-05-26,2009-05-26,masthead+header,0.99,2009-05-26,2009-05-26,37,True,mardi,mardi,True,25,2009,True,1430,True,40,2930,2966,fr,False,
annonces-legales/fr/2009/064,annonces-legales,2009,064,64,,,2009-05-28,2009-05-28,2009-05-28,masthead+header,0.99,2009-05-28,2009-05-28,53,True,jeudi,jeudi,True,25,2009,True,1430,True,56,2970,3022,fr,False,
annonces-legales/fr/2009/065,annonces-legales,2009,065,65,,,2009-05-30,2009-05-30,2009-05-30,masthead+header,0.99,2009-05-30,2009-05-30,57,True,samedi,samedi,True,25,2009,True,1430,True,64,3026,3077,fr,False,
annonces-legales/fr/2009/066,annonces-legales,2009,066,66,,,2009-06-02,2009-06-02,2009-06-02,masthead+header,0.99,2009-06-02,2009-06-02,36,True,mardi,mardi,True,25,2009,True,1430,True,40,3090,3125,fr,False,
annonces-legales/fr/2009/067,annonces-legales,2009,067,67,,,2009-06-04,2009-06-04,2009-06-04,masthead+header,0.99,2009-06-04,2009-06-04,59,True,jeudi,jeudi,True,25,2009,True,1430,True,64,3130,3188,fr,False,
annonces-legales/fr/2009/068,annonces-legales,2009,068,68,,,2009-06-06,2009-06-06,2009-06-06,masthead+header,0.99,2009-06-06,2009-06-06,62,True,samedi,samedi,True,25,2009,True,1430,True,64,3194,3254,fr,False,
annonces-legales/fr/2009/069,annonces-legales,2009,069,69,,,2009-06-09,2009-06-09,2009-06-09,masthead+header,0.99,2009-06-09,2009-06-09,36,True,mardi,mardi,True,25,2009,True,1430,True,40,3258,3294,fr,False,
annonces-legales/fr/2009/070,annonces-legales,2009,070,70,,,2009-06-11,2009-06-11,2009-06-11,masthead+header,0.99,2009-06-11,2009-06-11,60,True,jeudi,jeudi,True,25,2009,True,1430,True,64,3298,3358,fr,False,
annonces-legales/fr/2009/071,annonces-legales,2009,071,71,,,2009-06-13,2009-06-13,2009-06-13,masthead+header,0.99,2009-06-13,2009-06-13,60,True,samedi,samedi,True,25,2009,True,1430,True,64,3362,3416,fr,False,
annonces-legales/fr/2009/072,annonces-legales,2009,072,72,,,2009-06-16,2009-06-16,2009-06-16,masthead+header,0.99,2009-06-16,2009-06-16,35,True,mardi,mardi,True,25,2009,True,1430,True,40,3426,3462,fr,False,
annonces-legales/fr/2009/073,annonces-legales,2009,073,73,,,2009-06-18,2009-06-18,2009-06-18,masthead+header,0.99,2009-06-18,2009-06-18,50,True,jeudi,jeudi,True,25,2009,True,1430,True,56,3466,3516,fr,False,
annonces-legales/fr/2009/074,annonces-legales,2009,074,74,,,2009-06-20,2009-06-20,2009-06-20,masthead+header,0.99,2009-06-20,2009-06-20,45,True,samedi,samedi,True,25,2009,True,1430,True,48,3522,3564,fr,False,
annonces-legales/fr/2009/075,annonces-legales,2009,075,75,,,2009-06-23,2009-06-23,2009-06-23,masthead+header,0.99,2009-06-23,2009-06-23,32,True,mardi,mardi,True,25,2009,True,1430,True,40,3570,3604,fr,False,
annonces-legales/fr/2009/076,annonces-legales,2009,076,76,,,2009-06-25,2009-06-25,2009-06-25,masthead+header,0.99,2009-06-25,2009-06-25,60,True,jeudi,jeudi,True,25,2009,True,1430,True,64,3610,3670,fr,False,
annonces-legales/fr/2009/077,annonces-legales,2009,077,77,,,2009-06-27,2009-06-27,2009-06-27,masthead+header,0.99,2009-06-27,2009-06-27,43,True,samedi,samedi,True,25,2009,True,1430,True,48,3674,3718,fr,False,
annonces-legales/fr/2009/078,annonces-legales,2009,078,78,,,2009-06-30,2009-06-30,2009-06-30,masthead+header,0.99,2009-06-30,2009-06-30,28,True,mardi,mardi,True,25,2009,True,1430,True,32,3722,3748,fr,False,
annonces-legales/fr/2009/079,annonces-legales,2009,079,79,,,2009-07-02,2009-07-02,2009-07-02,masthead+header,0.99,2009-07-02,2009-07-02,45,True,jeudi,jeudi,True,25,2009,True,1430,True,48,3754,3794,fr,False,
annonces-legales/fr/2009/080,annonces-legales,2009,080,80,,,2009-07-04,2009-07-04,2009-07-04,masthead+header,0.99,2009-07-04,2009-07-04,53,True,samedi,samedi,True,25,2009,True,1430,True,56,3802,3843,fr,False,
annonces-legales/fr/2009/081,annonces-legales,2009,081,81,,,2009-07-07,2009-07-07,2009-07-07,masthead_weekday_arbitrated,0.93,2009-07-07,2009-06-07,28,False,mardi,mardi,True,25,2009,True,1430,True,32,3858,3886,fr,True,header said 2009-06-07; weekday favours masthead
annonces-legales/fr/2009/082,annonces-legales,2009,082,82,,,2009-07-09,2009-07-09,2009-07-09,masthead+header,0.99,2009-07-09,2009-07-09,62,True,jeudi,jeudi,True,25,2009,True,1430,True,64,3890,3950,fr,False,
annonces-legales/fr/2009/083,annonces-legales,2009,083,83,,,2009-07-11,2009-07-11,2009-07-11,masthead+header,0.99,2009-07-11,2009-07-11,40,True,samedi,samedi,True,25,2009,True,1430,True,48,3954,3996,fr,False,
annonces-legales/fr/2009/084,annonces-legales,2009,084,84,,,2009-07-14,2009-07-14,2009-07-14,masthead+header,0.99,2009-07-14,2009-07-14,29,True,mardi,mardi,True,25,2009,True,1430,True,32,3954,3980,fr,False,
annonces-legales/fr/2009/085,annonces-legales,2009,085,85,,,2009-07-16,2009-07-16,2009-07-16,masthead+header,0.99,2009-07-16,2009-07-16,60,True,jeudi,jeudi,True,25,2009,True,1430,True,64,4034,4092,fr,False,
annonces-legales/fr/2009/086,annonces-legales,2009,086,86,,,2009-07-18,2009-07-18,2009-07-18,masthead+header,0.99,2009-07-18,2009-07-18,52,True,samedi,samedi,True,25,2009,True,1430,True,56,4098,4149,fr,False,
annonces-legales/fr/2009/087,annonces-legales,2009,087,87,,,2009-07-21,2009-07-21,2009-07-21,masthead+header,0.99,2009-07-21,2009-07-21,30,True,mardi,mardi,True,25,2009,True,1430,True,32,4154,4183,fr,False,
annonces-legales/fr/2009/088,annonces-legales,2009,088,88,,,2009-07-23,2009-07-23,2009-07-23,masthead+header,0.99,2009-07-23,2009-07-23,66,True,jeudi,jeudi,True,25,2009,True,1430,True,72,4186,4252,fr,False,
annonces-legales/fr/2009/089,annonces-legales,2009,089,89,,,2009-07-25,2009-07-25,2009-07-25,masthead+header,0.99,2009-07-25,2009-07-25,45,True,samedi,samedi,True,25,2009,True,1430,True,48,4258,4301,fr,False,
annonces-legales/fr/2009/090,annonces-legales,2009,090,90,,,2009-07-28,2009-07-28,2009-07-28,masthead+header,0.99,2009-07-28,2009-07-28,28,True,mardi,mardi,True,25,2009,True,1430,True,32,4306,4334,fr,False,
annonces-legales/fr/2009/091,annonces-legales,2009,091,91,,,2009-07-30,2009-07-30,2009-07-30,masthead+header,0.99,2009-07-30,2009-07-30,43,True,jeudi,jeudi,True,25,2009,True,1430,True,48,4338,4380,fr,False,
annonces-legales/fr/2009/092,annonces-legales,2009,092,92,,,2009-08-01,2009-08-01,2009-08-01,masthead+header,0.99,2009-08-01,2009-08-01,46,True,samedi,samedi,True,25,2009,True,1430,True,48,4386,4431,fr,False,
annonces-legales/fr/2009/093,annonces-legales,2009,093,93,,,2009-08-04,2009-08-04,2009-08-04,masthead+header,0.99,2009-08-04,2009-08-04,29,True,mardi,mardi,True,25,2009,True,1430,True,32,4434,4462,fr,False,
annonces-legales/fr/2009/094,annonces-legales,2009,094,94,,,2009-08-06,2009-08-06,2009-08-06,masthead+header,0.99,2009-08-06,2009-08-06,52,True,jeudi,jeudi,True,25,2009,True,1430,True,56,4466,4518,fr,False,
annonces-legales/fr/2009/095,annonces-legales,2009,095,95,,,2009-08-08,2009-08-08,2009-08-08,masthead+header,0.99,2009-08-08,2009-08-08,46,True,samedi,samedi,True,25,2009,True,1430,True,48,4522,4567,fr,False,
annonces-legales/fr/2009/096,annonces-legales,2009,096,96,,,2009-08-11,2009-08-11,2009-08-11,masthead+header,0.99,2009-08-11,2009-08-11,45,True,mardi,mardi,True,25,2009,True,1430,True,48,4570,4612,fr,False,
annonces-legales/fr/2009/097,annonces-legales,2009,097,97,,,2009-08-13,2009-08-13,2009-08-13,masthead+header,0.99,2009-08-13,2009-08-13,53,True,jeudi,jeudi,True,25,2009,True,1430,True,56,4618,4670,fr,False,
annonces-legales/fr/2009/098,annonces-legales,2009,098,98,,,2009-08-15,2009-08-15,2009-08-15,masthead+header,0.99,2009-08-15,2009-08-15,22,True,samedi,samedi,True,25,2009,True,1430,True,24,4674,4692,fr,False,
annonces-legales/fr/2009/099,annonces-legales,2009,099,99,,,2009-08-18,2009-08-18,2009-08-18,masthead+header,0.99,2009-08-18,2009-08-18,29,True,mardi,mardi,True,25,2009,True,1430,True,32,4698,4726,fr,False,
annonces-legales/fr/2009/100,annonces-legales,2009,100,100,,,2009-08-20,2009-08-20,2009-08-20,masthead+header,0.99,2009-08-20,2009-08-20,39,True,jeudi,jeudi,True,25,2009,True,1430,True,48,4730,4767,fr,False,
annonces-legales/fr/2009/101,annonces-legales,2009,101,101,,,2009-08-22,2009-08-22,2009-08-22,masthead+header,0.99,2009-08-22,2009-08-22,43,True,samedi,samedi,True,25,2009,True,1430,True,48,4778,4822,fr,False,
annonces-legales/fr/2009/102,annonces-legales,2009,102,102,,,2009-08-25,2009-08-25,2009-08-25,masthead+header,0.99,2009-08-25,2009-08-25,21,True,mardi,mardi,True,25,2009,True,1430,True,24,4826,4844,fr,False,
annonces-legales/fr/2009/103,annonces-legales,2009,103,103,,,2009-08-27,2009-08-27,2009-08-27,masthead+header,0.99,2009-08-27,2009-08-27,57,True,jeudi,jeudi,True,25,2009,True,1430,True,64,4850,4907,fr,False,
annonces-legales/fr/2009/104,annonces-legales,2009,104,104,,,2009-08-29,2009-08-29,2009-08-29,masthead+header,0.99,2009-08-29,2009-08-29,45,True,samedi,samedi,True,25,2009,True,1430,True,48,4914,4959,fr,False,
annonces-legales/fr/2009/105,annonces-legales,2009,105,105,,,2009-09-01,2009-09-01,2009-09-01,masthead+header,0.99,2009-09-01,2009-09-01,22,True,mardi,mardi,True,25,2009,True,1430,True,32,4962,4990,fr,False,
annonces-legales/fr/2009/106,annonces-legales,2009,106,106,,,2009-09-03,2009-09-03,2009-09-03,masthead+header,0.99,2009-09-03,2009-09-03,51,True,jeudi,jeudi,True,25,2009,True,1430,True,64,4994,5054,fr,False,
annonces-legales/fr/2009/107,annonces-legales,2009,107,107,,,2009-09-05,2009-09-05,2009-09-05,masthead+header,0.99,2009-09-05,2009-09-05,51,True,samedi,samedi,True,25,2009,True,1430,True,64,5058,5114,fr,False,
annonces-legales/fr/2009/108,annonces-legales,2009,108,108,,,2009-09-08,2009-09-08,2009-09-08,masthead+header,0.99,2009-09-08,2009-09-08,24,True,mardi,mardi,True,25,2009,True,1430,True,32,5122,5146,fr,False,
annonces-legales/fr/2009/109,annonces-legales,2009,109,109,,,2009-09-10,2009-09-10,2009-09-10,masthead+header,0.99,2009-09-10,2009-09-10,43,True,jeudi,jeudi,True,25,2009,True,1430,True,48,5154,5198,fr,False,
annonces-legales/fr/2009/110,annonces-legales,2009,110,110,,,2009-09-12,2009-09-12,2009-09-12,masthead+header,0.99,2009-09-12,2009-09-12,38,True,samedi,samedi,True,25,2009,True,1430,True,48,5202,5240,fr,False,
annonces-legales/fr/2009/111,annonces-legales,2009,111,111,,,2009-09-15,2009-09-15,2009-09-15,masthead+header,0.99,2009-09-15,2009-09-15,27,True,mardi,mardi,True,25,2009,True,1430,True,32,5250,5278,fr,False,
annonces-legales/fr/2009/112,annonces-legales,2009,112,112,,,2009-09-17,2009-09-17,2009-09-17,masthead+header,0.99,2009-09-17,2009-09-17,69,True,jeudi,jeudi,True,25,2009,True,1430,True,80,5282,5356,fr,False,
annonces-legales/fr/2009/113,annonces-legales,2009,113,113,,,2009-09-19,2009-09-19,2009-09-19,masthead+header,0.99,2009-09-19,2009-09-19,21,True,samedi,samedi,True,25,2009,True,1430,True,24,5362,5382,fr,False,
annonces-legales/fr/2009/114,annonces-legales,2009,114,114,,,2009-09-22,2009-09-22,2009-09-22,masthead+header,0.99,2009-09-22,2009-09-22,13,True,mardi,mardi,True,25,2009,True,1430,True,16,5386,5396,fr,False,
annonces-legales/fr/2009/115,annonces-legales,2009,115,115,,,2009-09-24,2009-09-24,2009-09-24,masthead+header,0.99,2009-09-24,2009-09-24,42,True,jeudi,jeudi,True,25,2009,True,1430,True,48,5402,5446,fr,False,
annonces-legales/fr/2009/116,annonces-legales,2009,116,116,,,2009-09-26,2009-09-26,2009-09-26,masthead+header,0.99,2009-09-26,2009-09-26,36,True,samedi,samedi,True,25,2009,True,1430,True,40,5450,5482,fr,False,
annonces-legales/fr/2009/117,annonces-legales,2009,117,117,,,2009-09-29,2009-09-29,2009-09-29,masthead+header,0.8,2009-09-29,2009-09-29,24,True,mercredi,mardi,False,25,2009,True,1430,True,32,5490,5516,fr,True,weekday stated mercredi != actual mardi (date left as is)
annonces-legales/fr/2009/118,annonces-legales,2009,118,118,,,2009-10-01,2009-10-01,2009-10-01,masthead+header,0.99,2009-10-01,2009-10-01,41,True,jeudi,jeudi,True,25,2009,True,1430,True,48,5522,5566,fr,False,
annonces-legales/fr/2009/119,annonces-legales,2009,119,119,,,2009-10-03,2009-10-03,2009-10-03,masthead+header,0.99,2009-10-03,2009-10-03,42,True,samedi,samedi,True,25,2009,True,1430,True,48,5570,5614,fr,False,
annonces-legales/fr/2009/120,annonces-legales,2009,120,120,,,2009-10-06,2009-10-06,2009-10-06,masthead+header,0.99,2009-10-06,2009-10-06,18,True,mardi,mardi,True,25,2009,True,1430,True,24,5618,5636,fr,False,
annonces-legales/fr/2009/121,annonces-legales,2009,121,121,,,2009-10-08,2009-10-08,2009-10-08,masthead+header,0.99,2009-10-08,2009-10-08,42,True,jeudi,jeudi,True,25,2009,True,1430,True,48,5642,5685,fr,False,
annonces-legales/fr/2009/122,annonces-legales,2009,122,122,,,2009-10-10,2009-10-10,2009-10-10,masthead+header,0.99,2009-10-10,2009-10-10,50,True,samedi,samedi,True,25,2009,True,1430,True,56,5690,5740,fr,False,
annonces-legales/fr/2009/123,annonces-legales,2009,123,123,,,2009-10-13,2009-10-13,2009-10-13,masthead+header,0.99,2009-10-13,2009-10-13,24,True,mardi,mardi,True,25,2009,True,1430,True,32,5746,5774,fr,False,
annonces-legales/fr/2009/124,annonces-legales,2009,124,124,,,2009-10-15,2009-10-15,2009-10-15,masthead+header,0.99,2009-10-15,2009-10-15,51,True,jeudi,jeudi,True,25,2009,True,1430,True,56,5778,5829,fr,False,
annonces-legales/fr/2009/125,annonces-legales,2009,125,125,,,2009-10-17,2009-10-17,2009-10-17,masthead+header,0.99,2009-10-17,2009-10-17,41,True,samedi,samedi,True,25,2009,True,1430,True,48,5834,5876,fr,False,
annonces-legales/fr/2009/126,annonces-legales,2009,126,126,,,2009-10-20,2009-10-20,2009-10-20,masthead+header,0.99,2009-10-20,2009-10-20,32,True,mardi,mardi,True,25,2009,True,1430,True,40,5882,5916,fr,False,
annonces-legales/fr/2009/127,annonces-legales,2009,127,127,,,2009-10-22,2009-10-22,2009-10-22,masthead+header,0.99,2009-10-22,2009-10-22,42,True,jeudi,jeudi,True,25,2009,True,1430,True,48,5922,5962,fr,False,
annonces-legales/fr/2009/128,annonces-legales,2009,128,128,,,2009-10-24,2009-10-24,2009-10-24,masthead+header,0.99,2009-10-24,2009-10-24,57,True,samedi,samedi,True,25,2009,True,1430,True,64,5970,6030,fr,False,
annonces-legales/fr/2009/129,annonces-legales,2009,129,129,,,2009-10-27,2009-10-27,2009-10-27,masthead+header,0.99,2009-10-27,2009-10-27,28,True,mardi,mardi,True,25,2009,True,1430,True,32,6034,6062,fr,False,
annonces-legales/fr/2009/130,annonces-legales,2009,130,130,,,2009-10-29,2009-10-29,2009-10-29,masthead+header,0.99,2009-10-29,2009-10-29,45,True,jeudi,jeudi,True,25,2009,True,1430,True,56,6066,6110,fr,False,
annonces-legales/fr/2009/131,annonces-legales,2009,131,131,,,2009-10-31,2009-10-31,2009-10-31,masthead+header,0.99,2009-10-31,2009-10-31,52,True,samedi,samedi,True,25,2009,True,1430,True,56,6122,6169,fr,False,
annonces-legales/fr/2009/132,annonces-legales,2009,132,132,,,2009-11-03,2009-11-03,2009-11-03,masthead+header,0.99,2009-11-03,2009-11-03,23,True,mardi,mardi,True,25,2009,True,1430,True,32,6178,6187,fr,False,
annonces-legales/fr/2009/133,annonces-legales,2009,133,133,,,2009-11-05,2009-11-05,2009-11-05,masthead+header,0.8,2009-11-05,2009-11-05,48,True,mardi,jeudi,False,25,2009,True,1430,True,56,6210,6258,fr,True,weekday stated mardi != actual jeudi (date left as is)
annonces-legales/fr/2009/134,annonces-legales,2009,134,134,,,2009-11-07,2009-11-07,2009-11-07,masthead+header,0.99,2009-11-07,2009-11-07,47,True,samedi,samedi,True,25,2009,True,1430,True,56,6266,6310,fr,False,
annonces-legales/fr/2009/135,annonces-legales,2009,135,135,,,2009-11-10,2009-11-10,2009-11-10,masthead+header,0.99,2009-11-10,2009-11-10,23,True,mardi,mardi,True,25,2009,True,1430,True,32,6322,6338,fr,False,
annonces-legales/fr/2009/136,annonces-legales,2009,136,136,,,2009-11-12,2009-11-12,2009-11-12,masthead+header,0.99,2009-11-12,2009-11-12,39,True,jeudi,jeudi,True,25,2009,True,1430,True,48,6354,6397,fr,False,
annonces-legales/fr/2009/137,annonces-legales,2009,137,137,,,2009-11-14,2009-11-14,2009-11-14,masthead+header,0.99,2009-11-14,2009-11-14,40,True,samedi,samedi,True,25,2009,True,1430,True,48,6402,6446,fr,False,
annonces-legales/fr/2009/138,annonces-legales,2009,138,138,,,2009-11-17,2009-11-17,2009-11-17,masthead+header,0.99,2009-11-17,2009-11-17,19,True,mardi,mardi,True,25,2009,True,1430,True,24,6450,6462,fr,False,
annonces-legales/fr/2009/139,annonces-legales,2009,139,139,,,2009-11-19,2009-11-19,2009-11-19,masthead+header,0.99,2009-11-19,2009-11-19,42,True,jeudi,jeudi,True,25,2009,True,1430,True,48,6474,6519,fr,False,
annonces-legales/fr/2009/140,annonces-legales,2009,140,140,,,2009-11-21,2009-11-21,2009-11-21,masthead+header,0.99,2009-11-21,2009-11-21,51,True,samedi,samedi,True,25,2009,True,1430,True,64,1,6580,fr,False,
annonces-legales/fr/2009/141,annonces-legales,2009,141,141,,,2009-11-24,2009-11-24,2009-11-24,masthead+header,0.99,2009-11-24,2009-11-24,26,True,mardi,mardi,True,25,2009,True,1430,True,32,6586,6613,fr,False,
annonces-legales/fr/2009/142,annonces-legales,2009,142,142,,,2009-11-26,2009-11-26,2009-11-26,masthead+header,0.99,2009-11-26,2009-11-26,44,True,jeudi,jeudi,True,25,2009,True,1430,True,48,6618,6662,fr,False,
annonces-legales/fr/2009/143,annonces-legales,2009,143,143,,,2009-11-28,2009-11-28,2009-11-28,masthead+header,0.99,2009-11-28,2009-11-28,26,True,samedi,samedi,True,25,2009,True,1430,True,32,6666,6694,fr,False,
annonces-legales/fr/2009/144,annonces-legales,2009,144,144,,,2009-12-01,2009-12-01,2009-12-01,masthead+header,0.99,2009-12-01,2009-12-01,19,True,mardi,mardi,True,25,2009,True,1430,True,24,6698,6714,fr,False,
annonces-legales/fr/2009/145,annonces-legales,2009,145,145,,,2009-12-03,2009-12-03,2009-12-03,masthead+header,0.99,2009-12-03,2009-12-03,32,True,jeudi,jeudi,True,25,2009,True,1430,True,40,6722,6752,fr,False,
annonces-legales/fr/2009/146,annonces-legales,2009,146,146,,,2009-12-05,2009-12-05,2009-12-05,masthead+header,0.99,2009-12-05,2009-12-05,49,True,samedi,samedi,True,25,2009,True,1430,True,56,6762,6812,fr,False,
annonces-legales/fr/2009/147,annonces-legales,2009,147,147,,,2009-12-08,2009-12-08,2009-12-08,masthead+header,0.99,2009-12-08,2009-12-08,27,True,mardi,mardi,True,25,2009,True,1430,True,32,6818,6840,fr,False,
annonces-legales/fr/2009/148,annonces-legales,2009,148,148,,,2009-12-10,2009-12-10,2009-12-10,masthead+header,0.99,2009-12-10,2009-12-10,53,True,jeudi,jeudi,True,25,2009,True,1430,True,64,6850,6909,fr,False,
annonces-legales/fr/2009/149,annonces-legales,2009,149,149,,,2009-12-12,2009-12-12,2009-12-12,masthead+header,0.99,2009-12-12,2009-12-12,44,True,samedi,samedi,True,25,2009,True,1430,True,56,6914,6962,fr,False,
annonces-legales/fr/2009/150,annonces-legales,2009,150,150,,,2009-12-15,2009-12-15,2009-12-15,masthead+header,0.99,2009-12-15,2009-12-15,27,True,mardi,mardi,True,25,2009,True,1430,True,32,6970,6997,fr,False,
annonces-legales/fr/2009/151,annonces-legales,2009,151,151,,,2009-12-17,2009-12-17,2009-12-17,masthead+header,0.99,2009-12-17,2009-12-17,50,True,jeudi,jeudi,True,25,2009,True,1430,True,56,7002,7044,fr,False,
annonces-legales/fr/2009/152,annonces-legales,2009,152,152,,,2009-12-19,2009-12-19,2009-12-19,masthead+header,0.99,2009-12-19,2009-12-19,27,True,samedi,samedi,True,25,2009,True,1431,True,32,7058,7087,fr,False,
annonces-legales/fr/2009/153,annonces-legales,2009,153,153,,,2009-12-22,2009-12-22,2009-12-22,masthead+header,0.99,2009-12-22,2009-12-22,42,True,mardi,mardi,True,25,2009,True,1431,True,48,7090,7133,fr,False,
annonces-legales/fr/2009/154,annonces-legales,2009,154,154,,,2009-12-24,2009-12-24,2009-12-24,masthead+header,0.99,2009-12-24,2009-12-24,41,True,jeudi,jeudi,True,25,2009,True,1431,True,48,7140,7182,fr,False,
annonces-legales/fr/2009/155,annonces-legales,2009,155,155,,,2009-12-26,2009-12-26,2009-12-26,masthead+header,0.99,2009-12-26,2009-12-26,41,True,samedi,samedi,True,25,2009,True,1431,True,56,7186,7229,fr,False,
annonces-legales/fr/2009/156,annonces-legales,2009,156,156,,,2009-12-29,2009-12-29,2009-12-29,masthead+header,0.99,2009-12-29,2009-12-29,28,True,mardi,mardi,True,25,2009,True,1431,True,32,7242,7262,fr,False,
annonces-legales/fr/2009/157,annonces-legales,2009,157,157,,,2009-12-31,2009-12-31,2009-12-31,masthead+header,0.99,2009-12-31,2009-12-31,45,True,jeudi,jeudi,True,25,2009,True,1431,True,48,7274,7319,fr,False,
annonces-legales/fr/2010/001,annonces-legales,2010,001,1,,,2010-01-02,2010-01-02,2010-01-02,masthead+header,0.99,2010-01-02,2010-01-02,32,True,samedi,samedi,True,26,2010,True,1431,True,40,2,35,fr,False,
annonces-legales/fr/2010/002,annonces-legales,2010,002,2,,,2010-01-05,2010-01-05,2010-01-05,masthead+header,0.99,2010-01-05,2010-01-05,30,True,mardi,mardi,True,26,2010,True,1431,True,32,42,71,fr,False,
annonces-legales/fr/2010/003,annonces-legales,2010,003,3,,,2010-01-07,2010-01-07,2010-01-07,masthead+header,0.99,2010-01-07,2010-01-07,46,True,jeudi,jeudi,True,26,2010,True,1431,True,48,74,119,fr,False,
annonces-legales/fr/2010/004,annonces-legales,2010,004,4,,,2010-01-09,2010-01-09,2010-01-09,masthead+header,0.99,2010-01-09,2010-01-09,54,True,samedi,samedi,True,26,2010,True,1431,True,56,122,175,fr,False,
annonces-legales/fr/2010/005,annonces-legales,2010,005,5,,,2010-01-12,2010-01-12,2010-01-12,masthead+header,0.99,2010-01-12,2010-01-12,28,True,mardi,mardi,True,26,2010,True,1431,True,32,178,205,fr,False,
annonces-legales/fr/2010/006,annonces-legales,2010,006,6,,,2010-01-14,2010-01-14,2010-01-14,masthead+header,0.99,2010-01-14,2010-01-14,43,True,jeudi,jeudi,True,26,2010,True,1431,True,48,210,240,fr,False,
annonces-legales/fr/2010/007,annonces-legales,2010,007,7,,,2010-01-16,2010-01-16,2010-01-16,masthead+header,0.99,2010-01-16,2010-01-16,53,True,samedi,samedi,True,26,2010,True,1431,True,56,258,310,fr,False,
annonces-legales/fr/2010/008,annonces-legales,2010,008,8,,,2010-01-19,2010-01-19,2010-01-19,masthead+header,0.99,2010-01-19,2010-01-19,34,True,mardi,mardi,True,26,2010,True,1431,True,40,314,345,fr,False,
annonces-legales/fr/2010/009,annonces-legales,2010,009,9,,,2010-01-21,2010-01-21,2010-01-21,masthead+header,0.99,2010-01-21,2010-01-21,53,True,jeudi,jeudi,True,26,2010,True,1431,True,56,354,406,fr,False,
annonces-legales/fr/2010/010,annonces-legales,2010,010,10,,,2010-01-23,2010-01-23,2010-01-23,masthead+header,0.99,2010-01-23,2010-01-23,45,True,samedi,samedi,True,26,2010,True,1431,True,48,410,452,fr,False,
annonces-legales/fr/2010/011,annonces-legales,2010,011,11,,,2010-01-26,2010-01-26,2010-01-26,masthead+header,0.99,2010-01-26,2010-01-26,34,True,mardi,mardi,True,26,2010,True,1431,True,40,458,492,fr,False,
annonces-legales/fr/2010/012,annonces-legales,2010,012,12,,,2010-01-28,2010-01-28,2010-01-28,masthead+header,0.99,2010-01-28,2010-01-28,45,True,jeudi,jeudi,True,26,2010,True,1431,True,48,498,542,fr,False,
annonces-legales/fr/2010/013,annonces-legales,2010,013,13,,,2010-01-30,2010-01-30,2010-01-30,masthead+header,0.99,2010-01-30,2010-01-30,54,True,samedi,samedi,True,26,2010,True,1431,True,56,546,598,fr,False,
annonces-legales/fr/2010/014,annonces-legales,2010,014,14,,,2010-02-02,2010-02-02,2010-02-02,masthead+header,0.99,2010-02-02,2010-02-02,25,True,mardi,mardi,True,26,2010,True,1431,True,32,602,618,fr,False,
annonces-legales/fr/2010/015,annonces-legales,2010,015,15,,,2010-02-04,2010-02-04,2010-02-04,masthead+header,0.99,2010-02-04,2010-02-04,51,True,jeudi,jeudi,True,26,2010,True,1431,True,56,634,684,fr,False,
annonces-legales/fr/2010/016,annonces-legales,2010,016,16,,,2010-02-06,2010-02-06,2010-02-06,masthead+header,0.99,2010-02-06,2010-02-06,43,True,samedi,samedi,True,26,2010,True,1431,True,48,690,730,fr,False,
annonces-legales/fr/2010/017,annonces-legales,2010,017,17,,,2010-02-09,2010-02-09,2010-02-09,masthead+header,0.99,2010-02-09,2010-02-09,46,True,mardi,mardi,True,26,2010,True,1431,True,48,738,782,fr,False,
annonces-legales/fr/2010/018,annonces-legales,2010,018,18,,,2010-02-11,2010-02-11,2010-02-11,masthead+header,0.99,2010-02-11,2010-02-11,61,True,jeudi,jeudi,True,26,2010,True,1431,True,64,786,841,fr,False,
annonces-legales/fr/2010/019,annonces-legales,2010,019,19,,,2010-02-13,2010-02-13,2010-02-13,masthead+header,0.99,2010-02-13,2010-02-13,50,True,samedi,samedi,True,26,2010,True,1431,True,64,850,906,fr,False,
annonces-legales/fr/2010/020,annonces-legales,2010,020,20,,,2010-02-16,2010-02-16,2010-02-16,masthead+header,0.99,2010-02-16,2010-02-16,46,True,mardi,mardi,True,26,2010,True,1431,True,48,914,959,fr,False,
annonces-legales/fr/2010/021,annonces-legales,2010,021,21,,,2010-02-18,2010-02-18,2010-02-18,masthead+header,0.99,2010-02-18,2010-02-18,52,True,jeudi,jeudi,True,26,2010,True,1431,True,56,962,1013,fr,False,
annonces-legales/fr/2010/022,annonces-legales,2010,022,22,,,2010-02-20,2010-02-20,2010-02-20,masthead+header,0.99,2010-02-20,2010-02-20,56,True,samedi,samedi,True,26,2010,True,1431,True,64,1018,1076,fr,False,
annonces-legales/fr/2010/023,annonces-legales,2010,023,23,,,2010-02-23,2010-02-23,2010-02-23,masthead+header,0.99,2010-02-23,2010-02-23,34,True,mardi,mardi,True,26,2010,True,1431,True,40,1082,1107,fr,False,
annonces-legales/fr/2010/024,annonces-legales,2010,024,24,,,2010-02-25,2010-02-25,2010-02-25,masthead+header,0.99,2010-02-25,2010-02-25,60,True,jeudi,jeudi,True,26,2010,True,1431,True,64,1122,1180,fr,False,
annonces-legales/fr/2010/025,annonces-legales,2010,025,25,,,2010-02-27,2010-02-27,2010-02-27,masthead+header,0.99,2010-02-27,2010-02-27,43,True,samedi,samedi,True,26,2010,True,1431,True,48,1186,1228,fr,False,
annonces-legales/fr/2010/026,annonces-legales,2010,026,26,,,2010-03-02,2010-03-02,2010-03-02,masthead+header,0.99,2010-03-02,2010-03-02,35,True,mardi,mardi,True,26,2010,True,1431,True,40,1234,1266,fr,False,
annonces-legales/fr/2010/027,annonces-legales,2010,027,27,,,2010-03-04,2010-03-04,2010-03-04,masthead+header,0.99,2010-03-04,2010-03-04,51,True,jeudi,jeudi,True,26,2010,True,1431,True,56,1274,1324,fr,False,
annonces-legales/fr/2010/028,annonces-legales,2010,028,28,,,2010-03-06,2010-03-06,2010-03-06,masthead+header,0.99,2010-03-06,2010-03-06,60,True,samedi,samedi,True,26,2010,True,1431,True,64,1330,1386,fr,False,
annonces-legales/fr/2010/029,annonces-legales,2010,029,29,,,2010-03-09,2010-03-09,2010-03-09,masthead+header,0.99,2010-03-09,2010-03-09,30,True,mardi,mardi,True,26,2010,True,1431,True,32,1394,1423,fr,False,
annonces-legales/fr/2010/030,annonces-legales,2010,030,30,,,2010-03-11,2010-03-11,2010-03-11,masthead+header,0.99,2010-03-11,2010-03-11,60,True,jeudi,jeudi,True,26,2010,True,1431,True,64,1426,1484,fr,False,
annonces-legales/fr/2010/031,annonces-legales,2010,031,31,,,2010-03-13,2010-03-13,2010-03-13,masthead+header,0.8,2010-03-13,2010-03-13,60,True,mardi,samedi,False,26,2010,True,1431,True,64,1490,1548,fr,True,weekday stated mardi != actual samedi (date left as is)
annonces-legales/fr/2010/032,annonces-legales,2010,032,32,,,2010-03-16,2010-03-16,2010-03-16,masthead+header,0.99,2010-03-16,2010-03-16,44,True,mardi,mardi,True,26,2010,True,1431,True,48,1554,1598,fr,False,
annonces-legales/fr/2010/033,annonces-legales,2010,033,33,,,2010-03-18,2010-03-18,2010-03-18,masthead+header,0.99,2010-03-18,2010-03-18,57,True,jeudi,jeudi,True,26,2010,True,1431,True,64,1602,1657,fr,False,
annonces-legales/fr/2010/034,annonces-legales,2010,034,34,,,2010-03-20,2010-03-20,2010-03-20,masthead+header,0.99,2010-03-20,2010-03-20,60,True,samedi,samedi,True,26,2010,True,1431,True,64,1666,1720,fr,False,
annonces-legales/fr/2010/035,annonces-legales,2010,035,35,,,2010-03-23,2010-03-23,2010-03-23,masthead+header,0.99,2010-03-23,2010-03-23,28,True,mardi,mardi,True,26,2010,True,1431,True,32,1730,1756,fr,False,
annonces-legales/fr/2010/036,annonces-legales,2010,036,36,,,2010-03-25,2010-03-25,2010-03-25,masthead+header,0.99,2010-03-25,2010-03-25,61,True,jeudi,jeudi,True,26,2010,True,1431,True,64,1762,1822,fr,False,
annonces-legales/fr/2010/037,annonces-legales,2010,037,37,,,2010-03-27,2010-03-27,2010-03-27,masthead+header,0.99,2010-03-27,2010-03-27,60,True,samedi,samedi,True,26,2010,True,1431,True,64,1826,1884,fr,False,
annonces-legales/fr/2010/038,annonces-legales,2010,038,38,,,2010-03-30,2010-03-30,2010-03-30,masthead+header,0.99,2010-03-30,2010-03-30,30,True,mardi,mardi,True,26,2010,True,1431,True,32,1590,1619,fr,False,
annonces-legales/fr/2010/039,annonces-legales,2010,039,39,,,2010-04-01,2010-04-01,2010-04-01,masthead+header,0.99,2010-04-01,2010-04-01,54,True,jeudi,jeudi,True,26,2010,True,1431,True,64,1922,1974,fr,False,
annonces-legales/fr/2010/040,annonces-legales,2010,040,40,,,2010-04-03,2010-04-03,2010-04-03,masthead+header,0.99,2010-04-03,2010-04-03,56,True,samedi,samedi,True,26,2010,True,1431,True,64,1978,2030,fr,False,
annonces-legales/fr/2010/041,annonces-legales,2010,041,41,,,2010-04-06,2010-04-06,2010-04-06,masthead+header,0.99,2010-04-06,2010-04-06,29,True,mardi,mardi,True,26,2010,True,1431,True,32,2042,2068,fr,False,
annonces-legales/fr/2010/042,annonces-legales,2010,042,42,,,2010-04-08,2010-04-08,2010-04-08,masthead+header,0.99,2010-04-08,2010-04-08,59,True,jeudi,jeudi,True,26,2010,True,1431,True,65,2074,2132,fr,False,
annonces-legales/fr/2010/043,annonces-legales,2010,043,43,,,2010-04-10,2010-04-10,2010-04-10,masthead+header,0.99,2010-04-10,2010-04-10,36,True,samedi,samedi,True,26,2010,True,1431,True,40,2138,2171,fr,False,
annonces-legales/fr/2010/044,annonces-legales,2010,044,44,,,2010-04-13,2010-04-13,2010-04-13,masthead+header,0.99,2010-04-13,2010-04-13,45,True,mardi,mardi,True,26,2010,True,1431,True,48,2178,2219,fr,False,
annonces-legales/fr/2010/045,annonces-legales,2010,045,45,,,2010-04-15,2010-04-15,2010-04-15,masthead+header,0.99,2010-04-15,2010-04-15,61,True,jeudi,jeudi,True,26,2010,True,1431,True,64,2226,2286,fr,False,
annonces-legales/fr/2010/046,annonces-legales,2010,046,46,,,2010-04-17,2010-04-17,2010-04-17,masthead+header,0.99,2010-04-17,2010-04-17,59,True,samedi,samedi,True,26,2010,True,1431,True,64,2290,2348,fr,False,
annonces-legales/fr/2010/047,annonces-legales,2010,047,47,,,2010-04-20,2010-04-20,2010-04-20,masthead+header,0.99,2010-04-20,2010-04-20,44,True,mardi,mardi,True,26,2010,True,1431,True,48,2354,2396,fr,False,
annonces-legales/fr/2010/048,annonces-legales,2010,048,48,,,2010-04-22,2010-04-22,2010-04-22,masthead+header,0.99,2010-04-22,2010-04-22,60,True,jeudi,jeudi,True,26,2010,True,1431,True,64,1,2460,fr,False,
annonces-legales/fr/2010/049,annonces-legales,2010,049,49,,,2010-04-24,2010-04-24,2010-04-24,masthead+header,0.99,2010-04-24,2010-04-24,53,True,samedi,samedi,True,26,2010,True,1431,True,56,2466,2508,fr,False,
annonces-legales/fr/2010/050,annonces-legales,2010,050,50,,,2010-04-27,2010-04-27,2010-04-27,masthead+header,0.99,2010-04-27,2010-04-27,42,True,mardi,mardi,True,26,2010,True,1431,True,48,2522,2558,fr,False,
annonces-legales/fr/2010/051,annonces-legales,2010,051,51,,,2010-04-29,2010-04-29,2010-04-29,masthead+header,0.99,2010-04-29,2010-04-29,61,True,jeudi,jeudi,True,26,2010,True,1431,True,64,2570,2630,fr,False,
annonces-legales/fr/2010/052,annonces-legales,2010,052,52,,,2010-05-01,2010-05-01,2010-05-01,masthead+header,0.99,2010-05-01,2010-05-01,62,True,samedi,samedi,True,26,2010,True,1431,True,64,2634,2695,fr,False,
annonces-legales/fr/2010/053,annonces-legales,2010,053,53,,,2010-05-04,2010-05-04,2010-05-04,masthead+header,0.99,2010-05-04,2010-05-04,29,True,mardi,mardi,True,26,2010,True,1431,True,32,2698,2727,fr,False,
annonces-legales/fr/2010/054,annonces-legales,2010,054,54,,,2010-05-06,2010-05-06,2010-05-06,masthead+header,0.99,2010-05-06,2010-05-06,61,True,jeudi,jeudi,True,26,2010,True,1431,True,64,2730,2790,fr,False,
annonces-legales/fr/2010/055,annonces-legales,2010,055,55,,,2010-05-08,2010-05-08,2010-05-08,masthead+header,0.99,2010-05-08,2010-05-08,61,True,samedi,samedi,True,26,2010,True,1431,True,64,2794,2854,fr,False,
annonces-legales/fr/2010/056,annonces-legales,2010,056,56,,,2010-05-11,2010-05-11,2010-05-11,masthead+header,0.99,2010-05-11,2010-05-11,43,True,mardi,mardi,True,26,2010,True,1431,True,48,2858,2900,fr,False,
annonces-legales/fr/2010/057,annonces-legales,2010,057,57,,,2010-05-13,2010-05-13,2010-05-13,masthead+header,0.99,2010-05-13,2010-05-13,75,True,jeudi,jeudi,True,26,2010,True,1431,True,80,2906,2980,fr,False,
annonces-legales/fr/2010/058,annonces-legales,2010,058,58,,,2010-05-15,2010-05-15,2010-05-15,masthead+header,0.99,2010-05-15,2010-05-15,70,True,samedi,samedi,True,26,2010,True,1431,True,72,2986,3054,fr,False,
annonces-legales/fr/2010/059,annonces-legales,2010,059,59,,,2010-05-18,2010-05-18,2010-05-18,masthead+header,0.99,2010-05-18,2010-05-18,29,True,mardi,mardi,True,26,2010,True,1431,True,32,3058,3084,fr,False,
annonces-legales/fr/2010/060,annonces-legales,2010,060,60,,,2010-05-20,2010-05-20,2010-05-20,masthead+header,0.99,2010-05-20,2010-05-20,61,True,jeudi,jeudi,True,26,2010,True,1431,True,64,3090,3150,fr,False,
annonces-legales/fr/2010/061,annonces-legales,2010,061,61,,,2010-05-22,2010-05-22,2010-05-22,masthead+header,0.99,2010-05-22,2010-05-22,69,True,samedi,samedi,True,26,2010,True,1431,True,72,3154,3217,fr,False,
annonces-legales/fr/2010/062,annonces-legales,2010,062,62,,,2010-05-25,2010-05-25,2010-05-25,masthead+header,0.99,2010-05-25,2010-05-25,45,True,mardi,mardi,True,26,2010,True,1431,True,48,3226,3270,fr,False,
annonces-legales/fr/2010/063,annonces-legales,2010,063,63,,,2010-05-27,2010-05-27,2010-05-27,masthead+header,0.99,2010-05-27,2010-05-27,62,True,jeudi,jeudi,True,26,2010,True,1431,True,64,3274,3334,fr,False,
annonces-legales/fr/2010/064,annonces-legales,2010,064,64,,,2010-05-29,2010-05-29,2010-05-29,masthead+header,0.99,2010-05-29,2010-05-29,61,True,samedi,samedi,True,26,2010,True,1431,True,64,3338,3396,fr,False,
annonces-legales/fr/2010/065,annonces-legales,2010,065,65,,,2010-06-01,2010-06-01,2010-06-01,masthead+header,0.99,2010-06-01,2010-06-01,37,True,mardi,mardi,True,26,2010,True,1431,True,40,3402,3430,fr,False,
annonces-legales/fr/2010/066,annonces-legales,2010,066,66,,,2010-06-03,2010-06-03,2010-06-03,masthead+header,0.99,2010-06-03,2010-06-03,69,True,jeudi,jeudi,True,26,2010,True,1431,True,72,3942,4007,fr,False,
annonces-legales/fr/2010/067,annonces-legales,2010,067,67,,,2010-06-05,2010-06-05,2010-06-05,masthead+header,0.99,2010-06-05,2010-06-05,61,True,samedi,samedi,True,26,2010,True,1431,True,64,4014,4074,fr,False,
annonces-legales/fr/2010/068,annonces-legales,2010,068,68,,,2010-06-08,2010-06-08,2010-06-08,masthead+header,0.99,2010-06-08,2010-06-08,62,True,mardi,mardi,True,26,2010,True,1431,True,64,4078,4135,fr,False,
annonces-legales/fr/2010/069,annonces-legales,2010,069,69,,,2010-06-10,2010-06-10,2010-06-10,masthead+header,0.99,2010-06-10,2010-06-10,70,True,jeudi,jeudi,True,26,2010,True,1431,True,72,4142,4208,fr,False,
annonces-legales/fr/2010/070,annonces-legales,2010,070,70,,,2010-06-12,2010-06-12,2010-06-12,masthead+header,0.99,2010-06-12,2010-06-12,76,True,samedi,samedi,True,26,2010,True,1431,True,80,4214,4289,fr,False,
annonces-legales/fr/2010/071,annonces-legales,2010,071,71,,,2010-06-15,2010-06-15,2010-06-15,masthead+header,0.99,2010-06-15,2010-06-15,43,True,mardi,mardi,True,26,2010,True,1431,True,48,4294,4336,fr,False,
annonces-legales/fr/2010/072,annonces-legales,2010,072,72,,,2010-06-17,2010-06-17,2010-06-17,masthead+header,0.99,2010-06-17,2010-06-17,51,True,jeudi,jeudi,True,26,2010,True,1431,True,56,4340,4390,fr,False,
annonces-legales/fr/2010/073,annonces-legales,2010,073,73,,,2010-06-19,2010-06-19,2010-06-19,masthead+header,0.99,2010-06-19,2010-06-19,76,True,samedi,samedi,True,26,2010,True,1431,True,80,4398,4472,fr,False,
annonces-legales/fr/2010/074,annonces-legales,2010,074,74,,,2010-06-22,2010-06-22,2010-06-22,masthead+header,0.99,2010-06-22,2010-06-22,42,True,mardi,mardi,True,26,2010,True,1431,True,48,4478,4518,fr,False,
annonces-legales/fr/2010/075,annonces-legales,2010,075,75,,,2010-06-24,2010-06-24,2010-06-24,masthead+header,0.99,2010-06-24,2010-06-24,53,True,jeudi,jeudi,True,26,2010,True,1431,True,56,4526,4578,fr,False,
annonces-legales/fr/2010/076,annonces-legales,2010,076,76,,,2010-06-26,2010-06-26,2010-06-26,masthead+header,0.99,2010-06-26,2010-06-26,53,True,samedi,samedi,True,26,2010,True,1431,True,56,4582,4632,fr,False,
annonces-legales/fr/2010/077,annonces-legales,2010,077,77,,,2010-06-29,2010-06-29,2010-06-29,masthead+header,0.99,2010-06-29,2010-06-29,42,True,mardi,mardi,True,26,2010,True,1431,True,48,4638,4679,fr,False,
annonces-legales/fr/2010/078,annonces-legales,2010,078,78,,,2010-07-01,2010-07-01,2010-07-01,masthead+header,0.99,2010-07-01,2010-07-01,61,True,jeudi,jeudi,True,26,2010,True,1431,True,64,4686,4746,fr,False,
annonces-legales/fr/2010/079,annonces-legales,2010,079,79,,,2010-07-03,2010-07-03,2010-07-03,masthead+header,0.99,2010-07-03,2010-07-03,53,True,samedi,samedi,True,26,2010,True,1431,True,56,4750,4802,fr,False,
annonces-legales/fr/2010/080,annonces-legales,2010,080,80,,,2010-07-06,2010-07-06,2010-07-06,masthead+header,0.8,2010-07-06,2010-07-06,30,True,jeudi,mardi,False,26,2010,True,1431,True,32,4806,4835,fr,True,weekday stated jeudi != actual mardi (date left as is)
annonces-legales/fr/2010/081,annonces-legales,2010,081,81,,,2010-07-08,2010-07-08,2010-07-08,masthead+header,0.99,2010-07-08,2010-07-08,52,True,jeudi,jeudi,True,26,2010,True,1431,True,56,4838,4888,fr,False,
annonces-legales/fr/2010/082,annonces-legales,2010,082,82,,,2010-07-10,2010-07-10,2010-07-10,masthead+header,0.99,2010-07-10,2010-07-10,52,True,samedi,samedi,True,26,2010,True,1431,True,56,4894,4946,fr,False,
annonces-legales/fr/2010/083,annonces-legales,2010,083,83,,,2010-07-13,2010-07-13,2010-07-13,masthead+header,0.99,2010-07-13,2010-07-13,26,True,mardi,mardi,True,26,2010,True,1431,True,32,4950,4970,fr,False,
annonces-legales/fr/2010/084,annonces-legales,2010,084,84,,,2010-07-15,2010-07-15,2010-07-15,masthead+header,0.99,2010-07-15,2010-07-15,45,True,jeudi,jeudi,True,26,2010,True,1431,True,48,4982,5026,fr,False,
annonces-legales/fr/2010/085,annonces-legales,2010,085,85,,,2010-07-17,2010-07-17,2010-07-17,masthead+header,0.99,2010-07-17,2010-07-17,43,True,samedi,samedi,True,26,2010,True,1431,True,48,5030,5072,fr,False,
annonces-legales/fr/2010/086,annonces-legales,2010,086,86,,,2010-07-20,2010-07-20,2010-07-20,masthead+header,0.99,2010-07-20,2010-07-20,45,True,mardi,mardi,True,26,2010,True,1431,True,48,5078,5122,fr,False,
annonces-legales/fr/2010/087,annonces-legales,2010,087,87,,,2010-07-22,2010-07-22,2010-07-22,masthead+header,0.99,2010-07-22,2010-07-22,62,True,jeudi,jeudi,True,26,2010,True,1431,True,64,5126,5180,fr,False,
annonces-legales/fr/2010/088,annonces-legales,2010,088,88,,,2010-07-24,2010-07-24,2010-07-24,masthead+header,0.99,2010-07-24,2010-07-24,45,True,samedi,samedi,True,26,2010,True,1431,True,48,5190,5234,fr,False,
annonces-legales/fr/2010/089,annonces-legales,2010,089,89,,,2010-07-27,2010-07-27,2010-07-27,masthead+header,0.99,2010-07-27,2010-07-27,44,True,mardi,mardi,True,26,2010,True,1431,True,48,5238,5280,fr,False,
annonces-legales/fr/2010/090,annonces-legales,2010,090,90,,,2010-07-29,2010-07-29,2010-07-29,masthead+header,0.99,2010-07-29,2010-07-29,60,True,jeudi,jeudi,True,26,2010,True,1431,True,64,5286,5344,fr,False,
annonces-legales/fr/2010/091,annonces-legales,2010,091,91,,,2010-07-31,2010-07-31,2010-07-31,masthead+header,0.99,2010-07-31,2010-07-31,43,True,samedi,samedi,True,26,2010,True,1431,True,48,5350,5391,fr,False,
annonces-legales/fr/2010/092,annonces-legales,2010,092,92,,,2010-08-03,2010-08-03,2010-08-03,masthead+header,0.99,2010-08-03,2010-08-03,30,True,mardi,mardi,True,26,2010,True,1431,True,32,5398,5420,fr,False,
annonces-legales/fr/2010/093,annonces-legales,2010,093,93,,,2010-08-05,2010-08-05,2010-08-05,masthead+header,0.99,2010-08-05,2010-08-05,59,True,jeudi,jeudi,True,26,2010,True,1431,True,64,5430,5488,fr,False,
annonces-legales/fr/2010/094,annonces-legales,2010,094,94,,,2010-08-07,2010-08-07,2010-08-07,masthead+header,0.99,2010-08-07,2010-08-07,59,True,samedi,samedi,True,26,2010,True,1431,True,64,5494,5552,fr,False,
annonces-legales/fr/2010/095,annonces-legales,2010,095,95,,,2010-08-10,2010-08-10,2010-08-10,masthead+header,0.99,2010-08-10,2010-08-10,28,True,mardi,mardi,True,26,2010,True,1431,True,32,5558,5580,fr,False,
annonces-legales/fr/2010/096,annonces-legales,2010,096,96,,,2010-08-12,2010-08-12,2010-08-12,masthead+header,0.99,2010-08-12,2010-08-12,51,True,jeudi,jeudi,True,26,2010,True,1431,True,56,5588,5636,fr,False,
annonces-legales/fr/2010/097,annonces-legales,2010,097,97,,,2010-08-14,2010-08-14,2010-08-14,masthead+header,0.99,2010-08-14,2010-08-14,28,True,samedi,samedi,True,26,2010,True,1431,True,32,5646,5673,fr,False,
annonces-legales/fr/2010/098,annonces-legales,2010,098,98,,,2010-08-17,2010-08-17,2010-08-17,masthead+header,0.99,2010-08-17,2010-08-17,41,True,mardi,mardi,True,26,2010,True,1431,True,48,5678,5718,fr,False,
annonces-legales/fr/2010/099,annonces-legales,2010,099,99,,,2010-08-19,2010-08-19,2010-08-19,masthead+header,0.99,2010-08-19,2010-08-19,54,True,jeudi,jeudi,True,26,2010,True,1431,True,56,5726,5779,fr,False,
annonces-legales/fr/2010/100,annonces-legales,2010,100,100,,,2010-08-21,2010-08-21,2010-08-21,masthead+header,0.99,2010-08-21,2010-08-21,44,True,samedi,samedi,True,26,2010,True,1431,True,48,5782,5824,fr,False,
annonces-legales/fr/2010/101,annonces-legales,2010,101,101,,,2010-08-24,2010-08-24,2010-08-24,masthead+header,0.99,2010-08-24,2010-08-24,40,True,mardi,mardi,True,26,2010,True,1431,True,48,5830,5870,fr,False,
annonces-legales/fr/2010/102,annonces-legales,2010,102,102,,,2010-08-26,2010-08-26,2010-08-26,masthead+header,0.99,2010-08-26,2010-08-26,51,True,jeudi,jeudi,True,26,2010,True,1431,True,56,5878,5930,fr,False,
annonces-legales/fr/2010/103,annonces-legales,2010,103,103,,,2010-08-28,2010-08-28,2010-08-28,masthead+header,0.99,2010-08-28,2010-08-28,53,True,samedi,samedi,True,26,2010,True,1431,True,64,5934,5992,fr,False,
annonces-legales/fr/2010/104,annonces-legales,2010,104,104,,,2010-08-31,2010-08-31,2010-08-31,masthead+header,0.99,2010-08-31,2010-08-31,27,True,mardi,mardi,True,26,2010,True,1431,True,32,5998,6023,fr,False,
annonces-legales/fr/2010/105,annonces-legales,2010,105,105,,,2010-09-02,2010-09-02,2010-09-02,masthead+header,0.99,2010-09-02,2010-09-02,39,True,jeudi,jeudi,True,26,2010,True,1431,True,48,6030,6073,fr,False,
annonces-legales/fr/2010/106,annonces-legales,2010,106,106,,,2010-09-04,2010-09-04,2010-09-04,masthead+header,0.99,2010-09-04,2010-09-04,50,True,samedi,samedi,True,26,2010,True,1431,True,64,6078,6136,fr,False,
annonces-legales/fr/2010/107,annonces-legales,2010,107,107,,,2010-09-07,2010-09-07,2010-09-07,masthead+header,0.99,2010-09-07,2010-09-07,18,True,mardi,mardi,True,26,2010,True,1431,True,24,6142,6160,fr,False,
annonces-legales/fr/2010/108,annonces-legales,2010,108,108,,,2010-09-09,2010-09-09,2010-09-09,masthead+header,0.99,2010-09-09,2010-09-09,19,True,jeudi,jeudi,True,26,2010,True,1431,True,24,6166,6186,fr,False,
annonces-legales/fr/2010/109,annonces-legales,2010,109,109,,,2010-09-11,2010-09-11,2010-09-11,masthead+header,0.99,2010-09-11,2010-09-11,17,True,samedi,samedi,True,26,2010,True,1431,True,24,6190,6208,fr,False,
annonces-legales/fr/2010/110,annonces-legales,2010,110,110,,,2010-09-14,2010-09-14,2010-09-14,masthead+header,0.99,2010-09-14,2010-09-14,39,True,mardi,mardi,True,26,2010,True,1431,True,48,6214,6258,fr,False,
annonces-legales/fr/2010/111,annonces-legales,2010,111,111,,,2010-09-16,2010-09-16,2010-09-16,masthead+header,0.99,2010-09-16,2010-09-16,47,True,jeudi,jeudi,True,26,2010,True,1431,True,56,6262,6314,fr,False,
annonces-legales/fr/2010/112,annonces-legales,2010,112,112,,,2010-09-18,2010-09-18,2010-09-18,masthead+header,0.99,2010-09-18,2010-09-18,43,True,samedi,samedi,True,26,2010,True,1431,True,56,6318,6366,fr,False,
annonces-legales/fr/2010/113,annonces-legales,2010,113,113,,,2010-09-21,2010-09-21,2010-09-21,masthead+header,0.99,2010-09-21,2010-09-21,23,True,mardi,mardi,True,26,2010,True,1431,True,32,6374,6400,fr,False,
annonces-legales/fr/2010/114,annonces-legales,2010,114,114,,,2010-09-23,2010-09-23,2010-09-23,masthead+header,0.99,2010-09-23,2010-09-23,56,True,jeudi,jeudi,True,26,2010,True,1431,True,64,6406,6466,fr,False,
annonces-legales/fr/2010/115,annonces-legales,2010,115,115,,,2010-09-25,2010-09-25,2010-09-25,masthead+header,0.99,2010-09-25,2010-09-25,39,True,samedi,samedi,True,26,2010,True,1431,True,48,6470,6512,fr,False,
annonces-legales/fr/2010/116,annonces-legales,2010,116,116,,,2010-09-28,2010-09-28,2010-09-28,masthead+header,0.99,2010-09-28,2010-09-28,26,True,mardi,mardi,True,26,2010,True,1431,True,32,5618,5646,fr,False,
annonces-legales/fr/2010/117,annonces-legales,2010,117,117,,,2010-09-30,2010-09-30,2010-09-30,masthead+header,0.99,2010-09-30,2010-09-30,38,True,jeudi,jeudi,True,26,2010,True,1431,True,48,6550,6594,fr,False,
annonces-legales/fr/2010/118,annonces-legales,2010,118,118,,,2010-10-02,2010-10-02,2010-10-02,masthead+header,0.99,2010-10-02,2010-10-02,45,True,samedi,samedi,True,26,2010,True,1431,True,56,6598,6648,fr,False,
annonces-legales/fr/2010/119,annonces-legales,2010,119,119,,,2010-10-05,2010-10-05,2010-10-05,masthead+header,0.99,2010-10-05,2010-10-05,35,True,mardi,mardi,True,26,2010,True,1431,True,40,6654,6687,fr,False,
annonces-legales/fr/2010/120,annonces-legales,2010,120,120,,,2010-10-07,2010-10-07,2010-10-07,masthead+header,0.99,2010-10-07,2010-10-07,41,True,jeudi,jeudi,True,26,2010,True,1431,True,48,6694,6738,fr,False,
annonces-legales/fr/2010/121,annonces-legales,2010,121,121,,,2010-10-09,2010-10-09,2010-10-09,masthead+header,0.99,2010-10-09,2010-10-09,56,True,samedi,samedi,True,26,2010,True,1431,True,64,6742,6802,fr,False,
annonces-legales/fr/2010/122,annonces-legales,2010,122,122,,,2010-10-12,2010-10-12,2010-10-12,masthead+header,0.99,2010-10-12,2010-10-12,25,True,mardi,mardi,True,26,2010,True,1431,True,32,6806,6832,fr,False,
annonces-legales/fr/2010/123,annonces-legales,2010,123,123,,,2010-10-14,2010-10-14,2010-10-14,masthead+header,0.99,2010-10-14,2010-10-14,55,True,jeudi,jeudi,True,26,2010,True,1431,True,64,6838,6895,fr,False,
annonces-legales/fr/2010/124,annonces-legales,2010,124,124,,,2010-10-16,2010-10-16,2010-10-16,masthead+header,0.99,2010-10-16,2010-10-16,41,True,samedi,samedi,True,26,2010,True,1431,True,48,6902,6944,fr,False,
annonces-legales/fr/2010/125,annonces-legales,2010,125,125,,,2010-10-19,2010-10-19,2010-10-19,masthead+header,0.99,2010-10-19,2010-10-19,24,True,mardi,mardi,True,26,2010,True,1431,True,32,6950,6977,fr,False,
annonces-legales/fr/2010/126,annonces-legales,2010,126,126,,,2010-10-21,2010-10-21,2010-10-21,masthead+header,0.99,2010-10-21,2010-10-21,40,True,jeudi,jeudi,True,26,2010,True,1431,True,48,6982,7024,fr,False,
annonces-legales/fr/2010/127,annonces-legales,2010,127,127,,,2010-10-23,2010-10-23,2010-10-23,masthead+header,0.99,2010-10-23,2010-10-23,53,True,samedi,samedi,True,26,2010,True,1431,True,64,7030,7088,fr,False,
annonces-legales/fr/2010/128,annonces-legales,2010,128,128,,,2010-10-26,2010-10-26,2010-10-26,masthead+header,0.99,2010-10-26,2010-10-26,30,True,mardi,mardi,True,26,2010,True,1431,True,40,7094,7124,fr,False,
annonces-legales/fr/2010/129,annonces-legales,2010,129,129,,,2010-10-28,2010-10-28,2010-10-28,masthead+header,0.99,2010-10-28,2010-10-28,44,True,jeudi,jeudi,True,26,2010,True,1431,True,48,7134,7177,fr,False,
annonces-legales/fr/2010/130,annonces-legales,2010,130,130,,,2010-10-30,2010-10-30,2010-10-30,masthead+header,0.99,2010-10-30,2010-10-30,54,True,samedi,samedi,True,26,2010,True,1431,True,64,7182,7240,fr,False,
annonces-legales/fr/2010/131,annonces-legales,2010,131,131,,,2010-11-02,2010-11-02,2010-11-02,masthead+header,0.99,2010-11-02,2010-11-02,25,True,mardi,mardi,True,26,2010,True,1431,True,32,7246,7274,fr,False,
annonces-legales/fr/2010/132,annonces-legales,2010,132,132,,,2010-11-04,2010-11-04,2010-11-04,masthead+header,0.99,2010-11-04,2010-11-04,53,True,jeudi,jeudi,True,26,2010,True,1431,True,64,7278,7337,fr,False,
annonces-legales/fr/2010/133,annonces-legales,2010,133,133,,,2010-11-06,2010-11-06,2010-11-06,masthead+header,0.99,2010-11-06,2010-11-06,59,True,samedi,samedi,True,26,2010,True,1431,True,72,7342,7410,fr,False,
annonces-legales/fr/2010/134,annonces-legales,2010,134,134,,,2010-11-09,2010-11-09,2010-11-09,masthead+header,0.99,2010-11-09,2010-11-09,27,True,mardi,mardi,True,26,2010,True,1431,True,32,7414,7442,fr,False,
annonces-legales/fr/2010/135,annonces-legales,2010,135,135,,,2010-11-11,2010-11-11,2010-11-11,masthead+header,0.99,2010-11-11,2010-11-11,49,True,jeudi,jeudi,True,26,2010,True,1431,True,56,7446,7498,fr,False,
annonces-legales/fr/2010/136,annonces-legales,2010,136,136,,,2010-11-13,2010-11-13,2010-11-13,masthead+header,0.99,2010-11-13,2010-11-13,42,True,samedi,samedi,True,26,2010,True,1431,True,48,7502,7542,fr,False,
annonces-legales/fr/2010/137,annonces-legales,2010,137,137,,,2010-11-16,2010-11-16,2010-11-16,masthead+header,0.99,2010-11-16,2010-11-16,27,True,mardi,mardi,True,26,2010,True,1431,True,32,7550,7576,fr,False,
annonces-legales/fr/2010/138,annonces-legales,2010,138,138,,,2010-11-18,2010-11-18,2010-11-18,masthead+header,0.99,2010-11-18,2010-11-18,4,True,jeudi,jeudi,True,26,2010,True,1431,True,8,7582,7586,fr,False,
annonces-legales/fr/2010/139,annonces-legales,2010,139,139,,,2010-11-20,2010-11-20,2010-11-20,masthead+header,0.99,2010-11-20,2010-11-20,20,True,samedi,samedi,True,26,2010,True,1431,True,24,7590,7608,fr,False,
annonces-legales/fr/2010/140,annonces-legales,2010,140,140,,,2010-11-23,2010-11-23,2010-11-23,masthead+header,0.99,2010-11-23,2010-11-23,38,True,mardi,mardi,True,26,2010,True,1431,True,48,7614,7656,fr,False,
annonces-legales/fr/2010/141,annonces-legales,2010,141,141,,,2010-11-25,2010-11-25,2010-11-25,masthead+header,0.99,2010-11-25,2010-11-25,61,True,jeudi,jeudi,True,26,2010,True,1431,True,72,7662,7728,fr,False,
annonces-legales/fr/2010/142,annonces-legales,2010,142,142,,,2010-11-27,2010-11-27,2010-11-27,masthead+header,0.99,2010-11-27,2010-11-27,54,True,samedi,samedi,True,26,2010,True,1431,True,64,7734,7793,fr,False,
annonces-legales/fr/2010/143,annonces-legales,2010,143,143,,,2010-11-30,2010-11-30,2010-11-30,masthead+header,0.99,2010-11-30,2010-11-30,27,True,mardi,mardi,True,26,2010,True,1431,True,32,7798,7824,fr,False,
annonces-legales/fr/2010/144,annonces-legales,2010,144,144,,,2010-12-02,2010-12-02,2010-12-02,masthead+header,0.99,2010-12-02,2010-12-02,55,True,jeudi,jeudi,True,26,2010,True,1431,True,64,7830,7890,fr,False,
annonces-legales/fr/2010/145,annonces-legales,2010,145,145,,,2010-12-04,2010-12-04,2010-12-04,masthead+header,0.99,2010-12-04,2010-12-04,48,True,samedi,samedi,True,26,2010,True,1431,True,64,7894,7952,fr,False,
annonces-legales/fr/2010/146,annonces-legales,2010,146,146,,,2010-12-07,2010-12-07,2010-12-07,masthead+header,0.99,2010-12-07,2010-12-07,26,True,mardi,mardi,True,26,2010,True,1432,True,32,7958,7986,fr,False,
annonces-legales/fr/2010/147,annonces-legales,2010,147,147,,,2010-12-09,2010-12-09,2010-12-09,masthead+header,0.99,2010-12-09,2010-12-09,25,True,jeudi,jeudi,True,26,2010,True,1432,True,32,7990,8019,fr,False,
annonces-legales/fr/2010/148,annonces-legales,2010,148,148,,,2010-12-11,2010-12-11,2010-12-11,masthead+header,0.99,2010-12-11,2010-12-11,58,True,samedi,samedi,True,26,2010,True,1432,True,64,8022,8082,fr,False,
annonces-legales/fr/2010/149,annonces-legales,2010,149,149,,,2010-12-14,2010-12-14,2010-12-14,masthead+header,0.99,2010-12-14,2010-12-14,40,True,mardi,mardi,True,26,2010,True,1432,True,48,8086,8128,fr,False,
annonces-legales/fr/2010/150,annonces-legales,2010,150,150,,,2010-12-16,2010-12-16,2010-12-16,masthead+header,0.99,2010-12-16,2010-12-16,52,True,jeudi,jeudi,True,26,2010,True,1432,True,64,8134,8194,fr,False,
annonces-legales/fr/2010/151,annonces-legales,2010,151,151,,,2010-12-18,2010-12-18,2010-12-18,masthead+header,0.99,2010-12-18,2010-12-18,56,True,samedi,samedi,True,26,2010,True,1432,True,64,8198,8258,fr,False,
annonces-legales/fr/2010/152,annonces-legales,2010,152,152,,,2010-12-21,2010-12-21,2010-12-21,masthead+header,0.99,2010-12-21,2010-12-21,38,True,mardi,mardi,True,26,2010,True,1432,True,48,8262,8305,fr,False,
annonces-legales/fr/2010/153,annonces-legales,2010,153,153,,,2010-12-23,2010-12-23,2010-12-23,masthead+header,0.99,2010-12-23,2010-12-23,56,True,jeudi,jeudi,True,26,2010,True,1432,True,64,8310,8370,fr,False,
annonces-legales/fr/2010/154,annonces-legales,2010,154,154,,,2010-12-25,2010-12-25,2010-12-25,masthead+header,0.99,2010-12-25,2010-12-25,58,True,samedi,samedi,True,26,2010,True,1432,True,64,8374,8434,fr,False,
annonces-legales/fr/2010/155,annonces-legales,2010,155,155,,,2010-12-28,2010-12-28,2010-12-28,masthead+header,0.99,2010-12-28,2010-12-28,38,True,mardi,mardi,True,26,2010,True,1432,True,48,8438,8474,fr,False,
annonces-legales/fr/2010/156,annonces-legales,2010,156,156,,,2010-12-30,2010-12-30,2010-12-30,masthead+header,0.99,2010-12-30,2010-12-30,55,True,jeudi,jeudi,True,26,2010,True,1432,True,64,8486,8546,fr,False,
annonces-legales/fr/2011/001,annonces-legales,2011,001,1,,,2011-01-01,2011-01-01,2011-01-01,masthead+header,0.99,2011-01-01,2011-01-01,61,True,samedi,samedi,True,27,2011,True,1432,True,64,2,62,fr,False,
annonces-legales/fr/2011/002,annonces-legales,2011,002,2,,,2011-01-04,2011-01-04,2011-01-04,masthead+header,0.99,2011-01-04,2011-01-04,44,True,mardi,mardi,True,27,2011,True,1432,True,48,66,109,fr,False,
annonces-legales/fr/2011/003,annonces-legales,2011,003,3,,,2011-01-06,2011-01-06,2011-01-06,masthead+header,0.99,2011-01-06,2011-01-06,69,True,jeudi,jeudi,True,27,2011,True,1432,True,72,114,182,fr,False,
annonces-legales/fr/2011/004,annonces-legales,2011,004,4,,,2011-01-08,2011-01-08,2011-01-08,masthead+header,0.99,2011-01-08,2011-01-08,61,True,samedi,samedi,True,27,2011,True,1432,True,64,186,244,fr,False,
annonces-legales/fr/2011/005,annonces-legales,2011,005,5,,,2011-01-11,2011-01-11,2011-01-11,masthead+header,0.99,2011-01-11,2011-01-11,41,True,mardi,mardi,True,27,2011,True,1432,True,48,250,292,fr,False,
annonces-legales/fr/2011/006,annonces-legales,2011,006,6,,,2011-01-13,2011-01-13,2011-01-13,masthead+header,0.99,2011-01-13,2011-01-13,62,True,jeudi,jeudi,True,27,2011,True,1432,True,64,298,359,fr,False,
annonces-legales/fr/2011/007,annonces-legales,2011,007,7,,,2011-01-15,2011-01-15,2011-01-15,masthead+header,0.99,2011-01-15,2011-01-15,14,True,samedi,samedi,True,27,2011,True,1432,True,16,362,367,fr,False,
annonces-legales/fr/2011/008,annonces-legales,2011,008,8,,,2011-01-18,2011-01-18,2011-01-18,masthead+header,0.99,2011-01-18,2011-01-18,12,True,mardi,mardi,True,27,2011,True,1432,True,16,378,389,fr,False,
annonces-legales/fr/2011/009,annonces-legales,2011,009,9,,,2011-01-20,2011-01-20,2011-01-20,masthead+header,0.99,2011-01-20,2011-01-20,14,True,jeudi,jeudi,True,27,2011,True,1432,True,16,394,402,fr,False,
annonces-legales/fr/2011/010,annonces-legales,2011,010,10,,,2011-01-22,2011-01-22,2011-01-22,masthead+header,0.8,2011-01-22,2011-01-22,28,True,mardi,samedi,False,27,2011,True,1432,True,32,410,436,fr,True,weekday stated mardi != actual samedi (date left as is)
annonces-legales/fr/2011/011,annonces-legales,2011,011,11,,,2011-01-25,2011-01-25,2011-01-25,masthead+header,0.99,2011-01-25,2011-01-25,20,True,mardi,mardi,True,27,2011,True,1432,True,24,444,459,fr,False,
annonces-legales/fr/2011/012,annonces-legales,2011,012,12,,,2011-01-27,2011-01-27,2011-01-27,masthead+header,0.99,2011-01-27,2011-01-27,13,True,jeudi,jeudi,True,27,2011,True,1432,True,16,466,479,fr,False,
annonces-legales/fr/2011/013,annonces-legales,2011,013,13,,,2011-01-29,2011-01-29,2011-01-29,masthead+header,0.99,2011-01-29,2011-01-29,14,True,samedi,samedi,True,27,2011,True,1432,True,16,482,494,fr,False,
annonces-legales/fr/2011/014,annonces-legales,2011,014,14,,,2011-02-01,2011-02-01,2011-02-01,masthead+header,0.99,2011-02-01,2011-02-01,14,True,mardi,mardi,True,27,2011,True,1432,True,16,498,510,fr,False,
annonces-legales/fr/2011/015,annonces-legales,2011,015,15,,,2011-02-03,2011-02-03,2011-02-03,masthead+header,0.99,2011-02-03,2011-02-03,19,True,jeudi,jeudi,True,27,2011,True,1432,True,24,514,531,fr,False,
annonces-legales/fr/2011/016,annonces-legales,2011,016,16,,,2011-02-05,2011-02-05,2011-02-05,masthead+header,0.99,2011-02-05,2011-02-05,44,True,samedi,samedi,True,27,2011,True,1432,True,48,538,575,fr,False,
annonces-legales/fr/2011/017,annonces-legales,2011,017,17,,,2011-02-08,2011-02-08,2011-02-08,masthead+header,0.99,2011-02-08,2011-02-08,45,True,mardi,mardi,True,27,2011,True,1432,True,48,586,630,fr,False,
annonces-legales/fr/2011/018,annonces-legales,2011,018,18,,,2011-02-10,2011-02-10,2011-02-10,masthead+header,0.99,2011-02-10,2011-02-10,58,True,jeudi,jeudi,True,27,2011,True,1432,True,64,634,692,fr,False,
annonces-legales/fr/2011/019,annonces-legales,2011,019,19,,,2011-02-12,2011-02-12,2011-02-12,masthead+header,0.99,2011-02-12,2011-02-12,45,True,samedi,samedi,True,27,2011,True,1432,True,48,698,739,fr,False,
annonces-legales/fr/2011/020,annonces-legales,2011,020,20,,,2011-02-15,2011-02-15,2011-02-15,masthead+header,0.99,2011-02-15,2011-02-15,30,True,mardi,mardi,True,27,2011,True,1432,True,32,746,775,fr,False,
annonces-legales/fr/2011/021,annonces-legales,2011,021,21,,,2011-02-17,2011-02-17,2011-02-17,masthead+header,0.99,2011-02-17,2011-02-17,46,True,jeudi,jeudi,True,27,2011,True,1432,True,48,778,823,fr,False,
annonces-legales/fr/2011/022,annonces-legales,2011,022,22,,,2011-02-19,2011-02-19,2011-02-19,masthead+header,0.99,2011-02-19,2011-02-19,29,True,samedi,samedi,True,27,2011,True,1432,True,32,826,853,fr,False,
annonces-legales/fr/2011/023,annonces-legales,2011,023,23,,,2011-02-22,2011-02-22,2011-02-22,masthead+header,0.99,2011-02-22,2011-02-22,45,True,mardi,mardi,True,27,2011,True,1432,True,48,858,899,fr,False,
annonces-legales/fr/2011/024,annonces-legales,2011,024,24,,,2011-02-24,2011-02-24,2011-02-24,masthead+header,0.99,2011-02-24,2011-02-24,53,True,jeudi,jeudi,True,27,2011,True,1432,True,56,906,957,fr,False,
annonces-legales/fr/2011/025,annonces-legales,2011,025,25,,,2011-02-26,2011-02-26,2011-02-26,masthead+header,0.99,2011-02-26,2011-02-26,44,True,samedi,samedi,True,27,2011,True,1432,True,48,962,1004,fr,False,
annonces-legales/fr/2011/026,annonces-legales,2011,026,26,,,2011-03-01,2011-03-01,2011-03-01,masthead+header,0.99,2011-03-01,2011-03-01,43,True,mardi,mardi,True,27,2011,True,1432,True,48,1010,1052,fr,False,
annonces-legales/fr/2011/027,annonces-legales,2011,027,27,,,2011-03-03,2011-03-03,2011-03-03,masthead+header,0.99,2011-03-03,2011-03-03,45,True,jeudi,jeudi,True,27,2011,True,1432,True,48,1058,1102,fr,False,
annonces-legales/fr/2011/028,annonces-legales,2011,028,28,,,2011-03-05,2011-03-05,2011-03-05,masthead+header,0.99,2011-03-05,2011-03-05,42,True,samedi,samedi,True,27,2011,True,1432,True,48,1106,1147,fr,False,
annonces-legales/fr/2011/029,annonces-legales,2011,029,29,,,2011-03-08,2011-03-08,2011-03-08,masthead+header,0.99,2011-03-08,2011-03-08,30,True,mardi,mardi,True,27,2011,True,1432,True,32,1154,1183,fr,False,
annonces-legales/fr/2011/030,annonces-legales,2011,030,30,,,2011-03-10,2011-03-10,2011-03-10,masthead+header,0.99,2011-03-10,2011-03-10,61,True,jeudi,jeudi,True,27,2011,True,1432,True,64,1186,1241,fr,False,
annonces-legales/fr/2011/031,annonces-legales,2011,031,31,,,2011-03-12,2011-03-12,2011-03-12,masthead+header,0.99,2011-03-12,2011-03-12,54,True,samedi,samedi,True,27,2011,True,1432,True,56,1250,1291,fr,False,
annonces-legales/fr/2011/032,annonces-legales,2011,032,32,,,2011-03-15,2011-03-15,2011-03-15,masthead+header,0.99,2011-03-15,2011-03-15,29,True,mardi,mardi,True,27,2011,True,1432,True,32,1306,1327,fr,False,
annonces-legales/fr/2011/033,annonces-legales,2011,033,33,,,2011-03-17,2011-03-17,2011-03-17,masthead+header,0.99,2011-03-17,2011-03-17,43,True,jeudi,jeudi,True,27,2011,True,1432,True,48,1338,1378,fr,False,
annonces-legales/fr/2011/034,annonces-legales,2011,034,34,,,2011-03-19,2011-03-19,2011-03-19,masthead+header,0.99,2011-03-19,2011-03-19,53,True,samedi,samedi,True,27,2011,True,1432,True,56,1386,1437,fr,False,
annonces-legales/fr/2011/035,annonces-legales,2011,035,35,,,2011-03-22,2011-03-22,2011-03-22,masthead+header,0.99,2011-03-22,2011-03-22,28,True,mardi,mardi,True,27,2011,True,1432,True,32,1442,1467,fr,False,
annonces-legales/fr/2011/036,annonces-legales,2011,036,36,,,2011-03-24,2011-03-24,2011-03-24,masthead+header,0.99,2011-03-24,2011-03-24,28,True,jeudi,jeudi,True,27,2011,True,1432,True,32,1474,1501,fr,False,
annonces-legales/fr/2011/037,annonces-legales,2011,037,37,,,2011-03-26,2011-03-26,2011-03-26,masthead+header,0.99,2011-03-26,2011-03-26,37,True,samedi,samedi,True,27,2011,True,1432,True,40,1506,1536,fr,False,
annonces-legales/fr/2011/038,annonces-legales,2011,038,38,,,2011-03-29,2011-03-29,2011-03-29,masthead+header,0.99,2011-03-29,2011-03-29,43,True,mardi,mardi,True,27,2011,True,1432,True,48,1546,1587,fr,False,
annonces-legales/fr/2011/039,annonces-legales,2011,039,39,,,2011-03-31,2011-03-31,2011-03-31,masthead+header,0.99,2011-03-31,2011-03-31,65,True,jeudi,jeudi,True,27,2011,True,1432,True,72,1594,1663,fr,False,
annonces-legales/fr/2011/040,annonces-legales,2011,040,40,,,2011-04-02,2011-04-02,2011-04-02,masthead+header,0.99,2011-04-02,2011-04-02,53,True,samedi,samedi,True,27,2011,True,1432,True,56,1666,1718,fr,False,
annonces-legales/fr/2011/041,annonces-legales,2011,041,41,,,2011-04-05,2011-04-05,2011-04-05,masthead+header,0.99,2011-04-05,2011-04-05,45,True,mardi,mardi,True,27,2011,True,1432,True,48,1722,1766,fr,False,
annonces-legales/fr/2011/042,annonces-legales,2011,042,42,,,2011-04-07,2011-04-07,2011-04-07,masthead+header,0.99,2011-04-07,2011-04-07,58,True,jeudi,jeudi,True,27,2011,True,1432,True,64,1770,1823,fr,False,
annonces-legales/fr/2011/043,annonces-legales,2011,043,43,,,2011-04-09,2011-04-09,2011-04-09,masthead+header,0.99,2011-04-09,2011-04-09,38,True,samedi,samedi,True,27,2011,True,1432,True,40,1834,1871,fr,False,
annonces-legales/fr/2011/044,annonces-legales,2011,044,44,,,2011-04-12,2011-04-12,2011-04-12,masthead+header,0.99,2011-04-12,2011-04-12,45,True,mardi,mardi,True,27,2011,True,1432,True,48,1874,1918,fr,False,
annonces-legales/fr/2011/045,annonces-legales,2011,045,45,,,2011-04-14,2011-04-14,2011-04-14,masthead+header,0.99,2011-04-14,2011-04-14,61,True,jeudi,jeudi,True,27,2011,True,1432,True,64,1922,1980,fr,False,
annonces-legales/fr/2011/046,annonces-legales,2011,046,46,,,2011-04-16,2011-04-16,2011-04-16,masthead+header,0.99,2011-04-16,2011-04-16,62,True,samedi,samedi,True,27,2011,True,1432,True,64,1986,2047,fr,False,
annonces-legales/fr/2011/047,annonces-legales,2011,047,47,,,2011-04-19,2011-04-19,2011-04-19,masthead+header,0.99,2011-04-19,2011-04-19,45,True,mardi,mardi,True,27,2011,True,1432,True,48,2050,2093,fr,False,
annonces-legales/fr/2011/048,annonces-legales,2011,048,48,,,2011-04-21,2011-04-21,2011-04-21,masthead+header,0.99,2011-04-21,2011-04-21,53,True,jeudi,jeudi,True,27,2011,True,1432,True,56,2098,2150,fr,False,
annonces-legales/fr/2011/049,annonces-legales,2011,049,49,,,2011-04-23,2011-04-23,2011-04-23,masthead+header,0.99,2011-04-23,2011-04-23,54,True,samedi,samedi,True,27,2011,True,1432,True,56,1154,1206,fr,False,
annonces-legales/fr/2011/050,annonces-legales,2011,050,50,,,2011-04-26,2011-04-26,2011-04-26,masthead+header,0.99,2011-04-26,2011-04-26,43,True,mardi,mardi,True,27,2011,True,1432,True,48,1210,1247,fr,False,
annonces-legales/fr/2011/051,annonces-legales,2011,051,51,,,2011-04-28,2011-04-28,2011-04-28,masthead+header,0.99,2011-04-28,2011-04-28,61,True,jeudi,jeudi,True,27,2011,True,1432,True,64,2258,2318,fr,False,
annonces-legales/fr/2011/052,annonces-legales,2011,052,52,,,2011-04-30,2011-04-30,2011-04-30,masthead+header,0.99,2011-04-30,2011-04-30,41,True,samedi,samedi,True,27,2011,True,1432,True,64,2322,2382,fr,False,
annonces-legales/fr/2011/053,annonces-legales,2011,053,53,,,2011-05-03,2011-05-03,2011-05-03,masthead+header,0.99,2011-05-03,2011-05-03,36,True,mardi,mardi,True,27,2011,True,1432,True,40,2386,2421,fr,False,
annonces-legales/fr/2011/054,annonces-legales,2011,054,54,,,2011-05-05,2011-05-05,2011-05-05,masthead+header,0.99,2011-05-05,2011-05-05,62,True,jeudi,jeudi,True,27,2011,True,1432,True,64,2426,2487,fr,False,
annonces-legales/fr/2011/055,annonces-legales,2011,055,55,,,2011-05-07,2011-05-07,2011-05-07,masthead+header,0.99,2011-05-07,2011-05-07,54,True,samedi,samedi,True,27,2011,True,1432,True,56,2490,2543,fr,False,
annonces-legales/fr/2011/056,annonces-legales,2011,056,56,,,2011-05-10,2011-05-10,2011-05-10,masthead+header,0.99,2011-05-10,2011-05-10,30,True,mardi,mardi,True,27,2011,True,1432,True,32,2546,2575,fr,False,
annonces-legales/fr/2011/057,annonces-legales,2011,057,57,,,2011-05-12,2011-05-12,2011-05-12,masthead+header,0.99,2011-05-12,2011-05-12,61,True,jeudi,jeudi,True,27,2011,True,1432,True,64,2578,2637,fr,False,
annonces-legales/fr/2011/058,annonces-legales,2011,058,58,,,2011-05-14,2011-05-14,2011-05-14,masthead+header,0.99,2011-05-14,2011-05-14,58,True,samedi,samedi,True,27,2011,True,1432,True,64,2642,2700,fr,False,
annonces-legales/fr/2011/059,annonces-legales,2011,059,59,,,2011-05-17,2011-05-17,2011-05-17,masthead+header,0.99,2011-05-17,2011-05-17,38,True,mardi,mardi,True,27,2011,True,1432,True,40,2706,2741,fr,False,
annonces-legales/fr/2011/060,annonces-legales,2011,060,60,,,2011-05-19,2011-05-19,2011-05-19,masthead+header,0.99,2011-05-19,2011-05-19,61,True,jeudi,jeudi,True,27,2011,True,1432,True,64,2746,2806,fr,False,
annonces-legales/fr/2011/061,annonces-legales,2011,061,61,,,2011-05-21,2011-05-21,2011-05-21,masthead+header,0.99,2011-05-21,2011-05-21,53,True,samedi,samedi,True,27,2011,True,1432,True,56,2810,2862,fr,False,
annonces-legales/fr/2011/062,annonces-legales,2011,062,62,,,2011-05-24,2011-05-24,2011-05-24,masthead+header,0.99,2011-05-24,2011-05-24,46,True,mardi,mardi,True,27,2011,True,1432,True,48,2866,2908,fr,False,
annonces-legales/fr/2011/063,annonces-legales,2011,063,63,,,2011-05-26,2011-05-26,2011-05-26,masthead+header,0.99,2011-05-26,2011-05-26,54,True,jeudi,jeudi,True,27,2011,True,1432,True,56,2914,2962,fr,False,
annonces-legales/fr/2011/064,annonces-legales,2011,064,64,,,2011-05-28,2011-05-28,2011-05-28,masthead+header,0.99,2011-05-28,2011-05-28,46,True,samedi,samedi,True,27,2011,True,1432,True,48,2970,3010,fr,False,
annonces-legales/fr/2011/065,annonces-legales,2011,065,65,,,2011-05-31,2011-05-31,2011-05-31,masthead+header,0.99,2011-05-31,2011-05-31,62,True,mardi,mardi,True,27,2011,True,1432,True,64,3018,3078,fr,False,
annonces-legales/fr/2011/066,annonces-legales,2011,066,66,,,2011-06-02,2011-06-02,2011-06-02,masthead+header,0.99,2011-06-02,2011-06-02,55,True,jeudi,jeudi,True,27,2011,True,1432,True,56,3082,3116,fr,False,
annonces-legales/fr/2011/067,annonces-legales,2011,067,67,,,2011-06-04,2011-06-04,2011-06-04,masthead+header,0.99,2011-06-04,2011-06-04,70,True,samedi,samedi,True,27,2011,True,1432,True,72,3138,3204,fr,False,
annonces-legales/fr/2011/068,annonces-legales,2011,068,68,,,2011-06-07,2011-06-07,2011-06-07,masthead+header,0.99,2011-06-07,2011-06-07,54,True,mardi,mardi,True,27,2011,True,1432,True,56,3210,3262,fr,False,
annonces-legales/fr/2011/069,annonces-legales,2011,069,69,,,2011-06-09,2011-06-09,2011-06-09,masthead+header,0.99,2011-06-09,2011-06-09,62,True,jeudi,jeudi,True,27,2011,True,1432,True,64,3266,3327,fr,False,
annonces-legales/fr/2011/070,annonces-legales,2011,070,70,,,2011-06-11,2011-06-11,2011-06-11,masthead+header,0.99,2011-06-11,2011-06-11,60,True,samedi,samedi,True,27,2011,True,1432,True,64,3330,3389,fr,False,
annonces-legales/fr/2011/071,annonces-legales,2011,071,71,,,2011-06-14,2011-06-14,2011-06-14,masthead+header,0.99,2011-06-14,2011-06-14,46,True,mardi,mardi,True,27,2011,True,1432,True,48,3394,3435,fr,False,
annonces-legales/fr/2011/072,annonces-legales,2011,072,72,,,2011-06-16,2011-06-16,2011-06-16,masthead+header,0.99,2011-06-16,2011-06-16,68,True,jeudi,jeudi,True,27,2011,True,1432,True,72,3442,3508,fr,False,
annonces-legales/fr/2011/073,annonces-legales,2011,073,73,,,2011-06-18,2011-06-18,2011-06-18,masthead+header,0.99,2011-06-18,2011-06-18,52,True,samedi,samedi,True,27,2011,True,1432,True,56,3514,3564,fr,False,
annonces-legales/fr/2011/074,annonces-legales,2011,074,74,,,2011-06-21,2011-06-21,2011-06-21,masthead+header,0.99,2011-06-21,2011-06-21,38,True,mardi,mardi,True,27,2011,True,1432,True,40,3568,3604,fr,False,
annonces-legales/fr/2011/075,annonces-legales,2011,075,75,,,2011-06-23,2011-06-23,2011-06-23,masthead+header,0.99,2011-06-23,2011-06-23,54,True,jeudi,jeudi,True,27,2011,True,1432,True,56,3608,3659,fr,False,
annonces-legales/fr/2011/076,annonces-legales,2011,076,76,,,2011-06-25,2011-06-25,2011-06-25,masthead+header,0.99,2011-06-25,2011-06-25,52,True,samedi,samedi,True,27,2011,True,1432,True,56,3666,3717,fr,False,
annonces-legales/fr/2011/077,annonces-legales,2011,077,77,,,2011-06-28,2011-06-28,2011-06-28,masthead+header,0.99,2011-06-28,2011-06-28,46,True,mardi,mardi,True,27,2011,True,1432,True,48,3722,3766,fr,False,
annonces-legales/fr/2011/078,annonces-legales,2011,078,78,,,2011-06-30,2011-06-30,2011-06-30,masthead+header,0.99,2011-06-30,2011-06-30,46,True,jeudi,jeudi,True,27,2011,True,1432,True,48,3770,3815,fr,False,
annonces-legales/fr/2011/079,annonces-legales,2011,079,79,,,2011-07-02,2011-07-02,2011-07-02,masthead+header,0.99,2011-07-02,2011-07-02,29,True,samedi,samedi,True,27,2011,True,1432,True,32,3818,3847,fr,False,
annonces-legales/fr/2011/080,annonces-legales,2011,080,80,,,2011-07-05,2011-07-05,2011-07-05,masthead+header,0.99,2011-07-05,2011-07-05,53,True,mardi,mardi,True,27,2011,True,1432,True,56,3850,3902,fr,False,
annonces-legales/fr/2011/081,annonces-legales,2011,081,81,,,2011-07-07,2011-07-07,2011-07-07,masthead+header,0.99,2011-07-07,2011-07-07,52,True,jeudi,jeudi,True,27,2011,True,1432,True,56,3906,3958,fr,False,
annonces-legales/fr/2011/082,annonces-legales,2011,082,82,,,2011-07-09,2011-07-09,2011-07-09,masthead+header,0.99,2011-07-09,2011-07-09,45,True,samedi,samedi,True,27,2011,True,1432,True,48,3962,4007,fr,False,
annonces-legales/fr/2011/083,annonces-legales,2011,083,83,,,2011-07-12,2011-07-12,2011-07-12,masthead+header,0.99,2011-07-12,2011-07-12,43,True,mardi,mardi,True,27,2011,True,1432,True,48,4010,4052,fr,False,
annonces-legales/fr/2011/084,annonces-legales,2011,084,84,,,2011-07-14,2011-07-14,2011-07-14,masthead+header,0.99,2011-07-14,2011-07-14,60,True,jeudi,jeudi,True,27,2011,True,1432,True,64,4058,4117,fr,False,
annonces-legales/fr/2011/085,annonces-legales,2011,085,85,,,2011-07-16,2011-07-16,2011-07-16,masthead+header,0.99,2011-07-16,2011-07-16,41,True,samedi,samedi,True,27,2011,True,1432,True,48,4122,4162,fr,False,
annonces-legales/fr/2011/086,annonces-legales,2011,086,86,,,2011-07-19,2011-07-19,2011-07-19,masthead+header,0.99,2011-07-19,2011-07-19,41,True,mardi,mardi,True,27,2011,True,1432,True,48,4170,4210,fr,False,
annonces-legales/fr/2011/087,annonces-legales,2011,087,87,,,2011-07-21,2011-07-21,2011-07-21,masthead+header,0.99,2011-07-21,2011-07-21,61,True,jeudi,jeudi,True,27,2011,True,1432,True,64,4218,4278,fr,False,
annonces-legales/fr/2011/088,annonces-legales,2011,088,88,,,2011-07-23,2011-07-23,2011-07-23,masthead+header,0.99,2011-07-23,2011-07-23,53,True,samedi,samedi,True,27,2011,True,1432,True,56,4282,4334,fr,False,
annonces-legales/fr/2011/089,annonces-legales,2011,089,89,,,2011-07-26,2011-07-26,2011-07-26,masthead+header,0.99,2011-07-26,2011-07-26,44,True,mardi,mardi,True,27,2011,True,1432,True,48,4338,4382,fr,False,
annonces-legales/fr/2011/090,annonces-legales,2011,090,90,,,2011-07-28,2011-07-28,2011-07-28,masthead+header,0.99,2011-07-28,2011-07-28,36,True,jeudi,jeudi,True,27,2011,True,1432,True,40,4386,4421,fr,False,
annonces-legales/fr/2011/091,annonces-legales,2011,091,91,,,2011-07-30,2011-07-30,2011-07-30,masthead+header,0.99,2011-07-30,2011-07-30,38,True,samedi,samedi,True,27,2011,True,1432,True,40,4426,4457,fr,False,
annonces-legales/fr/2011/092,annonces-legales,2011,092,92,,,2011-08-02,2011-08-02,2011-08-02,masthead+header,0.99,2011-08-02,2011-08-02,28,True,mardi,mardi,True,27,2011,True,1432,True,32,4466,4490,fr,False,
annonces-legales/fr/2011/093,annonces-legales,2011,093,93,,,2011-08-04,2011-08-04,2011-08-04,masthead+header,0.99,2011-08-04,2011-08-04,45,True,jeudi,jeudi,True,27,2011,True,1432,True,48,4498,4540,fr,False,
annonces-legales/fr/2011/094,annonces-legales,2011,094,94,,,2011-08-06,2011-08-06,2011-08-06,masthead+header,0.99,2011-08-06,2011-08-06,45,True,samedi,samedi,True,27,2011,True,1432,True,48,4546,4590,fr,False,
annonces-legales/fr/2011/095,annonces-legales,2011,095,95,,,2011-08-09,2011-08-09,2011-08-09,masthead+header,0.99,2011-08-09,2011-08-09,37,True,mardi,mardi,True,27,2011,True,1432,True,40,4594,4630,fr,False,
annonces-legales/fr/2011/096,annonces-legales,2011,096,96,,,2011-08-11,2011-08-11,2011-08-11,masthead+header,0.99,2011-08-11,2011-08-11,45,True,jeudi,jeudi,True,27,2011,True,1432,True,48,4634,4677,fr,False,
annonces-legales/fr/2011/097,annonces-legales,2011,097,97,,,2011-08-13,2011-08-13,2011-08-13,masthead+header,0.99,2011-08-13,2011-08-13,30,True,samedi,samedi,True,27,2011,True,1432,True,32,4682,4709,fr,False,
annonces-legales/fr/2011/098,annonces-legales,2011,098,98,,,2011-08-16,2011-08-16,2011-08-16,masthead+header,0.99,2011-08-16,2011-08-16,38,True,mardi,mardi,True,27,2011,True,1432,True,40,4714,4751,fr,False,
annonces-legales/fr/2011/099,annonces-legales,2011,099,99,,,2011-08-18,2011-08-18,2011-08-18,masthead+header,0.99,2011-08-18,2011-08-18,43,True,jeudi,jeudi,True,27,2011,True,1432,True,48,4754,4796,fr,False,
annonces-legales/fr/2011/100,annonces-legales,2011,100,100,,,2011-08-20,2011-08-20,2011-08-20,masthead+header,0.99,2011-08-20,2011-08-20,48,True,samedi,samedi,True,27,2011,True,1432,True,56,4802,4854,fr,False,
annonces-legales/fr/2011/101,annonces-legales,2011,101,101,,,2011-08-23,2011-08-23,2011-08-23,masthead+header,0.99,2011-08-23,2011-08-23,57,True,mardi,mardi,True,27,2011,True,1432,True,64,4858,4917,fr,False,
annonces-legales/fr/2011/102,annonces-legales,2011,102,102,,,2011-08-25,2011-08-25,2011-08-25,masthead+header,0.99,2011-08-25,2011-08-25,20,True,jeudi,jeudi,True,27,2011,True,1432,True,24,4922,4940,fr,False,
annonces-legales/fr/2011/103,annonces-legales,2011,103,103,,,2011-08-27,2011-08-27,2011-08-27,masthead+header,0.99,2011-08-27,2011-08-27,42,True,samedi,samedi,True,27,2011,True,1432,True,48,4946,4991,fr,False,
annonces-legales/fr/2011/104,annonces-legales,2011,104,104,,,2011-08-30,2011-08-30,2011-08-30,masthead+header,0.99,2011-08-30,2011-08-30,14,True,mardi,mardi,True,27,2011,True,1432,True,16,4994,5006,fr,False,
annonces-legales/fr/2011/105,annonces-legales,2011,105,105,,,2011-09-01,2011-09-01,2011-09-01,masthead+header,0.99,2011-09-01,2011-09-01,12,True,jeudi,jeudi,True,27,2011,True,1432,True,16,5010,5022,fr,False,
annonces-legales/fr/2011/106,annonces-legales,2011,106,106,,,2011-09-03,2011-09-03,2011-09-03,masthead+header,0.99,2011-09-03,2011-09-03,16,True,samedi,samedi,True,27,2011,True,1432,True,24,5026,5044,fr,False,
annonces-legales/fr/2011/107,annonces-legales,2011,107,107,,,2011-09-06,2011-09-06,2011-09-06,masthead+header,0.99,2011-09-06,2011-09-06,21,True,mardi,mardi,True,27,2011,True,1432,True,32,5050,5074,fr,False,
annonces-legales/fr/2011/108,annonces-legales,2011,108,108,,,2011-09-08,2011-09-08,2011-09-08,masthead+header,0.99,2011-09-08,2011-09-08,26,True,jeudi,jeudi,True,27,2011,True,1432,True,32,5078,5104,fr,False,
annonces-legales/fr/2011/109,annonces-legales,2011,109,109,,,2011-09-10,2011-09-10,2011-09-10,masthead+header,0.99,2011-09-10,2011-09-10,41,True,samedi,samedi,True,27,2011,True,1432,True,48,2872,5156,fr,False,
annonces-legales/fr/2011/110,annonces-legales,2011,110,110,,,2011-09-13,2011-09-13,2011-09-13,masthead+header,0.99,2011-09-13,2011-09-13,35,True,mardi,mardi,True,27,2011,True,1432,True,40,5162,5198,fr,False,
annonces-legales/fr/2011/111,annonces-legales,2011,111,111,,,2011-09-15,2011-09-15,2011-09-15,masthead+header,0.99,2011-09-15,2011-09-15,26,True,jeudi,jeudi,True,27,2011,True,1432,True,32,5202,5224,fr,False,
annonces-legales/fr/2011/112,annonces-legales,2011,112,112,,,2011-09-17,2011-09-17,2011-09-17,masthead+header,0.99,2011-09-17,2011-09-17,55,True,samedi,samedi,True,27,2011,True,1432,True,64,5234,5292,fr,False,
annonces-legales/fr/2011/113,annonces-legales,2011,113,113,,,2011-09-20,2011-09-20,2011-09-20,masthead+header,0.99,2011-09-20,2011-09-20,48,True,mardi,mardi,True,27,2011,True,1432,True,56,5298,5351,fr,False,
annonces-legales/fr/2011/114,annonces-legales,2011,114,114,,,2011-09-22,2011-09-22,2011-09-22,masthead+header,0.99,2011-09-22,2011-09-22,62,True,jeudi,jeudi,True,27,2011,True,1432,True,72,5354,5421,fr,False,
annonces-legales/fr/2011/115,annonces-legales,2011,115,115,,,2011-09-24,2011-09-24,2011-09-24,masthead+header,0.99,2011-09-24,2011-09-24,44,True,samedi,samedi,True,27,2011,True,1432,True,48,5426,5469,fr,False,
annonces-legales/fr/2011/116,annonces-legales,2011,116,116,,,2011-09-27,2011-09-27,2011-09-27,masthead+header,0.99,2011-09-27,2011-09-27,48,True,mardi,mardi,True,27,2011,True,1432,True,56,5474,5526,fr,False,
annonces-legales/fr/2011/117,annonces-legales,2011,117,117,,,2011-09-29,2011-09-29,2011-09-29,masthead+header,0.99,2011-09-29,2011-09-29,52,True,jeudi,jeudi,True,27,2011,True,1432,True,64,5530,5588,fr,False,
annonces-legales/fr/2011/118,annonces-legales,2011,118,118,,,2011-10-01,2011-10-01,2011-10-01,masthead+header,0.99,2011-10-01,2011-10-01,48,True,samedi,samedi,True,27,2011,True,1432,True,56,5594,5644,fr,False,
annonces-legales/fr/2011/119,annonces-legales,2011,119,119,,,2011-10-04,2011-10-04,2011-10-04,masthead+header,0.99,2011-10-04,2011-10-04,32,True,mardi,mardi,True,27,2011,True,1432,True,40,5650,5683,fr,False,
annonces-legales/fr/2011/120,annonces-legales,2011,120,120,,,2011-10-06,2011-10-06,2011-10-06,masthead+header,0.99,2011-10-06,2011-10-06,57,True,jeudi,jeudi,True,27,2011,True,1432,True,64,5690,5750,fr,False,
annonces-legales/fr/2011/121,annonces-legales,2011,121,121,,,2011-10-08,2011-10-08,2011-10-08,masthead+header,0.99,2011-10-08,2011-10-08,51,True,samedi,samedi,True,27,2011,True,1432,True,56,5754,5806,fr,False,
annonces-legales/fr/2011/122,annonces-legales,2011,122,122,,,2011-10-11,2011-10-11,2011-10-11,masthead+header,0.99,2011-10-11,2011-10-11,59,True,mardi,mardi,True,27,2011,True,1432,True,64,5810,5869,fr,False,
annonces-legales/fr/2011/123,annonces-legales,2011,123,123,,,2011-10-13,2011-10-13,2011-10-13,masthead+header,0.99,2011-10-13,2011-10-13,44,True,jeudi,jeudi,True,27,2011,True,1432,True,48,5874,5919,fr,False,
annonces-legales/fr/2011/124,annonces-legales,2011,124,124,,,2011-10-15,2011-10-15,2011-10-15,masthead+header,0.99,2011-10-15,2011-10-15,45,True,samedi,samedi,True,27,2011,True,1432,True,48,5922,5966,fr,False,
annonces-legales/fr/2011/125,annonces-legales,2011,125,125,,,2011-10-18,2011-10-18,2011-10-18,masthead+header,0.99,2011-10-18,2011-10-18,42,True,mardi,mardi,True,27,2011,True,1432,True,48,5970,6010,fr,False,
annonces-legales/fr/2011/126,annonces-legales,2011,126,126,,,2011-10-20,2011-10-20,2011-10-20,masthead+header,0.99,2011-10-20,2011-10-20,63,True,jeudi,jeudi,True,27,2011,True,1432,True,72,6018,6084,fr,False,
annonces-legales/fr/2011/127,annonces-legales,2011,127,127,,,2011-10-22,2011-10-22,2011-10-22,masthead_weekday_arbitrated,0.93,2011-10-22,2011-10-25,43,False,samedi,samedi,True,27,2011,True,1432,True,48,6090,6135,fr,True,header said 2011-10-25; weekday favours masthead
annonces-legales/fr/2011/128,annonces-legales,2011,128,128,,,2011-10-25,2011-10-25,2011-10-25,masthead+header,0.99,2011-10-25,2011-10-25,54,True,mardi,mardi,True,27,2011,True,1432,True,64,6138,6197,fr,False,
annonces-legales/fr/2011/129,annonces-legales,2011,129,129,,,2011-10-27,2011-10-27,2011-10-27,masthead+header,0.99,2011-10-27,2011-10-27,37,True,jeudi,jeudi,True,27,2011,True,1432,True,40,6202,6238,fr,False,
annonces-legales/fr/2011/130,annonces-legales,2011,130,130,,,2011-10-29,2011-10-29,2011-10-29,masthead+header,0.99,2011-10-29,2011-10-29,41,True,samedi,samedi,True,27,2011,True,1432,True,48,6242,6278,fr,False,
annonces-legales/fr/2011/131,annonces-legales,2011,131,131,,,2011-11-01,2011-11-01,2011-11-01,masthead+header,0.99,2011-11-01,2011-11-01,47,True,mardi,mardi,True,27,2011,True,1432,True,56,6290,6342,fr,False,
annonces-legales/fr/2011/132,annonces-legales,2011,132,132,,,2011-11-03,2011-11-03,2011-11-03,masthead+header,0.99,2011-11-03,2011-11-03,26,True,jeudi,jeudi,True,27,2011,True,1432,True,32,6346,6375,fr,False,
annonces-legales/fr/2011/133,annonces-legales,2011,133,133,,,2011-11-05,2011-11-05,2011-11-05,masthead+header,0.99,2011-11-05,2011-11-05,33,True,samedi,samedi,True,27,2011,True,1432,True,40,6378,6412,fr,False,
annonces-legales/fr/2011/134,annonces-legales,2011,134,134,,,2011-11-08,2011-11-08,2011-11-08,masthead+header,0.99,2011-11-08,2011-11-08,13,True,mardi,mardi,True,27,2011,True,1432,True,16,6418,6431,fr,False,
annonces-legales/fr/2011/135,annonces-legales,2011,135,135,,,2011-11-10,2011-11-10,2011-11-10,masthead+header,0.99,2011-11-10,2011-11-10,33,True,jeudi,jeudi,True,27,2011,True,1432,True,40,6434,6468,fr,False,
annonces-legales/fr/2011/136,annonces-legales,2011,136,136,,,2011-11-12,2011-11-12,2011-11-12,masthead+header,0.99,2011-11-12,2011-11-12,32,True,samedi,samedi,True,27,2011,True,1432,True,40,6474,6510,fr,False,
annonces-legales/fr/2011/137,annonces-legales,2011,137,137,,,2011-11-15,2011-11-15,2011-11-15,masthead+header,0.99,2011-11-15,2011-11-15,42,True,mardi,mardi,True,27,2011,True,1432,True,48,6514,6558,fr,False,
annonces-legales/fr/2011/138,annonces-legales,2011,138,138,,,2011-11-17,2011-11-17,2011-11-17,masthead+header,0.99,2011-11-17,2011-11-17,47,True,jeudi,jeudi,True,27,2011,True,1432,True,56,6562,6612,fr,False,
annonces-legales/fr/2011/139,annonces-legales,2011,139,139,,,2011-11-19,2011-11-19,2011-11-19,masthead+header,0.99,2011-11-19,2011-11-19,56,True,samedi,samedi,True,27,2011,True,1432,True,64,6618,6678,fr,False,
annonces-legales/fr/2011/140,annonces-legales,2011,140,140,,,2011-11-22,2011-11-22,2011-11-22,masthead+header,0.99,2011-11-22,2011-11-22,35,True,mardi,mardi,True,27,2011,True,1432,True,40,6682,6719,fr,False,
annonces-legales/fr/2011/141,annonces-legales,2011,141,141,,,2011-11-24,2011-11-24,2011-11-24,masthead+header,0.99,2011-11-24,2011-11-24,59,True,jeudi,jeudi,True,27,2011,True,1432,True,72,6722,6786,fr,False,
annonces-legales/fr/2011/142,annonces-legales,2011,142,142,,,2011-11-26,2011-11-26,2011-11-26,masthead+header,0.99,2011-11-26,2011-11-26,49,True,samedi,samedi,True,27,2011,True,1433,True,56,6794,6846,fr,False,
annonces-legales/fr/2011/143,annonces-legales,2011,143,143,,,2011-11-29,2011-11-29,2011-11-29,masthead+header,0.99,2011-11-29,2011-11-29,58,True,mardi,mardi,True,27,2011,True,1433,True,64,6850,6910,fr,False,
annonces-legales/fr/2011/144,annonces-legales,2011,144,144,,,2011-12-01,2011-12-01,2011-12-01,masthead+header,0.99,2011-12-01,2011-12-01,58,True,jeudi,jeudi,True,27,2011,True,1433,True,64,6914,6973,fr,False,
annonces-legales/fr/2011/145,annonces-legales,2011,145,145,,,2011-12-03,2011-12-03,2011-12-03,masthead+header,0.99,2011-12-03,2011-12-03,59,True,samedi,samedi,True,27,2011,True,1433,True,64,6976,7036,fr,False,
annonces-legales/fr/2011/146,annonces-legales,2011,146,146,,,2011-12-06,2011-12-06,2011-12-06,masthead+header,0.99,2011-12-06,2011-12-06,33,True,mardi,mardi,True,27,2011,True,1433,True,40,7042,7076,fr,False,
annonces-legales/fr/2011/147,annonces-legales,2011,147,147,,,2011-12-08,2011-12-08,2011-12-08,masthead+header,0.99,2011-12-08,2011-12-08,49,True,jeudi,jeudi,True,27,2011,True,1433,True,56,7082,7134,fr,False,
annonces-legales/fr/2011/148,annonces-legales,2011,148,148,,,2011-12-10,2011-12-10,2011-12-10,masthead+header,0.99,2011-12-10,2011-12-10,35,True,samedi,samedi,True,27,2011,True,1433,True,40,7138,7174,fr,False,
annonces-legales/fr/2011/149,annonces-legales,2011,149,149,,,2011-12-13,2011-12-13,2011-12-13,masthead+header,0.99,2011-12-13,2011-12-13,45,True,mardi,mardi,True,27,2011,True,1433,True,48,7178,7220,fr,False,
annonces-legales/fr/2011/150,annonces-legales,2011,150,150,,,2011-12-15,2011-12-15,2011-12-15,masthead+header,0.99,2011-12-15,2011-12-15,46,True,jeudi,jeudi,True,27,2011,True,1433,True,56,7226,7279,fr,False,
annonces-legales/fr/2011/151,annonces-legales,2011,151,151,,,2011-12-17,2011-12-17,2011-12-17,masthead+header,0.99,2011-12-17,2011-12-17,57,True,samedi,samedi,True,27,2011,True,1433,True,64,7282,7340,fr,False,
annonces-legales/fr/2011/152,annonces-legales,2011,152,152,,,2011-12-20,2011-12-20,2011-12-20,masthead+header,0.99,2011-12-20,2011-12-20,58,True,mardi,mardi,True,27,2011,True,1433,True,64,7346,7404,fr,False,
annonces-legales/fr/2011/153,annonces-legales,2011,153,153,,,2011-12-22,2011-12-22,2011-12-22,masthead+header,0.99,2011-12-22,2011-12-22,59,True,jeudi,jeudi,True,27,2011,True,1433,True,64,7410,7468,fr,False,
annonces-legales/fr/2011/154,annonces-legales,2011,154,154,,,2011-12-24,2011-12-24,2011-12-24,masthead+header,0.99,2011-12-24,2011-12-24,54,True,samedi,samedi,True,27,2011,True,1433,True,56,7474,7526,fr,False,
annonces-legales/fr/2011/155,annonces-legales,2011,155,155,,,2011-12-27,2011-12-27,2011-12-27,masthead+header,0.99,2011-12-27,2011-12-27,33,True,mardi,mardi,True,27,2011,True,1433,True,40,7522,7558,fr,False,
annonces-legales/fr/2011/156,annonces-legales,2011,156,156,,,2011-12-29,2011-12-29,2011-12-29,masthead+header,0.99,2011-12-29,2011-12-29,34,True,jeudi,jeudi,True,27,2011,True,1433,True,40,7562,7598,fr,False,
annonces-legales/fr/2011/157,annonces-legales,2011,157,157,,,2011-12-31,2011-12-31,2011-12-31,masthead+header,0.99,2011-12-31,2011-12-31,32,True,samedi,samedi,True,27,2011,True,1433,True,40,7602,7637,fr,False,
annonces-legales/fr/2012/001,annonces-legales,2012,001,1,,,2012-01-03,2012-01-03,2012-01-03,masthead+header,0.99,2012-01-03,2012-01-03,38,True,mardi,mardi,True,28,2012,True,1433,True,40,2,39,fr,False,
annonces-legales/fr/2012/002,annonces-legales,2012,002,2,,,2012-01-05,2012-01-05,2012-01-05,masthead+header,0.99,2012-01-05,2012-01-05,29,True,jeudi,jeudi,True,28,2012,True,1433,True,32,42,67,fr,False,
annonces-legales/fr/2012/003,annonces-legales,2012,003,3,,,2012-01-07,2012-01-07,2012-01-07,masthead+header,0.99,2012-01-07,2012-01-07,53,True,samedi,samedi,True,28,2012,True,1433,True,56,74,120,fr,False,
annonces-legales/fr/2012/004,annonces-legales,2012,004,4,,,2012-01-10,2012-01-10,2012-01-10,masthead+header,0.99,2012-01-10,2012-01-10,46,True,mardi,mardi,True,28,2012,True,1433,True,48,130,171,fr,False,
annonces-legales/fr/2012/005,annonces-legales,2012,005,5,,,2012-01-12,2012-01-12,2012-01-12,masthead+header,0.99,2012-01-12,2012-01-12,53,True,jeudi,jeudi,True,28,2012,True,1433,True,56,178,230,fr,False,
annonces-legales/fr/2012/006,annonces-legales,2012,006,6,,,2012-01-14,2012-01-14,2012-01-14,masthead+header,0.99,2012-01-14,2012-01-14,38,True,samedi,samedi,True,28,2012,True,1433,True,40,234,271,fr,False,
annonces-legales/fr/2012/007,annonces-legales,2012,007,7,,,2012-01-17,2012-01-17,2012-01-17,masthead+header,0.99,2012-01-17,2012-01-17,53,True,mardi,mardi,True,28,2012,True,1433,True,56,274,325,fr,False,
annonces-legales/fr/2012/009,annonces-legales,2012,009,9,,,2012-01-21,2012-01-21,2012-01-21,masthead+header,0.99,2012-01-21,2012-01-21,53,True,samedi,samedi,True,28,2012,True,1433,True,56,378,430,fr,False,
annonces-legales/fr/2012/010,annonces-legales,2012,010,10,,,2012-01-24,2012-01-24,2012-01-24,masthead+header,0.99,2012-01-24,2012-01-24,51,True,mardi,mardi,True,28,2012,True,1433,True,56,434,482,fr,False,
annonces-legales/fr/2012/011,annonces-legales,2012,011,11,,,2012-01-26,2012-01-26,2012-01-26,masthead+header,0.99,2012-01-26,2012-01-26,54,True,jeudi,jeudi,True,28,2012,True,1433,True,56,490,542,fr,False,
annonces-legales/fr/2012/012,annonces-legales,2012,012,12,,,2012-01-28,2012-01-28,2012-01-28,masthead+header,0.99,2012-01-28,2012-01-28,29,True,samedi,samedi,True,28,2012,True,1433,True,32,546,575,fr,False,
annonces-legales/fr/2012/013,annonces-legales,2012,013,13,,,2012-01-31,2012-01-31,2012-01-31,masthead+header,0.99,2012-01-31,2012-01-31,54,True,mardi,mardi,True,28,2012,True,1433,True,56,587,630,fr,False,
annonces-legales/fr/2012/014,annonces-legales,2012,014,14,,,2012-02-02,2012-02-02,2012-02-02,masthead+header,0.99,2012-02-02,2012-02-02,46,True,jeudi,jeudi,True,28,2012,True,1433,True,48,634,677,fr,False,
annonces-legales/fr/2012/015,annonces-legales,2012,015,15,,,2012-02-04,2012-02-04,2012-02-04,masthead+header,0.99,2012-02-04,2012-02-04,36,True,samedi,samedi,True,28,2012,True,1433,True,40,682,717,fr,False,
annonces-legales/fr/2012/016,annonces-legales,2012,016,16,,,2012-02-07,2012-02-07,2012-02-07,masthead+header,0.99,2012-02-07,2012-02-07,54,True,mardi,mardi,True,28,2012,True,1433,True,56,722,771,fr,False,
annonces-legales/fr/2012/017,annonces-legales,2012,017,17,,,2012-02-09,2012-02-09,2012-02-09,masthead+header,0.99,2012-02-09,2012-02-09,68,True,jeudi,jeudi,True,28,2012,True,1433,True,72,778,845,fr,False,
annonces-legales/fr/2012/018,annonces-legales,2012,018,18,,,2012-02-11,2012-02-11,2012-02-11,masthead+header,0.99,2012-02-11,2012-02-11,69,True,samedi,samedi,True,28,2012,True,1433,True,72,850,918,fr,False,
annonces-legales/fr/2012/019,annonces-legales,2012,019,19,,,2012-02-14,2012-02-14,2012-02-14,masthead+header,0.99,2012-02-14,2012-02-14,69,True,mardi,mardi,True,28,2012,True,1433,True,72,922,989,fr,False,
annonces-legales/fr/2012/020,annonces-legales,2012,020,20,,,2012-02-16,2012-02-16,2012-02-16,masthead+header,0.99,2012-02-16,2012-02-16,61,True,jeudi,jeudi,True,28,2012,True,1433,True,64,994,1054,fr,False,
annonces-legales/fr/2012/021,annonces-legales,2012,021,21,,,2012-02-18,2012-02-18,2012-02-18,masthead+header,0.99,2012-02-18,2012-02-18,46,True,samedi,samedi,True,28,2012,True,1433,True,48,1058,1103,fr,False,
annonces-legales/fr/2012/022,annonces-legales,2012,022,22,,,2012-02-21,2012-02-21,2012-02-21,masthead+header,0.99,2012-02-21,2012-02-21,36,True,mardi,mardi,True,28,2012,True,1433,True,40,1106,1141,fr,False,
annonces-legales/fr/2012/023,annonces-legales,2012,023,23,,,2012-02-23,2012-02-23,2012-02-23,masthead+header,0.99,2012-02-23,2012-02-23,37,True,jeudi,jeudi,True,28,2012,True,1433,True,40,1146,1180,fr,False,
annonces-legales/fr/2012/024,annonces-legales,2012,024,24,,,2012-02-25,2012-02-25,2012-02-25,masthead+header,0.99,2012-02-25,2012-02-25,36,True,samedi,samedi,True,28,2012,True,1433,True,40,1186,1221,fr,False,
annonces-legales/fr/2012/025,annonces-legales,2012,025,25,,,2012-02-28,2012-02-28,2012-02-28,masthead+header,0.99,2012-02-28,2012-02-28,53,True,mardi,mardi,True,28,2012,True,1433,True,56,1226,1278,fr,False,
annonces-legales/fr/2012/026,annonces-legales,2012,026,26,,,2012-03-01,2012-03-01,2012-03-01,masthead+header,0.99,2012-03-01,2012-03-01,45,True,jeudi,jeudi,True,28,2012,True,1433,True,48,1282,1325,fr,False,
annonces-legales/fr/2012/027,annonces-legales,2012,027,27,,,2012-03-03,2012-03-03,2012-03-03,masthead+header,0.99,2012-03-03,2012-03-03,54,True,samedi,samedi,True,28,2012,True,1433,True,56,1330,1382,fr,False,
annonces-legales/fr/2012/028,annonces-legales,2012,028,28,,,2012-03-06,2012-03-06,2012-03-06,masthead+header,0.99,2012-03-06,2012-03-06,53,True,mardi,mardi,True,28,2012,True,1433,True,56,1386,1437,fr,False,
annonces-legales/fr/2012/029,annonces-legales,2012,029,29,,,2012-03-08,2012-03-08,2012-03-08,masthead+header,0.99,2012-03-08,2012-03-08,45,True,jeudi,jeudi,True,28,2012,True,1433,True,48,1442,1486,fr,False,
annonces-legales/fr/2012/030,annonces-legales,2012,030,30,,,2012-03-10,2012-03-10,2012-03-10,masthead+header,0.99,2012-03-10,2012-03-10,44,True,samedi,samedi,True,28,2012,True,1433,True,48,1490,1529,fr,False,
annonces-legales/fr/2012/031,annonces-legales,2012,031,31,,,2012-03-13,2012-03-13,2012-03-13,masthead+header,0.99,2012-03-13,2012-03-13,53,True,mardi,mardi,True,28,2012,True,1433,True,56,1538,1590,fr,False,
annonces-legales/fr/2012/032,annonces-legales,2012,032,32,,,2012-03-15,2012-03-15,2012-03-15,masthead+header,0.99,2012-03-15,2012-03-15,59,True,jeudi,jeudi,True,28,2012,True,1433,True,64,1594,1654,fr,False,
annonces-legales/fr/2012/033,annonces-legales,2012,033,33,,,2012-03-17,2012-03-17,2012-03-17,masthead+header,0.99,2012-03-17,2012-03-17,61,True,samedi,samedi,True,28,2012,True,1433,True,64,1658,1718,fr,False,
annonces-legales/fr/2012/034,annonces-legales,2012,034,34,,,2012-03-20,2012-03-20,2012-03-20,masthead+header,0.99,2012-03-20,2012-03-20,62,True,mardi,mardi,True,28,2012,True,1433,True,64,1722,1783,fr,False,
annonces-legales/fr/2012/035,annonces-legales,2012,035,35,,,2012-03-22,2012-03-22,2012-03-22,masthead+header,0.99,2012-03-22,2012-03-22,59,True,jeudi,jeudi,True,28,2012,True,1433,True,64,1786,1844,fr,False,
annonces-legales/fr/2012/036,annonces-legales,2012,036,36,,,2012-03-24,2012-03-24,2012-03-24,masthead+header,0.99,2012-03-24,2012-03-24,52,True,samedi,samedi,True,28,2012,True,1433,True,56,1850,1901,fr,False,
annonces-legales/fr/2012/037,annonces-legales,2012,037,37,,,2012-03-27,2012-03-27,2012-03-27,masthead+header,0.99,2012-03-27,2012-03-27,60,True,mardi,mardi,True,28,2012,True,1433,True,64,1906,1966,fr,False,
annonces-legales/fr/2012/038,annonces-legales,2012,038,38,,,2012-03-29,2012-03-29,2012-03-29,masthead+header,0.99,2012-03-29,2012-03-29,44,True,jeudi,jeudi,True,28,2012,True,1433,True,48,1970,2013,fr,False,
annonces-legales/fr/2012/039,annonces-legales,2012,039,39,,,2012-03-31,2012-03-31,2012-03-31,masthead+header,0.99,2012-03-31,2012-03-31,53,True,samedi,samedi,True,28,2012,True,1433,True,56,2021,2070,fr,False,
annonces-legales/fr/2012/040,annonces-legales,2012,040,40,,,2012-04-03,2012-04-03,2012-04-03,masthead+header,0.99,2012-04-03,2012-04-03,38,True,mardi,mardi,True,28,2012,True,1433,True,40,2074,2110,fr,False,
annonces-legales/fr/2012/041,annonces-legales,2012,041,41,,,2012-04-05,2012-04-05,2012-04-05,masthead+header,0.99,2012-04-05,2012-04-05,46,True,jeudi,jeudi,True,28,2012,True,1433,True,48,2114,2151,fr,False,
annonces-legales/fr/2012/042,annonces-legales,2012,042,42,,,2012-04-07,2012-04-07,2012-04-07,masthead+header,0.99,2012-04-07,2012-04-07,60,True,samedi,samedi,True,28,2012,True,1433,True,64,2162,2216,fr,False,
annonces-legales/fr/2012/043,annonces-legales,2012,043,43,,,2012-04-10,2012-04-10,2012-04-10,masthead+header,0.99,2012-04-10,2012-04-10,51,True,mardi,mardi,True,28,2012,True,1433,True,56,2226,2276,fr,False,
annonces-legales/fr/2012/044,annonces-legales,2012,044,44,,,2012-04-12,2012-04-12,2012-04-12,masthead+header,0.99,2012-04-12,2012-04-12,53,True,jeudi,jeudi,True,28,2012,True,1433,True,56,2283,2334,fr,False,
annonces-legales/fr/2012/045,annonces-legales,2012,045,45,,,2012-04-14,2012-04-14,2012-04-14,masthead+header,0.99,2012-04-14,2012-04-14,67,True,samedi,samedi,True,28,2012,True,1433,True,72,2338,2403,fr,False,
annonces-legales/fr/2012/046,annonces-legales,2012,046,46,,,2012-04-17,2012-04-17,2012-04-17,masthead+header,0.99,2012-04-17,2012-04-17,70,True,mardi,mardi,True,28,2012,True,1433,True,72,2410,2478,fr,False,
annonces-legales/fr/2012/047,annonces-legales,2012,047,47,,,2012-04-19,2012-04-19,2012-04-19,masthead+header,0.99,2012-04-19,2012-04-19,61,True,jeudi,jeudi,True,28,2012,True,1433,True,64,2482,2540,fr,False,
annonces-legales/fr/2012/048,annonces-legales,2012,048,48,,,2012-04-21,2012-04-21,2012-04-21,masthead+header,0.99,2012-04-21,2012-04-21,68,True,samedi,samedi,True,28,2012,True,1433,True,72,2546,2612,fr,False,
annonces-legales/fr/2012/049,annonces-legales,2012,049,49,,,2012-04-24,2012-04-24,2012-04-24,masthead+header,0.99,2012-04-24,2012-04-24,61,True,mardi,mardi,True,28,2012,True,1433,True,64,2618,2678,fr,False,
annonces-legales/fr/2012/050,annonces-legales,2012,050,50,,,2012-04-26,2012-04-26,2012-04-26,masthead+header,0.99,2012-04-26,2012-04-26,62,True,jeudi,jeudi,True,28,2012,True,1433,True,64,2682,2743,fr,False,
annonces-legales/fr/2012/051,annonces-legales,2012,051,51,,,2012-04-28,2012-04-28,2012-04-28,masthead+header,0.99,2012-04-28,2012-04-28,59,True,samedi,samedi,True,28,2012,True,1433,True,64,2746,2804,fr,False,
annonces-legales/fr/2012/052,annonces-legales,2012,052,52,,,2012-05-01,2012-05-01,2012-05-01,masthead+header,0.99,2012-05-01,2012-05-01,52,True,mardi,mardi,True,28,2012,True,1433,True,64,2810,2861,fr,False,
annonces-legales/fr/2012/053,annonces-legales,2012,053,53,,,2012-05-03,2012-05-03,2012-05-03,masthead+header,0.99,2012-05-03,2012-05-03,59,True,jeudi,jeudi,True,28,2012,True,1433,True,64,2866,2921,fr,False,
annonces-legales/fr/2012/054,annonces-legales,2012,054,54,,,2012-05-05,2012-05-05,2012-05-05,masthead+header,0.99,2012-05-05,2012-05-05,61,True,samedi,samedi,True,28,2012,True,1433,True,64,2930,2990,fr,False,
annonces-legales/fr/2012/055,annonces-legales,2012,055,55,,,2012-05-08,2012-05-08,2012-05-08,masthead+header,0.99,2012-05-08,2012-05-08,57,True,mardi,mardi,True,28,2012,True,1433,True,64,2994,3050,fr,False,
annonces-legales/fr/2012/056,annonces-legales,2012,056,56,,,2012-05-10,2012-05-10,2012-05-10,masthead+header,0.99,2012-05-10,2012-05-10,41,True,jeudi,jeudi,True,28,2012,True,1433,True,48,3058,3098,fr,False,
annonces-legales/fr/2012/057,annonces-legales,2012,057,57,,,2012-05-12,2012-05-12,2012-05-12,masthead+header,0.99,2012-05-12,2012-05-12,30,True,samedi,samedi,True,28,2012,True,1433,True,32,3106,3135,fr,False,
annonces-legales/fr/2012/058,annonces-legales,2012,058,58,,,2012-05-15,2012-05-15,2012-05-15,masthead+header,0.99,2012-05-15,2012-05-15,46,True,mardi,mardi,True,28,2012,True,1433,True,48,3138,3181,fr,False,
annonces-legales/fr/2012/059,annonces-legales,2012,059,59,,,2012-05-17,2012-05-17,2012-05-17,masthead+header,0.99,2012-05-17,2012-05-17,46,True,jeudi,jeudi,True,28,2012,True,1433,True,48,3186,3231,fr,False,
annonces-legales/fr/2012/060,annonces-legales,2012,060,60,,,2012-05-19,2012-05-19,2012-05-19,masthead+header,0.99,2012-05-19,2012-05-19,58,True,samedi,samedi,True,28,2012,True,1433,True,64,3234,3289,fr,False,
annonces-legales/fr/2012/061,annonces-legales,2012,061,61,,,2012-05-22,2012-05-22,2012-05-22,masthead+header,0.99,2012-05-22,2012-05-22,54,True,mardi,mardi,True,28,2012,True,1433,True,64,3298,3348,fr,False,
annonces-legales/fr/2012/062,annonces-legales,2012,062,62,,,2012-05-24,2012-05-24,2012-05-24,masthead+header,0.99,2012-05-24,2012-05-24,60,True,jeudi,jeudi,True,28,2012,True,1433,True,64,3362,3422,fr,False,
annonces-legales/fr/2012/063,annonces-legales,2012,063,63,,,2012-05-26,2012-05-26,2012-05-26,masthead+header,0.99,2012-05-26,2012-05-26,60,True,samedi,samedi,True,28,2012,True,1433,True,64,3426,3484,fr,False,
annonces-legales/fr/2012/064,annonces-legales,2012,064,64,,,2012-05-29,2012-05-29,2012-05-29,masthead+header,0.99,2012-05-29,2012-05-29,57,True,mardi,mardi,True,28,2012,True,1433,True,64,3490,3543,fr,False,
annonces-legales/fr/2012/065,annonces-legales,2012,065,65,,,2012-05-31,2012-05-31,2012-05-31,masthead+header,0.99,2012-05-31,2012-05-31,62,True,jeudi,jeudi,True,28,2012,True,1433,True,64,3554,3614,fr,False,
annonces-legales/fr/2012/066,annonces-legales,2012,066,66,,,2012-06-02,2012-06-02,2012-06-02,masthead+header,0.99,2012-06-02,2012-06-02,53,True,samedi,samedi,True,28,2012,True,1433,True,64,3618,3670,fr,False,
annonces-legales/fr/2012/067,annonces-legales,2012,067,67,,,2012-06-05,2012-06-05,2012-06-05,masthead+header,0.99,2012-06-05,2012-06-05,61,True,mardi,mardi,True,28,2012,True,1433,True,64,3682,3742,fr,False,
annonces-legales/fr/2012/068,annonces-legales,2012,068,68,,,2012-06-07,2012-06-07,2012-06-07,masthead+header,0.99,2012-06-07,2012-06-07,60,True,jeudi,jeudi,True,28,2012,True,1433,True,64,3746,3804,fr,False,
annonces-legales/fr/2012/069,annonces-legales,2012,069,69,,,2012-06-09,2012-06-09,2012-06-09,masthead+header,0.99,2012-06-09,2012-06-09,62,True,samedi,samedi,True,28,2012,True,1433,True,64,3810,3867,fr,False,
annonces-legales/fr/2012/070,annonces-legales,2012,070,70,,,2012-06-12,2012-06-12,2012-06-12,masthead+header,0.99,2012-06-12,2012-06-12,58,True,mardi,mardi,True,28,2012,True,1433,True,64,3874,3930,fr,False,
annonces-legales/fr/2012/071,annonces-legales,2012,071,71,,,2012-06-14,2012-06-14,2012-06-14,masthead+header,0.99,2012-06-14,2012-06-14,58,True,jeudi,jeudi,True,28,2012,True,1433,True,64,3938,3994,fr,False,
annonces-legales/fr/2012/072,annonces-legales,2012,072,72,,,2012-06-16,2012-06-16,2012-06-16,masthead+header,0.99,2012-06-16,2012-06-16,59,True,samedi,samedi,True,28,2012,True,1433,True,64,4002,4059,fr,False,
annonces-legales/fr/2012/073,annonces-legales,2012,073,73,,,2012-06-19,2012-06-19,2012-06-19,masthead+header,0.99,2012-06-19,2012-06-19,58,True,mardi,mardi,True,28,2012,True,1433,True,64,4066,4123,fr,False,
annonces-legales/fr/2012/074,annonces-legales,2012,074,74,,,2012-06-21,2012-06-21,2012-06-21,masthead+header,0.99,2012-06-21,2012-06-21,56,True,jeudi,jeudi,True,28,2012,True,1433,True,64,4130,4181,fr,False,
annonces-legales/fr/2012/075,annonces-legales,2012,075,75,,,2012-06-23,2012-06-23,2012-06-23,masthead+header,0.99,2012-06-23,2012-06-23,57,True,samedi,samedi,True,28,2012,True,1433,True,64,4194,4249,fr,False,
annonces-legales/fr/2012/076,annonces-legales,2012,076,76,,,2012-06-26,2012-06-26,2012-06-26,masthead+header,0.99,2012-06-26,2012-06-26,62,True,mardi,mardi,True,28,2012,True,1433,True,64,4258,4318,fr,False,
annonces-legales/fr/2012/077,annonces-legales,2012,077,77,,,2012-06-28,2012-06-28,2012-06-28,masthead+header,0.99,2012-06-28,2012-06-28,58,True,jeudi,jeudi,True,28,2012,True,1433,True,64,4322,4378,fr,False,
annonces-legales/fr/2012/078,annonces-legales,2012,078,78,,,2012-06-30,2012-06-30,2012-06-30,masthead+header,0.99,2012-06-30,2012-06-30,46,True,samedi,samedi,True,28,2012,True,1433,True,48,4386,4427,fr,False,
annonces-legales/fr/2012/079,annonces-legales,2012,079,79,,,2012-07-03,2012-07-03,2012-07-03,masthead+header,0.99,2012-07-03,2012-07-03,46,True,mardi,mardi,True,28,2012,True,1433,True,48,4434,4473,fr,False,
annonces-legales/fr/2012/080,annonces-legales,2012,080,80,,,2012-07-05,2012-07-05,2012-07-05,masthead+header,0.99,2012-07-05,2012-07-05,56,True,jeudi,jeudi,True,28,2012,True,1433,True,64,4482,4536,fr,False,
annonces-legales/fr/2012/081,annonces-legales,2012,081,81,,,2012-07-07,2012-07-07,2012-07-07,masthead+header,0.99,2012-07-07,2012-07-07,22,True,samedi,samedi,True,28,2012,True,1433,True,32,4546,4560,fr,False,
annonces-legales/fr/2012/082,annonces-legales,2012,082,82,,,2012-07-10,2012-07-10,2012-07-10,masthead+header,0.99,2012-07-10,2012-07-10,59,True,mardi,mardi,True,28,2012,True,1433,True,64,4578,4632,fr,False,
annonces-legales/fr/2012/083,annonces-legales,2012,083,83,,,2012-07-12,2012-07-12,2012-07-12,masthead+header,0.99,2012-07-12,2012-07-12,37,True,jeudi,jeudi,True,28,2012,True,1433,True,48,4642,4677,fr,False,
annonces-legales/fr/2012/084,annonces-legales,2012,084,84,,,2012-07-14,2012-07-14,2012-07-14,masthead+header,0.99,2012-07-14,2012-07-14,41,True,samedi,samedi,True,28,2012,True,1433,True,48,4690,4730,fr,False,
annonces-legales/fr/2012/085,annonces-legales,2012,085,85,,,2012-07-17,2012-07-17,2012-07-17,masthead+header,0.99,2012-07-17,2012-07-17,59,True,mardi,mardi,True,28,2012,True,1433,True,64,4738,4796,fr,False,
annonces-legales/fr/2012/086,annonces-legales,2012,086,86,,,2012-07-19,2012-07-19,2012-07-19,masthead+header,0.99,2012-07-19,2012-07-19,41,True,jeudi,jeudi,True,28,2012,True,1433,True,48,4802,4842,fr,False,
annonces-legales/fr/2012/087,annonces-legales,2012,087,87,,,2012-07-21,2012-07-21,2012-07-21,masthead+header,0.99,2012-07-21,2012-07-21,36,True,samedi,samedi,True,28,2012,True,1433,True,48,4850,4884,fr,False,
annonces-legales/fr/2012/088,annonces-legales,2012,088,88,,,2012-07-24,2012-07-24,2012-07-24,masthead+header,0.99,2012-07-24,2012-07-24,27,True,mardi,mardi,True,28,2012,True,1433,True,32,4898,4923,fr,False,
annonces-legales/fr/2012/089,annonces-legales,2012,089,89,,,2012-07-26,2012-07-26,2012-07-26,masthead+header,0.99,2012-07-26,2012-07-26,23,True,jeudi,jeudi,True,28,2012,True,1433,True,32,4930,4953,fr,False,
annonces-legales/fr/2012/090,annonces-legales,2012,090,90,,,2012-07-28,2012-07-28,2012-07-28,masthead+header,0.99,2012-07-28,2012-07-28,38,True,samedi,samedi,True,28,2012,True,1433,True,48,4962,4991,fr,False,
annonces-legales/fr/2012/091,annonces-legales,2012,091,91,,,2012-07-31,2012-07-31,2012-07-31,masthead+header,0.99,2012-07-31,2012-07-31,46,True,mardi,mardi,True,28,2012,True,1433,True,48,5010,5055,fr,False,
annonces-legales/fr/2012/092,annonces-legales,2012,092,92,,,2012-08-02,2012-08-02,2012-08-02,masthead+header,0.99,2012-08-02,2012-08-02,46,True,jeudi,jeudi,True,28,2012,True,1433,True,48,5058,5099,fr,False,
annonces-legales/fr/2012/093,annonces-legales,2012,093,93,,,2012-08-04,2012-08-04,2012-08-04,masthead+header,0.99,2012-08-04,2012-08-04,50,True,samedi,samedi,True,28,2012,True,1433,True,64,5106,5155,fr,False,
annonces-legales/fr/2012/094,annonces-legales,2012,094,94,,,2012-08-07,2012-08-07,2012-08-07,masthead+header,0.99,2012-08-07,2012-08-07,56,True,mardi,mardi,True,28,2012,True,1433,True,64,5162,5216,fr,False,
annonces-legales/fr/2012/095,annonces-legales,2012,095,95,,,2012-08-09,2012-08-09,2012-08-09,masthead+header,0.99,2012-08-09,2012-08-09,45,True,jeudi,jeudi,True,28,2012,True,1433,True,48,5226,5268,fr,False,
annonces-legales/fr/2012/096,annonces-legales,2012,096,96,,,2012-08-11,2012-08-11,2012-08-11,masthead+header,0.99,2012-08-11,2012-08-11,44,True,samedi,samedi,True,28,2012,True,1433,True,48,5274,5317,fr,False,
annonces-legales/fr/2012/097,annonces-legales,2012,097,97,,,2012-08-14,2012-08-14,2012-08-14,masthead+header,0.99,2012-08-14,2012-08-14,44,True,mardi,mardi,True,28,2012,True,1433,True,48,1,5364,fr,False,
annonces-legales/fr/2012/098,annonces-legales,2012,098,98,,,2012-08-16,2012-08-16,2012-08-16,masthead+header,0.99,2012-08-16,2012-08-16,53,True,jeudi,jeudi,True,28,2012,True,1433,True,56,5370,5422,fr,False,
annonces-legales/fr/2012/099,annonces-legales,2012,099,99,,,2012-08-18,2012-08-18,2012-08-18,masthead+header,0.99,2012-08-18,2012-08-18,45,True,samedi,samedi,True,28,2012,True,1433,True,48,5426,5470,fr,False,
annonces-legales/fr/2012/100,annonces-legales,2012,100,100,,,2012-08-21,2012-08-21,2012-08-21,masthead+header,0.99,2012-08-21,2012-08-21,28,True,mardi,mardi,True,28,2012,True,1433,True,32,5474,5503,fr,False,
annonces-legales/fr/2012/101,annonces-legales,2012,101,101,,,2012-08-23,2012-08-23,2012-08-23,masthead+header,0.99,2012-08-23,2012-08-23,34,True,jeudi,jeudi,True,28,2012,True,1433,True,48,5506,5544,fr,False,
annonces-legales/fr/2012/102,annonces-legales,2012,102,102,,,2012-08-25,2012-08-25,2012-08-25,masthead+header,0.99,2012-08-25,2012-08-25,33,True,samedi,samedi,True,28,2012,True,1433,True,48,5554,5592,fr,False,
annonces-legales/fr/2012/103,annonces-legales,2012,103,103,,,2012-08-28,2012-08-28,2012-08-28,masthead+header,0.99,2012-08-28,2012-08-28,27,True,mardi,mardi,True,28,2012,True,1433,True,32,5602,5629,fr,False,
annonces-legales/fr/2012/104,annonces-legales,2012,104,104,,,2012-08-30,2012-08-30,2012-08-30,masthead+header,0.99,2012-08-30,2012-08-30,29,True,jeudi,jeudi,True,28,2012,True,1433,True,32,5634,5661,fr,False,
annonces-legales/fr/2012/105,annonces-legales,2012,105,105,,,2012-09-01,2012-09-01,2012-09-01,masthead+header,0.99,2012-09-01,2012-09-01,33,True,samedi,samedi,True,28,2012,True,1433,True,40,5666,5702,fr,False,
annonces-legales/fr/2012/106,annonces-legales,2012,106,106,,,2012-09-04,2012-09-04,2012-09-04,masthead+header,0.99,2012-09-04,2012-09-04,26,True,mardi,mardi,True,28,2012,True,1433,True,32,5706,5735,fr,False,
annonces-legales/fr/2012/107,annonces-legales,2012,107,107,,,2012-09-06,2012-09-06,2012-09-06,masthead+header,0.99,2012-09-06,2012-09-06,40,True,jeudi,jeudi,True,28,2012,True,1433,True,56,1,5784,fr,False,
annonces-legales/fr/2012/108,annonces-legales,2012,108,108,,,2012-09-08,2012-09-08,2012-09-08,masthead+header,0.99,2012-09-08,2012-09-08,40,True,samedi,samedi,True,28,2012,True,1433,True,48,5794,5838,fr,False,
annonces-legales/fr/2012/109,annonces-legales,2012,109,109,,,2012-09-11,2012-09-11,2012-09-11,masthead+header,0.99,2012-09-11,2012-09-11,29,True,mardi,mardi,True,28,2012,True,1433,True,40,5842,5874,fr,False,
annonces-legales/fr/2012/110,annonces-legales,2012,110,110,,,2012-09-13,2012-09-13,2012-09-13,masthead+header,0.99,2012-09-13,2012-09-13,31,True,jeudi,jeudi,True,28,2012,True,1433,True,40,5882,5916,fr,False,
annonces-legales/fr/2012/111,annonces-legales,2012,111,111,,,2012-09-15,2012-09-15,2012-09-15,masthead+header,0.99,2012-09-15,2012-09-15,37,True,samedi,samedi,True,28,2012,True,1433,True,48,5922,5962,fr,False,
annonces-legales/fr/2012/112,annonces-legales,2012,112,112,,,2012-09-18,2012-09-18,2012-09-18,masthead+header,0.99,2012-09-18,2012-09-18,28,True,mardi,mardi,True,28,2012,True,1433,True,32,5970,5998,fr,False,
annonces-legales/fr/2012/113,annonces-legales,2012,113,113,,,2012-09-20,2012-09-20,2012-09-20,masthead+header,0.99,2012-09-20,2012-09-20,40,True,jeudi,jeudi,True,28,2012,True,1433,True,48,6002,6042,fr,False,
annonces-legales/fr/2012/114,annonces-legales,2012,114,114,,,2012-09-22,2012-09-22,2012-09-22,masthead+header,0.99,2012-09-22,2012-09-22,34,True,samedi,samedi,True,28,2012,True,1433,True,40,6050,6087,fr,False,
annonces-legales/fr/2012/115,annonces-legales,2012,115,115,,,2012-09-25,2012-09-25,2012-09-25,masthead+header,0.99,2012-09-25,2012-09-25,43,True,mardi,mardi,True,28,2012,True,1433,True,48,6090,6134,fr,False,
annonces-legales/fr/2012/116,annonces-legales,2012,116,116,,,2012-09-27,2012-09-27,2012-09-27,masthead+header,0.99,2012-09-27,2012-09-27,33,True,jeudi,jeudi,True,28,2012,True,1433,True,40,6138,6174,fr,False,
annonces-legales/fr/2012/117,annonces-legales,2012,117,117,,,2012-09-29,2012-09-29,2012-09-29,masthead+header,0.99,2012-09-29,2012-09-29,46,True,samedi,samedi,True,28,2012,True,1433,True,56,6178,6228,fr,False,
annonces-legales/fr/2012/118,annonces-legales,2012,118,118,,,2012-10-02,2012-10-02,2012-10-02,masthead+header,0.99,2012-10-02,2012-10-02,47,True,mardi,mardi,True,28,2012,True,1433,True,56,6234,6279,fr,False,
annonces-legales/fr/2012/119,annonces-legales,2012,119,119,,,2012-10-04,2012-10-04,2012-10-04,masthead+header,0.99,2012-10-04,2012-10-04,57,True,jeudi,jeudi,True,28,2012,True,1433,True,64,6290,6349,fr,False,
annonces-legales/fr/2012/120,annonces-legales,2012,120,120,,,2012-10-06,2012-10-06,2012-10-06,masthead+header,0.99,2012-10-06,2012-10-06,41,True,samedi,samedi,True,28,2012,True,1433,True,48,6354,6394,fr,False,
annonces-legales/fr/2012/121,annonces-legales,2012,121,121,,,2012-10-09,2012-10-09,2012-10-09,masthead+header,0.99,2012-10-09,2012-10-09,43,True,mardi,mardi,True,28,2012,True,1433,True,48,6402,6444,fr,False,
annonces-legales/fr/2012/122,annonces-legales,2012,122,122,,,2012-10-11,2012-10-11,2012-10-11,masthead+header,0.99,2012-10-11,2012-10-11,55,True,jeudi,jeudi,True,28,2012,True,1433,True,64,6450,6506,fr,False,
annonces-legales/fr/2012/123,annonces-legales,2012,123,123,,,2012-10-13,2012-10-13,2012-10-13,masthead+header,0.99,2012-10-13,2012-10-13,53,True,samedi,samedi,True,28,2012,True,1433,True,64,6514,6570,fr,False,
annonces-legales/fr/2012/124,annonces-legales,2012,124,124,,,2012-10-16,2012-10-16,2012-10-16,masthead+header,0.99,2012-10-16,2012-10-16,38,True,mardi,mardi,True,28,2012,True,1433,True,48,6578,6617,fr,False,
annonces-legales/fr/2012/125,annonces-legales,2012,125,125,,,2012-10-18,2012-10-18,2012-10-18,masthead+header,0.99,2012-10-18,2012-10-18,53,True,jeudi,jeudi,True,28,2012,True,1433,True,64,6626,6682,fr,False,
annonces-legales/fr/2012/126,annonces-legales,2012,126,126,,,2012-10-20,2012-10-20,2012-10-20,masthead+header,0.99,2012-10-20,2012-10-20,36,True,samedi,samedi,True,28,2012,True,1433,True,48,6690,6728,fr,False,
annonces-legales/fr/2012/127,annonces-legales,2012,127,127,,,2012-10-23,2012-10-23,2012-10-23,masthead+header,0.99,2012-10-23,2012-10-23,43,True,mardi,mardi,True,28,2012,True,1433,True,48,6738,6781,fr,False,
annonces-legales/fr/2012/128,annonces-legales,2012,128,128,,,2012-10-25,2012-10-25,2012-10-25,masthead+header,0.99,2012-10-25,2012-10-25,36,True,jeudi,jeudi,True,28,2012,True,1433,True,40,6786,6822,fr,False,
annonces-legales/fr/2012/129,annonces-legales,2012,129,129,,,2012-10-27,2012-10-27,2012-10-27,masthead+header,0.99,2012-10-27,2012-10-27,32,True,samedi,samedi,True,28,2012,True,1433,True,40,6826,6858,fr,False,
annonces-legales/fr/2012/130,annonces-legales,2012,130,130,,,2012-10-30,2012-10-30,2012-10-30,masthead+header,0.99,2012-10-30,2012-10-30,37,True,mardi,mardi,True,28,2012,True,1433,True,48,6866,6906,fr,False,
annonces-legales/fr/2012/131,annonces-legales,2012,131,131,,,2012-11-01,2012-11-01,2012-11-01,masthead+header,0.99,2012-11-01,2012-11-01,27,True,jeudi,jeudi,True,28,2012,True,1433,True,32,6914,6940,fr,False,
annonces-legales/fr/2012/132,annonces-legales,2012,132,132,,,2012-11-03,2012-11-03,2012-11-03,masthead+header,0.99,2012-11-03,2012-11-03,46,True,samedi,samedi,True,28,2012,True,1433,True,56,6946,6996,fr,False,
annonces-legales/fr/2012/133,annonces-legales,2012,133,133,,,2012-11-06,2012-11-06,2012-11-06,masthead+header,0.99,2012-11-06,2012-11-06,24,True,mardi,mardi,True,28,2012,True,1433,True,32,7002,7030,fr,False,
annonces-legales/fr/2012/134,annonces-legales,2012,134,134,,,2012-11-08,2012-11-08,2012-11-08,masthead+header,0.99,2012-11-08,2012-11-08,38,True,jeudi,jeudi,True,28,2012,True,1433,True,48,7034,7073,fr,False,
annonces-legales/fr/2012/135,annonces-legales,2012,135,135,,,2012-11-10,2012-11-10,2012-11-10,masthead+header,0.99,2012-11-10,2012-11-10,34,True,samedi,samedi,True,28,2012,True,1433,True,40,7082,7119,fr,False,
annonces-legales/fr/2012/136,annonces-legales,2012,136,136,,,2012-11-13,2012-11-13,2012-11-13,masthead+header,0.99,2012-11-13,2012-11-13,39,True,mardi,mardi,True,28,2012,True,1433,True,48,7122,7160,fr,False,
annonces-legales/fr/2012/137,annonces-legales,2012,137,137,,,2012-11-15,2012-11-15,2012-11-15,masthead+header,0.99,2012-11-15,2012-11-15,49,True,jeudi,jeudi,True,28,2012,True,1434,True,64,7170,7230,fr,False,
annonces-legales/fr/2012/138,annonces-legales,2012,138,138,,,2012-11-17,2012-11-17,2012-11-17,masthead+header,0.99,2012-11-17,2012-11-17,39,True,samedi,samedi,True,28,2012,True,1434,True,48,7234,7276,fr,False,
annonces-legales/fr/2012/139,annonces-legales,2012,139,139,,,2012-11-20,2012-11-20,2012-11-20,masthead+header,0.99,2012-11-20,2012-11-20,41,True,mardi,mardi,True,28,2012,True,1434,True,48,7282,7326,fr,False,
annonces-legales/fr/2012/140,annonces-legales,2012,140,140,,,2012-11-22,2012-11-22,2012-11-22,masthead+header,0.99,2012-11-22,2012-11-22,50,True,jeudi,jeudi,True,28,2012,True,1434,True,56,7330,7382,fr,False,
annonces-legales/fr/2012/141,annonces-legales,2012,141,141,,,2012-11-24,2012-11-24,2012-11-24,masthead+header,0.99,2012-11-24,2012-11-24,44,True,samedi,samedi,True,28,2012,True,1434,True,48,7386,7430,fr,False,
annonces-legales/fr/2012/142,annonces-legales,2012,142,142,,,2012-11-27,2012-11-27,2012-11-27,masthead+header,0.99,2012-11-27,2012-11-27,42,True,mardi,mardi,True,28,2012,True,1434,True,48,7434,7478,fr,False,
annonces-legales/fr/2012/143,annonces-legales,2012,143,143,,,2012-11-29,2012-11-29,2012-11-29,masthead+header,0.99,2012-11-29,2012-11-29,40,True,jeudi,jeudi,True,28,2012,True,1434,True,48,7482,7526,fr,False,
annonces-legales/fr/2012/144,annonces-legales,2012,144,144,,,2012-12-01,2012-12-01,2012-12-01,masthead+header,0.99,2012-12-01,2012-12-01,58,True,samedi,samedi,True,28,2012,True,1434,True,64,7530,7588,fr,False,
annonces-legales/fr/2012/145,annonces-legales,2012,145,145,,,2012-12-04,2012-12-04,2012-12-04,masthead+header,0.99,2012-12-04,2012-12-04,38,True,mardi,mardi,True,28,2012,True,1434,True,48,7594,7638,fr,False,
annonces-legales/fr/2012/146,annonces-legales,2012,146,146,,,2012-12-06,2012-12-06,2012-12-06,masthead+header,0.99,2012-12-06,2012-12-06,45,True,jeudi,jeudi,True,28,2012,True,1434,True,56,7642,7692,fr,False,
annonces-legales/fr/2012/147,annonces-legales,2012,147,147,,,2012-12-08,2012-12-08,2012-12-08,masthead+header,0.99,2012-12-08,2012-12-08,38,True,samedi,samedi,True,28,2012,True,1434,True,48,7698,7743,fr,False,
annonces-legales/fr/2012/148,annonces-legales,2012,148,148,,,2012-12-11,2012-12-11,2012-12-11,masthead+header,0.99,2012-12-11,2012-12-11,43,True,mardi,mardi,True,28,2012,True,1434,True,56,7746,7796,fr,False,
annonces-legales/fr/2012/149,annonces-legales,2012,149,149,,,2012-12-13,2012-12-13,2012-12-13,masthead+header,0.99,2012-12-13,2012-12-13,54,True,jeudi,jeudi,True,28,2012,True,1434,True,64,7802,7862,fr,False,
annonces-legales/fr/2012/150,annonces-legales,2012,150,150,,,2012-12-15,2012-12-15,2012-12-15,masthead+header,0.99,2012-12-15,2012-12-15,51,True,samedi,samedi,True,28,2012,True,1434,True,56,7866,7918,fr,False,
annonces-legales/fr/2012/151,annonces-legales,2012,151,151,,,2012-12-18,2012-12-18,2012-12-18,masthead+header,0.99,2012-12-18,2012-12-18,51,True,mardi,mardi,True,28,2012,True,1434,True,64,7922,7978,fr,False,
annonces-legales/fr/2012/152,annonces-legales,2012,152,152,,,2012-12-20,2012-12-20,2012-12-20,masthead+header,0.99,2012-12-20,2012-12-20,45,True,jeudi,jeudi,True,28,2012,True,1434,True,48,7986,8031,fr,False,
annonces-legales/fr/2012/153,annonces-legales,2012,153,153,,,2012-12-22,2012-12-22,2012-12-22,masthead+header,0.99,2012-12-22,2012-12-22,53,True,samedi,samedi,True,28,2012,True,1434,True,64,8034,8090,fr,False,
annonces-legales/fr/2012/154,annonces-legales,2012,154,154,,,2012-12-25,2012-12-25,2012-12-25,masthead+header,0.99,2012-12-25,2012-12-25,50,True,mardi,mardi,True,28,2012,True,1434,True,56,8098,8150,fr,False,
annonces-legales/fr/2012/155,annonces-legales,2012,155,155,,,2012-12-27,2012-12-27,2012-12-27,masthead+header,0.99,2012-12-27,2012-12-27,47,True,jeudi,jeudi,True,28,2012,True,1434,True,56,8154,8207,fr,False,
annonces-legales/fr/2012/156,annonces-legales,2012,156,156,,,2012-12-29,2012-12-29,2012-12-29,masthead+header,0.99,2012-12-29,2012-12-29,50,True,samedi,samedi,True,28,2012,True,1434,True,56,8210,8263,fr,False,
journal-officiel/fr/2008/001,journal-officiel,2008,001,1,,,2008-01-01,2008-01-01,2008-01-01,masthead+header,0.99,2008-01-01,2008-01-01,46,True,mardi,mardi,True,151,2008,True,1428,True,48,3,47,fr,False,
journal-officiel/fr/2008/002,journal-officiel,2008,002,2,,,2008-01-04,2008-01-04,2008-01-04,masthead+header,0.99,2008-01-04,2008-01-04,22,True,vendredi,vendredi,True,151,2008,True,1428,True,24,50,71,fr,False,
journal-officiel/fr/2008/003,journal-officiel,2008,003,3,,,2008-01-08,2008-01-08,2008-01-08,masthead+header,0.99,2008-01-08,2008-01-08,29,True,mardi,mardi,True,151,2008,True,1428,True,32,74,102,fr,False,
journal-officiel/fr/2008/004,journal-officiel,2008,004,4,,,2008-01-11,2008-01-11,2008-01-11,masthead+header,0.99,2008-01-11,2008-01-11,114,True,vendredi,vendredi,True,151,2008,True,1429,True,120,106,219,fr,False,
journal-officiel/fr/2008/005,journal-officiel,2008,005,5,,,2008-01-15,2008-01-15,2008-01-15,masthead+header,0.99,2008-01-15,2008-01-15,228,True,mardi,mardi,True,151,2008,True,1429,True,232,227,453,fr,False,
journal-officiel/fr/2008/006,journal-officiel,2008,006,6,,,2008-01-18,2008-01-18,2008-01-18,masthead+header,0.99,2008-01-18,2008-01-18,61,True,vendredi,vendredi,True,151,2008,True,1429,True,64,459,518,fr,False,
journal-officiel/fr/2008/007,journal-officiel,2008,007,7,,,2008-01-22,2008-01-22,2008-01-22,masthead+header,0.99,2008-01-22,2008-01-22,13,True,mardi,mardi,True,151,2008,True,1429,True,16,522,533,fr,False,
journal-officiel/fr/2008/008,journal-officiel,2008,008,8,,,2008-01-25,2008-01-25,2008-01-25,masthead+header,0.99,2008-01-25,2008-01-25,17,True,vendredi,vendredi,True,151,2008,True,1429,True,24,539,553,fr,False,
journal-officiel/fr/2008/009,journal-officiel,2008,009,9,,,2008-01-29,2008-01-29,2008-01-29,masthead+header,0.99,2008-01-29,2008-01-29,3,True,mardi,mardi,True,151,2008,True,1429,True,8,562,564,fr,False,
journal-officiel/fr/2008/010,journal-officiel,2008,010,10,,,2008-02-01,2008-02-01,2008-02-01,masthead+header,0.99,2008-02-01,2008-02-01,38,True,vendredi,vendredi,True,151,2008,True,1429,True,40,570,607,fr,False,
journal-officiel/fr/2008/011,journal-officiel,2008,011,11,,,2008-02-05,2008-02-05,2008-02-05,masthead+header,0.99,2008-02-05,2008-02-05,14,True,mardi,mardi,True,151,2008,True,1429,True,16,610,623,fr,False,
journal-officiel/fr/2008/012,journal-officiel,2008,012,12,,,2008-02-08,2008-02-08,2008-02-08,masthead+header,0.99,2008-02-08,2008-02-08,14,True,vendredi,vendredi,True,151,2008,True,1429,True,16,626,639,fr,False,
journal-officiel/fr/2008/013,journal-officiel,2008,013,13,,,2008-02-12,2008-02-12,2008-02-12,masthead+header,0.99,2008-02-12,2008-02-12,28,True,mardi,mardi,True,151,2008,True,1429,True,32,642,669,fr,False,
journal-officiel/fr/2008/014,journal-officiel,2008,014,14,,,2008-02-15,2008-02-15,2008-02-15,masthead+header,0.99,2008-02-15,2008-02-15,56,True,vendredi,vendredi,True,151,2008,True,1429,True,64,674,733,fr,False,
journal-officiel/fr/2008/015,journal-officiel,2008,015,15,,,2008-02-19,2008-02-19,2008-02-19,masthead+header,0.99,2008-02-19,2008-02-19,33,True,mardi,mardi,True,151,2008,True,1429,True,40,739,769,fr,False,
journal-officiel/fr/2008/016,journal-officiel,2008,016,16,,,2008-02-22,2008-02-22,2008-02-22,masthead+header,0.99,2008-02-22,2008-02-22,14,True,vendredi,vendredi,True,151,2008,True,1429,True,16,778,791,fr,False,
journal-officiel/fr/2008/017,journal-officiel,2008,017,17,,,2008-02-26,2008-02-26,2008-02-26,masthead+header,0.99,2008-02-26,2008-02-26,21,True,mardi,mardi,True,151,2008,True,1429,True,24,794,814,fr,False,
journal-officiel/fr/2008/018,journal-officiel,2008,018,18,,,2008-02-29,2008-02-29,2008-02-29,masthead+header,0.99,2008-02-29,2008-02-29,19,True,vendredi,vendredi,True,151,2008,True,1429,True,24,818,836,fr,False,
journal-officiel/fr/2008/019,journal-officiel,2008,019,19,,,2008-03-04,2008-03-04,2008-03-04,masthead+header,0.99,2008-03-04,2008-03-04,21,True,mardi,mardi,True,151,2008,True,1429,True,24,842,862,fr,False,
journal-officiel/fr/2008/020,journal-officiel,2008,020,20,,,2008-03-07,2008-03-07,2008-03-07,masthead+header,0.99,2008-03-07,2008-03-07,14,True,vendredi,vendredi,True,151,2008,True,1429,True,16,866,879,fr,False,
journal-officiel/fr/2008/021,journal-officiel,2008,021,21,,,2008-03-11,2008-03-11,2008-03-11,masthead+header,0.99,2008-03-11,2008-03-11,21,True,mardi,mardi,True,151,2008,True,1429,True,24,882,902,fr,False,
journal-officiel/fr/2008/022,journal-officiel,2008,022,22,,,2008-03-14,2008-03-14,2008-03-14,masthead+header,0.99,2008-03-14,2008-03-14,68,True,vendredi,vendredi,True,151,2008,True,1429,True,72,906,973,fr,False,
journal-officiel/fr/2008/023,journal-officiel,2008,023,23,,,2008-03-18,2008-03-18,2008-03-18,masthead+header,0.99,2008-03-18,2008-03-18,14,True,mardi,mardi,True,151,2008,True,1429,True,16,979,991,fr,False,
journal-officiel/fr/2008/024,journal-officiel,2008,024,24,,,2008-03-21,2008-03-21,2008-03-21,masthead+header,0.99,2008-03-21,2008-03-21,22,True,vendredi,vendredi,True,151,2008,True,1429,True,24,994,1015,fr,False,
journal-officiel/fr/2008/025,journal-officiel,2008,025,25,,,2008-03-25,2008-03-25,2008-03-25,masthead+header,0.99,2008-03-25,2008-03-25,12,True,mardi,mardi,True,151,2008,True,1429,True,16,1019,1029,fr,False,
journal-officiel/fr/2008/026,journal-officiel,2008,026,26,,,2008-03-28,2008-03-28,2008-03-28,masthead+header,0.99,2008-03-28,2008-03-28,57,True,vendredi,vendredi,True,151,2008,True,1429,True,64,1034,1090,fr,False,
journal-officiel/fr/2008/027,journal-officiel,2008,027,27,,,2008-04-01,2008-04-01,2008-04-01,masthead+header,0.99,2008-04-01,2008-04-01,19,True,mardi,mardi,True,151,2008,True,1429,True,24,1099,1115,fr,False,
journal-officiel/fr/2008/028,journal-officiel,2008,028,28,,,2008-04-04,2008-04-04,2008-04-04,masthead+header,0.99,2008-04-04,2008-04-04,30,True,vendredi,vendredi,True,151,2008,True,1429,True,32,1122,1151,fr,False,
journal-officiel/fr/2008/029,journal-officiel,2008,029,29,,,2008-04-08,2008-04-08,2008-04-08,masthead+header,0.99,2008-04-08,2008-04-08,13,True,mardi,mardi,True,151,2008,True,1429,True,16,1155,1167,fr,False,
journal-officiel/fr/2008/030,journal-officiel,2008,030,30,,,2008-04-11,2008-04-11,2008-04-11,masthead+header,0.99,2008-04-11,2008-04-11,30,True,vendredi,vendredi,True,151,2008,True,1429,True,32,1170,1199,fr,False,
journal-officiel/fr/2008/031,journal-officiel,2008,031,31,,,2008-04-15,2008-04-15,2008-04-15,masthead+header,0.99,2008-04-15,2008-04-15,36,True,mardi,mardi,True,151,2008,True,1429,True,40,1203,1237,fr,False,
journal-officiel/fr/2008/032,journal-officiel,2008,032,32,,,2008-04-18,2008-04-18,2008-04-18,masthead+header,0.99,2008-04-18,2008-04-18,18,True,vendredi,vendredi,True,151,2008,True,1429,True,24,1242,1259,fr,False,
journal-officiel/fr/2008/033,journal-officiel,2008,033,33,,,2008-04-22,2008-04-22,2008-04-22,masthead+header,0.99,2008-04-22,2008-04-22,29,True,mardi,mardi,True,151,2008,True,1429,True,32,1267,1293,fr,False,
journal-officiel/fr/2008/034,journal-officiel,2008,034,34,,,2008-04-25,2008-04-25,2008-04-25,masthead+header,0.99,2008-04-25,2008-04-25,30,True,vendredi,vendredi,True,151,2008,True,1429,True,32,1299,1327,fr,False,
journal-officiel/fr/2008/035,journal-officiel,2008,035,35,,,2008-04-29,2008-04-29,2008-04-29,masthead+header,0.99,2008-04-29,2008-04-29,27,True,mardi,mardi,True,151,2008,True,1429,True,32,1330,1355,fr,False,
journal-officiel/fr/2008/036,journal-officiel,2008,036,36,,,2008-05-02,2008-05-02,2008-05-02,masthead+header,0.99,2008-05-02,2008-05-02,5,True,vendredi,vendredi,True,151,2008,True,1429,True,8,1362,1365,fr,False,
journal-officiel/fr/2008/037,journal-officiel,2008,037,37,,,2008-05-06,2008-05-06,2008-05-06,masthead+header,0.99,2008-05-06,2008-05-06,18,True,mardi,mardi,True,151,2008,True,1429,True,24,1370,1385,fr,False,
journal-officiel/fr/2008/038,journal-officiel,2008,038,38,,,2008-05-09,2008-05-09,2008-05-09,masthead+header,0.99,2008-05-09,2008-05-09,36,True,vendredi,vendredi,True,151,2008,True,1429,True,40,1394,1429,fr,False,
journal-officiel/fr/2008/039,journal-officiel,2008,039,39,,,2008-05-13,2008-05-13,2008-05-13,masthead+header,0.99,2008-05-13,2008-05-13,32,True,mardi,mardi,True,151,2008,True,1429,True,40,1450,1481,fr,False,
journal-officiel/fr/2008/040,journal-officiel,2008,040,40,,,2008-05-16,2008-05-16,2008-05-16,masthead+header,0.99,2008-05-16,2008-05-16,34,True,vendredi,vendredi,True,151,2008,True,1429,True,40,1490,1523,fr,False,
journal-officiel/fr/2008/041,journal-officiel,2008,041,41,,,2008-05-20,2008-05-20,2008-05-20,masthead+header,0.99,2008-05-20,2008-05-20,21,True,mardi,mardi,True,151,2008,True,1429,True,24,1530,1550,fr,False,
journal-officiel/fr/2008/042,journal-officiel,2008,042,42,,,2008-05-23,2008-05-23,2008-05-23,masthead+header,0.99,2008-05-23,2008-05-23,46,True,vendredi,vendredi,True,151,2008,True,1429,True,48,1554,1599,fr,False,
journal-officiel/fr/2008/043,journal-officiel,2008,043,43,,,2008-05-27,2008-05-27,2008-05-27,masthead+header,0.99,2008-05-27,2008-05-27,42,True,mardi,mardi,True,151,2008,True,1429,True,48,1602,1644,fr,False,
journal-officiel/fr/2008/044,journal-officiel,2008,044,44,,,2008-05-30,2008-05-30,2008-05-30,masthead+header,0.99,2008-05-30,2008-05-30,30,True,vendredi,vendredi,True,151,2008,True,1429,True,32,1650,1679,fr,False,
journal-officiel/fr/2008/045,journal-officiel,2008,045,45,,,2008-06-03,2008-06-03,2008-06-03,masthead+header,0.99,2008-06-03,2008-06-03,38,True,mardi,mardi,True,151,2008,True,1429,True,40,1682,1719,fr,False,
journal-officiel/fr/2008/046,journal-officiel,2008,046,46,,,2008-06-06,2008-06-06,2008-06-06,masthead+header,0.99,2008-06-06,2008-06-06,22,True,vendredi,vendredi,True,151,2008,True,1429,True,24,1722,1743,fr,False,
journal-officiel/fr/2008/047,journal-officiel,2008,047,47,,,2008-06-10,2008-06-10,2008-06-10,masthead+header,0.99,2008-06-10,2008-06-10,83,True,mardi,mardi,True,151,2008,True,1429,True,88,1746,1828,fr,False,
journal-officiel/fr/2008/048,journal-officiel,2008,048,48,,,2008-06-13,2008-06-13,2008-06-13,masthead+header,0.99,2008-06-13,2008-06-13,16,True,vendredi,vendredi,True,151,2008,True,1429,True,24,1835,1849,fr,False,
journal-officiel/fr/2008/049,journal-officiel,2008,049,49,,,2008-06-17,2008-06-17,2008-06-17,masthead+header,0.99,2008-06-17,2008-06-17,30,True,mardi,mardi,True,151,2008,True,1429,True,32,1859,1887,fr,False,
journal-officiel/fr/2008/050,journal-officiel,2008,050,50,,,2008-06-20,2008-06-20,2008-06-20,masthead+header,0.99,2008-06-20,2008-06-20,27,True,vendredi,vendredi,True,151,2008,True,1429,True,32,1890,1916,fr,False,
journal-officiel/fr/2008/051,journal-officiel,2008,051,51,,,2008-06-24,2008-06-24,2008-06-24,masthead+header,0.99,2008-06-24,2008-06-24,8,True,mardi,mardi,True,151,2008,True,1429,True,16,1922,1929,fr,False,
journal-officiel/fr/2008/052,journal-officiel,2008,052,52,,,2008-06-27,2008-06-27,2008-06-27,masthead+header,0.99,2008-06-27,2008-06-27,20,True,vendredi,vendredi,True,151,2008,True,1429,True,24,1938,1957,fr,False,
journal-officiel/fr/2008/053,journal-officiel,2008,053,53,,,2008-07-01,2008-07-01,2008-07-01,masthead+header,0.99,2008-07-01,2008-07-01,22,True,mardi,mardi,True,151,2008,True,1429,True,24,1963,1983,fr,False,
journal-officiel/fr/2008/054,journal-officiel,2008,054,54,,,2008-07-04,2008-07-04,2008-07-04,masthead+header,0.99,2008-07-04,2008-07-04,42,True,vendredi,vendredi,True,151,2008,True,1429,True,48,1987,2027,fr,False,
journal-officiel/fr/2008/055,journal-officiel,2008,055,55,,,2008-07-08,2008-07-08,2008-07-08,masthead+header,0.99,2008-07-08,2008-07-08,17,True,mardi,mardi,True,151,2008,True,1429,True,24,2034,2050,fr,False,
journal-officiel/fr/2008/056,journal-officiel,2008,056,56,,,2008-07-11,2008-07-11,2008-07-11,masthead+header,0.99,2008-07-11,2008-07-11,38,True,vendredi,vendredi,True,151,2008,True,1429,True,40,2059,2095,fr,False,
journal-officiel/fr/2008/057,journal-officiel,2008,057,57,,,2008-07-15,2008-07-15,2008-07-15,masthead+header,0.99,2008-07-15,2008-07-15,21,True,mardi,mardi,True,151,2008,True,1429,True,24,2099,2118,fr,False,
journal-officiel/fr/2008/058,journal-officiel,2008,058,58,,,2008-07-18,2008-07-18,2008-07-18,masthead+header,0.99,2008-07-18,2008-07-18,32,True,vendredi,vendredi,True,151,2008,True,1429,True,40,2123,2153,fr,False,
journal-officiel/fr/2008/059,journal-officiel,2008,059,59,,,2008-07-22,2008-07-22,2008-07-22,masthead+header,0.99,2008-07-22,2008-07-22,84,True,mardi,mardi,True,151,2008,True,1429,True,88,2162,2245,fr,False,
journal-officiel/fr/2008/060,journal-officiel,2008,060,60,,,2008-07-25,2008-07-25,2008-07-25,masthead+header,0.99,2008-07-25,2008-07-25,28,True,vendredi,vendredi,True,151,2008,True,1429,True,32,2250,2277,fr,False,
journal-officiel/fr/2008/061,journal-officiel,2008,061,61,,,2008-07-29,2008-07-29,2008-07-29,masthead+header,0.99,2008-07-29,2008-07-29,45,True,mardi,mardi,True,151,2008,True,1429,True,48,2283,2326,fr,False,
journal-officiel/fr/2008/062,journal-officiel,2008,062,62,,,2008-08-01,2008-08-01,2008-08-01,masthead+header,0.99,2008-08-01,2008-08-01,46,True,vendredi,vendredi,True,151,2008,True,1429,True,48,2330,2375,fr,False,
journal-officiel/fr/2008/063,journal-officiel,2008,063,63,,,2008-08-05,2008-08-05,2008-08-05,masthead+header,0.99,2008-08-05,2008-08-05,29,True,mardi,mardi,True,151,2008,True,1429,True,32,2378,2406,fr,False,
journal-officiel/fr/2008/064,journal-officiel,2008,064,64,,,2008-08-08,2008-08-08,2008-08-08,masthead+header,0.99,2008-08-08,2008-08-08,52,True,vendredi,vendredi,True,151,2008,True,1429,True,56,2410,2461,fr,False,
journal-officiel/fr/2008/065,journal-officiel,2008,065,65,,,2008-08-12,2008-08-12,2008-08-12,masthead+header,0.99,2008-08-12,2008-08-12,38,True,mardi,mardi,True,151,2008,True,1429,True,40,2466,2503,fr,False,
journal-officiel/fr/2008/066,journal-officiel,2008,066,66,,,2008-08-15,2008-08-15,2008-08-15,masthead+header,0.99,2008-08-15,2008-08-15,42,True,vendredi,vendredi,True,151,2008,True,1429,True,48,2506,2547,fr,False,
journal-officiel/fr/2008/067,journal-officiel,2008,067,67,,,2008-08-19,2008-08-19,2008-08-19,masthead+header,0.99,2008-08-19,2008-08-19,41,True,mardi,mardi,True,151,2008,True,1429,True,48,2554,2593,fr,False,
journal-officiel/fr/2008/068,journal-officiel,2008,068,68,,,2008-08-22,2008-08-22,2008-08-22,masthead+header,0.99,2008-08-22,2008-08-22,232,True,vendredi,vendredi,True,151,2008,True,1429,True,240,2602,2837,fr,False,
journal-officiel/fr/2008/069,journal-officiel,2008,069,69,,,2008-08-26,2008-08-26,2008-08-26,masthead+header,0.99,2008-08-26,2008-08-26,28,True,mardi,mardi,True,151,2008,True,1429,True,32,2842,2869,fr,False,
journal-officiel/fr/2008/070,journal-officiel,2008,070,70,,,2008-08-29,2008-08-29,2008-08-29,masthead+header,0.99,2008-08-29,2008-08-29,29,True,vendredi,vendredi,True,151,2008,True,1429,True,32,2874,2902,fr,False,
journal-officiel/fr/2008/071,journal-officiel,2008,071,71,,,2008-09-02,2008-09-02,2008-09-02,masthead+header,0.99,2008-09-02,2008-09-02,24,True,mardi,mardi,True,151,2008,True,1429,True,32,2906,2929,fr,False,
journal-officiel/fr/2008/072,journal-officiel,2008,072,72,,,2008-09-05,2008-09-05,2008-09-05,masthead+header,0.99,2008-09-05,2008-09-05,9,True,vendredi,vendredi,True,151,2008,True,1429,True,16,2938,2945,fr,False,
journal-officiel/fr/2008/073,journal-officiel,2008,073,73,,,2008-09-09,2008-09-09,2008-09-09,masthead+header,0.99,2008-09-09,2008-09-09,14,True,mardi,mardi,True,151,2008,True,1429,True,16,2955,2967,fr,False,
journal-officiel/fr/2008/074,journal-officiel,2008,074,74,,,2008-09-12,2008-09-12,2008-09-12,masthead+header,0.99,2008-09-12,2008-09-12,8,True,vendredi,vendredi,True,151,2008,True,1429,True,16,2971,2977,fr,False,
journal-officiel/fr/2008/075,journal-officiel,2008,075,75,,,2008-09-16,2008-09-16,2008-09-16,masthead+header,0.99,2008-09-16,2008-09-16,13,True,mardi,mardi,True,151,2008,True,1429,True,16,2987,2997,fr,False,
journal-officiel/fr/2008/076,journal-officiel,2008,076,76,,,2008-09-19,2008-09-19,2008-09-19,masthead+header,0.99,2008-09-19,2008-09-19,29,True,vendredi,vendredi,True,151,2008,True,1429,True,32,3002,3029,fr,False,
journal-officiel/fr/2008/077,journal-officiel,2008,077,77,,,2008-09-23,2008-09-23,2008-09-23,masthead+header,0.99,2008-09-23,2008-09-23,29,True,mardi,mardi,True,151,2008,True,1429,True,32,3034,3062,fr,False,
journal-officiel/fr/2008/078,journal-officiel,2008,078,78,,,2008-09-26,2008-09-26,2008-09-26,masthead+header,0.99,2008-09-26,2008-09-26,20,True,vendredi,vendredi,True,151,2008,True,1429,True,24,3066,3085,fr,False,
journal-officiel/fr/2008/079,journal-officiel,2008,079,79,,,2008-09-30,2008-09-30,2008-09-30,masthead+header,0.99,2008-09-30,2008-09-30,10,True,mardi,mardi,True,151,2008,True,1429,True,16,3090,3099,fr,False,
journal-officiel/fr/2008/080,journal-officiel,2008,080,80,,,2008-10-03,2008-10-03,2008-10-03,masthead+header,0.99,2008-10-03,2008-10-03,10,True,vendredi,vendredi,True,151,2008,True,1429,True,16,3106,3115,fr,False,
journal-officiel/fr/2008/081,journal-officiel,2008,081,81,,,2008-10-07,2008-10-07,2008-10-07,masthead+header,0.99,2008-10-07,2008-10-07,20,True,mardi,mardi,True,151,2008,True,1429,True,24,3122,3141,fr,False,
journal-officiel/fr/2008/082,journal-officiel,2008,082,82,,,2008-10-10,2008-10-10,2008-10-10,masthead+header,0.99,2008-10-10,2008-10-10,30,True,vendredi,vendredi,True,151,2008,True,1429,True,32,3146,3175,fr,False,
journal-officiel/fr/2008/083,journal-officiel,2008,083,83,,,2008-10-14,2008-10-14,2008-10-14,masthead+header,0.99,2008-10-14,2008-10-14,28,True,mardi,mardi,True,151,2008,True,1429,True,32,3179,3205,fr,False,
journal-officiel/fr/2008/084,journal-officiel,2008,084,84,,,2008-10-17,2008-10-17,2008-10-17,masthead+header,0.99,2008-10-17,2008-10-17,70,True,vendredi,vendredi,True,151,2008,True,1429,True,72,3210,3279,fr,False,
journal-officiel/fr/2008/085,journal-officiel,2008,085,85,,,2008-10-21,2008-10-21,2008-10-21,masthead+header,0.99,2008-10-21,2008-10-21,18,True,mardi,mardi,True,151,2008,True,1429,True,24,3282,3299,fr,False,
journal-officiel/fr/2008/086,journal-officiel,2008,086,86,,,2008-10-24,2008-10-24,2008-10-24,masthead+header,0.99,2008-10-24,2008-10-24,30,True,vendredi,vendredi,True,151,2008,True,1429,True,32,3306,3335,fr,False,
journal-officiel/fr/2008/087,journal-officiel,2008,087,87,,,2008-10-28,2008-10-28,2008-10-28,masthead+header,0.99,2008-10-28,2008-10-28,20,True,mardi,mardi,True,151,2008,True,1429,True,24,3338,3357,fr,False,
journal-officiel/fr/2008/088,journal-officiel,2008,088,88,,,2008-10-31,2008-10-31,2008-10-31,masthead+header,0.99,2008-10-31,2008-10-31,25,True,vendredi,vendredi,True,151,2008,True,1429,True,32,3362,3386,fr,False,
journal-officiel/fr/2008/089,journal-officiel,2008,089,89,,,2008-11-04,2008-11-04,2008-11-04,masthead+header,0.99,2008-11-04,2008-11-04,27,True,mardi,mardi,True,151,2008,True,1429,True,32,3395,3420,fr,False,
journal-officiel/fr/2008/090,journal-officiel,2008,090,90,,,2008-11-07,2008-11-07,2008-11-07,masthead+header,0.99,2008-11-07,2008-11-07,21,True,vendredi,vendredi,True,151,2008,True,1429,True,24,3427,3446,fr,False,
journal-officiel/fr/2008/091,journal-officiel,2008,091,91,,,2008-11-11,2008-11-11,2008-11-11,masthead+header,0.99,2008-11-11,2008-11-11,36,True,mardi,mardi,True,151,2008,True,1429,True,40,3450,3485,fr,False,
journal-officiel/fr/2008/092,journal-officiel,2008,092,92,,,2008-11-14,2008-11-14,2008-11-14,masthead+header,0.99,2008-11-14,2008-11-14,51,True,vendredi,vendredi,True,151,2008,True,1429,True,56,3491,3540,fr,False,
journal-officiel/fr/2008/093,journal-officiel,2008,093,93,,,2008-11-18,2008-11-18,2008-11-18,masthead+header,0.99,2008-11-18,2008-11-18,78,True,mardi,mardi,True,151,2008,True,1429,True,80,3546,3623,fr,False,
journal-officiel/fr/2008/094,journal-officiel,2008,094,94,,,2008-11-21,2008-11-21,2008-11-21,masthead+header,0.99,2008-11-21,2008-11-21,38,True,vendredi,vendredi,True,151,2008,True,1429,True,40,3626,3663,fr,False,
journal-officiel/fr/2008/095,journal-officiel,2008,095,95,,,2008-11-25,2008-11-25,2008-11-25,masthead+header,0.99,2008-11-25,2008-11-25,166,True,mardi,mardi,True,151,2008,True,1429,True,168,3666,3831,fr,False,
journal-officiel/fr/2008/096,journal-officiel,2008,096,96,,,2008-11-28,2008-11-28,2008-11-28,masthead+header,0.99,2008-11-28,2008-11-28,189,True,vendredi,vendredi,True,151,2008,True,1429,True,192,3834,4021,fr,False,
journal-officiel/fr/2008/097,journal-officiel,2008,097,97,,,2008-12-02,2008-12-02,2008-12-02,masthead+header,0.99,2008-12-02,2008-12-02,44,True,mardi,mardi,True,151,2008,True,1429,True,48,4026,4069,fr,False,
journal-officiel/fr/2008/098,journal-officiel,2008,098,98,,,2008-12-05,2008-12-05,2008-12-05,masthead+header,0.99,2008-12-05,2008-12-05,14,True,vendredi,vendredi,True,151,2008,True,1429,True,16,4074,4087,fr,False,
journal-officiel/fr/2008/099,journal-officiel,2008,099,99,,,2008-12-09,2008-12-09,2008-12-09,masthead+header,0.99,2008-12-09,2008-12-09,13,True,mardi,mardi,True,151,2008,True,1429,True,16,4090,4102,fr,False,
journal-officiel/fr/2008/100,journal-officiel,2008,100,100,,,2008-12-12,2008-12-12,2008-12-12,masthead+header,0.99,2008-12-12,2008-12-12,51,True,vendredi,vendredi,True,151,2008,True,1429,True,56,4106,4156,fr,False,
journal-officiel/fr/2008/101,journal-officiel,2008,101,101,,,2008-12-16,2008-12-16,2008-12-16,masthead+header,0.99,2008-12-16,2008-12-16,29,True,mardi,mardi,True,151,2008,True,1429,True,32,4162,4189,fr,False,
journal-officiel/fr/2008/102,journal-officiel,2008,102,102,,,2008-12-19,2008-12-19,2008-12-19,masthead+header,0.99,2008-12-19,2008-12-19,59,True,vendredi,vendredi,True,151,2008,True,1429,True,64,4194,4252,fr,False,
journal-officiel/fr/2008/103,journal-officiel,2008,103,103,,,2008-12-23,2008-12-23,2008-12-23,masthead+header,0.99,2008-12-23,2008-12-23,10,True,mardi,mardi,True,151,2008,True,1429,True,16,4258,4267,fr,False,
journal-officiel/fr/2008/104,journal-officiel,2008,104,104,,,2008-12-26,2008-12-26,2008-12-26,masthead+header,0.99,2008-12-26,2008-12-26,148,True,vendredi,vendredi,True,151,2008,True,1429,True,152,4274,4421,fr,False,
journal-officiel/fr/2008/105,journal-officiel,2008,105,105,,,2008-12-30,2008-12-30,2008-12-30,masthead+header,0.99,2008-12-30,2008-12-30,34,True,mardi,mardi,True,151,2008,True,1430,True,40,4426,4459,fr,False,
journal-officiel/fr/2009/001,journal-officiel,2009,001,1,,,2009-01-02,2009-01-02,2009-01-02,masthead+header,0.99,2009-01-02,2009-01-02,36,True,vendredi,vendredi,True,152,2009,True,1430,True,40,2,37,fr,False,
journal-officiel/fr/2009/002,journal-officiel,2009,002,2,,,2009-01-06,2009-01-06,2009-01-06,masthead+header,0.99,2009-01-06,2009-01-06,27,True,mardi,mardi,True,152,2009,True,1430,True,32,42,68,fr,False,
journal-officiel/fr/2009/003,journal-officiel,2009,003,3,,,2009-01-09,2009-01-09,2009-01-09,masthead+header,0.99,2009-01-09,2009-01-09,70,True,vendredi,vendredi,True,152,2009,True,1430,True,72,74,143,fr,False,
journal-officiel/fr/2009/004,journal-officiel,2009,004,4,,,2009-01-13,2009-01-13,2009-01-13,masthead+header,0.99,2009-01-13,2009-01-13,30,True,mardi,mardi,True,152,2009,True,1430,True,32,147,175,fr,False,
journal-officiel/fr/2009/005,journal-officiel,2009,005,5,,,2009-01-16,2009-01-16,2009-01-16,masthead+header,0.99,2009-01-16,2009-01-16,28,True,vendredi,vendredi,True,152,2009,True,1430,True,32,179,205,fr,False,
journal-officiel/fr/2009/006,journal-officiel,2009,006,6,,,2009-01-20,2009-01-20,2009-01-20,masthead+header,0.99,2009-01-20,2009-01-20,35,True,mardi,mardi,True,152,2009,True,1430,True,40,211,244,fr,False,
journal-officiel/fr/2009/008,journal-officiel,2009,008,8,,,2009-01-27,2009-01-27,2009-01-27,masthead+header,0.99,2009-01-27,2009-01-27,28,True,mardi,mardi,True,152,2009,True,1430,True,32,307,333,fr,False,
journal-officiel/fr/2009/009,journal-officiel,2009,009,9,,,2009-01-30,2009-01-30,2009-01-30,masthead+header,0.99,2009-01-30,2009-01-30,27,True,vendredi,vendredi,True,152,2009,True,1430,True,32,338,363,fr,False,
journal-officiel/fr/2009/010,journal-officiel,2009,010,10,,,2009-02-03,2009-02-03,2009-02-03,masthead+header,0.99,2009-02-03,2009-02-03,34,True,mardi,mardi,True,152,2009,True,1430,True,40,370,403,fr,False,
journal-officiel/fr/2009/011,journal-officiel,2009,011,11,,,2009-02-06,2009-02-06,2009-02-06,masthead+header,0.99,2009-02-06,2009-02-06,20,True,vendredi,vendredi,True,152,2009,True,1430,True,24,410,429,fr,False,
journal-officiel/fr/2009/012,journal-officiel,2009,012,12,,,2009-02-10,2009-02-10,2009-02-10,masthead+header,0.99,2009-02-10,2009-02-10,52,True,mardi,mardi,True,152,2009,True,1430,True,56,434,485,fr,False,
journal-officiel/fr/2009/013,journal-officiel,2009,013,13,,,2009-02-13,2009-02-13,2009-02-13,masthead+header,0.99,2009-02-13,2009-02-13,34,True,vendredi,vendredi,True,152,2009,True,1430,True,40,490,523,fr,False,
journal-officiel/fr/2009/014,journal-officiel,2009,014,14,,,2009-02-17,2009-02-17,2009-02-17,masthead+header,0.99,2009-02-17,2009-02-17,13,True,mardi,mardi,True,152,2009,True,1430,True,16,530,542,fr,False,
journal-officiel/fr/2009/015,journal-officiel,2009,015,15,,,2009-02-20,2009-02-20,2009-02-20,masthead+header,0.99,2009-02-20,2009-02-20,30,True,vendredi,vendredi,True,152,2009,True,1430,True,32,547,575,fr,False,
journal-officiel/fr/2009/016,journal-officiel,2009,016,16,,,2009-02-24,2009-02-24,2009-02-24,masthead+header,0.99,2009-02-24,2009-02-24,33,True,mardi,mardi,True,152,2009,True,1430,True,40,578,609,fr,False,
journal-officiel/fr/2009/017,journal-officiel,2009,017,17,,,2009-02-27,2009-02-27,2009-02-27,masthead+header,0.99,2009-02-27,2009-02-27,21,True,vendredi,vendredi,True,152,2009,True,1430,True,24,618,637,fr,False,
journal-officiel/fr/2009/018,journal-officiel,2009,018,18,,,2009-03-03,2009-03-03,2009-03-03,masthead+header,0.99,2009-03-03,2009-03-03,29,True,mardi,mardi,True,152,2009,True,1430,True,32,643,670,fr,False,
journal-officiel/fr/2009/019,journal-officiel,2009,019,19,,,2009-03-06,2009-03-06,2009-03-06,masthead+header,0.99,2009-03-06,2009-03-06,50,True,vendredi,vendredi,True,152,2009,True,1430,True,56,674,723,fr,False,
journal-officiel/fr/2009/020,journal-officiel,2009,020,20,,,2009-03-10,2009-03-10,2009-03-10,masthead+header,0.99,2009-03-10,2009-03-10,13,True,mardi,mardi,True,152,2009,True,1430,True,16,731,742,fr,False,
journal-officiel/fr/2009/021,journal-officiel,2009,021,21,,,2009-03-13,2009-03-13,2009-03-13,masthead+header,0.99,2009-03-13,2009-03-13,28,True,vendredi,vendredi,True,152,2009,True,1430,True,32,746,773,fr,False,
journal-officiel/fr/2009/022,journal-officiel,2009,022,22,,,2009-03-17,2009-03-17,2009-03-17,masthead+header,0.99,2009-03-17,2009-03-17,36,True,mardi,mardi,True,152,2009,True,1430,True,40,778,813,fr,False,
journal-officiel/fr/2009/023,journal-officiel,2009,023,23,,,2009-03-20,2009-03-20,2009-03-20,masthead+header,0.99,2009-03-20,2009-03-20,14,True,vendredi,vendredi,True,152,2009,True,1430,True,16,819,831,fr,False,
journal-officiel/fr/2009/024,journal-officiel,2009,024,24,,,2009-03-24,2009-03-24,2009-03-24,masthead+header,0.99,2009-03-24,2009-03-24,35,True,mardi,mardi,True,152,2009,True,1430,True,40,834,868,fr,False,
journal-officiel/fr/2009/025,journal-officiel,2009,025,25,,,2009-03-27,2009-03-27,2009-03-27,masthead+header,0.99,2009-03-27,2009-03-27,24,True,vendredi,vendredi,True,152,2009,True,1430,True,32,875,897,fr,False,
journal-officiel/fr/2009/026,journal-officiel,2009,026,26,,,2009-03-31,2009-03-31,2009-03-31,masthead+header,0.99,2009-03-31,2009-03-31,38,True,mardi,mardi,True,152,2009,True,1430,True,40,909,943,fr,False,
journal-officiel/fr/2009/027,journal-officiel,2009,027,27,,,2009-04-03,2009-04-03,2009-04-03,masthead+header,0.99,2009-04-03,2009-04-03,33,True,vendredi,vendredi,True,152,2009,True,1430,True,40,946,977,fr,False,
journal-officiel/fr/2009/028,journal-officiel,2009,028,28,,,2009-04-07,2009-04-07,2009-04-07,masthead+header,0.99,2009-04-07,2009-04-07,18,True,mardi,mardi,True,152,2009,True,1430,True,24,986,1003,fr,False,
journal-officiel/fr/2009/029,journal-officiel,2009,029,29,,,2009-04-10,2009-04-10,2009-04-10,masthead+header,0.99,2009-04-10,2009-04-10,16,True,vendredi,vendredi,True,152,2009,True,1430,True,24,1010,1025,fr,False,
journal-officiel/fr/2009/030,journal-officiel,2009,030,30,,,2009-04-14,2009-04-14,2009-04-14,masthead+header,0.99,2009-04-14,2009-04-14,22,True,mardi,mardi,True,152,2009,True,1430,True,24,1035,1055,fr,False,
journal-officiel/fr/2009/031,journal-officiel,2009,031,31,,,2009-04-17,2009-04-17,2009-04-17,masthead+header,0.99,2009-04-17,2009-04-17,15,True,vendredi,vendredi,True,152,2009,True,1430,True,24,1059,1071,fr,False,
journal-officiel/fr/2009/032,journal-officiel,2009,032,32,,,2009-04-21,2009-04-21,2009-04-21,masthead+header,0.99,2009-04-21,2009-04-21,29,True,mardi,mardi,True,152,2009,True,1430,True,32,1083,1109,fr,False,
journal-officiel/fr/2009/033,journal-officiel,2009,033,33,,,2009-04-24,2009-04-24,2009-04-24,masthead+header,0.99,2009-04-24,2009-04-24,22,True,vendredi,vendredi,True,152,2009,True,1430,True,24,1115,1135,fr,False,
journal-officiel/fr/2009/034,journal-officiel,2009,034,34,,,2009-04-28,2009-04-28,2009-04-28,masthead+header,0.99,2009-04-28,2009-04-28,42,True,mardi,mardi,True,152,2009,True,1430,True,48,1139,1179,fr,False,
journal-officiel/fr/2009/035,journal-officiel,2009,035,35,,,2009-05-01,2009-05-01,2009-05-01,masthead+header,0.99,2009-05-01,2009-05-01,14,True,vendredi,vendredi,True,152,2009,True,1430,True,16,1186,1199,fr,False,
journal-officiel/fr/2009/036,journal-officiel,2009,036,36,,,2009-05-05,2009-05-05,2009-05-05,masthead+header,0.99,2009-05-05,2009-05-05,28,True,mardi,mardi,True,152,2009,True,1430,True,32,1202,1229,fr,False,
journal-officiel/fr/2009/037,journal-officiel,2009,037,37,,,2009-05-08,2009-05-08,2009-05-08,masthead+header,0.99,2009-05-08,2009-05-08,28,True,vendredi,vendredi,True,152,2009,True,1430,True,32,1234,1261,fr,False,
journal-officiel/fr/2009/038,journal-officiel,2009,038,38,,,2009-05-12,2009-05-12,2009-05-12,masthead+header,0.99,2009-05-12,2009-05-12,30,True,mardi,mardi,True,152,2009,True,1430,True,32,1267,1295,fr,False,
journal-officiel/fr/2009/039,journal-officiel,2009,039,39,,,2009-05-15,2009-05-15,2009-05-15,masthead+header,0.99,2009-05-15,2009-05-15,27,True,vendredi,vendredi,True,152,2009,True,1430,True,32,1298,1324,fr,False,
journal-officiel/fr/2009/040,journal-officiel,2009,040,40,,,2009-05-19,2009-05-19,2009-05-19,masthead+header,0.99,2009-05-19,2009-05-19,44,True,mardi,mardi,True,152,2009,True,1430,True,48,1330,1373,fr,False,
journal-officiel/fr/2009/041,journal-officiel,2009,041,41,,,2009-05-22,2009-05-22,2009-05-22,masthead+header,0.99,2009-05-22,2009-05-22,30,True,vendredi,vendredi,True,152,2009,True,1430,True,32,1378,1407,fr,False,
journal-officiel/fr/2009/042,journal-officiel,2009,042,42,,,2009-05-26,2009-05-26,2009-05-26,masthead+header,0.99,2009-05-26,2009-05-26,21,True,mardi,mardi,True,152,2009,True,1430,True,24,1410,1430,fr,False,
journal-officiel/fr/2009/043,journal-officiel,2009,043,43,,,2009-05-29,2009-05-29,2009-05-29,masthead+header,0.99,2009-05-29,2009-05-29,22,True,vendredi,vendredi,True,152,2009,True,1430,True,24,1434,1455,fr,False,
journal-officiel/fr/2009/044,journal-officiel,2009,044,44,,,2009-06-02,2009-06-02,2009-06-02,masthead+header,0.99,2009-06-02,2009-06-02,14,True,mardi,mardi,True,152,2009,True,1430,True,16,1458,1471,fr,False,
journal-officiel/fr/2009/045,journal-officiel,2009,045,45,,,2009-06-05,2009-06-05,2009-06-05,masthead+header,0.99,2009-06-05,2009-06-05,22,True,vendredi,vendredi,True,152,2009,True,1430,True,24,1475,1495,fr,False,
journal-officiel/fr/2009/046,journal-officiel,2009,046,46,,,2009-06-09,2009-06-09,2009-06-09,masthead+header,0.99,2009-06-09,2009-06-09,16,True,mardi,mardi,True,152,2009,True,1430,True,24,1498,1513,fr,False,
journal-officiel/fr/2009/047,journal-officiel,2009,047,47,,,2009-06-12,2009-06-12,2009-06-12,masthead+header,0.99,2009-06-12,2009-06-12,38,True,vendredi,vendredi,True,152,2009,True,1430,True,40,1522,1559,fr,False,
journal-officiel/fr/2009/048,journal-officiel,2009,048,48,,,2009-06-16,2009-06-16,2009-06-16,masthead+header,0.99,2009-06-16,2009-06-16,27,True,mardi,mardi,True,152,2009,True,1430,True,32,1563,1588,fr,False,
journal-officiel/fr/2009/049,journal-officiel,2009,049,49,,,2009-06-19,2009-06-19,2009-06-19,masthead+header,0.99,2009-06-19,2009-06-19,28,True,vendredi,vendredi,True,152,2009,True,1430,True,32,1594,1621,fr,False,
journal-officiel/fr/2009/050,journal-officiel,2009,050,50,,,2009-06-23,2009-06-23,2009-06-23,masthead+header,0.99,2009-06-23,2009-06-23,29,True,mardi,mardi,True,152,2009,True,1430,True,32,1626,1653,fr,False,
journal-officiel/fr/2009/051,journal-officiel,2009,051,51,,,2009-06-26,2009-06-26,2009-06-26,masthead+header,0.99,2009-06-26,2009-06-26,58,True,vendredi,vendredi,True,152,2009,True,1430,True,64,1659,1715,fr,False,
journal-officiel/fr/2009/052,journal-officiel,2009,052,52,,,2009-06-30,2009-06-30,2009-06-30,masthead+header,0.99,2009-06-30,2009-06-30,43,True,mardi,mardi,True,152,2009,True,1430,True,48,1723,1764,fr,False,
journal-officiel/fr/2009/053,journal-officiel,2009,053,53,,,2009-07-03,2009-07-03,2009-07-03,masthead+header,0.99,2009-07-03,2009-07-03,22,True,vendredi,vendredi,True,152,2009,True,1430,True,24,1770,1791,fr,False,
journal-officiel/fr/2009/054,journal-officiel,2009,054,54,,,2009-07-07,2009-07-07,2009-07-07,masthead+header,0.99,2009-07-07,2009-07-07,16,True,mardi,mardi,True,152,2009,True,1430,True,24,1795,1809,fr,False,
journal-officiel/fr/2009/055,journal-officiel,2009,055,55,,,2009-07-10,2009-07-10,2009-07-10,masthead+header,0.99,2009-07-10,2009-07-10,77,True,vendredi,vendredi,True,152,2009,True,1430,True,80,1819,1893,fr,False,
journal-officiel/fr/2009/056,journal-officiel,2009,056,56,,,2009-07-14,2009-07-14,2009-07-14,masthead+header,0.99,2009-07-14,2009-07-14,33,True,mardi,mardi,True,152,2009,True,1430,True,40,1898,1930,fr,False,
journal-officiel/fr/2009/057,journal-officiel,2009,057,57,,,2009-07-17,2009-07-17,2009-07-17,masthead+header,0.99,2009-07-17,2009-07-17,22,True,vendredi,vendredi,True,152,2009,True,1430,True,24,1938,1959,fr,False,
journal-officiel/fr/2009/058,journal-officiel,2009,058,58,,,2009-07-21,2009-07-21,2009-07-21,masthead+header,0.99,2009-07-21,2009-07-21,29,True,mardi,mardi,True,152,2009,True,1430,True,32,1963,1989,fr,False,
journal-officiel/fr/2009/059,journal-officiel,2009,059,59,,,2009-07-24,2009-07-24,2009-07-24,masthead+header,0.99,2009-07-24,2009-07-24,70,True,vendredi,vendredi,True,152,2009,True,1430,True,72,1994,2063,fr,False,
journal-officiel/fr/2009/060,journal-officiel,2009,060,60,,,2009-07-28,2009-07-28,2009-07-28,masthead+header,0.99,2009-07-28,2009-07-28,24,True,mardi,mardi,True,152,2009,True,1430,True,32,2066,2089,fr,False,
journal-officiel/fr/2009/061,journal-officiel,2009,061,61,,,2009-07-31,2009-07-31,2009-07-31,masthead+header,0.99,2009-07-31,2009-07-31,26,True,vendredi,vendredi,True,152,2009,True,1430,True,32,2098,2123,fr,False,
journal-officiel/fr/2009/062,journal-officiel,2009,062,62,,,2009-08-04,2009-08-04,2009-08-04,masthead+header,0.99,2009-08-04,2009-08-04,36,True,mardi,mardi,True,152,2009,True,1430,True,40,2130,2165,fr,False,
journal-officiel/fr/2009/063,journal-officiel,2009,063,63,,,2009-08-07,2009-08-07,2009-08-07,masthead+header,0.99,2009-08-07,2009-08-07,90,True,vendredi,vendredi,True,152,2009,True,1430,True,96,2170,2259,fr,False,
journal-officiel/fr/2009/064,journal-officiel,2009,064,64,,,2009-08-11,2009-08-11,2009-08-11,masthead+header,0.99,2009-08-11,2009-08-11,46,True,mardi,mardi,True,152,2009,True,1430,True,48,2266,2311,fr,False,
journal-officiel/fr/2009/065,journal-officiel,2009,065,65,,,2009-08-14,2009-08-14,2009-08-14,masthead+header,0.99,2009-08-14,2009-08-14,70,True,vendredi,vendredi,True,152,2009,True,1430,True,72,2315,2383,fr,False,
journal-officiel/fr/2009/066,journal-officiel,2009,066,66,,,2009-08-18,2009-08-18,2009-08-18,masthead+header,0.99,2009-08-18,2009-08-18,42,True,mardi,mardi,True,152,2009,True,1430,True,48,2386,2427,fr,False,
journal-officiel/fr/2009/067,journal-officiel,2009,067,67,,,2009-08-21,2009-08-21,2009-08-21,masthead+header,0.99,2009-08-21,2009-08-21,62,True,vendredi,vendredi,True,152,2009,True,1430,True,64,2435,2495,fr,False,
journal-officiel/fr/2009/068,journal-officiel,2009,068,68,,,2009-08-25,2009-08-25,2009-08-25,masthead+header,0.99,2009-08-25,2009-08-25,30,True,mardi,mardi,True,152,2009,True,1430,True,32,2498,2527,fr,False,
journal-officiel/fr/2009/069,journal-officiel,2009,069,69,,,2009-08-28,2009-08-28,2009-08-28,masthead+header,0.99,2009-08-28,2009-08-28,68,True,vendredi,vendredi,True,152,2009,True,1430,True,72,2530,2597,fr,False,
journal-officiel/fr/2009/070,journal-officiel,2009,070,70,,,2009-09-01,2009-09-01,2009-09-01,masthead+header,0.99,2009-09-01,2009-09-01,22,True,mardi,mardi,True,152,2009,True,1430,True,24,2603,2623,fr,False,
journal-officiel/fr/2009/071,journal-officiel,2009,071,71,,,2009-09-04,2009-09-04,2009-09-04,masthead+header,0.99,2009-09-04,2009-09-04,20,True,vendredi,vendredi,True,152,2009,True,1430,True,24,2626,2645,fr,False,
journal-officiel/fr/2009/072,journal-officiel,2009,072,72,,,2009-09-08,2009-09-08,2009-09-08,masthead+header,0.99,2009-09-08,2009-09-08,17,True,mardi,mardi,True,152,2009,True,1430,True,24,2650,2666,fr,False,
journal-officiel/fr/2009/073,journal-officiel,2009,073,73,,,2009-09-11,2009-09-11,2009-09-11,masthead+header,0.99,2009-09-11,2009-09-11,22,True,vendredi,vendredi,True,152,2009,True,1430,True,24,2675,2695,fr,False,
journal-officiel/fr/2009/074,journal-officiel,2009,074,74,,,2009-09-15,2009-09-15,2009-09-15,masthead+header,0.99,2009-09-15,2009-09-15,13,True,mardi,mardi,True,152,2009,True,1430,True,16,2698,2710,fr,False,
journal-officiel/fr/2009/075,journal-officiel,2009,075,75,,,2009-09-18,2009-09-18,2009-09-18,masthead+header,0.99,2009-09-18,2009-09-18,30,True,vendredi,vendredi,True,152,2009,True,1430,True,32,2714,2743,fr,False,
journal-officiel/fr/2009/076,journal-officiel,2009,076,76,,,2009-09-22,2009-09-22,2009-09-22,masthead+header,0.99,2009-09-22,2009-09-22,4,True,mardi,mardi,True,152,2009,True,1430,True,8,2747,2749,fr,False,
journal-officiel/fr/2009/077,journal-officiel,2009,077,77,,,2009-09-25,2009-09-25,2009-09-25,masthead+header,0.99,2009-09-25,2009-09-25,36,True,vendredi,vendredi,True,152,2009,True,1430,True,40,2755,2789,fr,False,
journal-officiel/fr/2009/078,journal-officiel,2009,078,78,,,2009-09-29,2009-09-29,2009-09-29,masthead+header,0.99,2009-09-29,2009-09-29,21,True,mardi,mardi,True,152,2009,True,1430,True,24,2795,2814,fr,False,
journal-officiel/fr/2009/079,journal-officiel,2009,079,79,,,2009-10-02,2009-10-02,2009-10-02,masthead+header,0.99,2009-10-02,2009-10-02,27,True,vendredi,vendredi,True,152,2009,True,1430,True,32,2818,2844,fr,False,
journal-officiel/fr/2009/080,journal-officiel,2009,080,80,,,2009-10-06,2009-10-06,2009-10-06,masthead+header,0.99,2009-10-06,2009-10-06,26,True,mardi,mardi,True,152,2009,True,1430,True,32,2851,2875,fr,False,
journal-officiel/fr/2009/081,journal-officiel,2009,081,81,,,2009-10-09,2009-10-09,2009-10-09,masthead+header,0.99,2009-10-09,2009-10-09,169,True,vendredi,vendredi,True,152,2009,True,1430,True,176,2882,3051,fr,False,
journal-officiel/fr/2009/082,journal-officiel,2009,082,82,,,2009-10-13,2009-10-13,2009-10-13,masthead+header,0.99,2009-10-13,2009-10-13,36,True,mardi,mardi,True,152,2009,True,1430,True,40,3059,3093,fr,False,
journal-officiel/fr/2009/083,journal-officiel,2009,083,83,,,2009-10-16,2009-10-16,2009-10-16,masthead+header,0.99,2009-10-16,2009-10-16,38,True,vendredi,vendredi,True,152,2009,True,1430,True,40,3099,3135,fr,False,
journal-officiel/fr/2009/084,journal-officiel,2009,084,84,,,2009-10-20,2009-10-20,2009-10-20,masthead+header,0.99,2009-10-20,2009-10-20,27,True,mardi,mardi,True,152,2009,True,1430,True,32,3138,3164,fr,False,
journal-officiel/fr/2009/085,journal-officiel,2009,085,85,,,2009-10-23,2009-10-23,2009-10-23,masthead+header,0.99,2009-10-23,2009-10-23,57,True,vendredi,vendredi,True,152,2009,True,1430,True,64,3170,3225,fr,False,
journal-officiel/fr/2009/086,journal-officiel,2009,086,86,,,2009-10-27,2009-10-27,2009-10-27,masthead+header,0.99,2009-10-27,2009-10-27,41,True,mardi,mardi,True,152,2009,True,1430,True,48,3235,3273,fr,False,
journal-officiel/fr/2009/087,journal-officiel,2009,087,87,,,2009-10-30,2009-10-30,2009-10-30,masthead+header,0.99,2009-10-30,2009-10-30,33,True,vendredi,vendredi,True,152,2009,True,1430,True,40,3282,3314,fr,False,
journal-officiel/fr/2009/088,journal-officiel,2009,088,88,,,2009-11-03,2009-11-03,2009-11-03,masthead+header,0.99,2009-11-03,2009-11-03,48,True,mardi,mardi,True,152,2009,True,1430,True,56,3323,3369,fr,False,
journal-officiel/fr/2009/089,journal-officiel,2009,089,89,,,2009-11-06,2009-11-06,2009-11-06,masthead+header,0.99,2009-11-06,2009-11-06,38,True,vendredi,vendredi,True,152,2009,True,1430,True,40,3378,3415,fr,False,
journal-officiel/fr/2009/090,journal-officiel,2009,090,90,,,2009-11-10,2009-11-10,2009-11-10,masthead+header,0.99,2009-11-10,2009-11-10,37,True,mardi,mardi,True,152,2009,True,1430,True,40,3418,3454,fr,False,
journal-officiel/fr/2009/091,journal-officiel,2009,091,91,,,2009-11-13,2009-11-13,2009-11-13,masthead+header,0.99,2009-11-13,2009-11-13,30,True,vendredi,vendredi,True,152,2009,True,1430,True,32,3458,3487,fr,False,
journal-officiel/fr/2009/092,journal-officiel,2009,092,92,,,2009-11-17,2009-11-17,2009-11-17,masthead+header,0.99,2009-11-17,2009-11-17,86,True,mardi,mardi,True,152,2009,True,1430,True,88,3490,3575,fr,False,
journal-officiel/fr/2009/093,journal-officiel,2009,093,93,,,2009-11-20,2009-11-20,2009-11-20,masthead+header,0.99,2009-11-20,2009-11-20,90,True,vendredi,vendredi,True,152,2009,True,1430,True,96,3578,3667,fr,False,
journal-officiel/fr/2009/094,journal-officiel,2009,094,94,,,2009-11-24,2009-11-24,2009-11-24,masthead+header,0.99,2009-11-24,2009-11-24,9,True,mardi,mardi,True,152,2009,True,1430,True,16,3674,3682,fr,False,
journal-officiel/fr/2009/095,journal-officiel,2009,095,95,,,2009-11-27,2009-11-27,2009-11-27,masthead+header,0.99,2009-11-27,2009-11-27,34,True,vendredi,vendredi,True,152,2009,True,1430,True,40,3691,3723,fr,False,
journal-officiel/fr/2009/096,journal-officiel,2009,096,96,,,2009-12-01,2009-12-01,2009-12-01,masthead+header,0.99,2009-12-01,2009-12-01,19,True,mardi,mardi,True,152,2009,True,1430,True,24,3730,3748,fr,False,
journal-officiel/fr/2009/097,journal-officiel,2009,097,97,,,2009-12-04,2009-12-04,2009-12-04,masthead+header,0.99,2009-12-04,2009-12-04,67,True,vendredi,vendredi,True,152,2009,True,1430,True,72,3754,3820,fr,False,
journal-officiel/fr/2009/098,journal-officiel,2009,098,98,,,2009-12-08,2009-12-08,2009-12-08,masthead+header,0.99,2009-12-08,2009-12-08,37,True,mardi,mardi,True,152,2009,True,1430,True,40,3826,3862,fr,False,
journal-officiel/fr/2009/099,journal-officiel,2009,099,99,,,2009-12-11,2009-12-11,2009-12-11,masthead+header,0.99,2009-12-11,2009-12-11,9,True,vendredi,vendredi,True,152,2009,True,1430,True,16,3866,3873,fr,False,
journal-officiel/fr/2009/100,journal-officiel,2009,100,100,,,2009-12-15,2009-12-15,2009-12-15,masthead+header,0.99,2009-12-15,2009-12-15,21,True,mardi,mardi,True,152,2009,True,1430,True,24,3883,3903,fr,False,
journal-officiel/fr/2009/101,journal-officiel,2009,101,101,,,2009-12-18,2009-12-18,2009-12-18,masthead+header,0.99,2009-12-18,2009-12-18,1,True,vendredi,vendredi,True,152,2009,True,1431,True,4,3906,3906,fr,False,
journal-officiel/fr/2009/102,journal-officiel,2009,102,102,,,2009-12-22,2009-12-22,2009-12-22,masthead+header,0.99,2009-12-22,2009-12-22,234,True,mardi,mardi,True,152,2009,True,1431,True,240,3910,4144,fr,False,
journal-officiel/fr/2009/103,journal-officiel,2009,103,103,,,2009-12-25,2009-12-25,2009-12-25,masthead+header,0.99,2009-12-25,2009-12-25,45,True,vendredi,vendredi,True,152,2009,True,1431,True,48,4150,4193,fr,False,
journal-officiel/fr/2009/104,journal-officiel,2009,104,104,,,2009-12-29,2009-12-29,2009-12-29,masthead+header,0.99,2009-12-29,2009-12-29,28,True,mardi,mardi,True,152,2009,True,1431,True,32,4198,4225,fr,False,
journal-officiel/fr/2010/001,journal-officiel,2010,001,1,,,2010-01-01,2010-01-01,2010-01-01,masthead+header,0.99,2010-01-01,2010-01-01,37,True,vendredi,vendredi,True,153,2010,True,1431,True,40,3,37,fr,False,
journal-officiel/fr/2010/002,journal-officiel,2010,002,2,,,2010-01-05,2010-01-05,2010-01-05,masthead+header,0.99,2010-01-05,2010-01-05,27,True,mardi,mardi,True,153,2010,True,1431,True,32,42,68,fr,False,
journal-officiel/fr/2010/003,journal-officiel,2010,003,3,,,2010-01-08,2010-01-08,2010-01-08,masthead+header,0.99,2010-01-08,2010-01-08,27,True,vendredi,vendredi,True,153,2010,True,1431,True,32,74,100,fr,False,
journal-officiel/fr/2010/004,journal-officiel,2010,004,4,,,2010-01-12,2010-01-12,2010-01-12,masthead+header,0.99,2010-01-12,2010-01-12,45,True,mardi,mardi,True,153,2010,True,1431,True,48,106,149,fr,False,
journal-officiel/fr/2010/005,journal-officiel,2010,005,5,,,2010-01-15,2010-01-15,2010-01-15,masthead+header,0.99,2010-01-15,2010-01-15,22,True,vendredi,vendredi,True,153,2010,True,1431,True,24,155,175,fr,False,
journal-officiel/fr/2010/006,journal-officiel,2010,006,6,,,2010-01-19,2010-01-19,2010-01-19,masthead+header,0.99,2010-01-19,2010-01-19,36,True,mardi,mardi,True,153,2010,True,1431,True,40,178,213,fr,False,
journal-officiel/fr/2010/007,journal-officiel,2010,007,7,,,2010-01-22,2010-01-22,2010-01-22,masthead+header,0.99,2010-01-22,2010-01-22,14,True,vendredi,vendredi,True,153,2010,True,1431,True,16,218,231,fr,False,
journal-officiel/fr/2010/008,journal-officiel,2010,008,8,,,2010-01-26,2010-01-26,2010-01-26,masthead+header,0.99,2010-01-26,2010-01-26,12,True,mardi,mardi,True,153,2010,True,1431,True,16,235,245,fr,False,
journal-officiel/fr/2010/009,journal-officiel,2010,009,9,,,2010-01-29,2010-01-29,2010-01-29,masthead+header,0.99,2010-01-29,2010-01-29,30,True,vendredi,vendredi,True,153,2010,True,1431,True,32,250,279,fr,False,
journal-officiel/fr/2010/010,journal-officiel,2010,010,10,,,2010-02-02,2010-02-02,2010-02-02,masthead+header,0.99,2010-02-02,2010-02-02,5,True,mardi,mardi,True,153,2010,True,1431,True,8,282,286,fr,False,
journal-officiel/fr/2010/011,journal-officiel,2010,011,11,,,2010-02-05,2010-02-05,2010-02-05,masthead+header,0.99,2010-02-05,2010-02-05,28,True,vendredi,vendredi,True,153,2010,True,1431,True,32,291,317,fr,False,
journal-officiel/fr/2010/012,journal-officiel,2010,012,12,,,2010-02-09,2010-02-09,2010-02-09,masthead+header,0.99,2010-02-09,2010-02-09,58,True,mardi,mardi,True,153,2010,True,1431,True,64,322,379,fr,False,
journal-officiel/fr/2010/013,journal-officiel,2010,013,13,,,2010-02-12,2010-02-12,2010-02-12,masthead+header,0.99,2010-02-12,2010-02-12,59,True,vendredi,vendredi,True,153,2010,True,1431,True,64,386,443,fr,False,
journal-officiel/fr/2010/014,journal-officiel,2010,014,14,,,2010-02-16,2010-02-16,2010-02-16,masthead+header,0.99,2010-02-16,2010-02-16,45,True,mardi,mardi,True,153,2010,True,1431,True,48,450,495,fr,False,
journal-officiel/fr/2010/015,journal-officiel,2010,015,15,,,2010-02-19,2010-02-19,2010-02-19,masthead+header,0.99,2010-02-19,2010-02-19,29,True,vendredi,vendredi,True,153,2010,True,1431,True,32,498,525,fr,False,
journal-officiel/fr/2010/016,journal-officiel,2010,016,16,,,2010-02-23,2010-02-23,2010-02-23,masthead+header,0.99,2010-02-23,2010-02-23,5,True,mardi,mardi,True,153,2010,True,1431,True,8,531,533,fr,False,
journal-officiel/fr/2010/017,journal-officiel,2010,017,17,,,2010-02-26,2010-02-26,2010-02-26,masthead+header,0.99,2010-02-26,2010-02-26,14,True,vendredi,vendredi,True,153,2010,True,1431,True,16,539,551,fr,False,
journal-officiel/fr/2010/018,journal-officiel,2010,018,18,,,2010-03-02,2010-03-02,2010-03-02,masthead+header,0.99,2010-03-02,2010-03-02,22,True,mardi,mardi,True,153,2010,True,1431,True,24,555,575,fr,False,
journal-officiel/fr/2010/019,journal-officiel,2010,019,19,,,2010-03-05,2010-03-05,2010-03-05,masthead+header,0.99,2010-03-05,2010-03-05,22,True,vendredi,vendredi,True,153,2010,True,1431,True,24,578,599,fr,False,
journal-officiel/fr/2010/020,journal-officiel,2010,020,20,,,2010-03-09,2010-03-09,2010-03-09,masthead+header,0.99,2010-03-09,2010-03-09,46,True,mardi,mardi,True,153,2010,True,1431,True,48,602,647,fr,False,
journal-officiel/fr/2010/021,journal-officiel,2010,021,21,,,2010-03-12,2010-03-12,2010-03-12,masthead+header,0.99,2010-03-12,2010-03-12,42,True,vendredi,vendredi,True,153,2010,True,1431,True,48,650,691,fr,False,
journal-officiel/fr/2010/022,journal-officiel,2010,022,22,,,2010-03-16,2010-03-16,2010-03-16,masthead+header,0.99,2010-03-16,2010-03-16,11,True,mardi,mardi,True,153,2010,True,1431,True,16,698,707,fr,False,
journal-officiel/fr/2010/023,journal-officiel,2010,023,23,,,2010-03-19,2010-03-19,2010-03-19,masthead+header,0.99,2010-03-19,2010-03-19,27,True,vendredi,vendredi,True,153,2010,True,1431,True,32,714,740,fr,False,
journal-officiel/fr/2010/024,journal-officiel,2010,024,24,,,2010-03-23,2010-03-23,2010-03-23,masthead+header,0.99,2010-03-23,2010-03-23,73,True,mardi,mardi,True,153,2010,True,1431,True,80,746,818,fr,False,
journal-officiel/fr/2010/025,journal-officiel,2010,025,25,,,2010-03-26,2010-03-26,2010-03-26,masthead+header,0.99,2010-03-26,2010-03-26,29,True,vendredi,vendredi,True,153,2010,True,1431,True,32,826,854,fr,False,
journal-officiel/fr/2010/026,journal-officiel,2010,026,26,,,2010-03-30,2010-03-30,2010-03-30,masthead+header,0.99,2010-03-30,2010-03-30,14,True,mardi,mardi,True,153,2010,True,1431,True,16,859,871,fr,False,
journal-officiel/fr/2010/027,journal-officiel,2010,027,27,,,2010-04-02,2010-04-02,2010-04-02,masthead+header,0.99,2010-04-02,2010-04-02,37,True,vendredi,vendredi,True,153,2010,True,1431,True,40,874,910,fr,False,
journal-officiel/fr/2010/028,journal-officiel,2010,028,28,,,2010-04-06,2010-04-06,2010-04-06,masthead+header,0.99,2010-04-06,2010-04-06,18,True,mardi,mardi,True,153,2010,True,1431,True,24,916,931,fr,False,
journal-officiel/fr/2010/029,journal-officiel,2010,029,29,,,2010-04-09,2010-04-09,2010-04-09,masthead+header,0.99,2010-04-09,2010-04-09,88,True,vendredi,vendredi,True,153,2010,True,1431,True,96,939,1025,fr,False,
journal-officiel/fr/2010/030,journal-officiel,2010,030,30,,,2010-04-13,2010-04-13,2010-04-13,masthead+header,0.99,2010-04-13,2010-04-13,25,True,mardi,mardi,True,153,2010,True,1431,True,32,1035,1058,fr,False,
journal-officiel/fr/2010/031,journal-officiel,2010,031,31,,,2010-04-16,2010-04-16,2010-04-16,masthead+header,0.99,2010-04-16,2010-04-16,38,True,vendredi,vendredi,True,153,2010,True,1431,True,48,1066,1103,fr,False,
journal-officiel/fr/2010/032,journal-officiel,2010,032,32,,,2010-04-20,2010-04-20,2010-04-20,masthead+header,0.99,2010-04-20,2010-04-20,16,True,mardi,mardi,True,153,2010,True,1431,True,24,1115,1129,fr,False,
journal-officiel/fr/2010/033,journal-officiel,2010,033,33,,,2010-04-23,2010-04-23,2010-04-23,masthead+header,0.99,2010-04-23,2010-04-23,53,True,vendredi,vendredi,True,153,2010,True,1431,True,56,1139,1191,fr,False,
journal-officiel/fr/2010/034,journal-officiel,2010,034,34,,,2010-04-27,2010-04-27,2010-04-27,masthead+header,0.99,2010-04-27,2010-04-27,27,True,mardi,mardi,True,153,2010,True,1431,True,32,1194,1220,fr,False,
journal-officiel/fr/2010/035,journal-officiel,2010,035,35,,,2010-04-30,2010-04-30,2010-04-30,masthead+header,0.99,2010-04-30,2010-04-30,46,True,vendredi,vendredi,True,153,2010,True,1431,True,48,1226,1271,fr,False,
journal-officiel/fr/2010/036,journal-officiel,2010,036,36,,,2010-05-04,2010-05-04,2010-05-04,masthead+header,0.99,2010-05-04,2010-05-04,14,True,mardi,mardi,True,153,2010,True,1431,True,16,1274,1287,fr,False,
journal-officiel/fr/2010/037,journal-officiel,2010,037,37,,,2010-05-07,2010-05-07,2010-05-07,masthead+header,0.99,2010-05-07,2010-05-07,28,True,vendredi,vendredi,True,153,2010,True,1431,True,32,1290,1317,fr,False,
journal-officiel/fr/2010/038,journal-officiel,2010,038,38,,,2010-05-11,2010-05-11,2010-05-11,masthead+header,0.99,2010-05-11,2010-05-11,13,True,mardi,mardi,True,153,2010,True,1431,True,16,1322,1335,fr,False,
journal-officiel/fr/2010/039,journal-officiel,2010,039,39,,,2010-05-14,2010-05-14,2010-05-14,masthead+header,0.99,2010-05-14,2010-05-14,26,True,vendredi,vendredi,True,153,2010,True,1431,True,32,1338,1363,fr,False,
journal-officiel/fr/2010/040,journal-officiel,2010,040,40,,,2010-05-18,2010-05-18,2010-05-18,masthead+header,0.99,2010-05-18,2010-05-18,14,True,mardi,mardi,True,153,2010,True,1431,True,16,1370,1383,fr,False,
journal-officiel/fr/2010/041,journal-officiel,2010,041,41,,,2010-05-21,2010-05-21,2010-05-21,masthead+header,0.99,2010-05-21,2010-05-21,110,True,vendredi,vendredi,True,153,2010,True,1431,True,112,1387,1495,fr,False,
journal-officiel/fr/2010/042,journal-officiel,2010,042,42,,,2010-05-25,2010-05-25,2010-05-25,masthead+header,0.99,2010-05-25,2010-05-25,27,True,mardi,mardi,True,153,2010,True,1431,True,32,1498,1524,fr,False,
journal-officiel/fr/2010/043,journal-officiel,2010,043,43,,,2010-05-28,2010-05-28,2010-05-28,masthead+header,0.99,2010-05-28,2010-05-28,18,True,vendredi,vendredi,True,153,2010,True,1431,True,24,1530,1547,fr,False,
journal-officiel/fr/2010/044,journal-officiel,2010,044,44,,,2010-06-01,2010-06-01,2010-06-01,masthead+header,0.99,2010-06-01,2010-06-01,6,True,mardi,mardi,True,153,2010,True,1431,True,8,1554,1559,fr,False,
journal-officiel/fr/2010/045,journal-officiel,2010,045,45,,,2010-06-04,2010-06-04,2010-06-04,masthead+header,0.99,2010-06-04,2010-06-04,22,True,vendredi,vendredi,True,153,2010,True,1431,True,24,1562,1583,fr,False,
journal-officiel/fr/2010/046,journal-officiel,2010,046,46,,,2010-06-08,2010-06-08,2010-06-08,masthead+header,0.99,2010-06-08,2010-06-08,27,True,mardi,mardi,True,153,2010,True,1431,True,32,1586,1611,fr,False,
journal-officiel/fr/2010/047,journal-officiel,2010,047,47,,,2010-06-11,2010-06-11,2010-06-11,masthead+header,0.99,2010-06-11,2010-06-11,20,True,vendredi,vendredi,True,153,2010,True,1431,True,24,1618,1637,fr,False,
journal-officiel/fr/2010/048,journal-officiel,2010,048,48,,,2010-06-15,2010-06-15,2010-06-15,masthead+header,0.99,2010-06-15,2010-06-15,29,True,mardi,mardi,True,153,2010,True,1431,True,32,1643,1670,fr,False,
journal-officiel/fr/2010/049,journal-officiel,2010,049,49,,,2010-06-18,2010-06-18,2010-06-18,masthead+header,0.99,2010-06-18,2010-06-18,59,True,vendredi,vendredi,True,153,2010,True,1431,True,64,1675,1731,fr,False,
journal-officiel/fr/2010/050,journal-officiel,2010,050,50,,,2010-06-22,2010-06-22,2010-06-22,masthead+header,0.99,2010-06-22,2010-06-22,19,True,mardi,mardi,True,153,2010,True,1431,True,24,1739,1755,fr,False,
journal-officiel/fr/2010/051,journal-officiel,2010,051,51,,,2010-06-25,2010-06-25,2010-06-25,masthead+header,0.99,2010-06-25,2010-06-25,30,True,vendredi,vendredi,True,153,2010,True,1431,True,32,1762,1791,fr,False,
journal-officiel/fr/2010/052,journal-officiel,2010,052,52,,,2010-06-29,2010-06-29,2010-06-29,masthead+header,0.99,2010-06-29,2010-06-29,10,True,mardi,mardi,True,153,2010,True,1431,True,16,1795,1803,fr,False,
journal-officiel/fr/2010/053,journal-officiel,2010,053,53,,,2010-07-02,2010-07-02,2010-07-02,masthead+header,0.99,2010-07-02,2010-07-02,52,True,vendredi,vendredi,True,153,2010,True,1431,True,56,1811,1861,fr,False,
journal-officiel/fr/2010/054,journal-officiel,2010,054,54,,,2010-07-06,2010-07-06,2010-07-06,masthead+header,0.99,2010-07-06,2010-07-06,17,True,mardi,mardi,True,153,2010,True,1431,True,24,1867,1882,fr,False,
journal-officiel/fr/2010/055,journal-officiel,2010,055,55,,,2010-07-09,2010-07-09,2010-07-09,masthead+header,0.99,2010-07-09,2010-07-09,29,True,vendredi,vendredi,True,153,2010,True,1431,True,32,1890,1918,fr,False,
journal-officiel/fr/2010/056,journal-officiel,2010,056,56,,,2010-07-13,2010-07-13,2010-07-13,masthead+header,0.99,2010-07-13,2010-07-13,46,True,mardi,mardi,True,153,2010,True,1431,True,48,1922,1967,fr,False,
journal-officiel/fr/2010/057,journal-officiel,2010,057,57,,,2010-07-16,2010-07-16,2010-07-16,masthead+header,0.99,2010-07-16,2010-07-16,12,True,vendredi,vendredi,True,153,2010,True,1431,True,16,1970,1981,fr,False,
journal-officiel/fr/2010/058,journal-officiel,2010,058,58,,,2010-07-20,2010-07-20,2010-07-20,masthead+header,0.99,2010-07-20,2010-07-20,14,True,mardi,mardi,True,153,2010,True,1431,True,16,1986,1999,fr,False,
journal-officiel/fr/2010/059,journal-officiel,2010,059,59,,,2010-07-23,2010-07-23,2010-07-23,masthead+header,0.99,2010-07-23,2010-07-23,30,True,vendredi,vendredi,True,153,2010,True,1431,True,32,2003,2031,fr,False,
journal-officiel/fr/2010/060,journal-officiel,2010,060,60,,,2010-07-27,2010-07-27,2010-07-27,masthead+header,0.99,2010-07-27,2010-07-27,20,True,mardi,mardi,True,153,2010,True,1431,True,24,2035,2053,fr,False,
journal-officiel/fr/2010/061,journal-officiel,2010,061,61,,,2010-07-30,2010-07-30,2010-07-30,masthead+header,0.99,2010-07-30,2010-07-30,21,True,vendredi,vendredi,True,153,2010,True,1431,True,24,2058,2077,fr,False,
journal-officiel/fr/2010/062,journal-officiel,2010,062,62,,,2010-08-03,2010-08-03,2010-08-03,masthead+header,0.99,2010-08-03,2010-08-03,36,True,mardi,mardi,True,153,2010,True,1431,True,40,2082,2117,fr,False,
journal-officiel/fr/2010/063,journal-officiel,2010,063,63,,,2010-08-06,2010-08-06,2010-08-06,masthead+header,0.99,2010-08-06,2010-08-06,22,True,vendredi,vendredi,True,153,2010,True,1431,True,24,2122,2143,fr,False,
journal-officiel/fr/2010/064,journal-officiel,2010,064,64,,,2010-08-10,2010-08-10,2010-08-10,masthead+header,0.99,2010-08-10,2010-08-10,70,True,mardi,mardi,True,153,2010,True,1431,True,72,2146,2215,fr,False,
journal-officiel/fr/2010/065,journal-officiel,2010,065,65,,,2010-08-13,2010-08-13,2010-08-13,masthead+header,0.99,2010-08-13,2010-08-13,41,True,vendredi,vendredi,True,153,2010,True,1431,True,48,2218,2258,fr,False,
journal-officiel/fr/2010/066,journal-officiel,2010,066,66,,,2010-08-17,2010-08-17,2010-08-17,masthead+header,0.99,2010-08-17,2010-08-17,46,True,mardi,mardi,True,153,2010,True,1431,True,48,2266,2311,fr,False,
journal-officiel/fr/2010/067,journal-officiel,2010,067,67,,,2010-08-20,2010-08-20,2010-08-20,masthead+header,0.99,2010-08-20,2010-08-20,41,True,vendredi,vendredi,True,153,2010,True,1431,True,48,2314,2354,fr,False,
journal-officiel/fr/2010/068,journal-officiel,2010,068,68,,,2010-08-24,2010-08-24,2010-08-24,masthead+header,0.99,2010-08-24,2010-08-24,35,True,mardi,mardi,True,153,2010,True,1431,True,40,2362,2396,fr,False,
journal-officiel/fr/2010/069,journal-officiel,2010,069,69,,,2010-08-27,2010-08-27,2010-08-27,masthead+header,0.99,2010-08-27,2010-08-27,34,True,vendredi,vendredi,True,153,2010,True,1431,True,40,2403,2435,fr,False,
journal-officiel/fr/2010/070,journal-officiel,2010,070,70,,,2010-08-31,2010-08-31,2010-08-31,masthead+header,0.99,2010-08-31,2010-08-31,25,True,mardi,mardi,True,153,2010,True,1431,True,32,2443,2465,fr,False,
journal-officiel/fr/2010/071,journal-officiel,2010,071,71,,,2010-09-03,2010-09-03,2010-09-03,masthead+header,0.99,2010-09-03,2010-09-03,11,True,vendredi,vendredi,True,153,2010,True,1431,True,16,2475,2484,fr,False,
journal-officiel/fr/2010/072,journal-officiel,2010,072,72,,,2010-09-07,2010-09-07,2010-09-07,masthead+header,0.99,2010-09-07,2010-09-07,19,True,mardi,mardi,True,153,2010,True,1431,True,24,2490,2507,fr,False,
journal-officiel/fr/2010/073,journal-officiel,2010,073,73,,,2010-09-10,2010-09-10,2010-09-10,masthead+header,0.99,2010-09-10,2010-09-10,12,True,vendredi,vendredi,True,153,2010,True,1431,True,16,2514,2525,fr,False,
journal-officiel/fr/2010/074,journal-officiel,2010,074,74,,,2010-09-14,2010-09-14,2010-09-14,masthead+header,0.99,2010-09-14,2010-09-14,30,True,mardi,mardi,True,153,2010,True,1431,True,32,2531,2559,fr,False,
journal-officiel/fr/2010/075,journal-officiel,2010,075,75,,,2010-09-17,2010-09-17,2010-09-17,masthead+header,0.99,2010-09-17,2010-09-17,20,True,vendredi,vendredi,True,153,2010,True,1431,True,24,2562,2581,fr,False,
journal-officiel/fr/2010/076,journal-officiel,2010,076,76,,,2010-09-21,2010-09-21,2010-09-21,masthead+header,0.99,2010-09-21,2010-09-21,26,True,mardi,mardi,True,153,2010,True,1431,True,32,2586,2611,fr,False,
journal-officiel/fr/2010/077,journal-officiel,2010,077,77,,,2010-09-24,2010-09-24,2010-09-24,masthead+header,0.99,2010-09-24,2010-09-24,28,True,vendredi,vendredi,True,153,2010,True,1431,True,32,2619,2645,fr,False,
journal-officiel/fr/2010/078,journal-officiel,2010,078,78,,,2010-09-28,2010-09-28,2010-09-28,masthead+header,0.99,2010-09-28,2010-09-28,36,True,mardi,mardi,True,153,2010,True,1431,True,40,2650,2685,fr,False,
journal-officiel/fr/2010/079,journal-officiel,2010,079,79,,,2010-10-01,2010-10-01,2010-10-01,masthead+header,0.99,2010-10-01,2010-10-01,30,True,vendredi,vendredi,True,153,2010,True,1431,True,32,2690,2719,fr,False,
journal-officiel/fr/2010/080,journal-officiel,2010,080,80,,,2010-10-05,2010-10-05,2010-10-05,masthead+header,0.99,2010-10-05,2010-10-05,60,True,mardi,mardi,True,153,2010,True,1431,True,64,2722,2781,fr,False,
journal-officiel/fr/2010/081,journal-officiel,2010,081,81,,,2010-10-08,2010-10-08,2010-10-08,masthead+header,0.99,2010-10-08,2010-10-08,26,True,vendredi,vendredi,True,153,2010,True,1431,True,32,2786,2811,fr,False,
journal-officiel/fr/2010/082,journal-officiel,2010,082,82,,,2010-10-12,2010-10-12,2010-10-12,masthead+header,0.99,2010-10-12,2010-10-12,11,True,mardi,mardi,True,153,2010,True,1431,True,16,2819,2828,fr,False,
journal-officiel/fr/2010/083,journal-officiel,2010,083,83,,,2010-10-15,2010-10-15,2010-10-15,masthead+header,0.99,2010-10-15,2010-10-15,25,True,vendredi,vendredi,True,153,2010,True,1431,True,32,2835,2857,fr,False,
journal-officiel/fr/2010/084,journal-officiel,2010,084,84,,,2010-10-19,2010-10-19,2010-10-19,masthead+header,0.99,2010-10-19,2010-10-19,22,True,mardi,mardi,True,153,2010,True,1431,True,24,2867,2887,fr,False,
journal-officiel/fr/2010/085,journal-officiel,2010,085,85,,,2010-10-22,2010-10-22,2010-10-22,masthead+header,0.99,2010-10-22,2010-10-22,26,True,vendredi,vendredi,True,153,2010,True,1431,True,32,2890,2915,fr,False,
journal-officiel/fr/2010/086,journal-officiel,2010,086,86,,,2010-10-26,2010-10-26,2010-10-26,masthead+header,0.99,2010-10-26,2010-10-26,19,True,mardi,mardi,True,153,2010,True,1431,True,24,2922,2940,fr,False,
journal-officiel/fr/2010/087,journal-officiel,2010,087,87,,,2010-10-29,2010-10-29,2010-10-29,masthead+header,0.99,2010-10-29,2010-10-29,62,True,vendredi,vendredi,True,153,2010,True,1431,True,64,2947,3007,fr,False,
journal-officiel/fr/2010/088,journal-officiel,2010,088,88,,,2010-11-02,2010-11-02,2010-11-02,masthead+header,0.99,2010-11-02,2010-11-02,26,True,mardi,mardi,True,153,2010,True,1431,True,32,3010,3035,fr,False,
journal-officiel/fr/2010/089,journal-officiel,2010,089,89,,,2010-11-05,2010-11-05,2010-11-05,masthead+header,0.99,2010-11-05,2010-11-05,60,True,vendredi,vendredi,True,153,2010,True,1431,True,64,3042,3101,fr,False,
journal-officiel/fr/2010/090,journal-officiel,2010,090,90,,,2010-11-09,2010-11-09,2010-11-09,masthead+header,0.99,2010-11-09,2010-11-09,18,True,mardi,mardi,True,153,2010,True,1431,True,24,3106,3123,fr,False,
journal-officiel/fr/2010/091,journal-officiel,2010,091,91,,,2010-11-12,2010-11-12,2010-11-12,masthead+header,0.99,2010-11-12,2010-11-12,16,True,vendredi,vendredi,True,153,2010,True,1431,True,24,3130,3145,fr,False,
journal-officiel/fr/2010/092,journal-officiel,2010,092,92,,,2010-11-16,2010-11-16,2010-11-16,masthead+header,0.99,2010-11-16,2010-11-16,10,True,mardi,mardi,True,153,2010,True,1431,True,16,3154,3163,fr,False,
journal-officiel/fr/2010/093,journal-officiel,2010,093,93,,,2010-11-19,2010-11-19,2010-11-19,masthead+header,0.99,2010-11-19,2010-11-19,19,True,vendredi,vendredi,True,153,2010,True,1431,True,24,3170,3187,fr,False,
journal-officiel/fr/2010/094,journal-officiel,2010,094,94,,,2010-11-23,2010-11-23,2010-11-23,masthead+header,0.99,2010-11-23,2010-11-23,22,True,mardi,mardi,True,153,2010,True,1431,True,24,3194,3215,fr,False,
journal-officiel/fr/2010/095,journal-officiel,2010,095,95,,,2010-11-26,2010-11-26,2010-11-26,masthead+header,0.99,2010-11-26,2010-11-26,20,True,vendredi,vendredi,True,153,2010,True,1431,True,24,3218,3237,fr,False,
journal-officiel/fr/2010/096,journal-officiel,2010,096,96,,,2010-11-30,2010-11-30,2010-11-30,masthead+header,0.99,2010-11-30,2010-11-30,26,True,mardi,mardi,True,153,2010,True,1431,True,32,3243,3267,fr,False,
journal-officiel/fr/2010/097,journal-officiel,2010,097,97,,,2010-12-03,2010-12-03,2010-12-03,masthead+header,0.99,2010-12-03,2010-12-03,26,True,vendredi,vendredi,True,153,2010,True,1431,True,32,3274,3299,fr,False,
journal-officiel/fr/2010/098,journal-officiel,2010,098,98,,,2010-12-07,2010-12-07,2010-12-07,masthead+header,0.99,2010-12-07,2010-12-07,17,True,mardi,mardi,True,153,2010,True,1432,True,24,3306,3321,fr,False,
journal-officiel/fr/2010/099,journal-officiel,2010,099,99,,,2010-12-10,2010-12-10,2010-12-10,masthead+header,0.99,2010-12-10,2010-12-10,37,True,vendredi,vendredi,True,153,2010,True,1432,True,48,3330,3365,fr,False,
journal-officiel/fr/2010/100,journal-officiel,2010,100,100,,,2010-12-14,2010-12-14,2010-12-14,masthead+header,0.99,2010-12-14,2010-12-14,26,True,mardi,mardi,True,153,2010,True,1432,True,32,3378,3403,fr,False,
journal-officiel/fr/2010/101,journal-officiel,2010,101,101,,,2010-12-17,2010-12-17,2010-12-17,masthead+header,0.99,2010-12-17,2010-12-17,44,True,vendredi,vendredi,True,153,2010,True,1432,True,48,3410,3453,fr,False,
journal-officiel/fr/2010/102,journal-officiel,2010,102,102,,,2010-12-21,2010-12-21,2010-12-21,masthead+header,0.99,2010-12-21,2010-12-21,286,True,mardi,mardi,True,153,2010,True,1432,True,288,3458,3743,fr,False,
journal-officiel/fr/2010/103,journal-officiel,2010,103,103,,,2010-12-24,2010-12-24,2010-12-24,masthead+header,0.99,2010-12-24,2010-12-24,36,True,vendredi,vendredi,True,153,2010,True,1432,True,40,3746,3781,fr,False,
journal-officiel/fr/2010/104,journal-officiel,2010,104,104,,,2010-12-28,2010-12-28,2010-12-28,masthead+header,0.99,2010-12-28,2010-12-28,94,True,mardi,mardi,True,153,2010,True,1432,True,96,3786,3879,fr,False,
journal-officiel/fr/2010/105,journal-officiel,2010,105,105,,,2010-12-31,2010-12-31,2010-12-31,masthead+header,0.99,2010-12-31,2010-12-31,71,True,vendredi,vendredi,True,153,2010,True,1432,True,80,3883,3953,fr,False,
journal-officiel/fr/2011/045,journal-officiel,2011,045,,,,,,,none,0.0,,,,,,,,,,,,,32,,,ar,True,script_lang=ar; not French text
journal-officiel/fr/2011/046,journal-officiel,2011,046,,,,,,,none,0.0,,,,,,,,,,,,,16,,,ar,True,script_lang=ar; not French text
journal-officiel/fr/2011/097,journal-officiel,2011,097,,,,,,,none,0.0,,,,,,,,,,,,,40,,,ar,True,script_lang=ar; not French text
journal-officiel/fr/2011/001,journal-officiel,2011,001,1,,,2011-01-04,2011-01-04,2011-01-04,masthead+header,0.99,2011-01-04,2011-01-04,33,True,mardi,mardi,True,154,2011,True,1432,True,40,3,33,fr,False,
journal-officiel/fr/2011/002,journal-officiel,2011,002,2,,,2011-01-07,2011-01-07,2011-01-07,masthead+header,0.99,2011-01-07,2011-01-07,46,True,vendredi,vendredi,True,154,2011,True,1432,True,48,42,87,fr,False,
journal-officiel/fr/2011/003,journal-officiel,2011,003,3,,,2011-01-11,2011-01-11,2011-01-11,masthead+header,0.99,2011-01-11,2011-01-11,11,True,mardi,mardi,True,154,2011,True,1432,True,16,90,99,fr,False,
journal-officiel/fr/2011/004,journal-officiel,2011,004,4,,,2011-01-14,2011-01-14,2011-01-14,masthead+header,0.99,2011-01-14,2011-01-14,8,True,vendredi,vendredi,True,154,2011,True,1432,True,16,106,113,fr,False,
journal-officiel/fr/2011/005,journal-officiel,2011,005,5,,,2011-01-18,2011-01-18,2011-01-18,masthead+header,0.99,2011-01-18,2011-01-18,11,True,mardi,mardi,True,154,2011,True,1432,True,16,123,131,fr,False,
journal-officiel/fr/2011/006,journal-officiel,2011,006,6,,,2011-01-21,2011-01-21,2011-01-21,masthead+header,0.99,2011-01-21,2011-01-21,13,True,vendredi,vendredi,True,154,2011,True,1432,True,16,139,150,fr,False,
journal-officiel/fr/2011/007,journal-officiel,2011,007,7,,,2011-01-25,2011-01-25,2011-01-25,masthead+header,0.99,2011-01-25,2011-01-25,5,True,mardi,mardi,True,154,2011,True,1432,True,8,155,158,fr,False,
journal-officiel/fr/2011/008,journal-officiel,2011,008,8,,,2011-02-01,2011-02-01,2011-02-01,masthead+header,0.8,2011-02-01,2011-02-01,2,True,vendredi,mardi,False,154,2011,True,1432,True,4,163,163,fr,True,weekday stated vendredi != actual mardi (date left as is)
journal-officiel/fr/2011/009,journal-officiel,2011,009,9,,,2011-02-04,2011-02-04,2011-02-04,masthead+header,0.99,2011-02-04,2011-02-04,2,True,vendredi,vendredi,True,154,2011,True,1432,True,4,167,167,fr,False,
journal-officiel/fr/2011/010,journal-officiel,2011,010,10,,,2011-02-10,2011-02-10,2011-02-10,masthead+header,0.99,2011-02-10,2011-02-10,2,True,jeudi,jeudi,True,154,2011,True,1432,True,4,171,171,fr,False,
journal-officiel/fr/2011/011,journal-officiel,2011,011,11,,,2011-02-15,2011-02-15,2011-02-15,masthead+header,0.99,2011-02-15,2011-02-15,1,True,mardi,mardi,True,154,2011,True,1432,True,4,174,174,fr,False,
journal-officiel/fr/2011/012,journal-officiel,2011,012,12,,,2011-02-22,2011-02-22,2011-02-22,masthead+header,0.99,2011-02-22,2011-02-22,9,True,mardi,mardi,True,154,2011,True,1432,True,16,178,186,fr,False,
journal-officiel/fr/2011/013,journal-officiel,2011,013,13,,,2011-03-01,2011-03-01,2011-03-01,masthead+header,0.99,2011-03-01,2011-03-01,20,True,mardi,mardi,True,154,2011,True,1432,True,24,195,213,fr,False,
journal-officiel/fr/2011/014,journal-officiel,2011,014,14,,,2011-03-04,2011-03-04,2011-03-04,masthead+header,0.99,2011-03-04,2011-03-04,29,True,vendredi,vendredi,True,154,2011,True,1432,True,32,218,245,fr,False,
journal-officiel/fr/2011/015,journal-officiel,2011,015,15,,,2011-03-08,2011-03-08,2011-03-08,masthead+header,0.99,2011-03-08,2011-03-08,8,True,mardi,mardi,True,154,2011,True,1432,True,16,251,257,fr,False,
journal-officiel/fr/2011/016,journal-officiel,2011,016,16,,,2011-03-11,2011-03-11,2011-03-11,masthead+header,0.99,2011-03-11,2011-03-11,30,True,vendredi,vendredi,True,154,2011,True,1432,True,32,267,295,fr,False,
journal-officiel/fr/2011/017,journal-officiel,2011,017,17,,,2011-03-15,2011-03-15,2011-03-15,masthead+header,0.99,2011-03-15,2011-03-15,33,True,mardi,mardi,True,154,2011,True,1432,True,40,298,329,fr,False,
journal-officiel/fr/2011/018,journal-officiel,2011,018,18,,,2011-03-18,2011-03-18,2011-03-18,masthead+header,0.99,2011-03-18,2011-03-18,13,True,vendredi,vendredi,True,154,2011,True,1432,True,16,339,349,fr,False,
journal-officiel/fr/2011/019,journal-officiel,2011,019,19,,,2011-03-22,2011-03-22,2011-03-22,masthead+header,0.99,2011-03-22,2011-03-22,4,True,mardi,mardi,True,154,2011,True,1432,True,8,354,357,fr,False,
journal-officiel/fr/2011/020,journal-officiel,2011,020,20,,,2011-03-25,2011-03-25,2011-03-25,masthead+header,0.99,2011-03-25,2011-03-25,13,True,vendredi,vendredi,True,154,2011,True,1432,True,16,362,374,fr,False,
journal-officiel/fr/2011/021,journal-officiel,2011,021,21,,,2011-03-29,2011-03-29,2011-03-29,masthead+header,0.99,2011-03-29,2011-03-29,26,True,mardi,mardi,True,154,2011,True,1432,True,32,379,403,fr,False,
journal-officiel/fr/2011/022,journal-officiel,2011,022,22,,,2011-04-01,2011-04-01,2011-04-01,masthead+header,0.99,2011-04-01,2011-04-01,20,True,vendredi,vendredi,True,154,2011,True,1432,True,24,411,429,fr,False,
journal-officiel/fr/2011/023,journal-officiel,2011,023,23,,,2011-04-05,2011-04-05,2011-04-05,masthead+header,0.99,2011-04-05,2011-04-05,10,True,mardi,mardi,True,154,2011,True,1432,True,16,434,443,fr,False,
journal-officiel/fr/2011/024,journal-officiel,2011,024,24,,,2011-04-08,2011-04-08,2011-04-08,masthead+header,0.99,2011-04-08,2011-04-08,3,True,vendredi,vendredi,True,154,2011,True,1432,True,8,451,451,fr,False,
journal-officiel/fr/2011/025,journal-officiel,2011,025,25,,,2011-04-12,2011-04-12,2011-04-12,masthead+header,0.99,2011-04-12,2011-04-12,6,True,mardi,mardi,True,154,2011,True,1432,True,8,458,463,fr,False,
journal-officiel/fr/2011/026,journal-officiel,2011,026,26,,,2011-04-15,2011-04-15,2011-04-15,masthead+header,0.99,2011-04-15,2011-04-15,14,True,vendredi,vendredi,True,154,2011,True,1432,True,16,466,479,fr,False,
journal-officiel/fr/2011/027,journal-officiel,2011,027,27,,,2011-04-19,2011-04-19,2011-04-19,masthead+header,0.99,2011-04-19,2011-04-19,26,True,mardi,mardi,True,154,2011,True,1432,True,32,482,507,fr,False,
journal-officiel/fr/2011/028,journal-officiel,2011,028,28,,,2011-04-22,2011-04-22,2011-04-22,masthead+header,0.99,2011-04-22,2011-04-22,27,True,vendredi,vendredi,True,154,2011,True,1432,True,32,514,540,fr,False,
journal-officiel/fr/2011/029,journal-officiel,2011,029,29,,,2011-04-26,2011-04-26,2011-04-26,masthead+header,0.99,2011-04-26,2011-04-26,19,True,mardi,mardi,True,154,2011,True,1432,True,24,546,564,fr,False,
journal-officiel/fr/2011/030,journal-officiel,2011,030,30,,,2011-04-29,2011-04-29,2011-04-29,masthead+header,0.99,2011-04-29,2011-04-29,11,True,vendredi,vendredi,True,154,2011,True,1432,True,16,571,581,fr,False,
journal-officiel/fr/2011/031,journal-officiel,2011,031,31,,,2011-05-03,2011-05-03,2011-05-03,masthead+header,0.99,2011-05-03,2011-05-03,12,True,mardi,mardi,True,154,2011,True,1432,True,16,586,597,fr,False,
journal-officiel/fr/2011/032,journal-officiel,2011,032,32,,,2011-05-06,2011-05-06,2011-05-06,masthead+header,0.99,2011-05-06,2011-05-06,46,True,vendredi,vendredi,True,154,2011,True,1432,True,48,602,647,fr,False,
journal-officiel/fr/2011/033,journal-officiel,2011,033,33,,,2011-05-10,2011-05-10,2011-05-10,masthead+header,0.99,2011-05-10,2011-05-10,18,True,mardi,mardi,True,154,2011,True,1432,True,24,650,667,fr,False,
journal-officiel/fr/2011/034,journal-officiel,2011,034,34,,,2011-05-13,2011-05-13,2011-05-13,masthead+header,0.99,2011-05-13,2011-05-13,28,True,vendredi,vendredi,True,154,2011,True,1432,True,32,674,701,fr,False,
journal-officiel/fr/2011/035,journal-officiel,2011,035,35,,,2011-05-17,2011-05-17,2011-05-17,masthead+header,0.99,2011-05-17,2011-05-17,13,True,mardi,mardi,True,154,2011,True,1432,True,16,707,718,fr,False,
journal-officiel/fr/2011/036,journal-officiel,2011,036,36,,,2011-05-20,2011-05-20,2011-05-20,masthead+header,0.99,2011-05-20,2011-05-20,29,True,vendredi,vendredi,True,154,2011,True,1432,True,32,722,750,fr,False,
journal-officiel/fr/2011/037,journal-officiel,2011,037,37,,,2011-05-24,2011-05-24,2011-05-24,masthead+header,0.99,2011-05-24,2011-05-24,20,True,mardi,mardi,True,154,2011,True,1432,True,24,754,773,fr,False,
journal-officiel/fr/2011/038,journal-officiel,2011,038,38,,,2011-05-27,2011-05-27,2011-05-27,masthead+header,0.99,2011-05-27,2011-05-27,22,True,vendredi,vendredi,True,154,2011,True,1432,True,24,779,799,fr,False,
journal-officiel/fr/2011/039,journal-officiel,2011,039,39,,,2011-05-31,2011-05-31,2011-05-31,masthead+header,0.99,2011-05-31,2011-05-31,22,True,mardi,mardi,True,154,2011,True,1432,True,24,802,823,fr,False,
journal-officiel/fr/2011/040,journal-officiel,2011,040,40,,,2011-06-03,2011-06-03,2011-06-03,masthead+header,0.99,2011-06-03,2011-06-03,12,True,vendredi,vendredi,True,154,2011,True,1432,True,16,826,837,fr,False,
journal-officiel/fr/2011/041,journal-officiel,2011,041,41,,,2011-06-07,2011-06-07,2011-06-07,masthead+header,0.99,2011-06-07,2011-06-07,32,True,mardi,mardi,True,154,2011,True,1432,True,40,843,873,fr,False,
journal-officiel/fr/2011/042,journal-officiel,2011,042,42,,,2011-06-10,2011-06-10,2011-06-10,masthead+header,0.99,2011-06-10,2011-06-10,36,True,vendredi,vendredi,True,154,2011,True,1432,True,40,882,917,fr,False,
journal-officiel/fr/2011/043,journal-officiel,2011,043,43,,,2011-06-14,2011-06-14,2011-06-14,masthead+header,0.99,2011-06-14,2011-06-14,14,True,mardi,mardi,True,154,2011,True,1432,True,16,923,935,fr,False,
journal-officiel/fr/2011/044,journal-officiel,2011,044,44,,,2011-06-17,2011-06-17,2011-06-17,masthead+header,0.99,2011-06-17,2011-06-17,21,True,vendredi,vendredi,True,154,2011,True,1432,True,24,938,958,fr,False,
journal-officiel/fr/2011/047,journal-officiel,2011,047,47,,,2011-06-28,2011-06-28,2011-06-28,masthead+header,0.99,2011-06-28,2011-06-28,92,True,mardi,mardi,True,154,2011,True,1432,True,96,1010,1101,fr,False,
journal-officiel/fr/2011/048,journal-officiel,2011,048,48,,,2011-07-01,2011-07-01,2011-07-01,masthead+header,0.99,2011-07-01,2011-07-01,21,True,vendredi,vendredi,True,154,2011,True,1432,True,24,1107,1127,fr,False,
journal-officiel/fr/2011/049,journal-officiel,2011,049,49,,,2011-07-05,2011-07-05,2011-07-05,masthead+header,0.99,2011-07-05,2011-07-05,37,True,mardi,mardi,True,154,2011,True,1432,True,40,1130,1166,fr,False,
journal-officiel/fr/2011/050,journal-officiel,2011,050,50,,,2011-07-08,2011-07-08,2011-07-08,masthead+header,0.99,2011-07-08,2011-07-08,18,True,vendredi,vendredi,True,154,2011,True,1432,True,24,1170,1187,fr,False,
journal-officiel/fr/2011/051,journal-officiel,2011,051,51,,,2011-07-12,2011-07-12,2011-07-12,masthead+header,0.99,2011-07-12,2011-07-12,41,True,mardi,mardi,True,154,2011,True,1432,True,48,1194,1233,fr,False,
journal-officiel/fr/2011/052,journal-officiel,2011,052,52,,,2011-07-15,2011-07-15,2011-07-15,masthead+header,0.99,2011-07-15,2011-07-15,13,True,vendredi,vendredi,True,,,,1432,True,16,1242,1254,fr,False,
journal-officiel/fr/2011/053,journal-officiel,2011,053,53,,,2011-07-19,2011-07-19,2011-07-19,masthead+header,0.99,2011-07-19,2011-07-19,14,True,mardi,mardi,True,154,2011,True,1432,True,16,1259,1271,fr,False,
journal-officiel/fr/2011/054,journal-officiel,2011,054,54,,,2011-07-22,2011-07-22,2011-07-22,masthead+header,0.99,2011-07-22,2011-07-22,21,True,vendredi,vendredi,True,154,2011,True,1432,True,24,1274,1293,fr,False,
journal-officiel/fr/2011/055,journal-officiel,2011,055,55,,,2011-07-26,2011-07-26,2011-07-26,masthead+header,0.99,2011-07-26,2011-07-26,9,True,mardi,mardi,True,154,2011,True,1432,True,16,1298,1306,fr,False,
journal-officiel/fr/2011/056,journal-officiel,2011,056,56,,,2011-07-29,2011-07-29,2011-07-29,masthead+header,0.99,2011-07-29,2011-07-29,35,True,vendredi,vendredi,True,154,2011,True,1432,True,40,1314,1347,fr,False,
journal-officiel/fr/2011/057,journal-officiel,2011,057,57,,,2011-08-02,2011-08-02,2011-08-02,masthead+header,0.99,2011-08-02,2011-08-02,18,True,mardi,mardi,True,154,2011,True,1432,True,24,1354,1371,fr,False,
journal-officiel/fr/2011/058,journal-officiel,2011,058,58,,,2011-08-05,2011-08-05,2011-08-05,masthead+header,0.99,2011-08-05,2011-08-05,54,True,vendredi,vendredi,True,154,2011,True,1432,True,56,1378,1431,fr,False,
journal-officiel/fr/2011/059,journal-officiel,2011,059,59,,,2011-08-09,2011-08-09,2011-08-09,masthead+header,0.99,2011-08-09,2011-08-09,25,True,mardi,mardi,True,154,2011,True,1432,True,32,1434,1457,fr,False,
journal-officiel/fr/2011/060,journal-officiel,2011,060,60,,,2011-08-12,2011-08-12,2011-08-12,masthead+header,0.99,2011-08-12,2011-08-12,57,True,vendredi,vendredi,True,154,2011,True,1432,True,64,1467,1522,fr,False,
journal-officiel/fr/2011/061,journal-officiel,2011,061,61,,,2011-08-16,2011-08-16,2011-08-16,masthead+header,0.99,2011-08-16,2011-08-16,37,True,mardi,mardi,True,154,2011,True,1432,True,40,1531,1565,fr,False,
journal-officiel/fr/2011/062,journal-officiel,2011,062,62,,,2011-08-19,2011-08-19,2011-08-19,masthead+header,0.99,2011-08-19,2011-08-19,17,True,vendredi,vendredi,True,154,2011,True,1432,True,24,1570,1586,fr,False,
journal-officiel/fr/2011/063,journal-officiel,2011,063,63,,,2011-08-23,2011-08-23,2011-08-23,masthead+header,0.99,2011-08-23,2011-08-23,22,True,mardi,mardi,True,154,2011,True,1432,True,24,1594,1615,fr,False,
journal-officiel/fr/2011/064,journal-officiel,2011,064,64,,,2011-08-26,2011-08-26,2011-08-26,masthead+header,0.99,2011-08-26,2011-08-26,25,True,vendredi,vendredi,True,154,2011,True,1432,True,32,1618,1641,fr,False,
journal-officiel/fr/2011/065,journal-officiel,2011,065,65,,,2011-08-30,2011-08-30,2011-08-30,masthead+header,0.99,2011-08-30,2011-08-30,17,True,mardi,mardi,True,154,2011,True,1432,True,24,1650,1665,fr,False,
journal-officiel/fr/2011/066,journal-officiel,2011,066,66,,,2011-09-02,2011-09-02,2011-09-02,masthead+header,0.99,2011-09-02,2011-09-02,27,True,vendredi,vendredi,True,154,2011,True,1432,True,32,1675,1700,fr,False,
journal-officiel/fr/2011/067,journal-officiel,2011,067,67,,,2011-09-06,2011-09-06,2011-09-06,masthead+header,0.99,2011-09-06,2011-09-06,26,True,mardi,mardi,True,154,2011,True,1432,True,32,1706,1731,fr,False,
journal-officiel/fr/2011/068,journal-officiel,2011,068,68,,,2011-09-09,2011-09-09,2011-09-09,masthead+header,0.99,2011-09-09,2011-09-09,44,True,vendredi,vendredi,True,154,2011,True,1432,True,48,1739,1781,fr,False,
journal-officiel/fr/2011/069,journal-officiel,2011,069,69,,,2011-09-13,2011-09-13,2011-09-13,masthead+header,0.99,2011-09-13,2011-09-13,21,True,mardi,mardi,True,154,2011,True,1432,True,24,1787,1805,fr,False,
journal-officiel/fr/2011/070,journal-officiel,2011,070,70,,,2011-09-16,2011-09-16,2011-09-16,masthead+header,0.99,2011-09-16,2011-09-16,30,True,vendredi,vendredi,True,154,2011,True,1432,True,32,1810,1839,fr,False,
journal-officiel/fr/2011/071,journal-officiel,2011,071,71,,,2011-09-20,2011-09-20,2011-09-20,masthead+header,0.99,2011-09-20,2011-09-20,52,True,mardi,mardi,True,154,2011,True,1432,True,56,1843,1893,fr,False,
journal-officiel/fr/2011/072,journal-officiel,2011,072,72,,,2011-09-23,2011-09-23,2011-09-23,masthead+header,0.99,2011-09-23,2011-09-23,38,True,vendredi,vendredi,True,154,2011,True,1432,True,40,1899,1935,fr,False,
journal-officiel/fr/2011/073,journal-officiel,2011,073,73,,,2011-09-27,2011-09-27,2011-09-27,masthead+header,0.99,2011-09-27,2011-09-27,30,True,mardi,mardi,True,154,2011,True,1432,True,32,1939,1967,fr,False,
journal-officiel/fr/2011/074,journal-officiel,2011,074,74,,,2011-09-30,2011-09-30,2011-09-30,masthead+header,0.99,2011-09-30,2011-09-30,36,True,vendredi,vendredi,True,154,2011,True,1432,True,40,1970,2005,fr,False,
journal-officiel/fr/2011/075,journal-officiel,2011,075,75,,,2011-10-04,2011-10-04,2011-10-04,masthead+header,0.99,2011-10-04,2011-10-04,34,True,mardi,mardi,True,154,2011,True,1432,True,40,2010,2043,fr,False,
journal-officiel/fr/2011/076,journal-officiel,2011,076,76,,,2011-10-07,2011-10-07,2011-10-07,masthead+header,0.99,2011-10-07,2011-10-07,37,True,vendredi,vendredi,True,154,2011,True,1432,True,40,2050,2086,fr,False,
journal-officiel/fr/2011/077,journal-officiel,2011,077,77,,,2011-10-11,2011-10-11,2011-10-11,masthead+header,0.99,2011-10-11,2011-10-11,70,True,mardi,mardi,True,154,2011,True,1432,True,72,2090,2159,fr,False,
journal-officiel/fr/2011/078,journal-officiel,2011,078,78,,,2011-10-14,2011-10-14,2011-10-14,masthead+header,0.99,2011-10-14,2011-10-14,25,True,vendredi,vendredi,True,154,2011,True,1432,True,32,2162,2186,fr,False,
journal-officiel/fr/2011/079,journal-officiel,2011,079,79,,,2011-10-18,2011-10-18,2011-10-18,masthead+header,0.99,2011-10-18,2011-10-18,59,True,mardi,mardi,True,154,2011,True,1432,True,64,2194,2252,fr,False,
journal-officiel/fr/2011/080,journal-officiel,2011,080,80,,,2011-10-21,2011-10-21,2011-10-21,masthead+header,0.99,2011-10-21,2011-10-21,28,True,vendredi,vendredi,True,154,2011,True,1432,True,32,2258,2285,fr,False,
journal-officiel/fr/2011/081,journal-officiel,2011,081,81,,,2011-10-25,2011-10-25,2011-10-25,masthead+header,0.99,2011-10-25,2011-10-25,30,True,mardi,mardi,True,154,2011,True,1432,True,32,2290,2319,fr,False,
journal-officiel/fr/2011/082,journal-officiel,2011,082,82,,,2011-10-28,2011-10-28,2011-10-28,masthead+header,0.99,2011-10-28,2011-10-28,44,True,vendredi,vendredi,True,154,2011,True,1432,True,48,2322,2365,fr,False,
journal-officiel/fr/2011/083,journal-officiel,2011,083,83,,,2011-11-01,2011-11-01,2011-11-01,masthead+header,0.99,2011-11-01,2011-11-01,45,True,mardi,mardi,True,154,2011,True,1432,True,48,2370,2414,fr,False,
journal-officiel/fr/2011/084,journal-officiel,2011,084,84,,,2011-11-04,2011-11-04,2011-11-04,masthead+header,0.99,2011-11-04,2011-11-04,30,True,vendredi,vendredi,True,154,2011,True,1432,True,32,2419,2447,fr,False,
journal-officiel/fr/2011/085,journal-officiel,2011,085,85,,,2011-11-08,2011-11-08,2011-11-08,masthead+header,0.99,2011-11-08,2011-11-08,43,True,mardi,mardi,True,154,2011,True,1432,True,48,2450,2492,fr,False,
journal-officiel/fr/2011/086,journal-officiel,2011,086,86,,,2011-11-11,2011-11-11,2011-11-11,masthead+header,0.99,2011-11-11,2011-11-11,42,True,vendredi,vendredi,True,154,2011,True,1432,True,48,2498,2539,fr,False,
journal-officiel/fr/2011/087,journal-officiel,2011,087,87,,,2011-11-15,2011-11-15,2011-11-15,masthead+header,0.99,2011-11-15,2011-11-15,11,True,mardi,mardi,True,154,2011,True,1432,True,16,2546,2556,fr,False,
journal-officiel/fr/2011/088,journal-officiel,2011,088,88,,,2011-11-18,2011-11-18,2011-11-18,masthead+header,0.99,2011-11-18,2011-11-18,69,True,vendredi,vendredi,True,154,2011,True,1432,True,72,2562,2630,fr,False,
journal-officiel/fr/2011/089,journal-officiel,2011,089,89,,,2011-11-22,2011-11-22,2011-11-22,masthead+header,0.99,2011-11-22,2011-11-22,42,True,mardi,mardi,True,154,2011,True,1432,True,48,2634,2675,fr,False,
journal-officiel/fr/2011/090,journal-officiel,2011,090,90,,,2011-11-25,2011-11-25,2011-11-25,masthead+header,0.99,2011-11-25,2011-11-25,25,True,vendredi,vendredi,True,154,2011,True,1432,True,32,2683,2706,fr,False,
journal-officiel/fr/2011/091,journal-officiel,2011,091,91,,,2011-11-29,2011-11-29,2011-11-29,masthead+header,0.99,2011-11-29,2011-11-29,20,True,mardi,mardi,True,154,2011,True,1433,True,24,2715,2733,fr,False,
journal-officiel/fr/2011/092,journal-officiel,2011,092,92,,,2011-12-02,2011-12-02,2011-12-02,masthead+header,0.99,2011-12-02,2011-12-02,33,True,vendredi,vendredi,True,154,2011,True,1433,True,40,2738,2770,fr,False,
journal-officiel/fr/2011/093,journal-officiel,2011,093,93,,,2011-12-06,2011-12-06,2011-12-06,masthead+header,0.99,2011-12-06,2011-12-06,22,True,mardi,mardi,True,154,2011,True,1433,True,24,2778,2799,fr,False,
journal-officiel/fr/2011/094,journal-officiel,2011,094,94,,,2011-12-09,2011-12-09,2011-12-09,masthead+header,0.99,2011-12-09,2011-12-09,61,True,vendredi,vendredi,True,154,2011,True,1433,True,64,2802,2861,fr,False,
journal-officiel/fr/2011/095,journal-officiel,2011,095,95,,,2011-12-13,2011-12-13,2011-12-13,masthead+header,0.99,2011-12-13,2011-12-13,25,True,mardi,mardi,True,154,2011,True,1433,True,32,2866,2889,fr,False,
journal-officiel/fr/2011/096,journal-officiel,2011,096,96,,,2011-12-16,2011-12-16,2011-12-16,masthead+header,0.99,2011-12-16,2011-12-16,19,True,vendredi,vendredi,True,154,2011,True,1433,True,24,2898,2916,fr,False,
journal-officiel/fr/2011/098,journal-officiel,2011,098,98,,,2011-12-27,2011-12-27,2011-12-27,masthead+header,0.99,2011-12-27,2011-12-27,6,True,mardi,mardi,True,154,2011,True,1433,True,8,2946,2951,fr,False,
journal-officiel/fr/2011/099,journal-officiel,2011,099,99,,,2011-12-30,2011-12-30,2011-12-30,masthead+header,0.99,2011-12-30,2011-12-30,17,True,vendredi,vendredi,True,154,2011,True,1433,True,24,2955,2970,fr,False,
journal-officiel/fr/2012/012,journal-officiel,2012,012,,,,,,,none,0.0,,,,,,,,,,,,,16,,,ar,True,script_lang=ar; not French text
journal-officiel/fr/2012/100,journal-officiel,2012,100,,,,,,,none,0.0,,,,,,,,,,,,,8,,,ar,True,script_lang=ar; not French text
journal-officiel/fr/2012/001,journal-officiel,2012,001,1,,,2012-01-03,2012-01-03,2012-01-03,masthead+header,0.99,2012-01-03,2012-01-03,164,True,mardi,mardi,True,155,2012,True,1433,True,168,2,165,fr,False,
journal-officiel/fr/2012/002,journal-officiel,2012,002,2,,,2012-01-06,2012-01-06,2012-01-06,masthead+header,0.99,2012-01-06,2012-01-06,66,True,vendredi,vendredi,True,155,2012,True,1433,True,72,171,235,fr,False,
journal-officiel/fr/2012/003,journal-officiel,2012,003,3,,,2012-01-10,2012-01-10,2012-01-10,masthead+header,0.99,2012-01-10,2012-01-10,8,True,mardi,mardi,True,155,2012,True,1433,True,16,243,249,fr,False,
journal-officiel/fr/2012/004,journal-officiel,2012,004,4,,,2012-01-13,2012-01-13,2012-01-13,masthead+header,0.99,2012-01-13,2012-01-13,4,True,vendredi,vendredi,True,155,2012,True,1433,True,8,259,261,fr,False,
journal-officiel/fr/2012/005,journal-officiel,2012,005,5,,,2012-01-17,2012-01-17,2012-01-17,masthead+header,0.99,2012-01-17,2012-01-17,3,True,mardi,mardi,True,155,2012,True,1433,True,8,267,267,fr,False,
journal-officiel/fr/2012/006,journal-officiel,2012,006,6,,,2012-01-20,2012-01-20,2012-01-20,masthead+header,0.99,2012-01-20,2012-01-20,14,True,vendredi,vendredi,True,155,2012,True,1433,True,16,275,287,fr,False,
journal-officiel/fr/2012/007,journal-officiel,2012,007,7,,,2012-01-24,2012-01-24,2012-01-24,masthead+header,0.99,2012-01-24,2012-01-24,2,True,mardi,mardi,True,155,2012,True,1433,True,4,291,291,fr,False,
journal-officiel/fr/2012/008,journal-officiel,2012,008,8,,,2012-01-27,2012-01-27,2012-01-27,masthead+header,0.99,2012-01-27,2012-01-27,6,True,vendredi,vendredi,True,155,2012,True,1433,True,8,294,299,fr,False,
journal-officiel/fr/2012/009,journal-officiel,2012,009,9,,,2012-01-31,2012-01-31,2012-01-31,masthead+header,0.99,2012-01-31,2012-01-31,19,True,mardi,mardi,True,155,2012,True,1433,True,24,303,320,fr,False,
journal-officiel/fr/2012/010,journal-officiel,2012,010,10,,,2012-02-07,2012-02-07,2012-02-07,masthead+header,0.8,2012-02-07,2012-02-07,20,True,vendredi,mardi,False,155,2012,True,1433,True,24,326,345,fr,True,weekday stated vendredi != actual mardi (date left as is)
journal-officiel/fr/2012/011,journal-officiel,2012,011,11,,,2012-02-10,2012-02-10,2012-02-10,masthead+header,0.99,2012-02-10,2012-02-10,1,True,vendredi,vendredi,True,155,2012,True,1433,True,4,350,350,fr,False,
journal-officiel/fr/2012/013,journal-officiel,2012,013,13,,,2012-02-17,2012-02-17,2012-02-17,masthead+header,0.99,2012-02-17,2012-02-17,2,True,vendredi,vendredi,True,155,2012,True,1433,True,4,358,359,fr,False,
journal-officiel/fr/2012/014,journal-officiel,2012,014,14,,,2012-02-21,2012-02-21,2012-02-21,masthead+header,0.99,2012-02-21,2012-02-21,1,True,mardi,mardi,True,155,2012,True,1433,True,4,,,fr,False,
journal-officiel/fr/2012/015,journal-officiel,2012,015,15,,,2012-02-24,2012-02-24,2012-02-24,masthead+header,0.99,2012-02-24,2012-02-24,27,True,vendredi,vendredi,True,155,2012,True,1433,True,32,367,392,fr,False,
journal-officiel/fr/2012/016,journal-officiel,2012,016,16,,,2012-02-28,2012-02-28,2012-02-28,masthead+header,0.99,2012-02-28,2012-02-28,30,True,mardi,mardi,True,155,2012,True,1433,True,32,398,427,fr,False,
journal-officiel/fr/2012/017,journal-officiel,2012,017,17,,,2012-03-02,2012-03-02,2012-03-02,masthead+header,0.99,2012-03-02,2012-03-02,5,True,vendredi,vendredi,True,155,2012,True,1433,True,8,430,434,fr,False,
journal-officiel/fr/2012/018,journal-officiel,2012,018,18,,,2012-03-06,2012-03-06,2012-03-06,masthead+header,0.99,2012-03-06,2012-03-06,30,True,mardi,mardi,True,155,2012,True,1433,True,32,438,467,fr,False,
journal-officiel/fr/2012/019,journal-officiel,2012,019,19,,,2012-03-09,2012-03-09,2012-03-09,masthead+header,0.99,2012-03-09,2012-03-09,49,True,vendredi,vendredi,True,155,2012,True,1433,True,56,470,517,fr,False,
journal-officiel/fr/2012/020,journal-officiel,2012,020,20,,,2012-03-13,2012-03-13,2012-03-13,masthead+header,0.99,2012-03-13,2012-03-13,14,True,mardi,mardi,True,155,2012,True,1433,True,16,526,539,fr,False,
journal-officiel/fr/2012/021,journal-officiel,2012,021,21,,,2012-03-16,2012-03-16,2012-03-16,masthead+header,0.99,2012-03-16,2012-03-16,12,True,vendredi,vendredi,True,155,2012,True,1433,True,16,543,553,fr,False,
journal-officiel/fr/2012/022,journal-officiel,2012,022,22,,,2012-03-20,2012-03-20,2012-03-20,masthead+header,0.99,2012-03-20,2012-03-20,3,True,mardi,mardi,True,155,2012,True,1433,True,8,558,560,fr,False,
journal-officiel/fr/2012/023,journal-officiel,2012,023,23,,,2012-03-23,2012-03-23,2012-03-23,masthead+header,0.99,2012-03-23,2012-03-23,6,True,vendredi,vendredi,True,155,2012,True,1433,True,8,566,571,fr,False,
journal-officiel/fr/2012/024,journal-officiel,2012,024,24,,,2012-03-27,2012-03-27,2012-03-27,masthead+header,0.99,2012-03-27,2012-03-27,27,True,mardi,mardi,True,155,2012,True,1433,True,32,575,600,fr,False,
journal-officiel/fr/2012/025,journal-officiel,2012,025,25,,,2012-03-30,2012-03-30,2012-03-30,masthead+header,0.99,2012-03-30,2012-03-30,8,True,vendredi,vendredi,True,155,2012,True,1433,True,16,606,613,fr,False,
journal-officiel/fr/2012/026,journal-officiel,2012,026,26,,,2012-04-03,2012-04-03,2012-04-03,masthead+header,0.99,2012-04-03,2012-04-03,2,True,mardi,mardi,True,155,2012,True,1433,True,8,623,623,fr,False,
journal-officiel/fr/2012/027,journal-officiel,2012,027,27,,,2012-04-06,2012-04-06,2012-04-06,masthead+header,0.99,2012-04-06,2012-04-06,10,True,vendredi,vendredi,True,155,2012,True,1433,True,16,630,639,fr,False,
journal-officiel/fr/2012/028,journal-officiel,2012,028,28,,,2012-04-10,2012-04-10,2012-04-10,masthead+header,0.99,2012-04-10,2012-04-10,5,True,mardi,mardi,True,155,2012,True,1433,True,8,646,650,fr,False,
journal-officiel/fr/2012/029,journal-officiel,2012,029,29,,,2012-04-13,2012-04-13,2012-04-13,masthead+header,0.99,2012-04-13,2012-04-13,19,True,vendredi,vendredi,True,155,2012,True,1433,True,24,654,673,fr,False,
journal-officiel/fr/2012/030,journal-officiel,2012,030,30,,,2012-04-17,2012-04-17,2012-04-17,masthead+header,0.99,2012-04-17,2012-04-17,9,True,mardi,mardi,True,155,2012,True,1433,True,16,678,685,fr,False,
journal-officiel/fr/2012/031,journal-officiel,2012,031,31,,,2012-04-20,2012-04-20,2012-04-20,masthead+header,0.99,2012-04-20,2012-04-20,13,True,vendredi,vendredi,True,155,2012,True,1433,True,16,694,706,fr,False,
journal-officiel/fr/2012/032,journal-officiel,2012,032,32,,,2012-04-24,2012-04-24,2012-04-24,masthead+header,0.99,2012-04-24,2012-04-24,17,True,mardi,mardi,True,155,2012,True,1433,True,24,710,726,fr,False,
journal-officiel/fr/2012/033,journal-officiel,2012,033,33,,,2012-04-27,2012-04-27,2012-04-27,masthead+header,0.99,2012-04-27,2012-04-27,24,True,vendredi,vendredi,True,155,2012,True,1433,True,32,734,757,fr,False,
journal-officiel/fr/2012/034,journal-officiel,2012,034,34,,,2012-05-01,2012-05-01,2012-05-01,masthead+header,0.99,2012-05-01,2012-05-01,2,True,mardi,mardi,True,155,2012,True,1433,True,8,766,767,fr,False,
journal-officiel/fr/2012/035,journal-officiel,2012,035,35,,,2012-05-04,2012-05-04,2012-05-04,masthead+header,0.99,2012-05-04,2012-05-04,26,True,vendredi,vendredi,True,155,2012,True,1433,True,32,774,799,fr,False,
journal-officiel/fr/2012/036,journal-officiel,2012,036,36,,,2012-05-08,2012-05-08,2012-05-08,masthead+header,0.99,2012-05-08,2012-05-08,25,True,mardi,mardi,True,155,2012,True,1433,True,32,806,830,fr,False,
journal-officiel/fr/2012/037,journal-officiel,2012,037,37,,,2012-05-11,2012-05-11,2012-05-11,masthead+header,0.99,2012-05-11,2012-05-11,14,True,vendredi,vendredi,True,155,2012,True,1433,True,16,838,851,fr,False,
journal-officiel/fr/2012/038,journal-officiel,2012,038,38,,,2012-05-15,2012-05-15,2012-05-15,masthead+header,0.99,2012-05-15,2012-05-15,53,True,mardi,mardi,True,155,2012,True,1433,True,64,854,907,fr,False,
journal-officiel/fr/2012/039,journal-officiel,2012,039,39,,,2012-05-18,2012-05-18,2012-05-18,masthead+header,0.99,2012-05-18,2012-05-18,167,True,vendredi,vendredi,True,155,2012,True,1433,True,176,918,1085,fr,False,
journal-officiel/fr/2012/040,journal-officiel,2012,040,40,,,2012-05-22,2012-05-22,2012-05-22,masthead+header,0.99,2012-05-22,2012-05-22,17,True,mardi,mardi,True,155,2012,True,1433,True,32,1194,1210,fr,False,
journal-officiel/fr/2012/041,journal-officiel,2012,041,41,,,2012-05-25,2012-05-25,2012-05-25,masthead+header,0.99,2012-05-25,2012-05-25,46,True,vendredi,vendredi,True,155,2012,True,1433,True,48,1226,1271,fr,False,
journal-officiel/fr/2012/042,journal-officiel,2012,042,42,,,2012-05-29,2012-05-29,2012-05-29,masthead+header,0.99,2012-05-29,2012-05-29,8,True,mardi,mardi,True,155,2012,True,1433,True,16,1275,1281,fr,False,
journal-officiel/fr/2012/043,journal-officiel,2012,043,43,,,2012-06-01,2012-06-01,2012-06-01,masthead+header,0.99,2012-06-01,2012-06-01,24,True,vendredi,vendredi,True,155,2012,True,1433,True,32,1291,1313,fr,False,
journal-officiel/fr/2012/044,journal-officiel,2012,044,44,,,2012-06-05,2012-06-05,2012-06-05,masthead+header,0.99,2012-06-05,2012-06-05,37,True,mardi,mardi,True,155,2012,True,1433,True,48,1322,1357,fr,False,
journal-officiel/fr/2012/045,journal-officiel,2012,045,45,,,2012-06-08,2012-06-08,2012-06-08,masthead+header,0.99,2012-06-08,2012-06-08,45,True,vendredi,vendredi,True,155,2012,True,1433,True,48,1370,1413,fr,False,
journal-officiel/fr/2012/046,journal-officiel,2012,046,46,,,2012-06-12,2012-06-12,2012-06-12,masthead+header,0.99,2012-06-12,2012-06-12,25,True,mardi,mardi,True,155,2012,True,1433,True,32,1418,1441,fr,False,
journal-officiel/fr/2012/047,journal-officiel,2012,047,47,,,2012-06-15,2012-06-15,2012-06-15,masthead+header,0.99,2012-06-15,2012-06-15,25,True,vendredi,vendredi,True,155,2012,True,1433,True,32,1450,1474,fr,False,
journal-officiel/fr/2012/048,journal-officiel,2012,048,48,,,2012-06-19,2012-06-19,2012-06-19,masthead+header,0.99,2012-06-19,2012-06-19,13,True,mardi,mardi,True,155,2012,True,1433,True,16,1483,1495,fr,False,
journal-officiel/fr/2012/049,journal-officiel,2012,049,49,,,2012-06-22,2012-06-22,2012-06-22,masthead+header,0.99,2012-06-22,2012-06-22,21,True,vendredi,vendredi,True,155,2012,True,1433,True,32,1499,1517,fr,False,
journal-officiel/fr/2012/050,journal-officiel,2012,050,50,,,2012-06-26,2012-06-26,2012-06-26,masthead+header,0.8,2012-06-26,2012-06-26,10,True,vendredi,mardi,False,155,2012,True,1433,True,16,1530,1539,fr,True,weekday stated vendredi != actual mardi (date left as is)
journal-officiel/fr/2012/051,journal-officiel,2012,051,51,,,2012-06-29,2012-06-29,2012-06-29,masthead+header,0.99,2012-06-29,2012-06-29,20,True,vendredi,vendredi,True,155,2012,True,1433,True,32,1546,1565,fr,False,
journal-officiel/fr/2012/052,journal-officiel,2012,052,52,,,2012-07-03,2012-07-03,2012-07-03,masthead+header,0.99,2012-07-03,2012-07-03,9,True,mardi,mardi,True,155,2012,True,1433,True,16,1578,1585,fr,False,
journal-officiel/fr/2012/053,journal-officiel,2012,053,53,,,2012-07-06,2012-07-06,2012-07-06,masthead+header,0.99,2012-07-06,2012-07-06,14,True,vendredi,vendredi,True,155,2012,True,1433,True,16,1594,1606,fr,False,
journal-officiel/fr/2012/054,journal-officiel,2012,054,54,,,2012-07-10,2012-07-10,2012-07-10,masthead+header,0.99,2012-07-10,2012-07-10,13,True,mardi,mardi,True,155,2012,True,1433,True,16,1611,1622,fr,False,
journal-officiel/fr/2012/055,journal-officiel,2012,055,55,,,2012-07-13,2012-07-13,2012-07-13,masthead+header,0.99,2012-07-13,2012-07-13,19,True,vendredi,vendredi,True,155,2012,True,1433,True,32,1626,1644,fr,False,
journal-officiel/fr/2012/056,journal-officiel,2012,056,56,,,2012-07-17,2012-07-17,2012-07-17,masthead+header,0.99,2012-07-17,2012-07-17,20,True,mardi,mardi,True,155,2012,True,1433,True,32,1658,1677,fr,False,
journal-officiel/fr/2012/057,journal-officiel,2012,057,57,,,2012-07-20,2012-07-20,2012-07-20,masthead+header,0.99,2012-07-20,2012-07-20,14,True,vendredi,vendredi,True,155,2012,True,1433,True,16,1690,1703,fr,False,
journal-officiel/fr/2012/058,journal-officiel,2012,058,58,,,2012-07-24,2012-07-24,2012-07-24,masthead+header,0.99,2012-07-24,2012-07-24,9,True,mardi,mardi,True,155,2012,True,1433,True,16,1706,1714,fr,False,
journal-officiel/fr/2012/059,journal-officiel,2012,059,59,,,2012-07-27,2012-07-27,2012-07-27,masthead+header,0.99,2012-07-27,2012-07-27,13,True,vendredi,vendredi,True,155,2012,True,1433,True,16,1722,1735,fr,False,
journal-officiel/fr/2012/060,journal-officiel,2012,060,60,,,2012-07-31,2012-07-31,2012-07-31,masthead+header,0.99,2012-07-31,2012-07-31,25,True,mardi,mardi,True,155,2012,True,1433,True,32,1738,1762,fr,False,
journal-officiel/fr/2012/061,journal-officiel,2012,061,61,,,2012-08-03,2012-08-03,2012-08-03,masthead+header,0.99,2012-08-03,2012-08-03,35,True,vendredi,vendredi,True,155,2012,True,1433,True,48,1771,1804,fr,False,
journal-officiel/fr/2012/062,journal-officiel,2012,062,62,,,2012-08-07,2012-08-07,2012-08-07,masthead+header,0.99,2012-08-07,2012-08-07,33,True,mardi,mardi,True,155,2012,True,1433,True,48,1819,1850,fr,False,
journal-officiel/fr/2012/063,journal-officiel,2012,063,63,,,2012-08-10,2012-08-10,2012-08-10,masthead+header,0.99,2012-08-10,2012-08-10,24,True,vendredi,vendredi,True,155,2012,True,1433,True,32,1866,1889,fr,False,
journal-officiel/fr/2012/064,journal-officiel,2012,064,64,,,2012-08-14,2012-08-14,2012-08-14,masthead+header,0.99,2012-08-14,2012-08-14,14,True,mardi,mardi,True,155,2012,True,1433,True,16,1898,1911,fr,False,
journal-officiel/fr/2012/065,journal-officiel,2012,065,65,,,2012-08-17,2012-08-17,2012-08-17,masthead+header,0.99,2012-08-17,2012-08-17,20,True,vendredi,vendredi,True,155,2012,True,1433,True,24,1914,1933,fr,False,
journal-officiel/fr/2012/066,journal-officiel,2012,066,66,,,2012-08-21,2012-08-21,2012-08-21,masthead+header,0.99,2012-08-21,2012-08-21,17,True,mardi,mardi,True,155,2012,True,1433,True,24,1939,1954,fr,False,
journal-officiel/fr/2012/067,journal-officiel,2012,067,67,,,2012-08-24,2012-08-24,2012-08-24,masthead+header,0.99,2012-08-24,2012-08-24,19,True,vendredi,vendredi,True,155,2012,True,1433,True,24,1963,1980,fr,False,
journal-officiel/fr/2012/068,journal-officiel,2012,068,68,,,2012-08-28,2012-08-28,2012-08-28,masthead+header,0.99,2012-08-28,2012-08-28,24,True,mardi,mardi,True,155,2012,True,1433,True,32,1986,2009,fr,False,
journal-officiel/fr/2012/069,journal-officiel,2012,069,69,,,2012-08-31,2012-08-31,2012-08-31,masthead+header,0.99,2012-08-31,2012-08-31,22,True,vendredi,vendredi,True,155,2012,True,1433,True,24,2018,2039,fr,False,
journal-officiel/fr/2012/070,journal-officiel,2012,070,70,,,2012-09-04,2012-09-04,2012-09-04,masthead+header,0.99,2012-09-04,2012-09-04,16,True,mardi,mardi,True,155,2012,True,1433,True,24,2042,2057,fr,False,
journal-officiel/fr/2012/071,journal-officiel,2012,071,71,,,2012-09-07,2012-09-07,2012-09-07,masthead+header,0.99,2012-09-07,2012-09-07,11,True,vendredi,vendredi,True,155,2012,True,1433,True,16,2067,2076,fr,False,
journal-officiel/fr/2012/072,journal-officiel,2012,072,72,,,2012-09-11,2012-09-11,2012-09-11,masthead+header,0.99,2012-09-11,2012-09-11,46,True,mardi,mardi,True,155,2012,True,1433,True,48,2082,2127,fr,False,
journal-officiel/fr/2012/073,journal-officiel,2012,073,73,,,2012-09-14,2012-09-14,2012-09-14,masthead+header,0.99,2012-09-14,2012-09-14,30,True,vendredi,vendredi,True,155,2012,True,1433,True,32,2130,2159,fr,False,
journal-officiel/fr/2012/074,journal-officiel,2012,074,74,,,2012-09-18,2012-09-18,2012-09-18,masthead+header,0.99,2012-09-18,2012-09-18,25,True,mardi,mardi,True,155,2012,True,1433,True,32,2163,2185,fr,False,
journal-officiel/fr/2012/075,journal-officiel,2012,075,75,,,2012-09-21,2012-09-21,2012-09-21,masthead+header,0.99,2012-09-21,2012-09-21,22,True,vendredi,vendredi,True,155,2012,True,1433,True,24,2195,2215,fr,False,
journal-officiel/fr/2012/076,journal-officiel,2012,076,76,,,2012-09-25,2012-09-25,2012-09-25,masthead+header,0.99,2012-09-25,2012-09-25,30,True,mardi,mardi,True,155,2012,True,1433,True,32,2218,2247,fr,False,
journal-officiel/fr/2012/077,journal-officiel,2012,077,77,,,2012-09-28,2012-09-28,2012-09-28,masthead+header,0.99,2012-09-28,2012-09-28,72,True,vendredi,vendredi,True,155,2012,True,1433,True,80,2250,2321,fr,False,
journal-officiel/fr/2012/078,journal-officiel,2012,078,78,,,2012-10-02,2012-10-02,2012-10-02,masthead+header,0.99,2012-10-02,2012-10-02,54,True,mardi,mardi,True,155,2012,True,1433,True,56,2330,2383,fr,False,
journal-officiel/fr/2012/079,journal-officiel,2012,079,79,,,2012-10-05,2012-10-05,2012-10-05,masthead+header,0.99,2012-10-05,2012-10-05,22,True,vendredi,vendredi,True,155,2012,True,1433,True,24,2386,2407,fr,False,
journal-officiel/fr/2012/080,journal-officiel,2012,080,80,,,2012-10-09,2012-10-09,2012-10-09,masthead+header,0.99,2012-10-09,2012-10-09,34,True,mardi,mardi,True,155,2012,True,1433,True,40,2410,2443,fr,False,
journal-officiel/fr/2012/081,journal-officiel,2012,081,81,,,2012-10-12,2012-10-12,2012-10-12,masthead+header,0.99,2012-10-12,2012-10-12,29,True,vendredi,vendredi,True,155,2012,True,1433,True,32,2451,2478,fr,False,
journal-officiel/fr/2012/082,journal-officiel,2012,082,82,,,2012-10-16,2012-10-16,2012-10-16,masthead+header,0.99,2012-10-16,2012-10-16,60,True,mardi,mardi,True,155,2012,True,1433,True,64,2482,2541,fr,False,
journal-officiel/fr/2012/083,journal-officiel,2012,083,83,,,2012-10-19,2012-10-19,2012-10-19,masthead+header,0.99,2012-10-19,2012-10-19,34,True,vendredi,vendredi,True,155,2012,True,1433,True,40,2547,2579,fr,False,
journal-officiel/fr/2012/084,journal-officiel,2012,084,84,,,2012-10-23,2012-10-23,2012-10-23,masthead+header,0.99,2012-10-23,2012-10-23,44,True,mardi,mardi,True,155,2012,True,1433,True,48,2587,2629,fr,False,
journal-officiel/fr/2012/085,journal-officiel,2012,085,85,,,2012-10-26,2012-10-26,2012-10-26,masthead+header,0.99,2012-10-26,2012-10-26,30,True,vendredi,vendredi,True,155,2012,True,1433,True,32,2635,2663,fr,False,
journal-officiel/fr/2012/086,journal-officiel,2012,086,86,,,2012-10-30,2012-10-30,2012-10-30,masthead+header,0.99,2012-10-30,2012-10-30,19,True,mardi,mardi,True,155,2012,True,1433,True,24,2666,2684,fr,False,
journal-officiel/fr/2012/087,journal-officiel,2012,087,87,,,2012-11-02,2012-11-02,2012-11-02,masthead+header,0.99,2012-11-02,2012-11-02,52,True,vendredi,vendredi,True,155,2012,True,1433,True,56,2691,2741,fr,False,
journal-officiel/fr/2012/088,journal-officiel,2012,088,88,,,2012-11-06,2012-11-06,2012-11-06,masthead+header,0.99,2012-11-06,2012-11-06,50,True,mardi,mardi,True,155,2012,True,1433,True,56,2746,2795,fr,False,
journal-officiel/fr/2012/089,journal-officiel,2012,089,89,,,2012-11-09,2012-11-09,2012-11-09,masthead+header,0.99,2012-11-09,2012-11-09,66,True,vendredi,vendredi,True,155,2012,True,1433,True,72,2802,2867,fr,False,
journal-officiel/fr/2012/090,journal-officiel,2012,090,90,,,2012-11-13,2012-11-13,2012-11-13,masthead+header,0.99,2012-11-13,2012-11-13,14,True,mardi,mardi,True,155,2012,True,1433,True,16,2874,2887,fr,False,
journal-officiel/fr/2012/091,journal-officiel,2012,091,91,,,2012-11-16,2012-11-16,2012-11-16,masthead+header,0.99,2012-11-16,2012-11-16,12,True,vendredi,vendredi,True,155,2012,True,1434,True,16,2890,2901,fr,False,
journal-officiel/fr/2012/092,journal-officiel,2012,092,92,,,2012-11-20,2012-11-20,2012-11-20,masthead+header,0.99,2012-11-20,2012-11-20,35,True,mardi,mardi,True,155,2012,True,1434,True,40,2907,2939,fr,False,
journal-officiel/fr/2012/093,journal-officiel,2012,093,93,,,2012-11-23,2012-11-23,2012-11-23,masthead+header,0.99,2012-11-23,2012-11-23,58,True,vendredi,vendredi,True,155,2012,True,1434,True,64,2946,3003,fr,False,
journal-officiel/fr/2012/094,journal-officiel,2012,094,94,,,2012-11-27,2012-11-27,2012-11-27,masthead+header,0.99,2012-11-27,2012-11-27,35,True,mardi,mardi,True,155,2012,True,1434,True,40,3010,3044,fr,False,
journal-officiel/fr/2012/095,journal-officiel,2012,095,95,,,2012-11-30,2012-11-30,2012-11-30,masthead+header,0.99,2012-11-30,2012-11-30,18,True,vendredi,vendredi,True,155,2012,True,1434,True,24,3050,3067,fr,False,
journal-officiel/fr/2012/096,journal-officiel,2012,096,96,,,2012-12-04,2012-12-04,2012-12-04,masthead+header,0.99,2012-12-04,2012-12-04,34,True,mardi,mardi,True,155,2012,True,1434,True,40,3074,3107,fr,False,
journal-officiel/fr/2012/097,journal-officiel,2012,097,97,,,2012-12-07,2012-12-07,2012-12-07,masthead+header,0.99,2012-12-07,2012-12-07,51,True,vendredi,vendredi,True,155,2012,True,1434,True,56,3114,3164,fr,False,
journal-officiel/fr/2012/098,journal-officiel,2012,098,98,,,2012-12-11,2012-12-11,2012-12-11,masthead+header,0.99,2012-12-11,2012-12-11,62,True,mardi,mardi,True,155,2012,True,1434,True,64,3170,3231,fr,False,
journal-officiel/fr/2012/099,journal-officiel,2012,099,99,,,2012-12-14,2012-12-14,2012-12-14,masthead+header,0.99,2012-12-14,2012-12-14,25,True,vendredi,vendredi,True,155,2012,True,1434,True,32,3234,3258,fr,False,
journal-officiel/fr/2012/101,journal-officiel,2012,101,101,,,2012-12-21,2012-12-21,2012-12-21,masthead+header,0.99,2012-12-21,2012-12-21,27,True,vendredi,vendredi,True,155,2012,True,1434,True,32,3274,3300,fr,False,
journal-officiel/fr/2012/102,journal-officiel,2012,102,102,,,2012-12-25,2012-12-25,2012-12-25,masthead+header,0.99,2012-12-25,2012-12-25,51,True,mardi,mardi,True,155,2012,True,1434,True,56,3306,3356,fr,False,
journal-officiel/fr/2012/103,journal-officiel,2012,103,103,,,2012-12-28,2012-12-28,2012-12-28,masthead+header,0.99,2012-12-28,2012-12-28,19,True,vendredi,vendredi,True,155,2012,True,1434,True,24,3362,3380,fr,False,
